atividade,nome,e,participacao_e,gamma,x,vab,f,intensidade_total,Z_saida,Z_entrada,A_saida,A_entrada,B_saida,B_entrada,L_saida,L_entrada,L_menos_I_saida,S_media,S_mediana,R_media,R_mediana,R_media_ponderada_y,fracao_outros,destinos_q1,destinos_q2,destinos_total_q2,destinos_unitarios_q2,destinos_hhi,destinos_entropia,upstreamness,downstreamness,Katz_0.5,Katz_0.85,Katz_1.0,autovetor_fornecedor,autovetor_comprador,PR_A_destino_0.5_loopsTrue,PR_A_destino_0.85_loopsTrue,PR_A_destino_0.95_loopsTrue,PR_A_fornecedor_0.5_loopsTrue,PR_A_fornecedor_0.85_loopsTrue,PR_A_fornecedor_0.95_loopsTrue,PR_A_destino_0.5_loopsFalse,PR_A_destino_0.85_loopsFalse,PR_A_destino_0.95_loopsFalse,PR_A_fornecedor_0.5_loopsFalse,PR_A_fornecedor_0.85_loopsFalse,PR_A_fornecedor_0.95_loopsFalse,PR_Z_destino_0.5_loopsTrue,PR_Z_destino_0.85_loopsTrue,PR_Z_destino_0.95_loopsTrue,PR_Z_fornecedor_0.5_loopsTrue,PR_Z_fornecedor_0.85_loopsTrue,PR_Z_fornecedor_0.95_loopsTrue,PR_Z_destino_0.5_loopsFalse,PR_Z_destino_0.85_loopsFalse,PR_Z_destino_0.95_loopsFalse,PR_Z_fornecedor_0.5_loopsFalse,PR_Z_fornecedor_0.85_loopsFalse,PR_Z_fornecedor_0.95_loopsFalse,grau_saida,grau_entrada,alcance_1,alcance_2,alcance_3,alcance_total,alcance_upstream,betweenness_binaria,harmonica_saida_binaria,betweenness_inversa,harmonica_saida_inversa,betweenness_log,harmonica_saida_log,HEM_demanda_abs,HEM_demanda_por_x,HEM_CO2_outros,HEM_alocacao_abs,HEM_alocacao_por_x,remocao_y_abs,transmissao_abs,transmissao_por_x,RW_chegada_direto,RW_visitas_direto,RW_chegada_reverso,RW_visitas_reverso,alcance_R_total_0.001,alcance_R_total_0.01,alcance_R_total_0.05,alcance_R_total_0.1,alcance_D_so_outros_0.001,alcance_D_so_outros_0.01,alcance_D_so_outros_0.05,alcance_D_so_outros_0.1,alcance_A_direto_0.001,alcance_A_direto_0.01,alcance_A_direto_0.05,alcance_A_direto_0.1,alcance_S_monetario_0.001,alcance_S_monetario_0.01,alcance_S_monetario_0.05,alcance_S_monetario_0.1,frequencia_top10_arredondamento,rank_emissao,rank_fornecedor,rank_ambiental,pegada_sobre_emissao_propria,fracao_pegada_outras_origens,origens_efetivas_pegada
0191,"Agricultura, inclusive o apoio à agricultura e a pós-colheita",10604.605714285715,0.015510702229791425,0.03428571428571429,309301.0,163127.0,13259.282958279498,0.07972406536952568,136473.52212600937,109166.20887488438,1.7515821137454683,0.35294489469767115,0.4412320753117817,0.7599698215758558,2.405429466151139,0.6960006285269587,2.433161484694919,0.016534473910611407,0.002772795547738138,0.00764472080019195,0.0015969442919296255,0.00533125829976684,0.4473767342300944,12.881121604798603,6.8562274426736085,2.98878320859369,7.418676485390618,0.14585280438276224,2.555762798002771,1.7650055969122267,1.7237326470707381,2.0054491943550854,2.9325717324513056,3.433161484694919,0.030508623073104004,0.015795068471504747,0.010618923334687754,0.006513477237567492,0.004432025167405806,0.02111894419800476,0.01671611489202013,0.013574772913532887,0.011439661545760775,0.00851101315369115,0.007556133012938254,0.02187181344554798,0.01834188592901171,0.015702625302411462,0.01568931239591043,0.014244022181124512,0.011475107900799067,0.02111894419800476,0.016716114892020136,0.013574772913532901,0.017618595482997,0.019209316419509296,0.01961265385680241,0.021871813445547977,0.018341885929011707,0.015702625302411472,65,64,65,65,65,65,65,1.5163949590179098e-05,0.9848484848484849,0.033566433566433566,0.04129755352000998,0.01351981351981352,0.21471933924735923,209464.80845176327,0.6772199522528646,13388.743425307382,221886.10547139918,0.7173792049537479,286682.055236379,14054.127428573953,0.04543835108381141,0.005723487644056217,3.2897761056346346,0.011366535196478275,28.1431363253959,45,9,2,2,64,14,5,4,18,10,5,4,62,14,4,4,0.0,21.0,7.0,17.0,1.2503324796335997,0.5580189471428848,4.347896770094216
0192,"Pecuária, inclusive o apoio à pecuária",6067.940000000001,0.00887520130630147,0.044285714285714296,137018.0,71449.0,4255.484844336054,0.10235859148822453,90989.39408043135,51057.675071056445,0.4026744001478456,0.37263480032591656,0.6640689112410875,0.31278778874516966,0.5947179199613178,0.7544127144750161,0.6353396333826328,0.004005566372808684,0.0004915998790218744,0.002220710667510568,0.0003284086498928794,0.0037259518647316902,0.6842524374992811,2.864585245524454,1.5754197286967924,2.519602175013358,2.5917560395648165,0.6347514771998019,1.0524235737270489,1.9164018489123167,1.795034427896332,1.2596125626731813,1.5062678894250006,1.6353396333826324,0.0027301540145464025,0.017092548429849898,0.01320375773419838,0.01021337894095805,0.007647561473204706,0.011137112652254798,0.005674357635287917,0.003408644274049981,0.014216145246074365,0.013159647782074615,0.012687444167658215,0.01099033555261493,0.005691658205948854,0.003640234798071368,0.013486812444916585,0.012094687787398228,0.009952508301558848,0.011137112652254798,0.005674357635287916,0.003408644274049982,0.0149944769512565,0.016335517668191118,0.017005300198195846,0.01099033555261493,0.005691658205948854,0.0036402347980713694,65,64,65,65,65,65,65,1.5163949590179098e-05,0.9848484848484849,0.016317016317016316,0.015839700473042954,0.0030303030303030303,0.14445351886234087,99333.04290959706,0.724963456696179,7409.550722755351,115313.41414180433,0.8415931785736497,74627.2656932081,7957.029488533543,0.058072877202510205,0.0048849692392752605,2.893605573851375,0.0019447463731026126,5.1673901972135505,19,3,1,0,23,7,1,1,14,4,1,1,21,4,1,1,0.0,34.0,28.0,45.0,0.7013063485031251,0.5497722740216833,4.299090216537977
0280,Produção florestal; pesca e aquicultura,5787.678571428572,0.008465280213317182,0.17857142857142858,32411.0,24391.0,3775.452531342799,0.20896701435186618,12776.445440761514,4978.663097350863,0.17557884904470386,0.15361028963471848,0.3942009021863414,0.02333435204700268,0.29026070177315444,0.3123627592051823,0.3414732294531282,0.0022351698753492162,0.0005544910647494912,0.005820062077728628,0.0014562958164524432,0.003291452489420719,0.41401112150419483,20.72571000464455,12.36127254089313,2.7991659448288697,5.416016073826976,0.08089781992038723,3.031374958800998,1.819956159147852,1.3635752868851558,1.1352357233382238,1.268878910545552,1.3414732294531282,0.002155805341800098,0.007059485012500028,0.009957228325549058,0.005152555115956482,0.003101294780942458,0.010801159813840024,0.0057879544419173375,0.003761786251570882,0.00929297253577908,0.0052057116186492395,0.00399809343737913,0.009840744434280273,0.0050510088483175855,0.0034183153497501137,0.008380258353955894,0.0032919522366199106,0.001607706153891342,0.010801159813840023,0.0057879544419173375,0.0037617862515708835,0.008070074225858252,0.0033670729423767587,0.002040050234561173,0.009840744434280273,0.0050510088483175855,0.003418315349750114,65,63,65,65,65,65,65,1.1463945890175398e-05,0.9848484848484849,0.0009324009324009324,0.011087119627875784,0.0006993006993006993,0.13482517556073084,9630.77315197414,0.29714520230706054,655.1954657615781,23701.914868246942,0.731292304101908,24636.011499300374,985.1513307297641,0.030395585780437634,0.00039698865811227884,0.2455555171881941,0.002002321230648781,6.3411172500602495,40,6,2,1,64,11,2,2,13,2,1,0,20,2,1,0,0.0,36.0,42.0,20.0,0.6523258824324975,0.10169304288421577,1.237760173192676
0580,Extração de carvão mineral e de minerais não metálicos,1494.0700000000002,0.00218528397045881,0.07571428571428572,19733.0,8855.0,321.74711857464234,0.13177138536205518,16992.605622514107,8375.312656940505,0.11788596793209453,0.42443179734153474,0.8611263174638477,0.061774945518729855,0.21365592544599585,0.8104903845746392,0.230242934259672,0.001632388240660048,0.0006576301246414157,0.001870502730689835,0.0006246203773385303,0.00197389394067677,0.8742103253166343,10.672272312288595,3.544511201865401,4.320842908884281,8.74837102777658,0.28212634776657536,2.3676490053665233,2.6763168904652144,1.8270773933883147,1.083736877488381,1.1756258628843899,1.2302429342596723,0.0035833314609856853,0.01691969894133123,0.012142967546786954,0.008846232150681093,0.006672446496078891,0.009321617990338312,0.005052654868993759,0.003727555512444636,0.012812494700551715,0.011264781777995067,0.010812344672637354,0.009540659334479189,0.005576799248128764,0.004380211611003828,0.008262334785216239,0.0033186665657178958,0.0016888069627685218,0.009321617990338312,0.00505265486899376,0.0037275555124446393,0.008407457945598468,0.0037711673935190565,0.0024312366864841254,0.009540659334479189,0.005576799248128764,0.0043802116110038284,65,65,65,65,65,65,65,0.0001349408135530895,0.9848484848484849,0.002797202797202797,0.010159334417579614,0.0002331002331002331,0.1298550915794609,15732.452431666557,0.7972661243433111,1063.7481944148938,32217.065013303374,1.6326491163686907,4461.1877238777,1106.1747473494354,0.05605709964776949,0.0005061664471966422,0.2836416679748431,0.0029456588437833113,7.3732046747039455,24,2,0,0,44,5,1,0,12,2,1,0,21,1,0,0,0.0,64.0,45.0,49.0,0.21534942711830257,0.4158810804996359,2.8091404329761636
0680,"Extração de petróleo e gás, inclusive as atividades de apoio",1719.8400000000001,0.0025155038142482484,0.01,171984.0,73556.0,3427.8029753356464,0.05924215466206962,102011.47915707127,58942.35533364848,0.29902206298721845,0.3427199933345456,0.5931451713942653,0.6886727392130504,1.4729468719955365,0.6178336753059188,1.5611726953704754,0.01088440577759436,0.006629042144242784,0.0019335036085537589,0.0009168750249417901,0.0018325543717587856,0.6338862939665836,16.568628411291712,6.654784627459962,5.143539857992346,11.00973142992676,0.15026782322505997,2.8075110525924645,2.8108023373476607,1.7060594986808575,1.3507458739153657,2.023645861745166,2.561172695370475,0.09992951083974894,0.01119535408655792,0.014401671987032346,0.011971567942182865,0.009347075751829206,0.01650413934709694,0.027886677921291025,0.033551335800245254,0.014675192207587898,0.0140999822476505,0.01390325605234991,0.019971079146480743,0.0324153395204424,0.036896312250414155,0.01548166505928104,0.012929526486307224,0.010010367654912129,0.016504139347096946,0.02788667792129105,0.03355133580024532,0.016461390774682737,0.01622344693732088,0.015904685663172442,0.019971079146480747,0.032415339520442406,0.036896312250414176,65,65,65,65,65,65,65,0.0001349408135530895,0.9848484848484849,0.08368298368298369,0.030535695026624603,0.011655011655011656,0.17574970120493008,97642.88305921134,0.5677439939715981,7642.833177340095,272237.2441597649,1.5829219238985306,98714.09740304649,8468.86272740138,0.04924215466206961,0.004488170761168536,2.7839333435923175,0.0308867538465609,89.20894061952389,32,2,0,0,53,3,1,0,11,2,1,1,64,20,1,1,0.0,61.0,10.0,47.0,1.9930941106938123,0.816308871683952,12.891447138205779
0791,"Extração de minério de ferro, inclusive beneficiamentos e a aglomeração",1055.06,0.0015431711404902528,0.02,52753.0,23916.0,3229.280662436032,0.07182636810809791,7262.399706189337,22633.942385223283,0.07467364734089106,0.42905507526061615,0.13766799435462132,0.13185225797123437,0.1418137425406418,0.7746118556445954,0.1525114233746194,0.0010468180299795181,0.00015582324985950963,0.00033663544874828794,3.761430701418671e-05,0.00020791460463428618,0.1386176043626743,10.436364373970214,4.966643928183066,1.3407550219663085,3.344214770183361,0.20134320367230904,2.3452962817636815,1.3022419297200416,1.7853095364785725,1.05506628769801,1.1164835543181668,1.1525114233746185,0.001830004587381623,0.014573766273990353,0.013173071875473123,0.010396718261842667,0.008069540388999418,0.008475917342552234,0.0035378781973470497,0.001994490250210832,0.013890160566623788,0.013270525552792914,0.013146103464373995,0.008503837714735184,0.0037092358829473033,0.002246610021818637,0.010260532648837915,0.006614763767565656,0.004761364514222837,0.008475917342552234,0.00353787819734705,0.001994490250210833,0.010815800525314887,0.008372058169346507,0.007707266063552496,0.008503837714735183,0.0037092358829473038,0.002246610021818638,43,65,43,65,65,65,65,0.0,0.8181818181818182,0.013752913752913752,0.013378965853955524,0.0,0.11516165417858927,40430.585718868104,0.7664130138355753,2693.8913122063846,15217.046653155334,0.2884584128515029,80266.70030059473,2733.9963968064894,0.05182636810809792,0.0020868457108365974,1.2548718236612135,0.0011653679676988523,2.8903030729011645,3,1,0,0,10,1,0,0,3,1,1,0,11,1,0,0,0.0,66.0,56.0,60.0,3.060755466453123,0.7185719652947262,8.91763119223175
0792,"Extração de minerais metálicos não ferrosos, inclusive beneficiamentos",1817.3385714285716,0.0026581089567686727,0.11285714285714286,16103.0,4442.0,1718.0332222344662,0.18257467233545316,6051.462852834733,8381.4932817972,0.09095099731836058,0.5204926586224432,0.37579723361080125,0.053526559156031536,0.1578382365292237,1.008158137737247,0.2003936094059007,0.0011603816347979395,0.00016384197520051254,0.002006108098444616,0.00022971113477906864,0.0009612498789773622,0.39076707553574835,12.879440787443876,5.996137321834792,2.5212353011765476,3.2155004451011537,0.1667740324022473,2.5556323026097343,1.8326546935501005,2.050713510613923,1.0786852856756814,1.1571107513813348,1.2003936094059011,0.001622318312367276,0.021476286883173667,0.0156075009869012,0.014768057454626969,0.012311520403729447,0.008785071068127058,0.0036549267929129247,0.001978355986886115,0.015144425503811856,0.015826487021194022,0.01617119461081131,0.008647145935466807,0.003664480729880605,0.0021083832255268035,0.008773787469137557,0.003945238026055461,0.0022107399951449436,0.008785071068127058,0.0036549267929129247,0.0019783559868861164,0.008669108109875876,0.004336587496739987,0.003088898077422778,0.008647145935466807,0.0036644807298806055,0.002108383225526804,62,65,62,65,65,65,65,0.00010682685101289749,0.9621212121212122,0.015384615384615385,0.011119618873012499,0.0002331002331002331,0.11278107477008681,15571.71054347752,0.967006802675124,1002.6554788688155,12203.638954637214,0.7578487831234685,19297.276535961468,1122.6613771892316,0.06971752947831035,0.000703070306857028,0.43150792528089776,0.0010156761366183931,2.6514240005765246,13,2,1,0,22,5,1,1,2,2,1,0,10,1,0,0,0.0,60.0,53.0,46.0,0.9453567151683554,0.3555523384040751,2.3607347951859032
1091,"Abate e produtos de carne, inclusive os produtos do laticínio e da pesca",29894.62285714286,0.04372501966616413,0.11714285714285715,255198.0,40377.0,44382.38410753047,0.2174948414067193,30693.2963305336,182328.07462593046,0.2581128195215714,0.7144573022748238,0.12027247991964513,1.1612048401716295,0.3482821059411377,1.4165853886888582,0.4424090574446283,0.002763166645219681,0.00036069552558872046,0.004718890960326724,0.0006583289923190357,0.005881395871008926,0.1251126913035226,9.28384218315079,4.466583398632075,1.3005045871949497,7.128727307250212,0.22388477069660395,2.2282754894687855,1.2590815038006093,2.5107123401923492,1.190139465731144,1.3574242262506184,1.4424090574446282,0.0022609339603315098,0.03143618874286704,0.018364502222794437,0.017415815192197377,0.013825301276469484,0.010904739400605268,0.005606146596905467,0.0036335808578469527,0.018203711448585187,0.019291554986069284,0.0192592656754464,0.010601485633061089,0.005585617504684649,0.003866596800619752,0.028425958002587196,0.04068629567206093,0.03812983020678375,0.010904739400605268,0.005606146596905469,0.0036335808578469553,0.02679400277430201,0.03879876276764102,0.04311249699707521,0.010601485633061089,0.005585617504684649,0.003866596800619753,65,65,65,65,65,65,65,0.0001349408135530895,0.9848484848484849,0.029603729603729603,0.011732665776185642,0.006993006993006993,0.13534589389696608,330409.33460769965,1.2947175707007879,20834.635261433803,38474.577177057865,0.1507636312865221,512340.4249278479,25609.625680169105,0.1003519842638622,0.01367223839878139,12.006974009177371,0.0022967072710208657,6.234782113970524,24,7,2,0,59,13,3,1,14,6,2,0,15,4,0,0,1.0,5.0,36.0,26.0,1.484627664300036,0.41070254196767575,2.769714996369061
1092,Fabricação e refino de açúcar,24582.325714285715,0.035955050526431824,0.5114285714285715,48066.0,7388.0,18048.80082149886,0.5911984263007751,16534.509647210794,37433.68567095829,0.09681921823953131,0.7787976047717368,0.34399595654331133,0.15850738580732235,0.21907871494612932,1.3844870824924602,0.2433750439137097,0.0016179110600000619,0.0007980395159894887,0.013389474390508624,0.0064181277791316264,0.012489043012373045,0.3494169906476589,19.937516997989807,11.105620455379128,2.302810425517347,18.28051130280076,0.09004449629967672,2.992603233108452,1.7775432689321815,2.408783411460041,1.078213660809262,1.1772002323607604,1.2433750439137103,0.008434053833202011,0.027656230221237223,0.012794695074601141,0.008982355374596431,0.006469189059705891,0.008981654604026303,0.004997659126362691,0.0038928412055628417,0.012601421574137284,0.010247255524893348,0.009447181472633336,0.009319765807307775,0.005727811816857841,0.004700186867808211,0.010187898566930335,0.006291858422360437,0.004385923903376613,0.008981654604026303,0.004997659126362693,0.003892841205562847,0.01046446062343875,0.007713309241779057,0.0069741743108352044,0.009319765807307775,0.005727811816857841,0.004700186867808212,65,65,65,65,65,65,65,0.0001349408135530895,0.9848484848484849,0.0,0.011159564602894478,0.0002331002331002331,0.13218932891189383,64968.26574996819,1.351647021802692,3160.1768749942416,35346.770648715705,0.7353799078083407,73538.17277154655,3834.2178442873414,0.07976985487220367,0.0018882946837151834,1.1116702805744307,0.0032404141117374774,8.0970978712152,61,19,3,1,65,48,8,3,10,5,0,0,25,1,0,0,1.0,9.0,46.0,10.0,0.7342186020670136,0.11391102388201191,1.2713506156848393
1093,Outros produtos alimentares,28216.834285714285,0.041271021880945336,0.11142857142857143,253228.0,48541.0,33870.02616310775,0.2014979206724818,61865.41828764237,161302.61272810868,0.4103125486319274,0.6369856916616985,0.24430717885716577,0.8732061890813282,0.6875953795077586,1.2476637651863423,0.7954354587277713,0.005291973375687695,0.0016726474098671066,0.008336942389479275,0.0028525903220334593,0.009814468523550862,0.2646225450380186,11.22373594118989,5.073227435485301,1.8031570292774843,12.721795419242625,0.19711318144449416,2.418030816257366,1.5136336603824243,2.3555038444063556,1.3070333500501754,1.6201464755849104,1.7954354587277719,0.008164187897253981,0.027263025347470198,0.014104054964136008,0.01108441887451671,0.008349124237238385,0.013595554737627009,0.009383253685330823,0.007285999373740617,0.014266417640044845,0.012992722250305679,0.01244796694901192,0.01340663658538387,0.009520569922970179,0.0077734302583301745,0.02327439157073522,0.028343598956416673,0.025102612372383308,0.013595554737627007,0.009383253685330823,0.007285999373740622,0.023498437377559477,0.031346358450959726,0.03390780626949146,0.01340663658538387,0.009520569922970179,0.007773430258330177,65,65,65,65,65,65,65,0.0001349408135530895,0.9848484848484849,0.024475524475524476,0.01612431691873162,0.002797202797202797,0.16245494429751398,285188.634945443,1.1262128790870007,17841.18113829515,92755.53294925326,0.3662925622334547,395939.45471537445,22808.08117033688,0.09006934924391016,0.010417540930338745,7.690268683417549,0.005318696906462942,14.647979198835268,53,13,4,0,65,24,5,3,26,8,2,0,52,8,1,0,1.0,6.0,22.0,15.0,1.2003481971135077,0.3873632194971822,2.6021272968877303
1100,Fabricação de bebidas,30031.571428571428,0.043925325888710655,0.39285714285714285,76444.0,22923.0,22577.518612145665,0.5389979651947259,25097.88981106934,38895.83757723391,0.13348759023717788,0.5088147869974611,0.3283173278618248,0.295471746795616,0.1970450548767527,1.078668293271721,0.3386678638631809,0.0016712638358111725,0.0002827439514777824,0.0083361211075216,0.0016906880511131834,0.015118890161230877,0.374440942500581,3.443576989142029,1.6964237751533107,2.1098287077137874,2.727469934503188,0.5894753508212458,1.2365107535694482,1.610979340676178,2.220291102258151,1.1452180120202156,1.2734986955384469,1.3386678638631797,0.0016094150631405803,0.02355166553704216,0.018451141070519782,0.019829145038307686,0.017000147994078205,0.010325382730664334,0.005429031948719974,0.0037677666583899134,0.01582337866307136,0.016739287971867862,0.017061208166725732,0.009443300716771776,0.004967702902569716,0.0036524151738471966,0.013245875912093068,0.010632628107209687,0.00820878214681723,0.010325382730664336,0.005429031948719975,0.0037677666583899165,0.012423144507987378,0.011024510717087656,0.010657561231494897,0.009443300716771776,0.004967702902569716,0.0036524151738471975,65,65,65,65,65,65,65,0.0001349408135530895,0.9848484848484849,0.032167832167832165,0.009407127270907473,0.0032634032634032634,0.12350513442038469,72228.51397308035,0.9448552400852958,6060.174572830915,31428.49847257891,0.4111310040366662,93003.4377170693,11171.589022774206,0.14614082233758313,0.0030995640008635687,2.287056121175915,0.002356587827461905,7.0559492480367565,54,5,1,1,65,13,2,2,3,2,1,1,9,2,1,0,1.0,4.0,44.0,16.0,0.7517927813349744,0.16791026326616176,1.4409245965530262
1200,Fabricação de produtos do fumo,840.3942857142857,0.001229192850024838,0.055714285714285716,15084.0,4258.0,1772.9152697956067,0.12388100823169203,45.03028631776413,9549.467488053808,0.0004153080646768527,0.6330858849147313,0.0029853014000108817,0.04564810052708913,0.0007099125164518783,1.1265258980014237,0.05139178048015299,5.735620647725615e-06,4.9543735876832265e-06,4.532572377337689e-06,4.2667560615569345e-06,4.132251926465654e-06,0.003131293266691425,34.68608672915683,22.920435700858654,1.0062916916335707,47.265415081915634,0.043629188077019744,3.5463386477334105,1.0561284201385508,2.1772077659651248,1.024975393124886,1.0432990011100078,1.0513917804801531,9.161589410135512e-06,0.02078255609512598,0.02288740347371233,0.04675370406559114,0.0870991564340911,0.007801206271557112,0.002422735480415522,0.0008222331850672276,0.012330370882929589,0.009773902830190178,0.008886905766063677,0.007526207484076519,0.002279155251692315,0.0007695724296962271,0.015536902699506146,0.01668213575954531,0.0162651801308729,0.007801206271557112,0.002422735480415522,0.0008222331850672276,0.008372444645076896,0.003822725454623115,0.002526285843764447,0.007526207484076519,0.002279155251692315,0.0007695724296962271,65,65,65,65,65,65,65,0.0001349408135530895,0.9848484848484849,0.0,2.3863490849024236e-05,0.0,0.08046141337271107,16172.846570947515,1.0721855324149772,938.0899397614696,78.19283411129636,0.005183826180807237,31158.972217741913,1028.2268424525569,0.06816672251740631,0.0005454829178595336,5.1102369113602,1.0143767701489411e-05,0.026506756109415223,0,0,0,0,0,0,0,0,0,0,0,0,0,0,0,0,0.0,67.0,66.0,66.0,2.1096231851323606,0.5274659883533827,4.068220654403709
1300,Fabricação de produtos têxteis,3515.414285714286,0.005141779493660496,0.07571428571428572,46430.0,13375.0,2350.789430525658,0.14532200091031447,22089.563065871745,17453.98106039447,0.35375939795653105,0.3759203329828659,0.47576056570906206,0.08262173514744565,0.52031702638232,0.8090963213496383,0.7348214133314719,0.004148052184680898,0.0007254530200851111,0.004678829065642774,0.000738615114934766,0.002880041226779287,0.5768612832334471,8.988853505692273,3.598280423694605,3.6828836216522918,3.4691037790108723,0.2779105245425064,2.195985310394527,2.0114890547309714,2.0236007082987895,1.306980652440249,1.5890224431144733,1.7348214133314719,0.0028609923366956884,0.020313149831728147,0.012064833977124191,0.008068678612912387,0.005712094563303586,0.013122066126017,0.007504533671064304,0.004850964952566509,0.011136569255908857,0.008085102884243092,0.00712990544453312,0.011384487358313334,0.00595449625118637,0.003958427055374858,0.010099123919662537,0.005450802348092004,0.003418035577281158,0.013122066126017,0.007504533671064304,0.004850964952566514,0.009192102085806671,0.005283873834253708,0.004179404736989883,0.011384487358313334,0.005954496251186369,0.003958427055374858,65,64,65,65,65,65,65,1.5163949590179098e-05,0.9848484848484849,0.007692307692307693,0.010773943116887777,0.002331002331002331,0.14338952291532764,30931.417460443074,0.6661946470050198,2040.1856567570574,30468.393957854947,0.6562221399494927,32734.61091145346,3231.886216551616,0.06960771519602878,0.0010403315693439039,0.7879969880685439,0.002281558649134719,8.017423150900651,25,4,2,1,55,7,2,2,13,5,2,1,20,3,1,1,0.0,49.0,27.0,27.0,0.6687090736584432,0.3672304841751266,2.405539079914758
1400,Confecção de artefatos do vestuário e acessórios,4028.4171428571426,0.005892117108707887,0.06571428571428571,61302.0,24929.0,6398.56838088949,0.12252968296058254,6516.164093659425,26116.72180903268,0.05321045421557405,0.42603376413547184,0.10629610932203559,0.33117691365597385,0.08811908190117212,0.8170363653900283,0.13248375942222812,0.0007938350324009685,0.0003225078133782663,0.000620672253998601,0.0003333800805645521,0.0008565053173489766,0.1103502998534223,22.7805105040788,13.278824976233054,1.2619990441778837,27.090470391059466,0.07530786811256554,3.125905367955763,1.230683976973452,1.8614010429110845,1.0542680508801943,1.1049780259207806,1.1324837594222272,0.0013719572239031428,0.0159918666870943,0.015597031880442973,0.013435781188356852,0.010451707883733051,0.00909436925928276,0.0045504353443154705,0.003224358471532791,0.01412944342301796,0.012133117920312292,0.011265419022978073,0.008893815044409835,0.0047027908846017374,0.003557999284494102,0.012662720398937035,0.008131742362560977,0.005385375460659746,0.00909436925928276,0.0045504353443154705,0.003224358471532794,0.0118560732011518,0.00796574228259083,0.006587301018167243,0.008893815044409833,0.0047027908846017374,0.003557999284494103,65,65,65,65,65,65,65,0.0001349408135530895,0.9848484848484849,0.0011655011655011655,0.0036555914459603786,0.0037296037296037296,0.12210980951787027,47958.30838517584,0.7823286089389554,3163.816361897897,10936.549215875304,0.17840444383340354,97203.4005927943,3482.8974819924883,0.056815397246296834,0.0016892402677424559,1.2933596185868361,0.0023455974765954866,6.233016234227541,10,0,0,0,26,1,0,0,14,0,0,0,14,0,0,0,0.0,46.0,59.0,58.0,1.5883579465535005,0.43989344336584535,2.9065449915454984
1500,Fabricação de calçados e de artefatos de couro,2241.497142857143,0.0032784995188411092,0.055714285714285716,40232.0,13536.0,4471.461007205974,0.13178519964321495,1020.2889502401711,17072.206872068,0.009494754311963893,0.42434397673662727,0.02536013497315995,0.13478647811701844,0.019564697215404152,0.9466788603410059,0.1708452897936465,0.00016129499210507575,0.0001116476497717663,0.00011477423869227155,0.00010108812999332478,0.00010031133358049894,0.029060051422423436,33.55552108980662,23.331286590621858,1.0607146947609167,36.50080748418821,0.04286090251027801,3.5132014129131544,1.2097807038955366,2.0979594529192487,1.0767465866933037,1.1401760998639257,1.1708452897936474,0.0004292490544962103,0.02311565829459142,0.0242095472289777,0.049055922189488864,0.06773400026339058,0.008729446477864004,0.0032142882840880756,0.0014131462317059583,0.014735913341140279,0.014338533311865085,0.014064757640605193,0.007740767669785984,0.0026521362808007575,0.0011918749707239887,0.0168474766661358,0.021537772135227548,0.022129743674499137,0.008729446477864004,0.003214288284088076,0.0014131462317059588,0.01067294969124242,0.008306273658240887,0.007792992278330826,0.007740767669785984,0.0026521362808007575,0.001191874970723989,65,65,65,65,65,65,65,0.0001349408135530895,0.9848484848484849,0.0,0.0010106705893261443,0.0004662004662004662,0.10561601972313331,33082.10366331779,0.8222833481635958,2363.793857638458,2044.3117808897061,0.05081307866597997,71183.59204087286,3060.4850091886783,0.07607091392892917,0.0022022876277971114,7.416695190787813,0.0003592767678986375,1.1416137446507266,0,0,0,0,2,0,0,0,1,0,0,0,1,0,0,0,0.0,59.0,63.0,61.0,1.9948546539329464,0.5132778487578912,3.9380424910806235
1600,Fabricação de produtos da madeira,1595.28,0.002333317590470012,0.06,26588.0,9840.0,1094.0874281749027,0.14218606282730495,15836.413137587395,11388.171726576184,0.11789860782094559,0.4283199836985173,0.595622579268369,0.13794053815196095,0.1952514842557882,0.8247980558255594,0.3261652955544867,0.0016103549495715143,0.0006266441478096745,0.001407621452415823,0.0005167460791421991,0.0016965740565889212,0.672705402328242,12.776595321303262,6.192964165493172,5.549580537692089,5.043345362528837,0.1614735647223571,2.5476150066730154,2.1178187670054456,1.9557118671242586,1.1348360319752653,1.260131993317361,1.3261652955544865,0.0020082152594815064,0.016951769537331983,0.01701480201267829,0.014965519007389643,0.011530047227083196,0.010291429927058993,0.005477521274084537,0.003747706795005499,0.01436042987706992,0.011928159759336547,0.01090635223833804,0.009450169279552906,0.004969668111687432,0.003568289093011297,0.009799597640672784,0.004523341864471467,0.0024390254092975933,0.010291429927058993,0.005477521274084538,0.0037477067950055015,0.009309578653769782,0.004571436504770043,0.0030950843614784415,0.009450169279552906,0.004969668111687432,0.0035682890930112975,65,65,65,65,65,65,65,0.0001349408135530895,0.9848484848484849,0.00675990675990676,0.0058320531531352695,0.002097902097902098,0.13213791257673782,19391.160041724757,0.7293199955515555,1747.5415312987168,23202.324262180642,0.8726615112900798,15048.730687141671,2185.1630384523833,0.08218606282730492,0.0006772367877550205,0.4419088577830742,0.002228020729534458,6.827996353339993,14,1,0,0,40,3,1,0,14,1,1,0,18,1,0,0,0.0,63.0,47.0,53.0,0.6858278347217434,0.5227744032807462,3.8102563204991093
1700,"Fabricação de celulose, papel e produtos de papel",3557.7814285714294,0.0052037472984888195,0.044285714285714296,80337.0,22787.0,4319.843574735017,0.12097907592181803,36385.275929142146,37696.6372378588,0.42400753485324916,0.4692313285019205,0.4529080738531704,0.38504653879925826,0.7025935757470787,0.9095258203502438,0.8202342668260543,0.005632264448502274,0.0030703309381937987,0.0032363895638850906,0.0021316969358638922,0.0027723194359665403,0.5032425909645526,31.279633469047347,19.776799730248385,3.8524735477201313,28.017289520491417,0.050564298250465246,3.442967197867004,1.994767802044941,2.0271665114292183,1.3192455873446425,1.6411372682598415,1.8202342668260552,0.0074843294066393035,0.01866662405050068,0.014482355938759638,0.011716685596295597,0.009115424032385331,0.014663906809443933,0.012702741673925926,0.011761539925744394,0.015505150025721736,0.014606235144213959,0.014129388727333794,0.01430936337532938,0.01272362330341034,0.012135778505582725,0.012824551646788414,0.008858932617106085,0.006317837940528589,0.014663906809443933,0.012702741673925926,0.011761539925744404,0.012877143113564634,0.010025110316133729,0.008998357451807456,0.014309363375329379,0.01272362330341034,0.012135778505582725,65,65,65,65,65,65,65,0.0001349408135530895,0.9848484848484849,0.03333333333333333,0.012079066550319052,0.008391608391608392,0.17583587834705386,65377.51928031251,0.8137908968509219,5138.301400113193,63048.67143450615,0.7848024127675436,72384.76705653382,6161.314593759664,0.07669336163610371,0.002456625227364912,1.6432750650979993,0.009396588745084393,27.262723666753875,54,3,0,0,65,16,1,0,46,15,1,0,64,10,0,0,0.0,48.0,20.0,37.0,1.214195886246329,0.5908753977324315,5.243201297752141
1800,Impressão e reprodução de gravações,3477.3214285714284,0.005086063422724553,0.17857142857142858,19473.0,8396.0,215.70131762925917,0.2376053813043129,17546.211398465664,7916.024666183704,0.15834459974929835,0.40651284682297045,0.9010533250380356,0.07028824644141721,0.284744418866563,0.7696928979570451,0.341769291618682,0.0024462170691670173,0.0011004740033478274,0.004530084927411631,0.00311476170125234,0.006005696745953666,0.9507224770814797,23.59678503628377,11.061586327165989,11.884801433473822,10.50006423193894,0.0904029467766404,3.1611104754756747,2.8335225107184057,1.826717770709164,1.129221744323932,1.2641864695470357,1.341769291618682,0.004154483726860185,0.014225662367576214,0.013953555032353782,0.011795368226046257,0.009473981395270262,0.01125687107011175,0.008820067409726311,0.00827282799320979,0.01427449910565475,0.01379127054835815,0.013674707963446688,0.011185104888871651,0.00944052630445714,0.009212953621512896,0.008589484781976624,0.0036046521475735617,0.0018827316261787242,0.01125687107011175,0.008820067409726313,0.008272827993209803,0.008629721056629711,0.004023356456597533,0.0026678475597377294,0.011185104888871651,0.00944052630445714,0.009212953621512901,65,65,65,65,65,65,65,0.0001349408135530895,0.9848484848484849,0.03752913752913753,0.010924318066624167,0.002331002331002331,0.1416739486555696,14179.637762821503,0.7281691451148515,899.9545555708355,32727.45930192506,1.6806583116071,1658.3186286261002,1149.5681615674546,0.059033952732884226,0.0005700013745602779,0.3325700186486795,0.007193233972533367,19.56788419955103,59,4,0,0,65,20,1,1,17,2,1,0,38,2,0,0,0.0,50.0,39.0,29.0,0.06203088269521139,0.20559694175810228,1.5797008522422826
1991,Refino de petróleo e coquerias,9067.047142857142,0.01326181021015084,0.024285714285714282,373349.0,36427.0,8969.935379556458,0.09391808152110026,159748.008230696,143905.08542178728,1.1214010366101381,0.3854438753600179,0.4278784950025205,1.2300589657994583,3.525236711352738,0.9866114820503729,4.022236943875117,0.027837757904264748,0.021412342919284736,0.01065708025793767,0.007130779354258676,0.00955564954471263,0.6170456763970733,28.36382247275957,16.909534845658964,5.911191840904865,34.575908941985205,0.05913823231256543,3.345114476529185,2.763080002223948,2.48361171457275,2.130399732210786,3.8266239719770763,5.022236943875119,0.15111192040717059,0.036507352808621794,0.01859468919057239,0.017700055564537204,0.014049702827083054,0.03703710401470134,0.06427380719256912,0.07337151407021578,0.018694236448460542,0.019793467157595675,0.01973269111059283,0.0336288704801785,0.04934044970936195,0.053225522046502535,0.027719994327701517,0.032723901649856287,0.027949228632283357,0.037037104014701346,0.06427380719256914,0.07337151407021589,0.02436228137318165,0.028414764806485308,0.02908747353846819,0.0336288704801785,0.04934044970936196,0.053225522046502556,65,64,65,65,65,65,65,1.5163949590179098e-05,0.9848484848484849,0.1717948717948718,0.03235315716773385,0.03566433566433566,0.22250603970835195,246059.02003860782,0.6590590038773583,14355.943085233605,315757.87743322557,0.8457445377735726,237204.9793481131,25997.174674964124,0.06963236723538599,0.008316970286079108,8.087513466082942,0.045339134616790136,188.97129076203635,64,22,1,1,65,48,6,1,61,28,6,2,65,52,8,2,0.0,26.0,2.0,13.0,0.9892895932081718,0.6128996744410882,5.261802548641028
1992,Fabricação de biocombustíveis,1652.4385714285715,0.002416919904897838,0.038571428571428576,42841.0,8680.0,2566.6715036836436,0.11986423590110445,21049.659091041813,31999.814436238426,0.10348343517282366,0.7469436856338189,0.4913437849499735,0.14865975974874576,0.2924077780254812,1.3653900006173216,0.3063981736744194,0.0021911093932695754,0.0012734075723410969,0.0014214405144432683,0.0006773363026481512,0.0013314219378179235,0.49317864054134797,20.551397833063827,9.68683222135663,3.546391859529823,15.022272184989436,0.10323292250229056,3.022928959702581,2.2252454942550304,2.3793803962662596,1.0845197638979531,1.2127367502741664,1.306398173674419,0.0145569766578667,0.028186085347379243,0.01324229988632804,0.009642632811019165,0.006997155704298826,0.00940304728151804,0.006516054931133386,0.0058988172426571285,0.013926759347632994,0.012155497995954879,0.011404780091349064,0.010147042656811739,0.007929724736680365,0.007396148681313088,0.010013645750954031,0.006324744510481888,0.004524608535195897,0.009403047281518041,0.006516054931133388,0.005898817242657139,0.010583787001881381,0.008144225032850332,0.00756144747542763,0.010147042656811739,0.007929724736680367,0.007396148681313091,65,64,65,65,65,65,65,1.5163949590179098e-05,0.9848484848484849,0.058508158508158506,0.01626942253259868,0.004662004662004662,0.13779360732382395,57687.60065918666,1.3465512163391764,3411.8142580598433,51175.4153708467,1.1945429698383954,50950.04205056494,3482.6651588106406,0.0812928073296758,0.002062427071005144,1.1768556557727015,0.005512663808236988,13.621365186221338,21,1,0,0,52,3,0,0,11,3,0,0,43,2,0,0,0.0,62.0,43.0,52.0,1.5532628855695958,0.6737053565322295,6.9626398108081675
2091,"Fabricação de químicos orgânicos e inorgânicos, resinas e elastômeros",8524.075714285715,0.012467639415426187,0.05857142857142857,145533.0,25439.0,3116.4753635940538,0.12695055525601445,93017.74125324462,48572.47487090564,0.863982459736488,0.3337557452323914,0.6391522283828729,0.3513909505619817,2.0558944247563034,0.7664042637133724,2.3041879009111934,0.01570090001029126,0.008721058541060972,0.01419053251072727,0.00709552531625076,0.010288300933149025,0.7894359078505188,25.708008303413376,12.902604218236547,10.794675363130711,24.23370937586277,0.07750373359407549,3.246802550498461,2.8181759164553117,2.0146977398682626,1.7540427919922017,2.7067583923616945,3.304187900911194,0.04143634946991725,0.02237201809409387,0.01244149958971948,0.008984857757247526,0.006612132933512992,0.024797827297565453,0.028682858714047153,0.02740298729143543,0.012444870716094951,0.010402534712783837,0.00975079687969776,0.02237051009646413,0.023388179781635297,0.022158814414138795,0.01340156215885559,0.010916397386172791,0.008524381125681515,0.024797827297565453,0.02868285871404716,0.02740298729143546,0.013159072960569784,0.012085244771636035,0.011787407335928623,0.02237051009646413,0.0233881797816353,0.022158814414138802,65,65,65,65,65,65,65,0.0001349408135530895,0.9848484848484849,0.04219114219114219,0.028529635346726447,0.007692307692307693,0.20342217904850807,89351.67397859461,0.6139616030631857,6276.526476621742,183025.63103028858,1.2576228829907208,49458.27813612967,9951.419443787832,0.06837912668458584,0.0033574761084602966,2.3999202926489174,0.017325698892435622,63.0698826766401,58,26,4,1,65,42,11,4,39,20,5,3,64,30,5,0,0.0,27.0,8.0,9.0,0.3656085971140629,0.4240723718983299,2.8662773881817123
2092,"Fabricação de defensivos, desinfestantes, tintas e químicos diversos",3298.577142857144,0.004824625188650824,0.044285714285714296,74484.0,15095.0,1222.9365060738323,0.11476624124095379,57809.91737888445,34182.80793389755,0.4775278954355251,0.4589281984573537,0.7761387328672528,0.23379858320186256,0.9380315936111546,0.9029153527176325,1.0319657308827193,0.007354680742180967,0.004057867864099942,0.004735187453463946,0.0029859567094837882,0.004393743836059721,0.8434987052097301,22.234326147660276,11.276743297877545,11.417319594959578,27.145102460237215,0.08867808493860238,3.1016373175740477,2.6058364454217817,1.9968494899891966,1.3694453656005996,1.7865731491982473,2.031965730882719,0.01367823472833728,0.019385709533915496,0.013434631876180858,0.010489296569570825,0.007996633000660842,0.016329205520799566,0.014784392942242998,0.01336853242501062,0.013997506683411876,0.012953088748765784,0.012561681026543273,0.01621035320708211,0.015118528207129792,0.014171215283177756,0.010987269261221297,0.0072505700680219574,0.005212025102157563,0.016329205520799566,0.014784392942243,0.013368532425010633,0.01133961974460423,0.00889717725622371,0.008221259339062741,0.01621035320708211,0.015118528207129792,0.014171215283177762,65,65,65,65,65,65,65,0.0001349408135530895,0.9848484848484849,0.010722610722610722,0.020356615224361378,0.0032634032634032634,0.18319503573321555,61477.87589804863,0.8253836514962761,4515.648980400893,102942.69799563379,1.3820780032709548,21278.209620158566,5249.671569734056,0.07048052695523946,0.0022695409432553935,1.3808210583302358,0.01078482860334294,30.13348192517519,49,7,0,0,65,22,2,0,42,12,2,0,63,15,0,0,0.0,52.0,15.0,25.0,0.3707466744326482,0.5778753915196602,4.949619112141374
2093,"Fabricação de produtos de limpeza, cosméticos/perfumaria e higiene pessoal",3353.6428571428573,0.004905166410113296,0.08285714285714287,40475.0,8397.0,5051.571701081565,0.17029192113200606,9883.584744231288,23942.77355308096,0.07097813924510535,0.5915447449803817,0.24418986397112513,0.18744686367605887,0.1362290126293226,1.1605564761376121,0.1613107655033745,0.0011399791211239192,0.0009414325093774953,0.0013313138665373046,0.0011133570105863661,0.001454249825540872,0.2487160305926513,30.953529083157807,18.982190142500013,1.761535856098949,47.513480554799166,0.05268096002057521,3.432487017934182,1.4827525022804535,2.1856382290116647,1.0592557098528135,1.1236021235812115,1.1613107655033748,0.0022456484165082015,0.023796653424243686,0.018077883599486855,0.01752959161245262,0.014238236270149952,0.00918074900451897,0.005069359316639099,0.0038719727598013655,0.018366249108216093,0.020065445989366992,0.020308397156920354,0.009297952097270487,0.0055702735125224695,0.004546489595133103,0.010693657541583761,0.0070879059948998745,0.005171418891648464,0.009180749004518969,0.005069359316639101,0.003871972759801369,0.011099499950543575,0.008788159104839825,0.00822339011415469,0.009297952097270487,0.0055702735125224695,0.004546489595133105,65,65,65,65,65,65,65,0.0001349408135530895,0.9848484848484849,0.0,0.00424081665377302,0.0006993006993006993,0.13865442628517152,45824.17279399304,1.1321599207904396,3370.275004523353,18070.97193007991,0.44647243805015224,64835.18509324181,3538.922650675088,0.08743477827486319,0.0023020276704644625,1.3808840702484089,0.0031577266058105883,7.942101306460204,40,0,0,0,64,1,0,0,21,0,0,0,32,0,0,0,0.0,51.0,54.0,55.0,1.5062938769172523,0.5012367898985884,3.8417851833173136
2100,Fabricação de produtos farmoquímicos e farmacêuticos,4803.3942857142865,0.007025628341620457,0.08285714285714287,57972.0,23147.0,6208.483430402981,0.14146786458089913,13037.943935534775,24763.118713076772,0.07410369296874968,0.42715653613946014,0.2249007095759121,0.1778024608520593,0.107120772590653,0.7469740874432422,0.1257421274844711,0.0009368413919347952,0.00018714629563430795,0.0014271688337200408,0.00020909021116579383,0.002204212347678257,0.22887954852330927,8.937860071242762,5.017109608347375,1.652706283018601,8.053667640370366,0.19931794958918544,2.1902961949000965,1.3356451898768371,1.7655954423370608,1.0527393117121604,1.100780293446956,1.1257421274844712,0.000689996595170184,0.012117250327281564,0.01482756993520736,0.012368638040316375,0.009630837846961024,0.008797820867844551,0.003390982715980403,0.0015983825332384132,0.014990059652809725,0.014775349513803873,0.01464662219440391,0.008751031748471938,0.0034164726736597324,0.001697731613963415,0.010751055957960411,0.006955577450513305,0.004975178340132155,0.008797820867844551,0.003390982715980403,0.0015983825332384137,0.01110053984263411,0.00871057273286931,0.008092506749359936,0.008751031748471938,0.0034164726736597324,0.0016977316139634153,65,65,65,65,65,65,65,0.0001349408135530895,0.9848484848484849,0.0011655011655011655,0.007359290032895555,0.0016317016317016317,0.12108990127919152,42511.95165820342,0.7333186996861143,3247.855578705433,18042.529418157912,0.3112283415814171,77485.23016883581,3397.780759769597,0.05861072172375624,0.0023819490879584894,1.3357296996012906,0.0006266315890381925,1.5785785287178553,10,3,0,0,19,3,1,0,6,3,0,0,7,2,0,0,0.0,41.0,57.0,51.0,1.2925200516783626,0.4033976877377059,2.7451536916310433
2200,Fabricação de produtos de borracha e de material plástico,6503.85,0.009512779957611446,0.0642857142857143,101171.0,26077.0,2693.015019662999,0.135333096340877,69006.51582438183,42995.676432366665,0.5710793408289265,0.4249802456471387,0.682078024576033,0.29552300891045963,1.0223791950897811,0.8793032664233787,1.166583722069691,0.007963023981860636,0.005206553809362908,0.007530040493242514,0.005412258399252106,0.007668678083521272,0.7749482593751515,23.447937531152945,13.221506120540424,10.40906577881333,32.588502579799965,0.0756343483777872,3.1547825392611046,2.410739190729731,2.0235077934032892,1.434702976190209,1.8990095598775363,2.1665837220696895,0.013260249140775508,0.020587531873823155,0.012317643770807424,0.008717324968037088,0.006397189519164763,0.01688041913466186,0.015937952320650917,0.014902161389622283,0.012612543937649635,0.010489014690078893,0.009778718838040002,0.016246071883372567,0.015292752687306078,0.014608673672384545,0.011936514136438411,0.008474397754539096,0.006244839926698608,0.01688041913466186,0.01593795232065092,0.0149021613896223,0.012186873272050073,0.010055099032637693,0.009405848107741291,0.016246071883372567,0.015292752687306078,0.01460867367238455,65,65,65,65,65,65,65,0.0001349408135530895,0.9848484848484849,0.005594405594405594,0.015383582844482982,0.002797202797202797,0.18663990858796878,77748.3296645632,0.7684843449660793,5462.353914646169,111987.47727772537,1.1069128236127483,40266.10657244107,7187.93468990287,0.07104738205516274,0.0026228209792777237,1.6943417639484013,0.011274115637661796,34.46783376801045,59,16,1,0,65,35,3,0,46,18,0,0,63,17,0,0,0.0,31.0,13.0,18.0,0.4140647492889594,0.4564817676189238,3.1967758770130583
2300,Fabricação de produtos de minerais não metálicos,4990.272857142857,0.007298964093335636,0.055714285714285716,89569.0,27750.0,1395.3730881414776,0.1384673223255768,70682.07041422058,44135.34398827401,0.23253665165467977,0.4927524477025983,0.7891354197793945,0.5094905922542864,0.4328161395852062,1.0012169763790857,0.5445147526409829,0.0035305556244095444,0.002171706701428246,0.0027428825148186494,0.0017756420685181684,0.006692745388584603,0.8749244598504073,5.5935300961981165,2.1542164548613765,2.6954891806653354,14.062441381429442,0.46420590546661195,1.7216105898567655,2.3050944208234903,2.1129155894348624,1.2051803016420597,1.4208219049668194,1.5445147526409833,0.006670015187321162,0.022604190610760765,0.01653963245699143,0.014958598378281427,0.011988049247155241,0.012687769446074117,0.010458920668715852,0.009716023543260902,0.015938494733298263,0.015886873736550507,0.015752793011984564,0.012516551444157724,0.01070245699910116,0.01022104633772757,0.012621881397859056,0.008775120543303436,0.006293920217023969,0.012687769446074117,0.010458920668715857,0.009716023543260913,0.013012881721871887,0.010598995817321401,0.009711961175514391,0.012516551444157724,0.010702456999101162,0.010221046337727574,65,65,65,65,65,65,65,0.0001349408135530895,0.9848484848484849,0.03752913752913753,0.011563464758819563,0.002564102564102564,0.15768377192219227,80667.54991336758,0.9006190748290991,6165.969894018453,96151.30202612147,1.0734886180053531,21292.428433617522,7412.10673623673,0.08275303661129108,0.0026873806118116123,1.6459922202671176,0.00791537291129909,22.681382998226816,47,1,0,0,64,8,1,1,29,5,1,0,53,3,1,0,0.0,40.0,31.0,40.0,0.27961859563334335,0.5526923384108511,4.33779164401157
2491,"Produção de ferro gusa/ferroligas, siderurgia e tubos de aço sem costura",4063.6800000000003,0.005943693913320031,0.04,101592.0,21747.0,5116.925571525026,0.1348653223232492,56675.58953793039,56620.592335229376,0.4859884031509582,0.5573331791403786,0.5578745328168595,0.6715214011395398,0.8413381091245674,1.0642937916669613,0.9248982572040655,0.006570456115665824,0.00204027162187474,0.004378949714065441,0.0010236983330282772,0.0037945641867730795,0.5953287797333853,15.118118316933502,7.427351862090163,4.7286572458429115,12.132333233590405,0.13463748837645423,2.7158939130685904,2.1019357732831847,2.14785393974646,1.3465251027054241,1.7137166055489523,1.9248982572040643,0.011703718853463706,0.02212771154210107,0.020540724778685904,0.02101493509722159,0.017605703823451117,0.014629270806833865,0.012217053997359274,0.010929187113572122,0.022355242330691357,0.027208108559697054,0.028691047454654065,0.014916316166729938,0.0130633823814432,0.012144861960659921,0.018815978601867435,0.016048161661396974,0.01228146718860619,0.014629270806833865,0.012217053997359275,0.010929187113572133,0.01970448986113107,0.019651942915005154,0.01910172337704457,0.014916316166729938,0.013063382381443202,0.012144861960659928,65,65,65,65,65,65,65,0.0001349408135530895,0.9848484848484849,0.06317016317016318,0.017899506929051012,0.020745920745920746,0.16392216453966496,99785.63264316102,0.9822193936841584,8580.969076239659,95480.45551422628,0.9398422662633503,81491.73233611004,9637.557825463531,0.09486532232324918,0.005282308268210942,3.334267448290011,0.008995572962319847,24.64408382644933,33,8,1,0,62,11,3,1,24,9,3,1,55,9,1,0,0.0,45.0,18.0,31.0,1.259185165053603,0.678624533152447,6.0080110963882225
2492,Metalurgia de metais não ferosos e a fundição de metais,2531.4600000000005,0.0037026102925951667,0.044285714285714296,57162.0,12555.0,3900.604146400924,0.14547320610425513,23018.0522204854,26931.26580708573,0.266047110208247,0.4711393199518166,0.40268101571822884,0.3891666909323541,0.475301956354433,0.9777551860309065,0.625899067402616,0.003698533974650214,0.0011243679019600256,0.0025773296514672553,0.0006834357361182159,0.0017708974887288432,0.4602846980396026,22.794869674998125,13.915407347976362,3.2624553822309297,12.905760530974536,0.07186279028658289,3.1265354963864214,1.9889852444710239,2.1283522970790894,1.240865222688573,1.4873106596937127,1.6258990674026153,0.006258423008244931,0.022683547992522174,0.019432045412801458,0.021453071701233672,0.01867201218440034,0.012075851976180807,0.00817438756106123,0.006562366827750944,0.01933587764395479,0.022756187894445636,0.02392515664539436,0.011312746760336428,0.007651774942710552,0.006379067337020574,0.014218293577048116,0.010313925690143803,0.0073853111672659835,0.012075851976180807,0.00817438756106123,0.006562366827750951,0.013664894564719927,0.010817033941357029,0.009659279444422882,0.011312746760336428,0.007651774942710552,0.006379067337020575,65,65,65,65,65,65,65,0.0001349408135530895,0.9848484848484849,0.027505827505827505,0.012655319476754773,0.010722610722610722,0.14819105259112086,48575.16276308313,0.849780671828892,4695.691300385284,41651.36694899066,0.7286548222418855,57067.96472911309,5784.07940733143,0.10118749181854081,0.0025851915212521297,1.8843891102150816,0.004459113053342137,13.704303718068912,24,5,0,0,58,9,1,0,21,8,1,0,37,7,0,0,0.0,58.0,29.0,42.0,1.5408515822493436,0.6497292093684208,5.427643134701528
2500,"Fabricação de produtos de metal, exceto máquinas e equipamentos",4563.45,0.0066746766449967245,0.05,91269.0,34302.0,2897.3572061438335,0.1138449545401872,59407.0975313248,39882.12487637564,0.46429585072307294,0.43697339596550466,0.6509011551712498,0.32891778733751553,0.7741075062235142,0.8882776449507047,0.8576328517099842,0.00606247276982259,0.0027234308254056113,0.004485837406618567,0.0021857482064643313,0.0046079334939353135,0.6978629143336038,18.335833123066386,7.800512629342777,6.505324464012122,25.42865349276727,0.12819670289851884,2.908857239436507,2.185707857100836,1.9718029904371737,1.3271655848304118,1.6651216163564322,1.857632851709984,0.010792739558449903,0.019192888596279545,0.014796336957669465,0.014172168317891887,0.011900353140785982,0.014458494391959956,0.012037019509630278,0.010858418956511528,0.01618040998757069,0.01852641294365498,0.019445693682458673,0.014593789535611596,0.012614879052151935,0.011743689962705584,0.012951990219926868,0.010131716630095189,0.007650907685654871,0.014458494391959956,0.012037019509630278,0.010858418956511538,0.013675748918226108,0.01256312783600565,0.012058675865740633,0.014593789535611596,0.012614879052151935,0.011743689962705589,65,65,65,65,65,65,65,0.0001349408135530895,0.9848484848484849,0.027505827505827505,0.014608755003087224,0.007226107226107226,0.17554065111518838,74822.62663694948,0.8198032917743099,5026.095089287525,92840.55612687809,1.0172189475821811,50182.44002567908,5827.065155928346,0.06384495454018721,0.0033645625401986746,2.0655599188279825,0.008779994666767398,24.692430310093556,49,10,0,0,64,18,2,0,41,12,0,0,60,11,0,0,0.0,42.0,19.0,30.0,0.6349049964706163,0.5241223689434624,4.077646329053436
2600,"Fabricação de equipamentos de informática, produtos eletrônicos e ópticos",9738.17142857143,0.014243422279034528,0.1142857142857143,85209.0,13715.0,11361.324088744923,0.16515335800476355,8371.9055893412,26411.47648225174,0.0757490400181875,0.3099611130543926,0.0982514240202467,0.17146248899389863,0.1417842313098247,0.5787446181981233,0.24678168936283315,0.0012399936396325334,0.0007295432889178602,0.0018753658460435143,0.0011417036173257534,0.0018315871563827995,0.10789217137159789,30.198595102575556,20.524645024050066,1.2556133196438917,28.80471193550748,0.04872191449977501,3.407795403516479,1.3046322007724296,1.6837420762511313,1.0992355775182734,1.1945415085415647,1.2467816893628336,0.002618543294910576,0.009894596821125243,0.01529432786200496,0.014545896871030401,0.012187737486544918,0.010346109370401693,0.006540546772113838,0.005445122753216371,0.012344591877421995,0.010936373177033465,0.010643243262570518,0.009495353797825632,0.00606083551465158,0.005224282179536063,0.013351497881608883,0.010700261087249611,0.008219630211860575,0.010346109370401693,0.006540546772113841,0.0054451227532163774,0.010870807924882875,0.008359092254048227,0.00767957545536047,0.009495353797825632,0.00606083551465158,0.005224282179536066,65,65,65,65,65,65,65,0.0001349408135530895,0.9848484848484849,0.0,0.005634763213169998,0.0,0.13207028944679042,44628.38336201694,0.5237519905411041,2997.1994808092613,15394.313053309437,0.18066534114130475,115828.9461458823,4334.381053656468,0.050867643719049255,0.0021060520547826846,2.283541514384631,0.0037819492969141757,11.946402999134015,36,1,0,0,64,7,0,0,15,0,0,0,23,0,0,0,0.0,25.0,52.0,48.0,1.1666794091764727,0.23534449857299167,1.7029021008921945
2700,Fabricação de máquinas e equipamentos elétricos,5039.860000000001,0.0073714921465236165,0.07,71998.0,17037.0,5617.273739430565,0.14001428037734873,25711.11153290635,35166.4031101055,0.16416366728488757,0.48843583308016203,0.35710869097622644,0.28224341366012334,0.3405444828195133,0.9719482633969537,0.43714088399076034,0.0027857310578146294,0.001635860971575299,0.0028017973137067008,0.0015345013392845126,0.002958480727977271,0.3889459323717806,20.114452397377523,9.222695473015463,2.5654841620070887,24.819104396632113,0.10842817080167982,3.0014385814357327,1.7873487039590563,2.0685446645682006,1.1580486652803383,1.3326677966942377,1.4371408839907607,0.007195863297578935,0.019983999512146806,0.01715967508387209,0.018672376064166166,0.016459542737701935,0.011380964859209135,0.008862765711526518,0.008190521236182191,0.01697925706808817,0.0197382687639373,0.020852409434388954,0.011484614383352493,0.00940895360917218,0.008867121341318198,0.013181402731460536,0.010486965824383522,0.008007873072914385,0.011380964859209136,0.00886276571152652,0.0081905212361822,0.013312648782433472,0.011972396700254156,0.011458525871395184,0.011484614383352494,0.00940895360917218,0.0088671213413182,65,65,65,65,65,65,65,0.0001349408135530895,0.9848484848484849,0.018648018648018648,0.011365570093184611,0.0009324009324009324,0.1468276541214468,63814.11702000095,0.8863318011611566,4152.900570654214,45351.94921577197,0.6299056809324144,82988.54653827124,5040.888158608349,0.07001428037734866,0.0031947142884775083,2.1953868794666165,0.006746095847665752,19.125531840012975,46,2,0,0,64,8,2,0,23,5,0,0,51,4,0,0,0.0,39.0,35.0,39.0,1.1145694006243356,0.4517577216044766,3.218115561434696
2800,Fabricação de máquinas e equipamentos mecânicos,6721.26,0.009830772145405491,0.055714285714285716,120638.0,37643.0,9937.122151380207,0.11191222446825537,21994.274226481328,48861.16782117917,0.2521902815919587,0.4050230260877932,0.18231630354018907,0.37247905145025867,0.4511485636165061,0.7830508906163849,0.5433493677377211,0.0036646348032452927,0.0015413554958148418,0.0034221714432086502,0.0009736601973716534,0.0022709528127958264,0.1961010462277009,25.304201632064117,13.520909532039399,1.5406001589372393,14.448365229369456,0.07395952155662172,3.2309704543585793,1.4694877162041868,1.8752516947376,1.2047412258520047,1.4190279234124104,1.5433493677377204,0.008908537690246634,0.015191310592105402,0.015003182592115407,0.014449910119487142,0.012265386808386718,0.012409334853306569,0.009653575842599937,0.008687153162773378,0.015616539108826193,0.017100447019868223,0.017772286458298658,0.01196800708810704,0.009724481018070798,0.00906805715740392,0.015594452865011384,0.0146033405591532,0.011851036312495672,0.012409334853306569,0.00965357584259994,0.008687153162773386,0.01499708404115433,0.015020181291386431,0.014920382437365067,0.011968007088107042,0.0097244810180708,0.00906805715740393,65,65,65,65,65,65,65,0.0001349408135530895,0.9848484848484849,0.017482517482517484,0.014503885552317828,0.0016317016317016317,0.15290644548696733,86491.14062700818,0.7169477331106963,5639.898208690563,41672.86668177015,0.34543731396218563,166510.89944580727,6779.60693540139,0.05619793875396964,0.004174308461394066,3.4064358230391005,0.006830712734836519,19.84165466323269,32,5,1,0,62,10,1,1,24,6,1,0,44,4,1,0,0.0,30.0,30.0,36.0,1.4784612039082266,0.4562596897049186,3.2739303253609062
2991,"Fabricação de automóveis, caminhões e ônibus, exceto peças",1464.46,0.0021419752510780012,0.01,146446.0,22410.0,11600.194479398097,0.0837728335037266,3292.0925246694906,87141.12449768459,0.024417182920110938,0.5950392943315939,0.022479907438028284,0.7938637728562928,0.046489154650718095,1.1459273598350734,0.08055730558319882,0.0003686678518401111,0.00029788012326270754,5.7157949091825376e-05,4.009610330389176e-05,5.529353882650069e-05,0.022236742156159277,28.004165704280187,16.315772992038124,1.045968982445924,31.77012840035897,0.06129038449407126,3.3323532742621422,1.0758302416300392,2.1799955107675553,1.0326503866191101,1.0636775422166886,1.0805573055831998,0.0007730218335797478,0.02193427949751608,0.02420532551710381,0.03621409957187199,0.03584107583565438,0.008132124663094646,0.003068861954429003,0.0015560806592810363,0.021306536314302838,0.02861960316029761,0.03144847228895836,0.008011755811397986,0.0031014678789613504,0.0016757959496106426,0.02438593179204295,0.03284913711310521,0.03023591181908677,0.008132124663094646,0.0030688619544290033,0.001556080659281037,0.019835229730293648,0.023214336368872556,0.024028905294693915,0.008011755811397986,0.003101467878961351,0.0016757959496106433,65,65,65,65,65,65,65,0.0001349408135530895,0.9848484848484849,0.0,0.0023672706116047437,0.0,0.11737132049937302,162287.63837961457,1.1081739233547832,10399.551442789125,5914.398513076367,0.040386207291946294,301868.40806803387,10803.736375286748,0.07377283350372661,0.006847978877644925,9.366308209769958,0.0007446162489292108,1.907308663366504,0,0,0,0,0,0,0,0,6,0,0,0,5,0,0,0,0.0,65.0,61.0,63.0,7.921141225706469,0.8765628297762567,19.299095870851886
2992,Fabricação de peças e acessórios para veículos automotores,2819.88,0.0041244644244361976,0.04,70497.0,18416.0,2063.7408611397477,0.11153010707434974,45566.74254691966,33513.63279929775,0.2341090479073755,0.47539090740453904,0.6463642785780908,0.29259777053810054,0.41716886626523114,0.9713722835900884,0.5214774983464394,0.0031400799657641176,0.0015253155761238892,0.00262039624357477,0.0009151423775617556,0.003899325669365366,0.7101436127383509,6.835443369195911,2.9412970291858045,3.9143073494256733,4.115540666330048,0.3399860639973567,1.9221213355477362,2.1128836133782825,2.0756809156712968,1.1988734072157978,1.4044593335726128,1.5214774983464388,0.005922695670287923,0.020828593721596334,0.017259769935588986,0.019010935203872363,0.016897489152821545,0.011595902044946104,0.008281788100409915,0.006969614133541079,0.01808489123026613,0.02197862187877116,0.02348443920119638,0.01117704655495787,0.008256986997517209,0.007248045105898567,0.012808330936512662,0.009982696465518108,0.0075908983144932106,0.011595902044946104,0.008281788100409915,0.0069696141335410825,0.013524726103684648,0.012251587609406193,0.011734348311069103,0.01117704655495787,0.00825698699751721,0.00724804510589857,65,65,65,65,65,65,65,0.0001349408135530895,0.9848484848484849,0.06666666666666667,0.013881776572378124,0.002331002331002331,0.1437842894121905,62010.59186433551,0.8796202939747154,4299.993674809998,64385.54258377942,0.9133089717829045,38408.17186253739,5042.657958420436,0.07153010707434979,0.0031819706147123024,2.0689393239927067,0.0052205282836108305,15.086475333324891,25,2,1,0,56,3,1,1,12,2,1,1,48,2,1,0,0.0,55.0,34.0,41.0,0.7318541431336609,0.6039424112289109,5.595642545126079
3000,"Fabricação de outros equipamentos de transporte, exceto veículos automotores",2842.264285714286,0.004157204537524339,0.055714285714285716,51015.0,12065.0,4691.997016894943,0.11489603138032684,3464.3633266523398,18837.25699936394,0.025954502779152188,0.3692493776215612,0.06790871952665568,0.1601487575545205,0.06278844154941961,0.7676680435913653,0.21499098198949868,0.0005110699612864975,0.00031278271669378966,0.00047530757772828097,0.0002293318758104156,0.0003901872975723938,0.07767573001313935,26.672736572985812,16.133735757325038,1.1750107712602267,13.603687729298974,0.06198192501981322,3.2836419415908997,1.307359729584113,1.919870584031445,1.0900369369640428,1.172109286837394,1.2149909819894988,0.0014116962335732487,0.016542904387635914,0.02205476933446718,0.03841319910954526,0.04467448607598145,0.009253682943827436,0.004080035026974678,0.0023343589839945346,0.015182126162007528,0.016559846454997123,0.017270288320700416,0.00812728285854798,0.003383898621985827,0.002017446316898349,0.01462287269830167,0.013110559295393658,0.010495491145609496,0.009253682943827436,0.004080035026974679,0.002334358983994537,0.010599791947568892,0.007558173980734235,0.006639455148684604,0.00812728285854798,0.0033838986219858276,0.00201744631689835,65,65,65,65,65,65,65,0.0001349408135530895,0.9848484848484849,0.0,0.0066709861294960565,0.0,0.11492621394809317,33989.32381181481,0.6662613704168344,2244.8804090271688,6869.7505224729275,0.13466138434721017,78401.55090545879,3019.1567551530875,0.05918174566604112,0.0017676409120751912,2.8715932139561575,0.0010358670291852503,3.411687191441494,3,0,0,0,13,1,0,0,2,1,0,0,2,0,0,0,0.0,54.0,60.0,59.0,1.6507954733406514,0.44128495329564443,3.115525209594382
3180,Fabricação de móveis e de produtos de indústrias diversas,5229.565714285714,0.00764896298559609,0.07428571428571429,70398.0,31376.0,6928.286696500004,0.12792199687540254,15010.679651688593,29974.92468951609,0.10789844067295161,0.42579227662030306,0.2132259389711156,0.3884881655105912,0.15350469736978847,0.7984016763902632,0.17186917546197636,0.0013423917629846601,0.0006944400336580331,0.0016265321223921452,0.0006806157377962132,0.0023632714821057777,0.21652788898417274,13.647182111499745,5.58445817096683,1.6071381356681644,16.660392164121074,0.17906840187270512,2.613533061601596,1.3190447167650499,1.8167661544824514,1.0714529734285425,1.137070003994489,1.171869175461976,0.0014440178521891796,0.015010262012414375,0.015018337149703968,0.013726565698159806,0.011123446662164744,0.00935825865504145,0.004460829428433043,0.0028798145351061604,0.01753524447056774,0.01825549574801858,0.01812002674922881,0.009450817392337378,0.004747761671152013,0.003286315457692969,0.011796235641841207,0.007425952071132674,0.004988215187213191,0.00935825865504145,0.004460829428433044,0.0028798145351061626,0.012411517897926046,0.009070939266210274,0.007807094359376508,0.009450817392337378,0.004747761671152012,0.0032863154576929705,65,65,65,65,65,65,65,0.0001349408135530895,0.9848484848484849,0.007226107226107226,0.004364896188641217,0.0048951048951048955,0.13962512026303378,55192.30336845438,0.7840038547750557,3613.4889383132,20785.571273800848,0.295257979968193,98396.50010320114,3775.8870217488734,0.05363628258968825,0.002171514069746036,1.2205626647638885,0.001987546473856137,4.9954936818676705,23,1,0,0,51,4,1,0,20,2,0,0,19,1,0,0,0.0,38.0,51.0,50.0,1.324830220141198,0.40862451723638515,2.7952308660086347
3300,"Manutenção, reparação e instalação de máquinas e equipamentos",2766.085714285715,0.0040457828430687185,0.044285714285714296,62460.0,22185.0,1257.4103698093284,0.09166622276304165,47933.16201471911,24896.432476050868,0.6155447516841688,0.3985980223511189,0.767421742150482,0.208102810353795,0.9846835213806788,0.7289598835157923,1.0045648259923032,0.007961946265520659,0.005148661326823782,0.004793893660481442,0.0027206270535732793,0.0034162212023749606,0.7760168476814997,37.48564054995179,24.058894339509934,13.298087023556567,34.066910193786356,0.04156466984261129,3.623957940976339,2.558609680882681,1.7488411881274168,1.3814223918376416,1.7764484289857905,2.0045648259923032,0.015158505217966583,0.013252832548385765,0.014796708772452212,0.015554188099288683,0.014347457494105027,0.016535986191560298,0.01579437894809709,0.015297681477952484,0.020277441298443097,0.02585456327419527,0.028063303897479706,0.01784125374180011,0.018580783757937005,0.01865022140011504,0.01163322463309633,0.008535964080474977,0.006385830888569973,0.016535986191560298,0.01579437894809709,0.015297681477952503,0.013453497255675309,0.01166885740151287,0.010972176928980625,0.017841253741800105,0.018580783757937005,0.018650221400115054,65,65,65,65,65,65,65,0.0001349408135530895,0.9848484848484849,0.059673659673659674,0.016718574037203008,0.018648018648018648,0.19409454614107988,44643.26791609805,0.7147497264825176,2847.7756712407763,94235.45068167413,1.5087327998987212,23989.32757146056,2959.3865594938648,0.047380508477327325,0.0030145265299780593,1.7056682614858485,0.01467590387920339,36.4307500449873,56,11,0,0,65,27,1,0,55,19,2,0,64,19,0,0,0.0,57.0,14.0,24.0,0.45458113004789114,0.5072757369077259,3.9248347370665306
3500,"Energia elétrica, gás natural e outras utilidades",56620.65142857143,0.08281553204588331,0.21714285714285714,260753.0,85454.0,28227.112331211432,0.3640363677493203,96864.98779412515,57222.252636611825,0.8216610381713215,0.21945002602697508,0.37148177698482915,0.4556838222401283,2.153695338255919,0.5828911495690163,2.656543966289566,0.017501062289272885,0.014443221392969085,0.053416230400248156,0.047030332250841946,0.05294316201105313,0.5531028299299773,33.19108259568662,20.78595739664694,4.663421276588066,45.527657013934665,0.04810940294534202,3.502281243328475,2.5042244541172454,2.0857397776026634,1.830188751951433,2.932082439420868,3.6565439662895654,0.062134896338668685,0.024393104795644382,0.012957429161813347,0.010444847460736135,0.00832682576207253,0.031054406174516633,0.05001499745293623,0.05712619793366545,0.012772334321003533,0.011606161395125995,0.0113535482278657,0.024232725576807817,0.029604786850733096,0.03075358736661586,0.018360181419580613,0.02001904659841821,0.017361220185607235,0.03105440617451664,0.05001499745293626,0.057126197933665544,0.016438930268820207,0.01728446161923882,0.01745934431881226,0.024232725576807817,0.029604786850733096,0.030753587366615875,65,65,65,65,65,65,65,0.0001349408135530895,0.9848484848484849,0.03426573426573427,0.020641798332389237,0.002564102564102564,0.2152473857515868,101135.01325974321,0.3878575251665109,6541.781054025435,173744.54479851358,0.6663184883721897,161726.72900804222,38302.92357116709,0.14689351060646316,0.005120467796887469,5.257584483437901,0.026388467562151706,148.2304834887563,65,63,28,10,65,65,60,34,61,24,0,0,65,50,0,0,1.0,1.0,6.0,1.0,0.49853033511669753,0.10357075870736743,1.2436538659098335
3680,"Água, esgoto e gestão de resíduos",51802.23571428572,0.07576793278785966,0.8242857142857144,62845.0,37718.0,21736.76034342701,0.8844839121323049,37395.1445597942,19431.786971451234,0.22611293613305172,0.3092017976203554,0.5950377048260672,0.14093025348565158,0.40061543265255606,0.560803990688026,0.4161615388485328,0.003345811864948704,0.0021887568060617274,0.04144784591674457,0.029841015811557448,0.05908812203803292,0.6028689958083698,21.140574780806414,9.880657574634139,5.141464110212225,32.62388612405941,0.10120783889598846,3.0511941693253757,1.9783595415938051,1.5763500968840027,1.1522286380198503,1.3185520782804314,1.4161615388485336,0.005554879277902113,0.010526300625579481,0.012093781325495294,0.008832274608341703,0.006635692111185368,0.012242852590211555,0.01031078139440008,0.009766572958461289,0.013176252771225314,0.011756073804528694,0.011321246552886188,0.012791001540904333,0.011831284435444456,0.011707812415390949,0.009837008890402309,0.006359302222863319,0.004651196926507453,0.012242852590211555,0.010310781394400084,0.0097665729584613,0.01092493398905409,0.008640120788064457,0.007957584487228025,0.012791001540904335,0.011831284435444456,0.011707812415390956,65,65,65,65,65,65,65,0.0001349408135530895,0.9848484848484849,0.024242424242424242,0.011664767596117651,0.002564102564102564,0.16027258316551407,34704.21143832123,0.5522191333967894,2932.2476526644587,59581.74619390437,0.9480745674899256,38739.816296602185,3783.155743668996,0.06019819784659075,0.0022033572216515846,1.2325528589080403,0.009221313480490281,23.086683139073315,65,56,17,6,65,65,45,18,37,6,0,0,62,4,0,0,1.0,2.0,32.0,2.0,0.4196104674577312,0.05357221759098596,1.1159650825938556
4180,Construção,38841.77714285715,0.05681146999432365,0.06142857142857144,632308.0,296018.0,59397.06192443044,0.11228733882188836,44139.506828838166,210167.32121985184,0.3085288405051253,0.33238124651254114,0.06980697196435624,2.206660731364748,0.543203805909064,0.6939282471603979,0.6484290168294432,0.004793794329869569,0.0022930985925631708,0.003938507187404084,0.0017540211487429049,0.006191055621535447,0.0753949094718626,18.440718852259803,8.100299463365811,1.168775474569432,22.622225842041505,0.12345222599764022,2.9145612006798873,1.2261310074080758,1.7991534580807773,1.244998525522339,1.5003760526338765,1.648429016829444,0.009855294840093119,0.015466815586150364,0.014965740889754633,0.013767970959907075,0.01125100118584551,0.015545089395785208,0.016142597677733826,0.016652252195269696,0.0153778525911272,0.015878960991021634,0.016038160617188612,0.014971231307625107,0.015928636182278195,0.016618007091267907,0.0413353269139047,0.06142727766313928,0.05658513015214075,0.015545089395785208,0.01614259767773383,0.01665225219526972,0.03494140470077392,0.044641015622685305,0.04631664418542967,0.014971231307625107,0.015928636182278192,0.016618007091267917,65,65,65,65,65,65,65,0.0001349408135530895,0.9848484848484849,0.06083916083916084,0.01198620253290131,0.012354312354312355,0.1609145673105804,397001.7854913973,0.6278613990197772,25398.688903574268,69171.15318232642,0.10939471457316122,951705.067395771,32158.405492933467,0.05085876739331697,0.01444594589191468,17.413582290728147,0.0136524549936541,41.362712242342454,56,7,0,0,65,18,1,0,28,12,1,0,63,9,0,0,1.0,3.0,25.0,33.0,1.5292055691986617,0.3953690012961101,2.680194608896521
4580,Comércio por atacado e varejo,26732.81571428571,0.039100439514653224,0.024285714285714282,1100763.0,685715.0,45395.64118295662,0.06713524622471148,393868.40051310975,319037.34272288054,3.562985751049735,0.28983290928463307,0.35781398949011706,2.551160483050919,5.915569933304654,0.4921978586929731,5.962096923028239,0.046920792500479355,0.049081769389455285,0.016691102318218017,0.019077795452543303,0.015943897654872488,0.3571344126880734,32.99895046225747,20.969558066785176,2.3845942731782466,50.848536036732355,0.04768817715734097,3.4964757567867006,1.660236802952817,1.5387248484165583,3.2343537698471123,5.599287112762206,6.9620969230282395,0.07523699961833802,0.008704121316415481,0.011498005626297667,0.007965873372907073,0.005968263856538761,0.059357157474645365,0.07753951456216034,0.07918909832136407,0.013134504115767132,0.011919347187400916,0.011596995000710984,0.06557296287714869,0.08774932971562503,0.09145451795386697,0.04053574407578565,0.050648353490141115,0.04506759789764299,0.05935715747464537,0.07753951456216036,0.07918909832136413,0.051243623826399576,0.07737500227615188,0.08500652061015578,0.06557296287714869,0.08774932971562503,0.09145451795386698,65,65,65,65,65,65,65,0.0001349408135530895,0.9848484848484849,0.18018648018648017,0.055567811590791986,0.043356643356643354,0.3304752633865388,517705.89468653314,0.4703154945129271,43881.698546422485,645515.1771270413,0.5864252133538657,1040457.9565287431,47167.1793257664,0.04284953193899722,0.027775639835221543,15.187834695387105,0.08451517108014375,192.33838876051655,65,40,0,0,65,64,15,0,65,62,35,4,65,64,33,0,1.0,7.0,1.0,7.0,1.6981241956752693,0.6214260482542104,6.0278886531652285
4900,Transporte terrestre,5230.578571428572,0.007650444429222326,0.015714285714285715,332855.0,145771.0,5965.9967842996575,0.06240740602863108,204964.79873569397,128782.37543296286,1.635001626513386,0.3869023311440802,0.6157780376911687,0.6731462879883601,3.126353874790766,0.862881672401148,3.2534243537684953,0.024502179846870923,0.0246090739347679,0.005582764587154398,0.005706743184571011,0.005546206791263686,0.6762998706424687,30.2371764494759,17.966184046740906,7.678151261733468,48.21072086084127,0.055660122227313015,3.4090721755721884,2.315435641529222,1.9899521513788774,2.1392003718349826,3.454763409819379,4.253424353768496,0.056087925675769444,0.024526501510240026,0.012172831248010739,0.009963623961713514,0.008166906233167254,0.0352576459043284,0.04763639757369179,0.04984066831184291,0.014140410007414717,0.01434595787523349,0.014574958208508973,0.036468642833765344,0.04859269137243488,0.050968757771840754,0.019805290529344335,0.023346331497417997,0.020520523743685654,0.03525764590432841,0.0476363975736918,0.04984066831184298,0.023578977964157897,0.03082694573021017,0.03284230497841888,0.03646864283376534,0.04859269137243488,0.050968757771840796,65,64,65,65,65,65,65,1.5163949590179098e-05,0.9848484848484849,0.18834498834498833,0.02976290920087704,0.024242424242424242,0.2574574071611632,254832.75839820798,0.7655969067558186,13200.049788655075,350957.01072735945,1.054384073327303,190234.60341533745,15542.03856223143,0.046693120314345374,0.009781167492915837,6.204779483008508,0.04316818990402886,122.67762599630842,60,7,0,0,65,44,0,0,64,49,6,0,65,56,2,0,0.0,37.0,3.0,21.0,1.1405997831460217,0.7162018315796134,8.873716297060053
5000,Transporte aquaviário,3040.6857142857143,0.004447423313922151,0.15142857142857144,20080.0,8758.0,1407.2150917193264,0.20116770208185547,12207.467954334827,7423.701668078443,0.08289569146487608,0.36970625837044024,0.6079416311919733,0.06551488370438373,0.18957381143863686,0.6748790129134976,0.2366294107262278,0.0014705225924721667,0.0009466293617841356,0.0040419199400556355,0.002028999302465027,0.0032714437793438006,0.6352391121364251,25.380174218245937,15.773575949432322,6.303855299858586,20.65927908795686,0.06339716518345918,3.2339683266537746,2.4817363023996837,1.7219346122010883,1.0802422535230836,1.1749722500234108,1.2366294107262272,0.008275717033026554,0.012296498300642793,0.014007025934486154,0.011326094319394997,0.008816736659524716,0.00941312810699926,0.005746276898496571,0.004825807095497733,0.012663741221117002,0.011171504882824373,0.010786413821944105,0.009367275913152267,0.006195667099352761,0.0054178779263590006,0.008512089979730285,0.0034602488124538026,0.001749478671412162,0.00941312810699926,0.005746276898496575,0.00482580709549774,0.008400304636975829,0.0037476183431777855,0.0023993955931243425,0.009367275913152267,0.006195667099352762,0.005417877926359003,65,64,65,65,65,65,65,1.5163949590179098e-05,0.9848484848484849,0.015384615384615385,0.011962618583188329,0.0,0.1305448160102425,12942.551081836935,0.644549356665186,817.2254229567286,27513.71420781459,1.3702048908274198,12045.33505213109,998.7617435179434,0.04973913065328403,0.000494647102428114,0.292514007328227,0.00392698989942816,10.652637900507788,44,4,1,0,64,8,1,0,17,2,0,0,28,1,0,0,0.0,53.0,48.0,32.0,0.4627953113036197,0.21183106450214018,1.6000146338894023
5100,Transporte aéreo,2773.6800000000003,0.004056890536040609,0.07428571428571429,37338.0,6882.0,1822.7190814130117,0.13376242702360405,23702.169252735424,17577.70939536733,0.14921101160299222,0.4707726550797398,0.6348001835324717,0.1345231100951946,0.25881569791620535,0.8562954341690863,0.26106213546913276,0.002258036783295497,0.001470600843439682,0.00241294522117093,0.0015391841735256134,0.002992570465192189,0.6342291682970489,21.329496415112157,10.740509418504873,5.839768764799229,20.99360696042442,0.09310545347850033,3.060090922973997,2.0684943402765956,1.8585418717220143,1.093700540305648,1.1977482608833634,1.2610621354691318,0.005454990893262292,0.016740397186128256,0.013124564513815044,0.010111458976522303,0.00766511766423504,0.010631398075046927,0.00809727188986932,0.007610736029596413,0.01462979939355084,0.014146111398952076,0.013907600556399616,0.01133210271656321,0.009745891650159134,0.009569959768676218,0.009211346079310909,0.004855621131732109,0.0031200518791935947,0.010631398075046927,0.008097271889869324,0.007610736029596422,0.009671394429447377,0.006126338464006785,0.005148005779157328,0.01133210271656321,0.009745891650159134,0.009569959768676221,65,63,65,65,65,65,65,3.7000037000037e-06,0.9848484848484849,0.008624708624708625,0.007456304834785334,0.0013986013986013986,0.14795656805922774,31900.695999547424,0.8543761315428632,2209.5469919578327,39722.33045706778,1.0638580121342274,25325.495421782256,2220.741500207328,0.059476712737889764,0.001344006342729189,0.7402589012046898,0.007455534795285641,18.054364376080102,49,3,0,0,65,7,1,0,32,2,0,0,55,2,0,0,0.0,56.0,40.0,43.0,0.6571482944726903,0.4433968180706406,3.056136539818212
5280,"Armazenamento, atividades auxiliares dos transportes e correio",4112.285714285714,0.0060147864915133355,0.03571428571428571,115144.0,65090.0,3013.1104765987816,0.09078015130340886,77507.80979098586,37296.10142618319,0.7106107242803454,0.3239083358766693,0.6731380687746288,0.339506913616227,1.2261544328579532,0.5453609809169262,1.2708167369425007,0.009799970448491855,0.006402081206684095,0.0051394909184489905,0.003367160079697101,0.004894932674489336,0.6988667130274491,31.439361137939404,19.277092118828357,8.619367798970554,29.600042202712054,0.05187504390370569,3.4480606473144557,2.3199957713269095,1.5900232850014735,1.4669250763625776,1.9716969308213719,2.270816736942501,0.02242246710039357,0.008690001954348457,0.012910624394356723,0.009625526788272809,0.007271834044300852,0.019219710236703127,0.021432910727840582,0.021905314506159505,0.014080162872771095,0.013311616189940525,0.013053398666960368,0.0202625245677942,0.02389104794777133,0.024887235520012707,0.01202913409876314,0.00873700516817239,0.006585083049436281,0.01921971023670313,0.02143291072784059,0.021905314506159526,0.01302383233506953,0.011775560970148367,0.011417554765314373,0.0202625245677942,0.02389104794777133,0.024887235520012724,65,64,65,65,65,65,65,1.5163949590179098e-05,0.9848484848484849,0.07715617715617716,0.01716279243821333,0.005128205128205128,0.19990714921433614,60110.37685687985,0.5220452377621052,5893.617342434267,140568.8672578635,1.220809310583821,52774.92655923837,6340.504027393997,0.05506586558912316,0.003242313574869443,1.8839313244764062,0.020306062063330972,53.66215575816897,57,7,0,0,65,26,2,1,61,18,2,1,65,19,2,0,0.0,44.0,11.0,23.0,0.7327094190297879,0.5890140359171383,5.080532003576978
5500,Alojamento,7265.542857142857,0.010626861085756216,0.3028571428571429,23990.0,13125.0,4022.5940958249703,0.38015236358561827,13407.230820678411,9407.76202012602,0.0779349763630155,0.39215348145585743,0.5588674789778412,0.06569567434373222,0.12577414077089408,0.6954399580216598,0.12644972367304572,0.0010937174859554043,0.0007675835973760153,0.004562709855461744,0.0030724997190662,0.006999468439830579,0.5586210962482474,17.614514227527913,8.797099141786976,4.342386532475893,19.412295447833056,0.11367383541807709,2.8687232342076014,1.8325879229572606,1.6961155409238113,1.0476651546879554,1.0975499989230697,1.1264497236730464,0.001786795161544363,0.01235319346621377,0.013949807546283452,0.011713149611013912,0.009316449851329504,0.008990056897576334,0.00471381780563229,0.003507947162178515,0.016802560668698632,0.017970531300644917,0.01822125476544679,0.00925380283617443,0.0053367518958989234,0.004265588883088788,0.00868978390216865,0.004156886517532047,0.002539939006432826,0.008990056897576336,0.004713817805632292,0.0035079471621785184,0.009198913082436502,0.005355302734989399,0.004300288102554349,0.00925380283617443,0.0053367518958989234,0.0042655888830887894,65,64,65,65,65,65,65,1.5163949590179098e-05,0.9848484848484849,0.0004662004662004662,0.005574900257074936,0.0009324009324009324,0.13657684807021078,16672.34104439119,0.6949704478695785,1848.1552866348172,19944.103142840013,0.8313506937407258,17947.49951415327,1854.3123452761258,0.07729522072847544,0.0010899686564122633,0.5998006645303917,0.0029260567046253344,7.0804055448610015,60,3,1,0,65,21,1,1,20,1,0,0,18,1,0,0,0.0,29.0,55.0,28.0,0.5536536188579909,0.20278873158605037,1.563472770015263
5600,Alimentação,7660.320000000001,0.011204277245768293,0.03428571428571429,223426.0,109507.0,25793.597631486464,0.13682233482645445,34881.43277786638,92087.34428601364,0.19511219331399743,0.41216037652741244,0.1561207414439966,0.6094722372424315,0.29291192978922076,0.8272903061397148,0.2939452163855031,0.002648025450267315,0.0009223555082834313,0.0013385133577228157,0.0004239291812733325,0.0024223256356719924,0.15536371965413878,12.78563641977785,7.288544947779476,1.3952407174541328,15.454848322938016,0.13720159608875834,2.548322386133711,1.2193667146512268,1.8283235927359975,1.1148904690012997,1.2291594863146076,1.2939452163855032,0.003933009957494848,0.01751563768376199,0.0153572293800213,0.015041972439576399,0.012554365971651401,0.011264803415977364,0.00853858448495638,0.007932411519038361,0.01928545504676239,0.022726650960807067,0.023695141767828623,0.01195950705691866,0.010198026450611556,0.009941746982047719,0.02090350158010315,0.02670420608629455,0.024487943832016128,0.011264803415977366,0.008538584484956382,0.00793241151903837,0.026643760566604578,0.04048955618283333,0.04579326797505003,0.01195950705691866,0.010198026450611556,0.00994174698204772,65,64,65,65,65,65,65,1.5163949590179098e-05,0.9848484848484849,0.046620046620046623,0.008777063575661492,0.010722610722610722,0.14193078838034956,184647.37028681586,0.8264363605257036,22877.792358759347,48731.01139570559,0.21810805992008803,344673.5735872553,22909.346980935406,0.10253662054074014,0.016657664476524135,7.7319329414712135,0.00782696950755386,18.695900517363533,16,2,0,0,35,5,0,0,20,6,1,0,29,4,0,0,0.0,28.0,38.0,54.0,3.367169730701389,0.7491554189726214,5.374457868392085
5800,Edição e edição integrada à impressão,5882.40857142857,0.008603835937293676,0.2871428571428571,20486.0,8757.0,3981.145018899228,0.3519202160175222,9128.768717993762,8774.40390545627,0.05704659105942927,0.4283122086037424,0.44561011022131036,0.12489845930018158,0.1035110348642855,0.7291158857658369,0.10724813110551881,0.0009208959104931001,0.0003727734825915062,0.0036728343549406518,0.0015538171658988952,0.00588954950313769,0.4457233430684361,17.506661980186205,9.319160280653279,3.0437603107494877,12.053188060534591,0.10730580544644301,2.862581493069546,1.776702228341061,1.7328529820070708,1.038146440839739,1.0812667393743254,1.1072481311055185,0.0017054526125275028,0.010610748125277335,0.013970021449327397,0.011620741357468557,0.009240381823393453,0.0088719844586574,0.0047629125752716595,0.0036899986357321678,0.015978924514476474,0.01681614313111059,0.017105123630865582,0.009111870457911085,0.005417330466668562,0.004497383019286206,0.00855483498656517,0.0035297472557971445,0.001816680335491845,0.008871984458657401,0.004762912575271661,0.0036899986357321717,0.008774836823914101,0.004128131432583665,0.0027397653891623047,0.009111870457911085,0.005417330466668562,0.004497383019286207,65,65,65,65,65,65,65,0.0001349408135530895,0.9848484848484849,0.0002331002331002331,0.009505081532459065,0.0004662004662004662,0.12285142663713734,14881.056096993281,0.7264012543685093,1300.186923280812,15776.007238843113,0.7700872419624677,19603.133618952517,1327.0289739063899,0.06477735887466513,0.0005845726740475196,0.32418004680319973,0.0031659728989826604,7.738689216738036,58,4,0,0,65,10,2,0,9,2,0,0,12,1,0,0,0.0,35.0,58.0,34.0,0.6767882527296788,0.1810190932008513,1.4848361973387587
5980,"Atividades de televisão, rádio, cinema e  gravação/edição de som e imagem",12277.131428571429,0.017957002358706897,0.28285714285714286,43404.0,19242.0,844.1092046844124,0.38284661342801757,37136.38734411332,15042.210829754835,0.3775683081295173,0.3465627783097141,0.8555982707610663,0.17339247338670283,0.8708838226588406,0.599640104088042,0.9958390263718827,0.006993688623205528,0.0027912950924631154,0.020226419429245433,0.01132209379480565,0.018675314641156553,0.9428548600718566,28.659498490760484,17.862368179587584,18.85596341958474,4.500997641765902,0.05598361818242896,3.355484923669132,3.5371991250254715,1.7245953078010843,1.3292185308753421,1.7389415544787743,1.995839026371883,0.017441928131889408,0.008634551354936418,0.017317021923183802,0.01671303170740162,0.013970558742752765,0.015855665974593435,0.02064461930970118,0.023439709052871526,0.01894495157479778,0.022098666306920044,0.023027473119754005,0.015360794730709539,0.020780632126139967,0.023728285382427283,0.010908080877432474,0.006232816228543856,0.004049320500669112,0.015855665974593435,0.02064461930970119,0.023439709052871557,0.011111206379946177,0.007512935173340394,0.006363164510979294,0.015360794730709542,0.020780632126139967,0.0237282853824273,65,63,65,65,65,65,65,3.7000037000037e-06,0.9848484848484849,0.07482517482517483,0.02119046379108432,0.006293706293706293,0.1750188246892553,23135.83597989773,0.5330346507210794,2494.1895577070804,93071.2928079865,2.1443022027459797,3802.428237866992,4339.942980658246,0.0999894705708747,0.0016310758473267344,1.015268295740722,0.018482007573754834,61.33463791030832,64,41,3,1,65,65,18,5,3,2,1,1,65,5,1,1,0.0,17.0,17.0,3.0,0.06875459545215874,0.16885352095618267,1.440575274840099
6100,Telecomunicações,11502.785714285714,0.016824414677392065,0.07142857142857142,161039.0,65303.0,13306.4447527092,0.14666277081814796,48052.37559261785,57861.54524658072,0.30695624823863793,0.3593014440389018,0.2983896794727851,0.44437230224509855,0.6518113242332073,0.6489000232554835,0.8174600180561751,0.005522076718567624,0.004814997599338574,0.005488160626770812,0.004807751205039519,0.007437654934428202,0.3432822331851883,27.260884764846885,15.730121930692766,2.279099656256734,50.6593607085434,0.06357229806647527,3.305452882265782,1.7663383023298835,1.8145487170784516,1.288989078876256,1.618353389021994,1.8174600180561762,0.013458761601569356,0.009496392177552396,0.015323083676962487,0.013838026574334765,0.011196688799076916,0.016625300973362494,0.020315166729755935,0.022250495124500832,0.014519642441848318,0.014758242100042509,0.01492585036608748,0.015964050962323558,0.019248110656600082,0.020831964344149207,0.01694469768495683,0.017423384971413592,0.014855648040356205,0.016625300973362494,0.02031516672975594,0.022250495124500856,0.016587454852084463,0.018661902416693212,0.019307860226914098,0.015964050962323558,0.019248110656600082,0.02083196434414922,65,65,65,65,65,65,65,0.0001349408135530895,0.9848484848484849,0.029603729603729603,0.00983089409405999,0.0004662004662004662,0.17700486375961022,89648.11730909931,0.5566857550599501,8759.258995190676,82987.65689608088,0.5153264544370052,164630.68384847435,12115.640235498016,0.07523419938957654,0.0056413900053042575,4.554930188039442,0.016947221386777317,56.99813062545131,62,7,0,0,65,40,0,0,59,5,0,0,65,5,0,0,0.0,20.0,21.0,22.0,1.1568019333076385,0.43229886819339836,2.959444839486227
6280,Desenvolvimento de sistemas e outros serviços de informação,11657.007142857143,0.017049984841948213,0.09285714285714286,125537.0,82702.0,8211.733262678097,0.12670217363906658,54012.202745877235,23999.508083626723,0.28785449424581216,0.1911747778234841,0.43024927109837924,0.20300038058647674,0.6133239255081508,0.31636817335784273,0.6728250406167939,0.005256065072769599,0.0032633625754471263,0.0065396395017509506,0.004186532881138221,0.010324768406520893,0.4530086725268861,21.239958181136323,11.17605317756527,3.1489942894357292,34.42758312065626,0.08947702593321522,3.0558842274987454,1.8626765978663613,1.3758692884664858,1.2290736694391118,1.5030134498163532,1.672825040616794,0.012196193851955618,0.00414067255475583,0.011611346632622695,0.007914653488733398,0.005755042078882069,0.01656444511369917,0.02176183183923581,0.024589451610751385,0.011832120271405944,0.009642800269154294,0.009030515832769136,0.01677526692203895,0.022329735324079936,0.024936757412687603,0.01122303492622826,0.007525099343438424,0.00545745376665179,0.01656444511369917,0.02176183183923582,0.024589451610751413,0.011686420569408284,0.009407031372132826,0.008761241338576998,0.016775266922038953,0.022329735324079936,0.024936757412687617,65,65,65,65,65,65,65,0.0001349408135530895,0.9848484848484849,0.009790209790209791,0.013348421245006343,0.0006993006993006993,0.16699135833579398,37485.48332084669,0.2986010763428048,3355.540314911687,95165.77107954866,0.7580695020555587,89171.88455963353,4248.803629270358,0.03384503078192372,0.002419331190557528,1.5047700027834554,0.020432618856317825,64.04758560650421,62,11,0,0,65,35,1,0,42,9,0,0,65,9,0,0,0.0,19.0,23.0,19.0,0.7044461037076618,0.223515717392469,1.6511801994914743
6480,"Intermediação financeira, seguros e previdência complementar",16417.457142857143,0.024012801227506216,0.028571428571428574,574611.0,365277.0,18504.004056401922,0.06736857029356773,228508.7641017839,110324.96584286583,1.3603189958122863,0.19199939758004259,0.3976755824406145,1.0169357293463943,2.7560694786081026,0.3353885843297314,2.906590723145505,0.023018641898408302,0.022003479861293113,0.00943067097187404,0.008875331177298641,0.014713324804718519,0.45004254825960555,23.214700623573165,10.951338113131257,3.115773545681081,60.20532447540034,0.09131304226658339,3.144785725570218,1.8773452541812323,1.485909828867133,1.9932722925322481,3.1751473455059305,3.9065907231455057,0.05494166688447603,0.004756781809184859,0.01158375929009098,0.007712300144690315,0.005503697482707327,0.04596458436621835,0.08111205704139109,0.09485328528187123,0.012050683611827838,0.009902785498753314,0.009267854833437113,0.04266645245029592,0.06722355316018304,0.07556311244115524,0.023878906177780112,0.026313626470246133,0.02250111898645613,0.04596458436621835,0.0811120570413911,0.09485328528187134,0.024589418680015317,0.0310367943221543,0.03288250064727202,0.04266645245029592,0.06722355316018304,0.07556311244115527,65,65,65,65,65,65,65,0.0001349408135530895,0.9848484848484849,0.04825174825174825,0.022374133183835507,0.008857808857808857,0.2517804425551948,167504.92070033756,0.29151011849814495,17228.789485575984,363001.61599656066,0.6317345404048316,408132.1806443343,22293.26440210011,0.03879714172213917,0.009666209487483897,7.038609393580176,0.06471330205061496,249.2924194195563,65,25,0,0,65,62,3,1,65,60,1,0,65,63,1,0,0.064,11.0,4.0,14.0,1.1270931847355292,0.5120568031209938,3.9192639929075677
6800,Atividades imobiliárias,18717.565714285716,0.02737702806524325,0.03428571428571429,545929.0,498884.0,19539.41331707124,0.041302375462077726,71634.20033080164,36297.27124005448,0.4103498317874226,0.06648716452149359,0.13121523189059683,0.18990184839696475,0.8049311915226557,0.1061787339583431,0.8080335663232195,0.007059540028994234,0.004549355517197677,0.003043914547836667,0.0023711640188477075,0.004827472434845716,0.13074823135491923,21.2194516613206,8.992143069908602,1.3201324445191,33.86544878460166,0.11120819500152417,3.05491829219789,1.228724717191443,1.109281108758907,1.2779599111016768,1.6069032924203983,1.8080335663232194,0.013517428636675044,0.001231393975010399,0.008170729738279247,0.0031678885182536993,0.0015525766826907234,0.018252064802056593,0.022746779354517764,0.02453999616805752,0.008371307099858831,0.003679034082548259,0.0023200043180708983,0.020168926480660394,0.027390278792672248,0.030208207271865496,0.010233602906200075,0.006696392417366212,0.0048891560679220425,0.018252064802056593,0.02274677935451777,0.024539996168057538,0.011236863073373928,0.009245100021340668,0.008724260585119274,0.020168926480660394,0.027390278792672244,0.030208207271865514,65,64,65,65,65,65,65,1.5163949590179098e-05,0.9848484848484849,0.0009324009324009324,0.019547048561155207,0.0002331002331002331,0.18285665139465868,57786.77382023851,0.10585034651069737,3760.862310689942,122792.83037646046,0.224924542159256,524781.0041521759,3830.5988193509156,0.007016661176363438,0.0024297350222250323,1.3653371079503243,0.0247909994340425,62.10531240452111,59,2,0,0,65,15,1,0,51,10,1,0,65,11,1,0,0.936,10.0,16.0,38.0,1.0439078251590308,0.16730984508842295,1.438034489852078
6980,"Atividades jurídicas, contábeis, consultoria e sedes de empresas ",12882.377142857144,0.01884225790738766,0.06857142857142857,187868.0,125525.0,2855.3824799803338,0.10555506773757849,147156.99514614235,37191.11207668264,1.1719202988046604,0.19796406027999794,0.7832999507427683,0.30419817036804825,2.2348088178577923,0.33964803262598675,2.3192002386221873,0.01843769155758157,0.01685944043300184,0.018041398081501084,0.013908500765754457,0.01870226221417611,0.8438584584837635,33.327968575113026,20.844707261032482,17.081697543143328,50.73669712962816,0.04797380876964486,3.506396941620699,2.6552566243431257,1.4240394533903822,1.8076980652929227,2.742349325908236,3.3192002386221864,0.04866494159550763,0.00487996818618523,0.012314692204191702,0.008768581263461297,0.006500012661588167,0.03382873770718382,0.05340773643018534,0.06093944179360303,0.013248929835305609,0.012057946580598103,0.011725579648896771,0.03412093329807999,0.05180889677031706,0.057946577414241855,0.013611558561814802,0.01077957885464779,0.008404357776726084,0.03382873770718382,0.05340773643018537,0.060939441793603104,0.014669491808391694,0.014673623617470934,0.014746787400625858,0.03412093329807999,0.05180889677031706,0.05794657741424188,65,63,65,65,65,65,65,3.7000037000037e-06,0.9848484848484849,0.052214452214452214,0.025826253975605926,0.011655011655011656,0.23569551721882442,58843.14037490218,0.31321534468298046,5404.764461181736,272148.3206293721,1.4486145625086342,38521.85776736586,6948.042322866257,0.03698363916614994,0.00427957010720776,2.5651410719242773,0.049772968205068636,158.30525154696096,65,49,2,0,65,65,18,4,62,40,6,0,65,55,0,0,0.0,14.0,5.0,5.0,0.22165027838542592,0.29554998688193257,1.9943539575977929
7180,"Serviços de arquitetura, engenharia, testes/análises técnicas e P & D",12549.50857142857,0.018355391593618972,0.17714285714285713,70844.0,44866.0,5062.014149026669,0.21537635900143476,43764.376087838384,16007.485586467003,0.3233161345304789,0.2259540057939558,0.6177569884229912,0.11711809111989306,0.5963840176575695,0.38420156899512303,0.6508747984986648,0.004813905940049317,0.0042194987627122045,0.013256167775988502,0.010424011079130772,0.013809324962086799,0.650163566605462,29.81899699328765,18.955806254508637,6.911545759188503,40.441970904343925,0.05275428470694303,3.3951456734016165,2.1942483764979377,1.4386923498362185,1.2355148683774617,1.4951218940059117,1.650874798498665,0.011947060923858681,0.0056378371992322086,0.01421940012461121,0.011409374395091786,0.00880477759394263,0.013939682471796742,0.01266463032786601,0.01219012946447347,0.015166120658533072,0.014790963572944982,0.01458574907573462,0.013895562057043068,0.013024087339955952,0.012704562544389151,0.011602040047559381,0.0082792621917617,0.006206617835923683,0.013939682471796742,0.012664630327866013,0.012190129464473483,0.012316640187325825,0.0107512101714284,0.010360346605895517,0.013895562057043068,0.013024087339955956,0.012704562544389158,64,65,64,65,65,65,65,0.0001256908043030803,0.9772727272727273,0.0331002331002331,0.011755744077327369,0.0030303030303030303,0.1732843336862723,25811.867157511093,0.3643479639420571,1920.1511489980828,76572.49221497089,1.0808606546068953,33813.74383303994,2708.6142056690774,0.038233501858577684,0.002923971967772306,1.745622494795538,0.009939819052406106,28.9572399455912,63,34,2,0,65,53,6,2,47,8,0,0,60,5,0,0,0.0,15.0,24.0,11.0,0.40336353572850986,0.13270188698960395,1.3275603589222165
7380,"Outras atividades profissionais, científicas e técnicas",11861.142857142859,0.017348561551357233,0.12571428571428572,94350.0,33439.0,1145.1942194884991,0.2984788896563603,88929.64377915628,53733.41166852682,0.6553483816388898,0.5695115174194684,0.9425505434992716,1.0989465306199995,1.1328941375933956,0.9495427895626052,1.17440085771605,0.009517058784283645,0.006852599000864148,0.01509623370480052,0.01211981662767462,0.019225868335309593,0.9576468517188106,29.003096399811227,17.396095965070778,18.344653587128988,38.901618145869016,0.05748416207911689,3.36740259669399,2.682188713446686,1.9910495096852598,1.4263785829196025,1.895895398339545,2.17440085771605,0.017557084777331384,0.011347480996918279,0.020981221872363356,0.02268039014448301,0.019364738614655326,0.02076545413555662,0.027089610184734488,0.0297252010000346,0.024844683946316462,0.034161846245068996,0.037222006875199894,0.02359067828716451,0.03319056797650881,0.03692935767826669,0.01569947134991614,0.010824372539751898,0.0073587937023742635,0.020765454135556624,0.0270896101847345,0.029725201000034635,0.01682102849570207,0.01401337861401173,0.012487352158297669,0.023590678287164508,0.033190567976508815,0.03692935767826672,65,64,65,65,65,65,65,1.5163949590179098e-05,0.9848484848484849,0.18997668997668998,0.017408549989051555,0.026107226107226107,0.19966391822593668,86018.99581087787,0.9117010684777729,15178.032882175576,148629.23405035,1.5752965983078961,7639.194824907385,16300.340381934728,0.1727646039420745,0.0033204728296042825,1.871941853248809,0.028486983088796214,75.99524945593583,65,44,1,0,65,65,19,6,58,21,1,0,65,20,0,0,0.0,18.0,12.0,8.0,0.09655007390783221,0.5613348952832453,2.9402458183956672
7700,Aluguéis não imobiliários e gestão de ativos de propriedade intelectual,12523.062857142857,0.018316711079643118,0.2742857142857143,45657.0,29535.0,2468.84249419765,0.30864946679914135,36814.96755973085,10635.823089276571,0.32654625776505414,0.23295054623117098,0.806337857496788,0.07467423142844637,0.5571042935943861,0.3990812812736082,0.5775489855094965,0.004700830921812383,0.003358659064660802,0.018776077070598838,0.01124097661386421,0.01862907089586251,0.8212236969901492,32.693373135803895,20.98908067503393,15.602484239869758,34.719885255984,0.04764382087441681,3.487172400968191,2.557100920166821,1.4195259731887186,1.2117383793517165,1.440066581867756,1.5775489855094962,0.012503777617280123,0.006109555500925618,0.01110095720733125,0.007410273500705075,0.005419622311134798,0.01376482785989373,0.012916692957940398,0.012907515952636266,0.011998657779239643,0.010178033406709275,0.00969512958635946,0.014396974107523868,0.014768958179213781,0.015175302431233982,0.008784919219351352,0.0040654369591477035,0.0023660168998720513,0.01376482785989373,0.012916692957940401,0.012907515952636284,0.009074731135395534,0.004998697089928093,0.003826354408102267,0.014396974107523868,0.014768958179213781,0.015175302431233996,65,65,65,65,65,65,65,0.0001349408135530895,0.9848484848484849,0.0034965034965034965,0.013294909259806092,0.0006993006993006993,0.17486610938362626,17855.797774706734,0.3910856555338006,1286.6113146158739,68753.46990302617,1.5058691964655182,11354.583179974346,1568.9458485055388,0.03436375251342705,0.0009318720039754538,0.5251546517351168,0.012178891957146635,31.510320618022398,65,40,3,2,65,65,17,4,55,7,0,0,64,4,0,0,0.0,16.0,26.0,4.0,0.19714366384334492,0.09316739110666616,1.2154054169363455
7880,Outras atividades administrativas e serviços complementares,13399.07142857143,0.01959799474716029,0.0642857142857143,208430.0,146846.0,5423.3219806455145,0.11186998139443127,155405.58448175775,43721.38025024867,0.834622320868148,0.209765294104729,0.7456008467195592,0.38106559581482435,1.5138760780893326,0.3608996604722247,1.5418637016560455,0.013188210102736905,0.00979206280266501,0.01232442236364039,0.008125535095138692,0.02019338675636995,0.7609000525095858,22.807073874949758,13.339256732353078,9.943108568830056,45.02877038028359,0.07496669567612389,3.127070745513671,2.2292180850715715,1.388887284038938,1.5503850894406237,2.16966920134755,2.541863701656045,0.02486376959443329,0.005945141597589525,0.011919800065727099,0.008553405554987063,0.006374780888705899,0.027375279559635247,0.039637449836731,0.044492990657472954,0.013155882386867788,0.01188002990353386,0.011501511308343716,0.030462949221656647,0.04604709731514085,0.05183770507285301,0.01401074350293744,0.011873751697289072,0.009497893387021176,0.02737527955963525,0.03963744983673102,0.04449299065747301,0.016014785921466032,0.01681929586043637,0.017041081987747213,0.030462949221656644,0.04604709731514085,0.05183770507285305,65,65,65,65,65,65,65,0.0001349408135530895,0.9848484848484849,0.05244755244755245,0.020853703283540033,0.004662004662004662,0.21394600159783178,73174.34034004605,0.35107393532622966,9283.16684696371,243555.91385698167,1.1685261903611843,67331.58298837775,9917.988793469876,0.047584267108716966,0.004984375963721926,2.7985374604799067,0.04369088190258289,114.9154056004141,64,27,2,0,65,63,8,2,61,23,2,0,65,32,1,0,0.0,12.0,9.0,12.0,0.40475356889889597,0.40927031689709625,2.6449371599126956
8000,"Atividades de vigilância, segurança e investigação",13242.228571428574,0.019368590380835257,0.33142857142857146,39955.0,32943.0,171.4863871301518,0.3481049325420577,39416.2904128014,5409.918844917725,0.2033200208277749,0.13540029645645668,0.9865170920485898,0.03612096344305787,0.38718257828661745,0.21932588990252397,0.3893201263368545,0.003344916100439724,0.0026733556971330263,0.01692299806381454,0.010761502786197766,0.026359658084895436,0.9876440633447406,22.186252357197137,11.724890973896198,11.998077292544435,46.844455434217174,0.0852886395469568,3.0994728338662703,2.619072847861829,1.2214634379527611,1.1353892451338126,1.2931629952848351,1.3893201263368549,0.006622938924242547,0.0029664244626245455,0.009683367737640676,0.00542390229973079,0.003746336392001379,0.012430199194435991,0.011595759799121782,0.011639054152010985,0.011175183370525537,0.008176333142326592,0.007218498420997319,0.013500094602349303,0.014072057010032044,0.014602322872394215,0.008208871291903076,0.003254895888353473,0.0016530433470996273,0.012430199194435993,0.011595759799121783,0.011639054152010999,0.008572265290853288,0.003888147080547618,0.0025133525136858056,0.013500094602349301,0.014072057010032044,0.014602322872394222,65,64,65,65,65,65,65,1.5163949590179098e-05,0.9848484848484849,0.025174825174825173,0.009524299919218836,0.0009324009324009324,0.16134215022798196,8744.474197284591,0.21885807026115858,636.6372656797306,64466.848916765186,1.6134863951136325,601.7276183260806,666.3040082893408,0.016676361113486193,0.0005239067027880149,0.28897373242337054,0.011601598261744174,28.504035980292944,65,36,5,0,65,65,13,4,48,3,0,0,63,1,0,0,0.0,13.0,33.0,6.0,0.012949964290765283,0.045870986372498646,1.0983067323063633
8400,"Administração pública, defesa e seguridade social",24672.685714285715,0.036087214521138,0.03428571428571429,719620.0,509142.0,54429.49991919799,0.07819936687516506,22274.955295644526,182605.00128377246,0.18201844044103885,0.25375198199573723,0.030953774625002813,1.3192229519382632,0.321793630655762,0.40487235138827055,0.3247005688004622,0.002665102335510674,0.002449937832950595,0.0012396252433028573,0.0011521657672605768,0.001392044737026095,0.029962512418555617,34.665551079845784,21.1971857440587,1.0626822263906135,54.9289547767527,0.047176073846514614,3.545746429566399,1.0592911843579376,1.4077792895329708,1.1168611100376673,1.2467964373387515,1.324700568800462,0.005509261267832209,0.005201870169422888,0.011435920842399083,0.0077748398299003,0.005740994147539451,0.011009846751534937,0.008594190520851896,0.008036037848720642,0.012907036448226418,0.011424692297330499,0.010980840522637439,0.011772398522201879,0.0102671042954006,0.010022166211538858,0.02777338398300394,0.035480238955693175,0.032386594517593875,0.011009846751534937,0.0085941905208519,0.008036037848720649,0.03593101520827072,0.055023038896262734,0.06127063105005363,0.011772398522201879,0.010267104295400602,0.010022166211538862,65,64,65,65,65,65,65,1.5163949590179098e-05,0.9848484848484849,0.0,0.004995741856737664,0.0,0.16360465773547067,290509.74763920775,0.4036988238781687,31438.032289927603,40457.62345111579,0.05622081577932213,979863.7225312154,31601.142676420553,0.043913652589450757,0.018705185768611087,10.835833638655943,0.007764840640368134,18.93128752010847,39,0,0,0,65,0,0,0,56,0,0,0,64,0,0,0,1.0,8.0,37.0,56.0,2.206063034624674,0.5602856888690488,4.397281559503645
8591,Educação pública,6180.68,0.009040099145646026,0.02,309034.0,257301.0,14406.69390872886,0.04688152466516403,1713.5706137275997,45055.600030943904,0.017451177370223073,0.14579496117237556,0.005544925845465546,0.4632709073765727,0.027685346666503383,0.24201965726478658,0.027804461306428472,0.00023226204888101998,0.00013396437505280861,6.18768473166858e-05,4.1570526375682974e-05,5.543196964438707e-05,0.005492491604259217,34.623326219538924,25.044729769455873,1.0110749215862305,25.081667597778054,0.03992856018832285,3.544527623109153,1.0099674799672484,1.242138771904712,1.0106231919635162,1.0215538435216982,1.0278044613064292,0.0003576194064675647,0.0037260716667601047,0.010831126142843626,0.0068755061381919474,0.004829620296836452,0.007815058112278842,0.002729000893295695,0.0012581259141995205,0.011793040034715246,0.00942442439187831,0.008693469581643829,0.007876686052334998,0.00284719518208599,0.0013955911282522594,0.014093825849247689,0.011505644532920935,0.009031959580187748,0.007815058112278842,0.0027290008932956953,0.0012581259141995211,0.015942910377069106,0.016209555452516344,0.016258549916542814,0.007876686052334997,0.0028471951820859902,0.0013955911282522596,65,64,65,65,65,65,65,1.5163949590179098e-05,0.9848484848484849,0.0,0.0027135632546207307,0.0,0.1116066922852412,74783.39496600228,0.2419908326138945,8305.57956778202,3043.117250748484,0.00984719238254847,381709.2811465828,8307.3050933743,0.02688152466516403,0.00474108181365827,2.612815858942574,0.0005197357487284538,1.2620686665226375,0,0,0,0,1,0,0,0,2,0,0,0,2,0,0,0,0.0,33.0,62.0,62.0,2.330923767082078,0.5733418988469555,4.853692140363398
8592,Educação privada,4273.2128571428575,0.006250164690458131,0.038571428571428576,110787.0,76655.0,8010.336747510146,0.0808842717792729,11747.79264817326,26970.333867382727,0.06598502426391542,0.24344312841202248,0.10603945091186927,0.28271752299980196,0.1531755104727668,0.39268258925188115,0.15422039606063678,0.0013546023115019081,0.0009055675742463882,0.0007449527693041933,0.0004573374313259417,0.0008772976512709206,0.10514752647846104,28.80556555944672,18.40818486136119,1.2478761897637274,34.746258563788764,0.054323661324099465,3.3605686170636964,1.217835924768735,1.3937274748397512,1.0485736108617085,1.1127386371714627,1.1542203960606376,0.0035087421435562468,0.005322035971492373,0.012528831684054543,0.009140005271651793,0.006878547366510581,0.009923804215453313,0.007766094765035094,0.0075193064096846065,0.014078874499886013,0.013505961692527371,0.013346762743888956,0.01061622312902093,0.009420154079466614,0.009492385789378287,0.01083791656573548,0.006563087475390058,0.004549034831216506,0.009923804215453313,0.007766094765035094,0.007519306409684614,0.011896234639333637,0.009335462071282639,0.008556151040209172,0.01061622312902093,0.009420154079466612,0.009492385789378291,65,65,65,65,65,65,65,0.0001349408135530895,0.9848484848484849,0.0006993006993006993,0.00883455703707762,0.0,0.13264696985528865,43458.71662877543,0.39227270915157403,4678.3595914271655,23992.559378220074,0.2165647537907884,138027.16105536208,4687.712960467453,0.042312843207844356,0.0023460842575272534,1.2947184442560948,0.007450816837616448,18.185860383923288,13,0,0,0,39,2,0,0,17,1,0,0,27,1,0,0,0.0,43.0,49.0,57.0,1.8745466269297881,0.5226299198611204,4.051580546593779
8691,Saúde pública,3583.1,0.005240779210178213,0.02,179155.0,119144.0,11862.617331754765,0.06632923697789629,310.1914509951802,50332.66294262239,0.002219079396073262,0.2809447849215617,0.0017314138650619867,0.40085544579923305,0.0030000844348687674,0.4645861446396824,0.003010883919320363,2.6580816496391077e-05,8.35716324557416e-06,8.853154158235525e-06,2.205704335846601e-06,1.3256902685639094e-05,0.0017225144722930693,6.393499176776777,2.3344909180416678,1.003452670842035,7.440968624085782,0.4283589164008696,1.8552817205096777,1.0023458764383721,1.4645969441241342,1.0012598689538084,1.0024066448123723,1.0030108839193193,2.3187013349132817e-05,0.007054272492790716,0.013821571646375192,0.011442615130545536,0.009006431872942453,0.0075515250679282385,0.002304104438876508,0.0007905476909799924,0.01578519845809531,0.01677974419485905,0.01707975426409377,0.007558148372853748,0.002311798477459008,0.0007989193251224535,0.015238800990523431,0.014710560637444095,0.012480358345952621,0.0075515250679282385,0.002304104438876508,0.0007905476909799925,0.01789654864825531,0.02193417151236327,0.023516296549861863,0.007558148372853748,0.002311798477459008,0.0007989193251224535,65,64,65,65,65,65,65,1.5163949590179098e-05,0.9848484848484849,0.0,0.0003232664307706724,0.0,0.08434789106088242,83232.03187988815,0.46458112740302054,8299.98611957123,418.33619386446094,0.002335051736565884,261935.06642013302,8300.114450775012,0.0463292369778963,0.009235076017235461,3.872648648299588,3.122487136512899e-05,0.07581420600836171,0,0,0,0,0,0,0,0,0,0,0,0,0,0,0,0,0.0,47.0,65.0,65.0,3.3107134413649537,0.698470585507354,7.981172356575407
8692,Saúde privada,6362.314285714287,0.009305764404340175,0.028571428571428574,222681.0,133287.0,13501.133798081028,0.0670093895312065,365.9480103459264,50988.17164981074,0.0018478304139054125,0.22897405548659625,0.001643373302373918,0.36033222562541917,0.003815573163225851,0.42232577619809275,0.10705111696633059,3.3777146891811986e-05,2.15804339568801e-05,1.2547937299445896e-05,9.418361890029591e-06,2.2673581302389946e-05,0.0017951808730877717,18.614121004545982,8.77220449878714,1.0035996829393246,35.97010329594776,0.1139964304455353,2.92392048647012,1.1060882461506032,1.5255613200011975,1.0503540516726424,1.0892483991015438,1.1070511169663302,6.981303463652962e-05,0.007189266676342608,0.0317796069307229,0.09007606615823846,0.17680174354220993,0.00884861204067892,0.0031232855085134128,0.0011810563410693336,0.018366786722495428,0.02145839109644381,0.022340463544637715,0.007574446202046832,0.002375540971891725,0.0008829383211554377,0.04143269792976011,0.1381074206305094,0.29341798115010304,0.00884861204067892,0.0031232855085134128,0.0011810563410693338,0.023857209837979634,0.032439886960554054,0.035575633028656684,0.007574446202046832,0.002375540971891725,0.0008829383211554377,65,65,65,65,65,65,65,0.0001349408135530895,0.9848484848484849,0.0,0.000319721278568867,0.0,0.09004270620031983,85243.74209824375,0.3828065353498671,7163.100077532231,575.7996241251046,0.0025857600070284606,307371.9614908785,8559.403584484307,0.038437960959777924,0.02744957688507747,342.6690568921085,0.00010560257076757228,0.36117227914928635,0,0,0,0,0,0,0,0,0,0,0,0,0,0,0,0,0.0,32.0,64.0,64.0,2.1220476059153492,0.5296030040304707,4.0854438528848185
9080,"Atividades artísticas, criativas e de espetáculos",10488.245714285715,0.015340509639884266,0.3028571428571429,34631.0,19139.0,9616.293041900843,0.36373175766549376,7390.803687928269,12229.67401198305,0.08420006775035181,0.35314238722482877,0.21341583228691832,0.09390965542789313,0.15843486054255923,0.5674419563600863,0.18360219253701154,0.0013441431643018609,0.000396223603392117,0.003638262404447997,0.0018432724056751783,0.0037354552630778073,0.21737053553964514,23.080651039193377,13.30412671246867,1.6232174519494587,5.4369587061328435,0.07516464790302972,3.138994649179384,1.4938788709698587,1.5926092883545386,1.0666367314866996,1.13971606050923,1.1836021925370117,0.002798565668019723,0.007345443788201244,0.014160305257851315,0.011508129647764518,0.009254604120397268,0.009330012364863726,0.0056654314736713784,0.004854172257851022,0.015623210763077808,0.01604088336065576,0.016141676144490375,0.009376311563505912,0.006220063902209753,0.005653323008732511,0.009287482303341274,0.004480602338621124,0.002712096493224087,0.009330012364863726,0.00566543147367138,0.004854172257851026,0.009519535719504226,0.00575780330795974,0.004694026921461872,0.009376311563505912,0.006220063902209753,0.005653323008732513,65,64,65,65,65,65,65,1.5163949590179098e-05,0.9848484848484849,0.01818181818181818,0.012972522267509933,0.0,0.12252693790665899,19168.65840084386,0.5535115474818474,1798.9137635797767,15833.463279285545,0.4572049111860918,42105.19784240245,2108.1487854279994,0.06087461480835088,0.0011938373174891815,0.732221990869129,0.004217630082738371,11.007423165069602,57,4,0,0,65,14,1,1,8,1,1,0,11,2,0,0,0.0,22.0,50.0,35.0,0.9168638210680732,0.14640599129688203,1.3694339137085518
9480,Organizações associativas e outros serviços pessoais,10191.300000000001,0.014906185471990518,0.07,145590.0,71031.0,17037.933384060525,0.13756032728375533,21372.735222471278,55906.63611940057,0.14611287313356533,0.3840005228339898,0.14680084636631138,0.6649778786060841,0.2619105316673325,0.6596158456705074,0.265992973749911,0.002238481741012886,0.0017872176088857424,0.002299850402743699,0.0017223699794676802,0.0027656905431601023,0.14579611509162188,28.622782825271152,18.379839891904794,1.3683245125604284,40.72037423607347,0.05440743803434542,3.3542030029888177,1.262513509392225,1.663698287753086,1.0950870538571131,1.2017574044908,1.265992973749911,0.004584950322992588,0.010925194814250985,0.018625300192117496,0.018326180655089314,0.015102381391251328,0.010587356415382521,0.008017370950117677,0.007478858604960714,0.021569659917395578,0.02680209533844968,0.0282855395352212,0.01130657124966071,0.009586600024773262,0.009340281947498039,0.01762244930959507,0.016492314448104776,0.013580853123505847,0.010587356415382521,0.008017370950117678,0.0074788586049607236,0.01989457491834364,0.02329580336800438,0.024535891485428937,0.01130657124966071,0.009586600024773266,0.009340281947498044,65,64,65,65,65,65,65,1.5163949590179098e-05,0.9848484848484849,0.02773892773892774,0.006850917536793366,0.0034965034965034965,0.15396796309373872,95643.01390629348,0.6569339508640255,9754.679742164273,37472.00181249368,0.2573803270313461,206062.1776469127,9836.108049241939,0.06756032728375533,0.007673364314823768,4.069180454497523,0.007251420595946199,17.65002178390022,51,2,0,0,65,6,0,0,43,1,0,0,57,1,0,0,0.0,24.0,41.0,44.0,1.6718115828265798,0.4890549307810449,3.603193395109852
9700,Serviços domésticos,10450.754285714287,0.015285673241397754,0.1685714285714286,61996.0,61996.0,10450.754285714287,0.1685714285714286,0.0,0.0,0.0,0.0,0.0,0.0,0.0,0.0,0.0,0.0,0.0,0.0,0.0,0.0,0.0,,,1.0,,,,1.0,1.0,1.0,1.0,1.0,0.0,0.0,0.007518796992481203,0.0022675736961451248,0.0007570022710068137,0.007518796992481203,0.0022675736961451248,0.0007570022710068137,0.007518796992481203,0.0022675736961451248,0.0007570022710068137,0.007518796992481203,0.0022675736961451248,0.0007570022710068137,0.007518796992481203,0.0022675736961451248,0.0007570022710068137,0.007518796992481203,0.0022675736961451248,0.0007570022710068137,0.007518796992481203,0.0022675736961451248,0.0007570022710068137,0.007518796992481203,0.0022675736961451248,0.0007570022710068137,0,0,0,0,0,0,0,0.0,0.0,0.0,0.0,0.0,0.0,0.0,0.0,0.0,0.0,0.0,61996.0,0.0,0.0,,,,,0,0,0,0,0,0,0,0,0,0,0,0,0,0,0,0,0.0,23.0,67.0,67.0,1.0,0.0,1.0
