,top5,top10,top20,gini,hhi,entropia,efetivos_q1,efetivos_q2,n50,n75,n80,n90,rho_e_Lsaida,parcial_x_Lsaida
0,0.30381528432607097,0.4814448678373267,0.6686928489533184,0.502490543923603,0.03283984273844813,3.7642634733784166,43.13192634607362,30.45081573515646,11,26,30,42,0.38267220049485196,0.1522699938428057
1,0.30497957236170825,0.47923345616120394,0.6651737120442566,0.5001126849521635,0.03266336425548086,3.7683991785296516,43.31067665054371,30.615339931868824,12,26,30,43,0.37995849628861045,0.15732368643636466
2,0.3049559362959677,0.4901879045065546,0.6772761499876441,0.5111749262247863,0.03332946886577381,3.7494425928713047,42.49738705031657,30.003478424071282,11,25,30,42,0.38339053396121003,0.16952477322051102
3,0.3031871417220592,0.48182503612517175,0.6676504682801366,0.502039031872299,0.03277284471899226,3.76502710022858,43.16487562200552,30.513066795830756,11,26,30,43,0.3776438662303456,0.15137908135517192
4,0.2996156620484135,0.48451932584405233,0.6700355827782646,0.5043672626572145,0.03269729509163666,3.7627191152402104,43.065366613865585,30.583569594898414,11,26,30,42,0.4048607231223562,0.18632878421455162
5,0.3059809094818414,0.4818541353048604,0.6701034180658931,0.5032005125795307,0.033011283166580876,3.762569243101259,43.05891279889205,30.29267280989412,11,26,30,43,0.39428525820097376,0.177182973720002
6,0.3017632164740477,0.4831991643911398,0.6733722227584387,0.5067451025681097,0.0329734708692123,3.758352022562866,42.87770623006995,30.327410904555737,11,26,30,42,0.3804772926809802,0.1658778088076316
7,0.30246575803006903,0.48380741896468565,0.6688103606183335,0.5032337008217979,0.0327896075760996,3.7635893157642735,43.102858428794555,30.497467762587736,11,26,30,43,0.36886423497485843,0.14594789917932913
8,0.30271796936964956,0.48286143668797865,0.6670200018595694,0.5006354202347386,0.03276872622342109,3.7670574057563804,43.25260253366932,30.51690179172301,11,26,31,43,0.3768856253491899,0.15006181892636336
9,0.3059049968697954,0.47937060669420306,0.6704068154140717,0.5037287897589213,0.032950442009821806,3.7628050046879182,43.06906563327048,30.348606543788453,11,26,30,42,0.3716577540106953,0.14677645544165396
10,0.3002274206416258,0.4852180022339354,0.6721011254902518,0.5064557127146094,0.032834970952264016,3.7595533452953,42.929247145717,30.455333779762295,11,26,30,42,0.3630377524143987,0.13511932382576597
11,0.29827693997789684,0.4803296964644573,0.6699226330130638,0.5041720887332246,0.03262730900403024,3.7636560006861215,43.10573283537903,30.649171829539373,11,26,30,42,0.3869822012930003,0.16204443007153685
12,0.304290593739279,0.4795942537991871,0.667392121619235,0.5010292089186817,0.03271238666611273,3.7671426078565284,43.25628790324044,30.56946013162395,11,26,30,43,0.3699018277595978,0.1441784293547212
13,0.3030792067205413,0.484272404607977,0.670571264338963,0.5036753683940646,0.03285529002612013,3.762275587261218,43.04627015406694,30.436498938374754,11,26,30,43,0.39460451751935516,0.17514886967952645
14,0.3051449506690988,0.48810848059984424,0.6703167578837498,0.5053433153297182,0.03301327273999343,3.7591807957304186,42.91325685214559,30.290847195787563,11,26,30,42,0.38841886822571636,0.16690549125568968
15,0.30503965196469995,0.4817319938928938,0.6676550295253918,0.5006651369985066,0.032797755360531665,3.7670609599072837,43.25275626021887,30.489891427246427,11,26,30,43,0.38271210790964966,0.15922475006530576
16,0.3012677430621975,0.4804221421160952,0.6676457505055682,0.5025233024891146,0.03262171823072902,3.765697714117424,43.193832295396334,30.65442454401496,11,26,30,42,0.35940617766781074,0.13216378088273878
17,0.30875802764255555,0.48357709368580026,0.6733858285294625,0.5067684968428235,0.03321280672318138,3.7567850250992603,42.81056958837354,30.108867592392752,11,26,30,42,0.37576821773485514,0.1618355455547702
18,0.3037232515302826,0.48318138464207827,0.6685481553397344,0.5022520512796079,0.0328894441293103,3.764064857287791,43.12336050216698,30.404892100588086,11,26,30,43,0.3755287732460692,0.14726357858176384
19,0.3015000570078091,0.481009102057022,0.6675645741332917,0.5025902887179514,0.03260524428940253,3.7654168776633012,43.18170359586472,30.66991282519001,11,26,30,42,0.3857849788490702,0.16303867045476858
20,0.30542877203624264,0.48287434659795125,0.6708790747401892,0.5059765926679926,0.03297138109085159,3.759023427814353,42.90650421368142,30.329333103897948,11,26,30,42,0.36950275361162105,0.15924730314466837
21,0.3078204331584623,0.48939750356105033,0.6742139546748054,0.5085026275126054,0.033403888777215174,3.751988512573355,42.60571983005769,29.936634224518823,11,26,30,42,0.3758879399792482,0.1574852905923493
22,0.3030563468348654,0.47945947481820206,0.6685305289208222,0.5021097919440686,0.03272363952829301,3.765226258339287,43.17347311318493,30.558948039242253,11,26,30,43,0.37724479208236894,0.15619013000491147
23,0.3038506550615857,0.48212300428172505,0.669870992205241,0.5032404230425023,0.032838041485986263,3.7636957833865496,43.107447731946536,30.452486042042217,11,26,30,42,0.3699018277595978,0.14398845704417
24,0.30522576819647007,0.4817317854545761,0.6715686126369278,0.505291157272366,0.032920553395502615,3.760222724157591,42.957992696088986,30.376160084131918,11,26,30,42,0.3760076622236412,0.1592079361261695
25,0.3035369323548952,0.4794231967434471,0.6689975832071113,0.5028801496156103,0.03280110302574697,3.764148974772804,43.126988083367095,30.486779643204613,11,26,30,43,0.36678904940537954,0.14567487186979347
26,0.3017201466421655,0.4752550832351103,0.66493369063382,0.49950748198219697,0.032482164076888045,3.7709963422964186,43.42330776807289,30.786126122413364,11,26,31,43,0.38658312714502363,0.16407991764261204
27,0.3056232228785196,0.4857897430605125,0.6737237798422065,0.5050541900197365,0.03312597468887086,3.759060749933113,42.908105605210736,30.187790982523577,11,26,30,43,0.3763269215420226,0.15019711784547873
28,0.3025687392479153,0.48201745925872047,0.6698815236532293,0.505016429126805,0.03286013486660932,3.761161884886484,42.99835610671951,30.43201143450405,11,26,30,42,0.39061377603958825,0.16809601722382744
29,0.3055737054320068,0.48690640172046695,0.6717034869686267,0.5077123300236794,0.03318368359351275,3.7548390328512586,42.72734155863696,30.13529215893003,11,26,30,42,0.368066086678905,0.14588580110957164
30,0.30397368332334634,0.48198683367335626,0.6687149410464156,0.5020622394287283,0.03274326747340591,3.765339638951541,43.178368425511145,30.540629483975607,11,26,30,43,0.36822571633809564,0.1415922992009004
31,0.3002792248320908,0.48369382936313865,0.6715985239439008,0.5051446279944017,0.032835500968754136,3.7609156294165147,42.987768829969454,30.45484218290404,11,26,30,42,0.37002155000399084,0.15362648602404577
32,0.30260756673838274,0.48171011123902646,0.6698724039995582,0.5029848439747664,0.03292590905198325,3.763124002845554,43.082806777441895,30.371219164251634,11,26,30,43,0.3673876606273446,0.13753693205812081
33,0.30487137887327964,0.4848216336755699,0.668682850805694,0.5042662800367008,0.03301805652875513,3.7602839787280855,42.96062415007436,30.286458536077344,11,26,30,42,0.3821534041024823,0.1601902515752594
34,0.3025754507098243,0.48596380925873595,0.6721848466277756,0.5050128110584264,0.032975439041105024,3.7603626241806687,42.96400294066542,30.325600782857368,11,26,30,42,0.3853859047010935,0.16237857481556506
35,0.30573589823539227,0.48212370356010475,0.6688488808953402,0.5047921761890362,0.03290042442631286,3.7607996730939375,42.982784415372905,30.394744670838573,11,26,30,42,0.39053396120999284,0.16983288874424662
36,0.30121114455868475,0.4846065818716999,0.6714498504233068,0.5054556601116015,0.03289048642923359,3.7602079213851716,42.95735680340601,30.403928569179932,11,26,30,42,0.38426849708675875,0.16817715080860313
37,0.3067646253619659,0.4876047643256766,0.6724057448395935,0.5081348634853385,0.033288155456907054,3.7541513452047903,42.6979685945505,30.040715271669015,11,26,30,42,0.36950275361162105,0.14685922627838996
38,0.30228598493534525,0.4833571756749501,0.6719501770299777,0.5070101272969356,0.03292552531484063,3.7576110081133858,42.845944999411664,30.371573131720595,11,26,30,42,0.3754090510016762,0.1511641774852884
39,0.3069315535437989,0.486953447713887,0.6755678516551814,0.509641938603029,0.033321058655733406,3.7520359375451062,42.60774045303068,30.011051279366672,11,25,30,42,0.3661904381834145,0.1553871979401054
40,0.3038193408041545,0.48434594743219317,0.6724475368441021,0.5048577047810888,0.03295045059228723,3.760804305849884,42.98298354458426,30.348598639014416,11,26,30,42,0.3740122914837577,0.15413369193088508
41,0.30487308704820953,0.4812783374396194,0.671644863564792,0.5047839536551522,0.03298260996746599,3.760825607410357,42.98389915895953,30.31900753113228,11,26,30,42,0.3728150690398277,0.15228113757522654
42,0.3028579276208791,0.48211362670384506,0.6666142271674548,0.5018595849889737,0.03285401250127461,3.764584450306598,43.145772921395455,30.437682458457818,11,26,31,42,0.38861840529970476,0.16356113342202921
43,0.30363157091957327,0.48528347799539795,0.6737382190454749,0.5081149619973224,0.03308595122374287,3.7552261607464135,42.74388570658408,30.22430859664655,11,26,30,42,0.3792002554074548,0.16051643604316052
44,0.30425837524859406,0.4805302614067153,0.6687692755210468,0.5023978642868326,0.03280585895527334,3.7653922626358733,43.1806406901281,30.4823599151412,11,26,30,43,0.3755287732460692,0.15313748096902594
45,0.30306387008116764,0.48270202992572897,0.6696224850373379,0.5021406557392284,0.0327511837265945,3.765452254100463,43.18323123770962,30.533247541461638,11,26,30,43,0.3720967355734696,0.1461414610840734
46,0.3069533970839607,0.48879112577390904,0.6741550440660876,0.5081948601878258,0.0333953439511179,3.7530651512878803,42.65161549958093,29.944294074759043,11,26,30,42,0.36335701173278007,0.13646342579363183
47,0.3034310949831137,0.4800126651832594,0.6676955625093662,0.5014391021175422,0.03270444192134531,3.7668971160613745,43.245670142811235,30.57688623475109,11,26,30,43,0.3987947960731104,0.18149456011077145
48,0.30155860538309576,0.4789862036079562,0.6669206611560051,0.5024828864870516,0.0326615222625762,3.7654528963727207,43.18325897310994,30.617066527416785,11,26,30,42,0.38191395961369623,0.16049383150862226
49,0.3037450676612462,0.4916707045486473,0.6745478719728528,0.5095678189322683,0.0332682803762241,3.751171619579437,42.5709297278577,30.058662145779913,11,26,30,42,0.39699896240721533,0.17713353842142332
50,0.30254109278547364,0.48253622188078893,0.6704328913229625,0.5052854065137458,0.032867006757829775,3.7598963008247663,42.94397249332682,30.42564865636187,11,26,30,42,0.37971905179982446,0.16550374258204065
51,0.29813948182206285,0.47950518213259136,0.6628317449174623,0.4969628201642733,0.03233698686281329,3.774158530700379,43.56083778166393,30.92434073225216,11,26,31,43,0.3793997924814432,0.1497886847502817
52,0.30472983341742893,0.4837303568556547,0.6705101719008397,0.5058475173492515,0.03302043281942648,3.7589187990388884,42.902015193530524,30.284278993813885,11,26,30,42,0.37337377284699497,0.16013044647128744
53,0.30355034196898184,0.481615773075088,0.6699007163448798,0.5038463066911727,0.032868494147619505,3.7624190514276705,43.05244619434312,30.424271812051504,11,26,30,43,0.36335701173278007,0.13512101160827414
54,0.30122920189222036,0.48095917252304954,0.6725521453162195,0.505081754839358,0.03279557158564068,3.7618265858526243,43.02694665659648,30.491921672676177,11,26,30,42,0.3782823848671084,0.16085723594569895
55,0.302359754411853,0.4808689617540548,0.668414210379777,0.5033474963332344,0.032802180105881026,3.763657289884631,43.10578840726138,30.48577859069533,11,26,30,42,0.3865432197302259,0.17186993611136828
56,0.2995277247109662,0.4832422896573843,0.6709343094387902,0.5052138129294758,0.03268152377755629,3.7616719800232152,43.020294954030945,30.59832848695813,11,26,30,42,0.37389256923936476,0.15265838745973723
57,0.30028395731398455,0.47979898308043967,0.6674125052830304,0.5027749097618506,0.0327479307944689,3.764448635953258,43.139913504052274,30.536280483678656,11,26,30,42,0.37121877244792084,0.15216822280581713
58,0.3017189609458792,0.4781469395663366,0.6681693216466734,0.5028547056363932,0.0327653395978583,3.7646127460316086,43.14699377959386,30.52005601874991,11,26,30,42,0.3774044217415596,0.1595092684256902
59,0.303991212261033,0.48337880201881706,0.6709231083045598,0.5041450747800031,0.0329973698178863,3.7615393993530355,43.0145916725754,30.30544572246324,11,26,30,43,0.37748423657115493,0.15177413324858807
60,0.309616312999307,0.48334795253134866,0.6698255972959978,0.5064279458120132,0.033250169639196483,3.756222808755879,42.78650755115059,30.075034529182204,11,26,30,42,0.38187405219889864,0.1637151684204313
61,0.30283311198451457,0.482696433076723,0.6717846413680586,0.5033873717105627,0.03280496984443654,3.7636567427152157,43.10576482109879,30.48318607644116,11,26,30,43,0.37704525500838065,0.15734549172793996
62,0.3020204357760181,0.48812706307919623,0.6752626806245421,0.5078222102052309,0.03309037996621223,3.7556268540105746,42.76101632550339,30.220263442761166,11,26,30,42,0.3742118285577461,0.16002408903106513
63,0.30070947228136485,0.4858966716208653,0.674642942546567,0.5083803498135339,0.03289150378992286,3.7565497864740496,42.800500073254966,30.40298815119469,11,26,30,42,0.3758879399792482,0.14940997626774782
64,0.306145262286732,0.48472576946017687,0.6717202013446729,0.5052007271196204,0.03312200953166136,3.7584581290169647,42.88225607281747,30.191404873671658,11,26,30,42,0.3718173836698859,0.1450973769960347
65,0.30367354111727807,0.4824407055279278,0.6691117368196667,0.5038780484874227,0.03288191599522058,3.7624241811250307,43.05266704092915,30.411853133660188,11,26,30,43,0.37896081091866873,0.1466963064397753
66,0.3072706960325816,0.48184367912658416,0.6726183527066147,0.5058446628412487,0.033037771324968504,3.7594429283340283,42.92450729038252,30.268385544646097,11,26,30,42,0.36112219650411054,0.1413120904807645
67,0.3037015181716431,0.48086615313678144,0.6686414025883118,0.5032853958208638,0.032799208047491264,3.764044612612614,43.12248749257801,30.488541020626492,11,26,30,42,0.38989544257323017,0.1679243449760047
68,0.3068578211689019,0.4836363447866811,0.6713523006758312,0.5055647907665444,0.03299073129689272,3.7598333193034534,42.94126790177851,30.311543900034323,11,26,30,42,0.3687844201452631,0.1387714472886293
69,0.3024367198502011,0.4783332190562173,0.6656442073794356,0.5003897607914971,0.03266080326284059,3.768321417983224,43.307308919601205,30.61774053603076,11,26,30,43,0.38426849708675875,0.15290737616678107
70,0.30036252564657945,0.47962303870640477,0.6682701260857289,0.5029132985840541,0.0326495282027481,3.765423448441977,43.18198733421408,30.628313946534465,11,26,30,42,0.35537552877324613,0.130274949426956
71,0.30462618814427356,0.48172822051696623,0.6706471784505077,0.5042854789735011,0.032909238517143925,3.7613032777948554,43.00443619917548,30.386604037618625,11,26,30,42,0.3855056269454865,0.1655573698304065
72,0.30394615130823643,0.4813158409625378,0.668433750440731,0.502008505142273,0.032721243609812274,3.76594207577746,43.204388501672874,30.56118562988007,11,26,30,42,0.3705403463963605,0.14123903378374084
73,0.30486458663587773,0.4759736049757097,0.6649839292387207,0.5012602079386208,0.03275118163909485,3.7665525354303635,43.230771089614926,30.53324948759428,12,26,30,42,0.4006704445686009,0.18896594174815268
74,0.3058311063098589,0.4813052528624603,0.6711839880445695,0.504955741269391,0.03299413806353659,3.7600423049721696,42.950242949161954,30.308414121148026,11,26,30,43,0.37524942134248546,0.15589893297884835
75,0.3030928535430799,0.4794296745953479,0.6686581189276503,0.5034222752901087,0.0327610086242303,3.7637802654493946,43.11108969189289,30.52409074061267,11,26,30,42,0.377603958815548,0.16091783190970746
76,0.302886166852698,0.4830607925283699,0.6715689430136543,0.5054387096048295,0.03290131252633713,3.7603575606789725,42.96378539291443,30.393924230211525,11,26,30,42,0.3755287732460692,0.16188490451511336
77,0.3023320616873653,0.48275805507455105,0.6736058096747118,0.506188680840043,0.03290147583102732,3.7592892306542662,42.9179104001834,30.39377337161765,11,26,30,42,0.3837097932795914,0.16432467332559436
78,0.30428177275975177,0.48061679039852584,0.6695512395489449,0.5011114795958035,0.032765231037304166,3.766813350779117,43.24204780876033,30.52015714039895,11,26,30,43,0.396679703088834,0.18286360049240172
79,0.2992776120538506,0.47718456534934905,0.6676850049422807,0.5012989477909192,0.032518060132217905,3.7683093425142724,43.306785966694434,30.752141915416118,11,26,30,42,0.38774044217415604,0.17309684855554483
80,0.3044502078024548,0.48828192483151905,0.6743877531787612,0.5078348208938728,0.03313711832805505,3.7555509142879426,42.75776918907905,30.177639168864147,11,26,30,42,0.3780030329635247,0.15824465085302064
81,0.30379361328427373,0.4817185741622202,0.6669608799256185,0.5028952691679623,0.032948453953837685,3.7626179715347505,43.06101104338225,30.350437729219298,11,26,31,42,0.3627184930960173,0.13777474182705038
82,0.30229537262044626,0.48227273439303275,0.6700747913221752,0.5041287498690905,0.032704572976860635,3.7629843102025,43.07678884663309,30.576763705415964,11,26,30,42,0.38127544097693356,0.1595100013584149
83,0.3020221645934519,0.48143012513860195,0.6719620883874637,0.5051069365569663,0.03285998405871572,3.761004964888769,42.991609334143114,30.432151099439192,11,26,30,42,0.39488386942293885,0.17696945999339098
84,0.3063802278743009,0.48478120027150723,0.6722484703968071,0.5059940486452387,0.03312342606615257,3.7579244877781255,42.859378437330335,30.190113728055984,11,26,30,42,0.37269534679543465,0.1584535522906996
85,0.30489992533001176,0.4822241721201385,0.6729144142911084,0.5055757687062343,0.03303620558638689,3.7592955054269224,42.91817970115894,30.269820103434228,11,26,30,42,0.39149173916513696,0.17320472146616644
86,0.30247056335557,0.486074868935406,0.6721010036555983,0.5058124510630954,0.032933421291198264,3.7593236922100424,42.919389443631374,30.364291373130385,11,26,30,42,0.3757283103200575,0.15173928866737785
87,0.30454785692384,0.4836756350833836,0.6757908070909753,0.5083933794734296,0.03322422894436625,3.754359909626241,42.70687480039409,30.098516407242837,11,25,30,42,0.3673876606273446,0.14858176437780918
88,0.30379172416858546,0.4820939634385911,0.6726161485209219,0.5055951181869761,0.03296081662360429,3.7600645292837234,42.95119749934964,30.339054138721433,11,26,30,42,0.3688243275600607,0.14544411618472372
89,0.30378568458215094,0.4844133988890453,0.6742209174986752,0.5080399090006948,0.033048154224047735,3.7561178028999436,42.782014953181374,30.258875978990154,11,26,30,42,0.3792002554074548,0.15241899907197143
90,0.30366167057583937,0.4824575880280674,0.6700637984680134,0.503655829046266,0.032910440473082704,3.7626065029681106,43.06051719813937,30.385494257297935,11,26,30,42,0.3800782185330035,0.16720926766307584
91,0.30314081542069005,0.4779804224518894,0.6671800952609384,0.5010026194240093,0.032641688941728815,3.767973690242653,43.292252384859495,30.63566967337924,11,26,30,43,0.3796791443850268,0.1555156273216423
92,0.30209944535298205,0.48173276138860305,0.6697196586111548,0.503715854038836,0.032770640980579094,3.7633718745453724,43.093487109612134,30.51511871838672,11,26,30,42,0.36870460531566773,0.14717405824496035
93,0.3027442926640622,0.48651076082878797,0.672739996552354,0.5068591146174155,0.033074052311905425,3.7569558475507847,42.8178832194702,30.235182268247105,11,26,30,42,0.38267220049485196,0.16363681639175623
94,0.29896111349891613,0.47496422582570497,0.665881648393659,0.4992941881755979,0.03230988025955482,3.7724642955890717,43.48709796474849,30.95028492729482,11,26,31,43,0.37289488386942304,0.14175914350131608
95,0.30554766686086876,0.48410893407681693,0.6697049793454035,0.5048920529411224,0.03307343561882655,3.7593296019677616,42.91964308757393,30.23574603875641,11,26,30,42,0.38909729427727674,0.17545500562201044
96,0.30625539573874505,0.4902000870025717,0.6741640718820894,0.5077849105173968,0.03334407161693529,3.753802392449027,42.68307162006525,29.990338657145426,11,26,30,42,0.38031766302178954,0.16058647371588794
97,0.30198262789018365,0.484681515872586,0.6717590692379047,0.5043116507122589,0.03278706237207089,3.7623271146244663,43.048488272012044,30.499835229271206,11,26,30,43,0.3657514566206402,0.13448857901223685
98,0.30009635154671,0.47983228010490664,0.6700832155547544,0.5036379750968208,0.032652472813473436,3.7642021532763246,43.12928157303636,30.625551875120728,11,26,30,42,0.377723681059941,0.16182203495234831
99,0.3037387473400187,0.4809291891680587,0.6693984818996609,0.5026613720582882,0.03277026976239915,3.764996328367827,43.16354737889983,30.515464390452088,11,26,30,42,0.3757283103200575,0.153173299949803
100,0.30547933554834306,0.4805924299231632,0.6705394981703746,0.5037663961099792,0.03295435510664197,3.7620807605106705,43.03788440604017,30.345002861198438,11,26,30,43,0.38546571953068887,0.1685053946023085
101,0.2998908461923429,0.4852634104556427,0.673617502076758,0.5067121141647529,0.032874202280756167,3.758551367015421,42.88625451494346,30.418989074158553,11,26,30,42,0.3704206241519675,0.14996320657926818
102,0.30168662450423833,0.484430360303381,0.6735742721939951,0.506661199562039,0.03289639623544702,3.758555093986464,42.88641435107002,30.398466532405912,11,26,30,42,0.37628701412722493,0.14765962893655704
103,0.3031811716590199,0.4805412566634711,0.6662058136740758,0.5011683784033446,0.03271145819365382,3.767064222765897,43.25289738807741,30.570327806236556,11,26,30,43,0.379040625748264,0.15964884886567637
104,0.300009648455332,0.48804919066199437,0.6726188512524057,0.5069856424594241,0.03290805598215558,3.758163002794889,42.86960226191616,30.387695965457542,11,26,30,42,0.3910926650171603,0.16678476539629788
105,0.3024940254634935,0.4806501651156775,0.6675950052040823,0.5007872815157143,0.03266244443981874,3.7677963131779197,43.28457401320943,30.616202098484134,11,26,31,43,0.393048128342246,0.17412895253459368
106,0.3058936035951973,0.48313926191212314,0.6692902569918269,0.5039684834928968,0.032950319377675605,3.761253899433326,43.0023127630038,30.348719493065577,11,26,30,42,0.3815547928805173,0.15813927181549237
107,0.3057980581057335,0.4821973883091207,0.6696550021064231,0.5057768801724208,0.033019241337689256,3.758803657323678,42.89707566629343,30.285371785891606,11,26,30,42,0.37788331071913167,0.1548316812989974
108,0.30138253977792473,0.48142147708604743,0.6682729257735853,0.5033030325578912,0.03264553526488003,3.7644806372510726,43.141294059361684,30.63206015420421,11,26,30,42,0.3862239604118446,0.16542228608553508
109,0.30498451005361843,0.48361698696739863,0.6698678219222999,0.505563616589616,0.033054591675885245,3.758768099853305,42.895550381914134,30.252982998714312,11,26,30,42,0.37213664298826726,0.15814611483115254
110,0.30140936804152557,0.4841590035659647,0.6724314605562879,0.5045278494853485,0.03276570037304882,3.762288751952425,43.046836848651296,30.51971996980545,11,26,30,42,0.3792002554074548,0.15932919462617898
111,0.3021199658037985,0.4828352883426401,0.6692608208683906,0.5026128949853573,0.03271905163903154,3.7646793239357748,43.14986651163996,30.563233037203005,11,26,30,42,0.37257562455104165,0.14861339506248378
112,0.3023745053642393,0.4816647959422503,0.6698912339292102,0.5020712190781188,0.032750333170246136,3.7656064333792036,43.189889710441605,30.534040518052063,11,26,30,43,0.36156117806688487,0.1305356465582573
113,0.3038734521388043,0.48583333025530345,0.6734214015920228,0.5073705144947039,0.03299824104784346,3.756943466909702,42.8173531099077,30.304645588536697,11,26,30,42,0.3569319179503552,0.12281809439750789
114,0.30288585210106783,0.48149833389290125,0.6702047162621031,0.5057715954301393,0.03286128301480739,3.7597728377124113,42.938670824112926,30.430948163204615,11,26,30,42,0.37991858887381286,0.15652081517868072
115,0.30275507014725356,0.48584959532059696,0.670610522819609,0.5033716705672908,0.03299211106369302,3.76220620454915,43.04328359070836,30.310276237535906,11,26,30,43,0.378561736770692,0.15446390735562102
116,0.3031919654055286,0.4849913398417968,0.6723343629092656,0.5052213482326439,0.032972516309059674,3.7601290833907517,42.95397026504575,30.328288888441175,11,26,30,43,0.39400590629739013,0.17924220140463706
117,0.3046233454402203,0.4872167120669801,0.6744100717216518,0.5065514134387118,0.033193531147144094,3.7562258076057553,42.78663586165587,30.12635189570779,11,26,30,42,0.38402905259797276,0.16870608788369482
118,0.30401183869383785,0.4838779789827936,0.6733319800480254,0.5070034639599276,0.03308285819867112,3.7573717851475825,42.83569649126439,30.22713436652726,11,26,30,42,0.37840210711150135,0.15803835690054888
119,0.3021831116426399,0.4852630918477876,0.671731125605306,0.505310757952416,0.032798559322521056,3.76072893469846,42.979743989708886,30.489144055585157,11,26,30,42,0.3804772926809802,0.15840242384960948
120,0.3017169030520834,0.4884829701344779,0.6750362184079536,0.5065000078939262,0.033042087150243385,3.75767728149958,42.84878463936669,30.264432009181785,11,26,30,42,0.38386942293878207,0.16493480168173852
121,0.30324303346523607,0.48220175910255064,0.6698095425844347,0.5032240714174554,0.03282817005837546,3.7637605278547164,43.11023879107581,30.46164310169551,11,26,30,43,0.3731742357730067,0.1460434247045779
122,0.30324569485640507,0.4814826533849652,0.671432745019499,0.5049865948166405,0.032767379431168815,3.762239407973748,43.04471279885668,30.518156085707155,11,26,30,42,0.3890174794476814,0.17705858273084824
123,0.30197199226413046,0.48515016382115633,0.6740275482090093,0.5068301576591995,0.032950214925544244,3.7585065755178304,42.884333618397925,30.34881569846036,11,26,30,42,0.3716178465958975,0.14972123699700082
124,0.30453813278814906,0.48566583086120163,0.6734506215619936,0.5071123417894164,0.03308541396137454,3.7566756732571527,42.80588842967871,30.224799398533953,11,26,30,42,0.38873812754409776,0.16930199935668422
125,0.30760031678444794,0.48152550714526243,0.6690885180050739,0.5023729816729261,0.03304901645772128,3.763123623968436,43.08279045435532,30.258086538801336,11,26,30,43,0.37269534679543465,0.14740516831465483
126,0.29874794511774644,0.4816685507437837,0.6704575379336243,0.5034000126156228,0.0326019822293334,3.7649584264867495,43.16191143026314,30.67298156798138,11,26,30,42,0.39193072072791135,0.17606619461842593
127,0.30182543224612357,0.4839765155998753,0.6696854785220554,0.5049358757755426,0.0328545319682097,3.7606685816008727,42.977150107300815,30.437201204619434,11,26,30,42,0.3817942373693033,0.15907226463842486
128,0.30327709857930113,0.48268591560798774,0.6717507932826362,0.5052771517961879,0.03290195999889927,3.760155472166629,42.95510378269612,30.393326112895853,11,26,30,42,0.3898555351584325,0.17070554562816323
129,0.2990752026125249,0.4839480032616359,0.6726230034451879,0.5054224788737692,0.03268834520028054,3.7609830852258077,42.9906687025111,30.591943210126697,11,26,30,42,0.3705403463963605,0.14939498235581872
130,0.30275105574414735,0.4845299664740524,0.6713838772738493,0.5048072413986074,0.032983977073793413,3.759849969591838,42.94198289222505,30.317750881367328,11,26,30,42,0.382911644983638,0.16599755779520714
131,0.30180874293564275,0.48240929543314737,0.6685528079184947,0.5042713310604447,0.03286786941439923,3.7619064326629106,43.03038235820645,30.424850098799087,11,26,30,42,0.38043738526618254,0.15354389234432678
132,0.3054572074738079,0.4807792440825464,0.6691630404187693,0.5030613093664414,0.03283249741593525,3.763950881318541,43.118445755443275,30.457628225218414,11,26,30,43,0.3810359964881475,0.16334664984112318
133,0.3063262257164636,0.48252756368134603,0.6703529103802669,0.5066040242676062,0.03316561992086289,3.7567812962644576,42.81040995512936,30.151705361941634,11,26,30,42,0.37884108867427574,0.16182028764075734
134,0.30344991622846595,0.48180257435450496,0.6719723680506906,0.5062737984823319,0.033012165942920495,3.7588146368980726,42.897546660512674,30.29186275535645,11,26,30,42,0.37173756884029063,0.1511539278156344
135,0.29885781907695574,0.4841758149984831,0.6703316449975576,0.5034372390911408,0.03266724246362354,3.764099507454216,43.12485475967317,30.61170532264991,11,26,30,42,0.3954824806449039,0.17419311765948603
136,0.30380422213454605,0.4843851517492045,0.6756058874548639,0.5093374119191932,0.033072255732520865,3.754544649697162,42.71476520028761,30.236824729698505,11,25,30,42,0.38151488546571954,0.16605220304988752
137,0.301880388969781,0.48234696307161046,0.6719862289989869,0.505636442570448,0.032900338883912895,3.7597892631605516,42.93937611681612,30.39482369857791,11,26,30,42,0.3797589592146221,0.1653264724422193
138,0.30189003797784325,0.48376321210027107,0.667038483196389,0.5016731580910473,0.03282378500953136,3.76430533278921,43.13373186088549,30.465712583409264,11,26,30,43,0.3815547928805173,0.15612647391422002
139,0.30296555528482805,0.48518052301041437,0.6739313409904389,0.5065341443612825,0.033032232073062884,3.7581798131433373,42.870322920925275,30.273461320692274,11,26,30,42,0.3947242397637482,0.17693502275740514
140,0.30261193718706614,0.48383034472429354,0.6726781450025816,0.5069301010207807,0.03298673754742601,3.757406109057603,42.83716680508974,30.315213760144374,11,26,30,42,0.3865033123154283,0.1729850976042486
141,0.3027295854036791,0.48144122851779736,0.6686896543070353,0.5028239159567885,0.03271742426698777,3.7650789003756273,43.167111626822205,30.564753259290363,11,26,30,42,0.38299145981323335,0.16170158328967918
142,0.30120078504520115,0.484083026978775,0.6705556498665306,0.5041128346110189,0.032882195676130564,3.7617194622662153,43.02233770262664,30.411594464353474,11,26,30,42,0.38945646101045583,0.17179559002280623
143,0.29877247937097645,0.4807884960377648,0.6687292564152084,0.5042826727915413,0.03265604178120103,3.763262360006569,43.08876800465592,30.62220481894612,11,26,30,42,0.3781626626227154,0.15878707848672444
144,0.30509457641952836,0.48628873566956476,0.6747724139154451,0.5069835172146253,0.03308683945042267,3.7571788044834427,42.827430827688886,30.223497215513746,11,26,30,42,0.38031766302178954,0.16510837830639877
145,0.30007014793306214,0.48253311580937563,0.6685789276999469,0.5017837940202677,0.03270921605975109,3.7661447940652617,43.21314770913121,30.572423324767684,11,26,30,42,0.38203368185808934,0.1533743842552274
146,0.30258885818956793,0.4820163483776738,0.6663430968481406,0.5016801403945653,0.03287191694792147,3.7647180428872544,43.15153726157241,30.42110387368909,11,26,30,42,0.40063053715380326,0.18503447928430586
147,0.3007793873014883,0.4842417251955343,0.6741015463554119,0.5074010708561679,0.032880774885958135,3.7577659133605836,42.85258257519761,30.412908560347038,11,26,30,42,0.3810759039029452,0.157206664217262
148,0.3021395404687992,0.4871601247451692,0.6729906848483223,0.5074316148316633,0.03305166533087336,3.75612989184915,42.78253214591325,30.255661552578598,11,26,30,42,0.3643546971027218,0.14201039743820115
149,0.30451227091591965,0.48306162995209945,0.6684660998978875,0.5035169817814978,0.03287110068956522,3.7628490563028905,43.070962936956306,30.421859293487106,11,26,30,42,0.37504988426849717,0.15340386297159192
150,0.3035535887434597,0.4858407359422737,0.6709121844286928,0.5061248792066104,0.03301095102456987,3.7583105412802715,42.87592764471006,30.29297760175723,11,26,30,42,0.36207997445925455,0.13545065177424634
151,0.30406632858158344,0.4783992530978799,0.669791346613365,0.5037320012351199,0.03278814705007354,3.7638284561585613,43.1131672959383,30.49882625184082,11,26,30,42,0.3673078457977493,0.14208401028970888
152,0.30122686365794127,0.48332504145752786,0.670796923151836,0.503604855879042,0.03278070183279393,3.763728550586003,43.10886026542655,30.505753205063975,11,26,30,42,0.38586479367866555,0.1702188008859127
153,0.30333342490240434,0.48412572438985113,0.6727859021675873,0.5056082478815637,0.03295489872902633,3.760117862267226,42.953488275943734,30.34450229152762,11,26,30,42,0.381953867028494,0.16071101311547234
154,0.30548128912938693,0.4830941947644174,0.6714313100769905,0.5048604794472883,0.03309285175321145,3.7601377634775317,42.95434311085336,30.21800621649225,11,26,30,42,0.35477691755128105,0.12627982653808523
155,0.30345472001757356,0.4823677272886296,0.6664329644292236,0.5010980894685249,0.03275209768157721,3.7668693575015384,43.244469721949976,30.53239550401353,11,26,31,42,0.38035757043658713,0.15338777577473317
156,0.30385516156537284,0.4832760589986421,0.6717618281128734,0.5035552276878384,0.0328566254176971,3.7627040543735712,43.06471801700648,30.43526190797988,11,26,30,43,0.37991858887381286,0.1590206786186974
157,0.3030061623070715,0.4786215307745181,0.6680343839138273,0.5023352530543332,0.03277092588308192,3.765358091906832,43.17916520136465,30.514853427325736,11,26,30,42,0.4007103519833986,0.18078998095786772
158,0.3092448356497004,0.4816527785012809,0.6678396039892588,0.5029142993028074,0.03313971717147856,3.761591744993548,43.016843357860324,30.175272613993286,11,26,30,43,0.3682656237528933,0.14565871041104986
159,0.3053930984158451,0.48093881401860145,0.6670882111684697,0.5035499607006482,0.03290049447076483,3.76186964348818,43.02879933507039,30.394679961074555,11,26,30,42,0.3846675712347355,0.16673292060090902
160,0.30068917746749013,0.4853063963710121,0.6725958645438109,0.5077700165106525,0.032912608364889975,3.756864918616051,42.81399001196679,30.383492821759006,11,26,30,42,0.38570516401947486,0.1748383971147558
161,0.30380643024973264,0.47775196543851894,0.6678598229916557,0.5021115200936856,0.032765700097488804,3.7653459530096396,43.178641057098694,30.519720226476743,11,26,30,43,0.39013488706201616,0.1742053195114214
162,0.3070076893029021,0.48264932957149825,0.6693919338280384,0.5041866877691166,0.03307680315921609,3.7606020405346006,42.97429045705048,30.23266774562442,11,26,30,42,0.3958017399632852,0.1809481931532232
163,0.30565930149147386,0.4854465492774401,0.6729597617369533,0.5061734372355526,0.0331868987188521,3.7572515390446055,42.83054597536395,30.132372671265646,11,26,30,43,0.3839093303535797,0.15915272080277637
164,0.3011972510021573,0.48187277903417214,0.6712664984337527,0.5030681643010746,0.03274828019433944,3.7648237193989855,43.156097606462474,30.535954684205088,11,26,30,42,0.36567164179104483,0.14617747935558964
165,0.298720048912406,0.4802896967017673,0.6707986375435326,0.5047492522816306,0.03261976972672745,3.763332891793256,43.09180723962949,30.656255650408117,11,26,30,42,0.39332748024582975,0.17347763242210365
166,0.3039496155864245,0.48122404389212936,0.669687218716208,0.5022242410673091,0.03269686984178372,3.7661872974964012,43.21498445521292,30.583967359532625,11,26,30,43,0.38319099688722175,0.16111196387997714
167,0.3023553587982264,0.4851296058050985,0.6743342557459546,0.5072100271009533,0.032939071190711,3.7578437141325476,42.85591666889846,30.359083114705598,11,26,30,42,0.3670684013089633,0.1462881111230654
168,0.30304299135437707,0.4832414850236673,0.6707440577202558,0.5051224744262702,0.03284309617622167,3.7611322066860184,42.99708001182348,30.44779927673195,11,26,30,42,0.3882592385665257,0.16522920343817357
169,0.30137976004940076,0.4819433159602051,0.6713779918148942,0.5062841844018117,0.032835333225552425,3.759642105470733,42.93305772233609,30.45499776508438,11,26,30,42,0.372415994891851,0.14962371157541474
170,0.30729740732311683,0.4879185472486023,0.6732254126542793,0.5072205438031601,0.03333336390866517,3.754562469615121,42.715526380681176,29.99997248222659,11,26,30,42,0.3896959054992418,0.1762173588220332
171,0.30398883284408296,0.48514616600292526,0.6728819848608828,0.5053595150572194,0.0330675195979881,3.7591715190003336,42.912858759291204,30.24115543461694,11,26,30,43,0.3766860882752016,0.16061017577493866
172,0.30301608928141444,0.48436211838428994,0.672813718419747,0.5062639728071382,0.032982558239928135,3.7587154796962494,42.89329327070134,30.319055081343468,11,26,30,42,0.39013488706201616,0.1734037117661186
173,0.3051919899243005,0.4865831423893201,0.6739069635990751,0.5068470949122175,0.03317516326050438,3.755870848086977,42.771451033139414,30.14303176589089,11,26,30,42,0.373134328358209,0.1474104981272555
174,0.3026420907720832,0.48786160929228833,0.6744384641321189,0.5084635194628617,0.033118960099635386,3.7545437144853584,42.714725252953684,30.19418475071653,11,26,30,42,0.3745310878761274,0.1534756200740871
175,0.3054908386361669,0.4792037129119373,0.6684300922394464,0.5011612974257263,0.03284751652611755,3.7663305477688467,43.22117545693061,30.443701861140248,11,26,31,43,0.3968393327480246,0.17969745137684826
176,0.3007799973153592,0.4794235864133472,0.6683389242689258,0.50081046415779,0.03256785439388071,3.7686944561896993,43.323467214091075,30.705123767314973,11,26,30,43,0.3748902546093065,0.14632037942938272
177,0.301131839124796,0.48079286876546484,0.6714371139282911,0.5025786438818858,0.03270865233433976,3.7659920311149957,43.20654684539343,30.572950232808342,11,26,30,43,0.36866469790087003,0.13582439294975415
178,0.3036002420720507,0.48186166558977434,0.6682831749095666,0.5016877540507212,0.032731190155773485,3.7659610507238606,43.20520831040684,30.551898517616507,11,26,30,43,0.38011812594780114,0.16208272365954252
179,0.30690820121108464,0.48463812979098203,0.6715480484405163,0.5054817600391355,0.03317845982010206,3.7580765709361024,42.865897122630564,30.140036801651746,11,26,30,42,0.38746109027057235,0.16715070953791902
180,0.3053637501374882,0.4851281388953176,0.6735300015069443,0.5084755950756479,0.033207480594594815,3.754167008063107,42.69863737202047,30.113696736233887,11,26,30,42,0.3908931279431719,0.17662519975765467
181,0.29938476889762,0.4828571076377416,0.6727605143176081,0.5062080500015819,0.03281187986661088,3.75988103495469,42.94331692122612,30.476766465843134,11,26,30,42,0.3719371059142789,0.15125900251205365
182,0.30226895653382246,0.4867201976533969,0.6724332684089761,0.506491545437449,0.03305959977391875,3.757505618968726,42.84142973984989,30.248400066504015,11,26,30,42,0.38750099768537,0.1687051224238799
183,0.30226153805777356,0.48427404685354514,0.6749322599765736,0.5071273521311819,0.03303517984073098,3.7576934579434025,42.84947778593059,30.27075998439222,11,26,30,42,0.3616010854816825,0.13984179333558489
184,0.30557584319058584,0.48075031425518333,0.6721422375620557,0.5046174911050604,0.0329776199966376,3.7613474276621446,43.00633488123949,30.323595217058116,11,26,30,42,0.3641950674435311,0.14862432150350852
185,0.30548171066663343,0.48008708987704685,0.6709658935563264,0.5060273876318498,0.03295217604796333,3.7596315686570367,42.93260534708876,30.347009512951633,11,26,30,42,0.37046053156676517,0.1553146426979052
186,0.3053895707658128,0.4903315630192322,0.6742466140761048,0.5095014989002423,0.03331418713805959,3.7515804679869116,42.58833834318148,30.01724147900809,11,26,30,42,0.38091627424375457,0.15897543758464044
187,0.30471728122185376,0.48560553084508085,0.6728789142763014,0.5062704809992242,0.0330410085627885,3.7581444967173727,42.86880892107445,30.265419958342967,11,26,30,42,0.39883470348790817,0.18358953880396042
188,0.301507414786186,0.48483546374083675,0.6729082027982861,0.5043929099099197,0.03286056447293597,3.7619431589114516,43.03196273174417,30.43161357814173,11,26,30,42,0.38187405219889864,0.15838700840843678
189,0.3056847814497649,0.48392278226871926,0.669273994249348,0.5042759598857116,0.03293697737615633,3.7614809532990567,43.01207771289486,30.36101305166873,11,26,30,42,0.3780030329635247,0.16231428428607944
190,0.3042050459958811,0.48700021185158865,0.6736487824128474,0.5067533155921424,0.033184639128886584,3.756190722627417,42.78513471979742,30.13442442800348,11,26,30,42,0.38861840529970476,0.17166985817299013
191,0.30608498194034756,0.4829741318876985,0.6706227505375542,0.5061056149125835,0.03312758266606788,3.758162030924345,42.86956059823273,30.18632569964986,11,26,30,42,0.35573469550642517,0.13406974961498952
192,0.30429510485429484,0.4819555280908224,0.6720454722774452,0.5042542379793065,0.03295663892191334,3.7614417239151967,43.01039040868381,30.342900025981887,11,26,30,43,0.381953867028494,0.16986730513701542
193,0.3040595449078364,0.481674623231349,0.6663932679030699,0.5014860098820296,0.03281032706133033,3.765584956858892,43.18896215185839,30.478208831346343,11,26,30,43,0.37592784739404583,0.15374907081266428
194,0.3018627825845194,0.4858755359011893,0.6706031190708945,0.5064470361644154,0.03292758573083973,3.758049820457993,42.86475045472497,30.369672656061372,11,26,30,42,0.37768377364514333,0.1611183406602609
195,0.3008196536883756,0.48777604429020727,0.6732701210547127,0.5052870571143299,0.03288306077012079,3.760249571686168,42.959146027507494,30.410794390181902,11,26,30,42,0.3784819219410967,0.1527337214758009
196,0.30112499002101345,0.48495489277345305,0.6721089122484477,0.504575761789683,0.03282058086312504,3.762067894508879,43.037330684104404,30.46868683313072,11,26,30,42,0.40083007422779154,0.18803479318003694
197,0.3048617649878034,0.47947307719800925,0.6667666416744128,0.5002321728672914,0.032665668224614086,3.768619851238598,43.32023518950204,30.613180576128077,11,26,30,43,0.3837097932795914,0.15958091658175325
198,0.3032659589873835,0.4870502491292454,0.6751808299609343,0.5080997724570515,0.03314721848304636,3.7550718992195895,42.73729247806642,30.168443862385164,11,26,30,42,0.392090350387102,0.17685314868438526
199,0.30754329613015885,0.4860931775221869,0.6728289948819661,0.5075205525488504,0.03318303197170419,3.75542429970679,42.75235577475799,30.13588393166481,11,26,30,42,0.36427488227312643,0.14413150738416686
200,0.30379717976363413,0.4825013908878482,0.6741418813788095,0.5062620374940136,0.03288882697387958,3.7594194139992823,42.92349796101619,30.405462645238263,11,26,30,42,0.3723361800622556,0.15959913664086572
201,0.30339692128375667,0.4762455337422977,0.6658233069888284,0.4995439051509662,0.03258917961230739,3.7699993559843796,43.380036898421245,30.685031409086083,11,26,30,43,0.3609625668449199,0.13391226180228002
202,0.3025123603862705,0.4813094098382072,0.6696871231443022,0.5041346986624912,0.032705662970111106,3.7628045379716277,43.06904553224062,30.57574466274771,11,26,30,42,0.3842285896719611,0.15649948901697822
203,0.30037028530710835,0.48658625087318363,0.6730872088756014,0.5062619389982053,0.03289888735138448,3.759004945617019,42.90571121453184,30.396164749259132,11,26,30,42,0.3888179423736931,0.16970992927400524
204,0.305952947527827,0.48440876679750566,0.6702456399688596,0.5048099575988503,0.03303659931083618,3.7599444815441823,42.9460416146616,30.2694593529787,11,26,30,42,0.3928485912682577,0.18113120373879096
205,0.30509839878562195,0.48737163258883637,0.6721149750350546,0.5058802688485365,0.033111943288190844,3.757456648427135,42.83933182320147,30.200583254702643,11,26,30,42,0.3754888658312715,0.15155517580145367
206,0.3013237235474088,0.487057532651649,0.6738467280284929,0.5068834683994566,0.03307229681631785,3.7569825403666424,42.819026164596536,30.23678716824411,11,26,30,42,0.36395562295474504,0.13150659901263606
207,0.3034154999933969,0.4895383794724659,0.6709529393812629,0.5064753476212193,0.033127988399713315,3.756136560086465,42.7828174309417,30.185955993894694,11,26,30,42,0.3815547928805173,0.1604252713390805
208,0.30514784739967765,0.4869460516725315,0.6718877669894412,0.5053303648743204,0.033010929856538807,3.7593092558598755,42.918769848768775,30.29299702692016,11,26,30,42,0.3687445127304653,0.15310523641665183
209,0.3070671670302011,0.4847354588524637,0.6691209354975617,0.5036600396332993,0.03309821746688297,3.7610167856063166,42.99211752881757,30.213107427932286,11,26,30,43,0.37397238406896005,0.1473202914159784
210,0.30300375449831785,0.4843754813362053,0.6706408766378403,0.5047087908704931,0.0329669573161735,3.760914305758247,42.98771192889148,30.333402940689425,11,26,30,42,0.35769015883151095,0.1345479332492759
211,0.30144797122662176,0.4815171556187525,0.6685158429786526,0.5031469805313201,0.032684505352093565,3.76496357882436,43.162133815575636,30.59553721947168,11,26,30,42,0.3827520153244473,0.1640462378676126
212,0.30721637447226846,0.47914029042321127,0.6684720178744974,0.503768026563099,0.03300065000575163,3.7617025645267654,43.021610728515746,30.30243343163579,11,26,30,42,0.39201053555750665,0.17904613634342775
213,0.30686977805675725,0.4832263639858236,0.6701683668364727,0.5032080868777515,0.033060795485875705,3.7619988380983895,43.0343587831459,30.2473060706365,11,26,30,43,0.38590470109346325,0.16178316533218562
214,0.30477119776146144,0.4821369097869066,0.6707868359786682,0.5053678806632231,0.032979936788220435,3.759338626836512,42.92003043346749,30.321465029525882,11,26,30,43,0.3851464602123075,0.16571774456049698
215,0.3017274515794016,0.483969833883019,0.6695685634712285,0.504232358258537,0.032746622253973914,3.7623761450387563,43.050599008971304,30.537500699897272,11,26,30,42,0.39460451751935516,0.17998476992649237
216,0.3011762064872078,0.4865439706730901,0.6728332618453698,0.5066605812070951,0.03293191013252842,3.7579771662263215,42.8616362623459,30.36568471053406,11,26,30,42,0.38043738526618254,0.16237506402727625
217,0.30132581259970564,0.47682992193130336,0.6677824149249862,0.500906813526088,0.03253732205115258,3.769082756859306,43.340293011942855,30.73393681348083,11,26,30,43,0.3764865512012132,0.1522287313639086
218,0.30269843631493826,0.4787414568599345,0.666499782063376,0.50121876324777,0.03259441775197954,3.767887047549302,43.28850159000347,30.68010012049586,12,26,30,42,0.36942293878202576,0.1502170615364024
219,0.2992116147632892,0.47923130264931607,0.667405698642905,0.5017324315678441,0.03249302215793188,3.767702597617096,43.28051776515052,30.775838428925262,11,26,30,42,0.38287173756884035,0.15633106204972824
220,0.3065288349836304,0.4828031853040078,0.6709006844282297,0.504876393736869,0.033127787495504074,3.7592910544247533,42.91798867267313,30.186139057300903,11,26,30,43,0.36674914199058195,0.15216263813006706
221,0.3041088407068422,0.48820403280916036,0.6743731425693157,0.5099896520306928,0.03318266484582501,3.7523086833963633,42.619363122416054,30.136217348614135,11,26,30,42,0.36966238327081175,0.1495988564825117
222,0.30581921456322986,0.48414936472258263,0.6707020436542873,0.5062126234572795,0.03304312899165842,3.7581163504982804,42.86760234316671,30.263477779372685,11,26,30,42,0.37058025381115817,0.1472308360627779
223,0.30395442880557855,0.4938945724961927,0.6798791537077609,0.5134088137079456,0.033487083954688864,3.7452143288515574,42.31807623160638,29.86225977015774,11,25,29,42,0.37788331071913167,0.1666604492253924
224,0.30111973143228354,0.4798595982450576,0.6671439356384427,0.5012676261756902,0.03269793396845181,3.766969083233892,43.2487825234083,30.582972030123905,11,26,30,43,0.36746747545694,0.13877089609827223
225,0.3028577099706473,0.48111959399756077,0.6706765855615531,0.5036529366329213,0.032916545990480356,3.7630203255443333,43.078340299846374,30.379858211405455,11,26,30,42,0.36523266022827044,0.1478511215535672
226,0.3076574686731161,0.48631244782445715,0.6743323625863892,0.5090245810884078,0.03327896252100884,3.752955758291192,42.64694996674079,30.049013678497488,11,25,30,42,0.38706201612259566,0.18002671739765477
227,0.2994534304466119,0.47903619487437654,0.6703935724748791,0.50251543392786,0.03258326998370545,3.7669005663641593,43.24581935372477,30.690596754103854,11,26,30,42,0.3713384946923139,0.1487065538343981
228,0.3008713365166785,0.48578819869104456,0.6725336921360081,0.505817811346599,0.03282479333541382,3.7601806696436415,42.95618615657274,30.464776724766942,11,26,30,42,0.37026099449277683,0.1463961218603957
229,0.3019914003300307,0.4859026555663769,0.6715179914321341,0.5044935435191977,0.032944013099200524,3.7607479359242655,42.9805606652884,30.354528969765003,11,26,30,42,0.377723681059941,0.15299451952258314
230,0.3038781644567274,0.4791829581316814,0.66849264639062,0.5020167127911238,0.0328278385354858,3.7653327377661454,43.17807044461377,30.46195072877044,11,26,30,43,0.40007183334663593,0.18456886732240235
231,0.3053257334151975,0.482885965245996,0.6702190823310785,0.5055122240682991,0.03306408796302983,3.758774663365021,42.89583192828559,30.244294084813006,11,26,30,42,0.37544895841647385,0.1516657180659021
232,0.30364221623435966,0.48504306502152056,0.6697384958679072,0.5033751953472629,0.03288615243841635,3.762906315765053,43.07342922773746,30.407935433390445,11,26,30,42,0.37417192114294845,0.1463125519672467
233,0.3006364770420219,0.4816503879796287,0.6694267150898389,0.5049432178952874,0.03276979299760559,3.760945970185879,42.98907313173567,30.515908357219946,11,26,30,42,0.3949636842525342,0.17764851446983534
234,0.30122201787646186,0.4845140222545199,0.6697217201912646,0.5048032685417476,0.03287992908078179,3.7609918991461493,42.99104762051035,30.413690903746403,11,26,30,42,0.39181099848351825,0.17069820051060597
235,0.3017978322741387,0.4828027634312283,0.6694778036574218,0.5029130667538901,0.03279931027947962,3.7639988493342575,43.120514111334,30.48844599106203,11,26,30,43,0.38873812754409776,0.1674559552261184
236,0.30209203673199303,0.4897698499898944,0.6754275627525441,0.5078847798149064,0.03309065883473395,3.7548487639383463,42.727757344141715,30.220008764235896,11,26,30,42,0.35741080692792726,0.1390853446120874
237,0.30185733816825117,0.47676743730563287,0.6659755729670623,0.4999447750812079,0.03264889741976589,3.7691992561784007,43.345342420688745,30.62890569145506,11,26,31,43,0.3730545135286137,0.15008846070502563
238,0.30880991109498884,0.48320959623386733,0.668865692913599,0.503468455766766,0.03312720814297124,3.7611204537108356,42.9965746711788,30.18666697429421,11,26,30,43,0.37357330992098337,0.1558106888941561
239,0.2999694517392679,0.48345764062985874,0.6709287219194668,0.5030202372321193,0.032818758411809444,3.763853458478673,43.11424523862353,30.47037878313403,11,26,30,43,0.39041423896559985,0.16539246294337945
240,0.3014943420966343,0.4904565729794254,0.6747011458884681,0.5082683309468006,0.03320018501923796,3.7540447219316744,42.693416240081326,30.120314071157935,11,26,30,42,0.38945646101045583,0.1723694706954431
241,0.303561398100584,0.48096416447249307,0.6686968487638537,0.5018811135369067,0.03277671800731447,3.7657240422996376,43.19496952545404,30.50946100756151,11,26,30,42,0.38063692234017094,0.1552259846072439
242,0.30286414852728843,0.4810675018872137,0.6708375139475401,0.504353530601947,0.03282171183925038,3.7622147555930967,43.04365165729163,30.46763693794099,11,26,30,42,0.37237608747705325,0.14989958297900044
243,0.3047578018394529,0.4862265916684315,0.6726873582434203,0.5063346399912496,0.03309362644021267,3.7578958146796,42.858149543767844,30.217298844737115,11,26,30,42,0.3861441455822493,0.16290082357296362
244,0.3027913199845024,0.4824899688620739,0.673237842907198,0.5059208105386809,0.032932755135913136,3.759582257145666,42.930488327629156,30.364905574192335,11,26,30,42,0.39173118365392295,0.16835214803571188
245,0.30236091794278114,0.48154120280077817,0.6718947624749634,0.5054806841265096,0.03282952001399209,3.761167966948601,42.998617626187574,30.460390513592504,11,26,30,42,0.36758719770133297,0.14298566524202158
246,0.30829425248849707,0.4850245642643126,0.6720971620519821,0.507135252284042,0.03335010117910049,3.7549115678383207,42.73044089820803,29.984916526330363,11,26,30,42,0.36778673477532126,0.14982459952814633
247,0.3044363923441558,0.47881613529284894,0.6670691534465997,0.5022441261115071,0.03288512963191645,3.76460506845462,43.14666251649895,30.408881193202184,11,26,30,42,0.3873413680261793,0.17438933639421844
248,0.30175142423628354,0.4821081203750551,0.6674886899043039,0.5018037800194982,0.032834501728566175,3.764642427268753,43.14827445475422,30.455769003797464,11,26,30,43,0.3884986830553117,0.16652849972294886
249,0.3009739051969396,0.48157493723088035,0.6736263632837484,0.5050144302993009,0.032757886148418174,3.7619541946672523,43.0324376245969,30.52700029144855,11,26,30,42,0.3716178465958975,0.14967411770070738
250,0.3033238523230981,0.48774919279583545,0.6751592447195325,0.5084614089069988,0.033100508674181385,3.755288561807479,42.74655305362801,30.2110160856835,11,26,30,42,0.3849868305531168,0.16619502478887135
251,0.3020634851712281,0.48762760685004697,0.673959085653391,0.5057119952502634,0.032941857800905354,3.7591108555645727,42.91025559679973,30.356514986004118,11,26,30,43,0.37504988426849717,0.15102944388784534
252,0.30388566580129156,0.4860477472206399,0.6708858464207477,0.5062902379145585,0.033155374302597844,3.756917381624852,42.816236221622525,30.16102279145877,11,26,30,42,0.38945646101045583,0.17507177932641158
253,0.3045322981930042,0.4796250063162408,0.6689702135817943,0.5007799853607734,0.032729352007684925,3.7677183545126876,43.281199737122954,30.55361437541439,11,26,30,43,0.36926330912283506,0.14016590889280447
254,0.3019045534008637,0.47821233997002965,0.6676746283614846,0.5026403976339588,0.03270428991967567,3.765392710059022,43.180660010150646,30.577028348760336,11,26,30,42,0.3636363636363637,0.1376555913017768
255,0.30258326720234446,0.4851668966371627,0.6751504701366614,0.5068531442561263,0.032947947023850725,3.7583297213478883,42.87675001578796,30.350904694490037,11,26,30,42,0.37050043898156276,0.14349532297151363
256,0.3026140083000296,0.4809171356111778,0.6703880856108599,0.5036300042565788,0.03276517351864467,3.7638642192952383,43.11470918560412,30.520210717973484,11,26,30,42,0.38490701572352154,0.16650285316637828
257,0.3048510827397733,0.48690040684004443,0.6751220671803994,0.5101568596698367,0.03327729478627396,3.751460875355022,42.58324539625675,30.05051962374281,11,25,30,42,0.36511293798387745,0.143674074789714
258,0.30435227347151483,0.48721523570182523,0.6728813032163697,0.50838535062253,0.03317836065900904,3.7541895092236177,42.69959815172286,30.140126882021413,11,25,30,42,0.37596775480884354,0.15803611336869872
259,0.29910616141683133,0.4832419904299905,0.6703445203341792,0.5034204770144273,0.032602011266851715,3.7650020148728633,43.16379282932725,30.672954248585143,11,26,30,42,0.39943331470987314,0.1775607705099528
260,0.30506489567422834,0.48435695794264505,0.6706537854075768,0.5059344913530602,0.03307179843789435,3.75800453584778,42.86280938515938,30.2372428242118,11,26,30,42,0.3793997924814432,0.1602512764333993
261,0.30280255071186624,0.48297256224533996,0.6695480218849214,0.5033081604593995,0.03277523952939516,3.7636318585280133,43.1046921825234,30.510837277119794,11,26,30,42,0.37217655040306497,0.14278081870041792
262,0.3081927312075635,0.48639986696290977,0.6736867105551423,0.5091316630439779,0.033244177733100955,3.753485770456715,42.66955936014311,30.080455231242137,11,26,30,42,0.3755287732460692,0.16308908616880544
263,0.30410088282473746,0.47890310094615873,0.6656663409392627,0.49909613929741,0.03268300605589322,3.7698306463003886,43.37271888343195,30.596940755383347,11,26,31,43,0.39308803575704376,0.17225583962369043
264,0.3027810226780442,0.48417864706902164,0.6709677509231211,0.5041126327887508,0.032911765047215526,3.761621925457885,43.01814164575854,30.384271356014807,11,26,30,42,0.38606433075265395,0.16721724434479618
265,0.304338965566494,0.4852396692890189,0.6733184621348574,0.5062941705427799,0.032986601845629425,3.758840773537298,42.898667872865694,30.31533847226205,11,26,30,43,0.37153803176630223,0.14367153686709508
266,0.3030998628932035,0.48131080633471673,0.6675447736104536,0.5036338433939352,0.0327641057566351,3.7635427114890203,43.10084969812422,30.521205352826968,11,26,30,42,0.3811557187325406,0.15619148124471965
267,0.3069502835128155,0.48096288458224984,0.6653944180666612,0.5013385854952659,0.03293260343619725,3.7650869451685436,43.1674588986929,30.365045446144986,11,26,30,42,0.36850506824167933,0.13908435405584746
268,0.30479111211396537,0.4841456283356237,0.674307015538494,0.5071467968843439,0.033103209128169414,3.7565575483144156,42.80083228519341,30.208551567559134,11,26,30,42,0.37069997605555116,0.1515860574089714
269,0.30585091180569773,0.48658432566814913,0.6735705917146589,0.507734631651814,0.033163997392487904,3.755136826795931,42.74006739696983,30.153180515763566,11,26,30,42,0.3823928485912683,0.16084171584613094
270,0.3040053685018249,0.48511650862836037,0.6667988554208553,0.5017211767202602,0.03279140885935138,3.7650345414692996,43.16519682343072,30.49579248909954,11,26,30,43,0.382073589272887,0.15187279589085895
271,0.3005744563928682,0.4818445163460369,0.6718730355401595,0.5034730105522656,0.032768355544222964,3.7635127527197745,43.09955846905573,30.517247002231677,11,26,30,43,0.367228030968154,0.14475306878460864
272,0.30595473370503967,0.48316252080914407,0.6702055118378529,0.5052631916942162,0.0331208254109993,3.758865794476839,42.89974125126935,30.192484263025158,11,26,30,42,0.37612738446803423,0.15895032307716292
273,0.30317888036078633,0.4851299789062345,0.6708290573720823,0.5034272250715953,0.03296644342026198,3.7620072323873175,43.034720027503546,30.333875791568573,11,26,30,43,0.3843084045015564,0.1608401322048224
274,0.30422219556172153,0.48314468165446744,0.6690708614171544,0.5023822690317339,0.03283531407249619,3.76439919713775,43.13778077054787,30.455015529686346,11,26,30,43,0.3808763668289569,0.15773018920258597
275,0.3024086380056147,0.482364238545184,0.6713539121582461,0.5047471928368542,0.03288846265662913,3.760898740313103,42.98704281122716,30.405799457410513,11,26,30,42,0.36926330912283506,0.1433586979744062
276,0.3011728699666348,0.4832524270600971,0.6721408164912023,0.5045368958440862,0.032856954866064006,3.7619258577596852,43.031218235666486,30.43495674131508,11,26,30,42,0.3909330353579696,0.1722389664749416
277,0.30568434524289284,0.4835096959312798,0.6711325728246128,0.504351158605547,0.03296051787713212,3.7610835717829616,42.9949889038562,30.339329124855656,11,26,30,43,0.36471386383590076,0.13944972262779604
278,0.3070385456515247,0.48389728351194894,0.6707189658745186,0.5036110536664288,0.033072825104935234,3.761531912806732,43.01426964304857,30.236304181065464,11,26,30,43,0.38474738606433084,0.16866292355869358
279,0.3036050857493839,0.4841440451059906,0.673479766768181,0.5068007151304251,0.033050222331398475,3.757880229937121,42.857481615748824,30.256982539266517,11,26,30,42,0.38343044137600774,0.16526587287665867
280,0.3051380783263283,0.48282487569307303,0.6708431329918267,0.502723872944182,0.03282941796892567,3.764531009328813,43.143467230712986,30.460485194910834,11,26,30,43,0.36527256764306815,0.14042096692656172
281,0.30289104601085465,0.4916863299282286,0.6762918215731406,0.5094126668953997,0.033243393670225115,3.752229035587061,42.61596871868971,30.081164694555937,11,26,30,42,0.36140154840769423,0.13883470814937757
282,0.30394321249478345,0.48258461545426845,0.6689987712270903,0.5025257361263726,0.03300023676321698,3.76261100272048,43.060710960239604,30.30281289116777,11,26,30,43,0.38339053396121003,0.16858145526489246
283,0.30114518474382024,0.4840884457576921,0.6722745992077243,0.5072459716662487,0.032983446470137956,3.7571712695953075,42.82710812900424,30.31823860206254,11,26,30,42,0.37121877244792084,0.153551290961655
284,0.3048684860159573,0.4818686641748541,0.6693783556197483,0.5045309814990944,0.03301543618112348,3.7604986268753064,42.969846558202626,30.28886229198899,11,26,30,42,0.3723361800622556,0.14892591303341088
285,0.3010299666342251,0.4820077813141444,0.6699192155526911,0.5046267058866192,0.03280523831908704,3.7616020134398416,43.01728507627394,30.48293660522414,11,26,30,42,0.36407534519913803,0.13294855541300624
286,0.30151827791160496,0.4786510246438782,0.6674110769405633,0.5017626564206388,0.032548322619716165,3.767642808103752,43.2779301214138,30.723549464704195,11,26,30,43,0.38203368185808934,0.15888457423268293
287,0.30642025092037717,0.4846260127748176,0.67301353237269,0.5072821905944516,0.03318551686656825,3.755879610339875,42.77182580905212,30.133627389947925,11,26,30,42,0.3763668289568202,0.15820172596321155
288,0.3017601301094557,0.48522986089899944,0.6708971415152432,0.5041892161381804,0.03288121540015306,3.7616342363117865,43.018671239075324,30.412501114400566,11,26,30,42,0.3734136802617927,0.14463659647224605
289,0.30324717721339806,0.4844875388126334,0.6715423407940894,0.5059838135824923,0.03302826250264942,3.758477447514816,42.88308450159124,30.277099799596886,11,26,30,42,0.3848272008939262,0.16396384085683785
290,0.30634701448227186,0.483586872358702,0.6707847330294874,0.5040491545524486,0.033190148667292,3.759653698197361,42.933555436422495,30.12942213740287,11,26,30,43,0.3623194189480406,0.137808148051001
291,0.30359280651747256,0.48413025835629014,0.6710025159438344,0.505818354106589,0.03298185145508348,3.758995885006072,42.905322464336294,30.319704803772332,11,26,30,42,0.3744512730465321,0.152592945416874
292,0.30161947665235794,0.48601136605687933,0.6737819925782746,0.5070990685567769,0.033031015949540145,3.7569062503031705,42.81575962297655,30.274575917605766,11,26,30,42,0.3796791443850268,0.1595817808938334
293,0.30444609336469863,0.47684127770168094,0.6648343610075031,0.5004020531771085,0.032648904340717155,3.768551069407432,43.31725564686953,30.628899198705373,12,26,30,42,0.397637481043978,0.17941813454686417
294,0.3042688909897022,0.48210681311167214,0.6690517211561651,0.503714528582755,0.032894528699987,3.7628333360498347,43.07028585584154,30.400192357837163,11,26,30,42,0.3732939580173996,0.1485495831536898
295,0.30248969997133696,0.4830580528834958,0.6724309571232597,0.5053099272345699,0.032889560421399205,3.760395061498492,42.96539660028693,30.404784593878663,11,26,30,42,0.3689041423896561,0.14529166770763563
296,0.30360741701761906,0.4794976243207995,0.6694621539933664,0.5026599024300031,0.03272242382754249,3.765146237318966,43.17001846603965,30.56008336272141,11,26,30,43,0.3690238646340491,0.15448541779510852
297,0.30816598668558465,0.48436656452513277,0.6701172963291401,0.5050560570001084,0.03312701355777746,3.7589061818950595,42.9014738960491,30.186844288148123,11,26,30,42,0.3786814590150851,0.16211543476917054
298,0.30305989428789526,0.47878798921672727,0.6669722654773348,0.5002932343767785,0.03267669243409404,3.7686823379228085,43.3229422119338,30.60285253830113,11,26,30,43,0.38774044217415604,0.16070466634600952
299,0.3031492319894638,0.48606277216039273,0.6745431451939995,0.5093276060381657,0.033105512836915485,3.7538379415041323,42.68458898990071,30.206449449256507,11,25,30,42,0.38957618325484883,0.17833471016663618
300,0.3038249978158534,0.47714230771992866,0.6673500331991133,0.5001870887156649,0.03262369954924315,3.769160527670202,43.3436637527458,30.652562824475847,11,26,30,43,0.3732939580173996,0.14490101171246372
301,0.3025400582460812,0.48327829396303085,0.6694342508038588,0.5042082113761023,0.03284196699960402,3.7619636215986776,43.032843290347536,30.44884613677546,11,26,30,42,0.3864634049006306,0.1651689601620737
302,0.3005069244569461,0.4823688427672433,0.6698926680030549,0.5036656961955667,0.03279337836641337,3.763214862011564,43.086721423173096,30.493960970614403,11,26,30,42,0.3836299784499961,0.16558226863904296
303,0.3052556512652266,0.4858137113570749,0.6694279551279584,0.505408907196225,0.03307174708800965,3.75840814188141,42.88011256524461,30.237289773014616,11,26,30,42,0.3898156277436348,0.16245602855108637
304,0.2981760634924254,0.48143869247617194,0.671707867980807,0.5051063969878967,0.032530284600406995,3.763246170161586,43.08807040982839,30.740585650685908,11,26,30,42,0.3852661824567005,0.16377195639046557
305,0.30542961026457927,0.48545684419570967,0.6748351947567056,0.5075093956521035,0.03317193293926138,3.7562386779207313,42.78718654267988,30.14596712923014,11,26,30,42,0.3749301620241041,0.15488253947774816
306,0.30113084378181854,0.47988449297819413,0.6697346655781132,0.5025840547934515,0.03271030110758521,3.7655847722673847,43.1889541795435,30.57140919342101,11,26,30,42,0.3853859047010935,0.16393481945164487
307,0.30311823084079853,0.48583679692715354,0.6715053825810989,0.5062985596777483,0.03299301637822399,3.758309827552534,42.87589704298216,30.30944453626916,11,26,30,42,0.38873812754409776,0.17242871309907157
308,0.30197721983959325,0.48628743577391476,0.671425182677342,0.5070952943496942,0.03298293346948823,3.7571341803765614,42.82551973447892,30.318710157332653,11,26,30,42,0.3822332189320776,0.16332042657906323
309,0.30105423450313556,0.47893221570860045,0.6670941670992401,0.4994439298913979,0.03257983890483805,3.7703736785386,43.39627806416293,30.693828871311627,11,26,31,43,0.3863037752414399,0.1643489765135419
310,0.3021482412048736,0.4828822606013194,0.6695475975164364,0.5033763403767442,0.032815946249674016,3.763201798598584,43.086158567213616,30.472989941892465,11,26,30,43,0.3888179423736931,0.16455414386987485
311,0.30129028532471186,0.48117719426683525,0.6689554393569,0.5023907386079361,0.03265122230700452,3.766148521064203,43.213308764787115,30.626724800604922,11,26,30,42,0.36052358528214545,0.12856584854225184
312,0.3019423452035127,0.48423320423008764,0.6691764326982058,0.5027323537606502,0.03273365812697105,3.7646005173350425,43.1464661513253,30.549595041320643,11,26,30,43,0.37405219889855545,0.15042856879519495
313,0.3055974735206516,0.4840776327838801,0.6730519542566643,0.5066439540713653,0.03312675362313634,3.756965658456018,42.81830330372545,30.18708115429643,11,26,30,42,0.3720568281586719,0.15198461281868988
314,0.3007233053868095,0.4831803602989484,0.6707238236760579,0.504106673853556,0.03278502173974909,3.762831893134541,43.070223709112206,30.50173362513235,11,26,30,42,0.38438821933115175,0.153119349109602
315,0.3031775565955278,0.48733916857058374,0.6737604143031172,0.5052417284104258,0.03300870888944411,3.7599389703207775,42.94580493008412,30.295035269307093,11,26,30,42,0.3800782185330035,0.15638682902708131
316,0.3040237624555391,0.4838648091245677,0.6723173010664012,0.5039017640525395,0.03298718488775678,3.761714096458111,43.02210685363767,30.3148026545045,11,26,30,43,0.36850506824167933,0.14515400648216534
317,0.3011928219486737,0.4800340173559583,0.6689922435918094,0.50254688954917,0.032604214414427006,3.7661558974860347,43.21362752555695,30.670881601045753,11,26,30,42,0.36535238247266344,0.13759247371944025
318,0.29859894057599645,0.48258375382622726,0.667951784094707,0.50248471832231,0.032627241921917786,3.7653462311071637,43.17865306497354,30.64923484470922,11,26,30,42,0.3707398834703488,0.14500839285906808
319,0.30424213874209044,0.482163243159755,0.6704818464341524,0.5040304308477334,0.03291555279602982,3.7624651648719243,43.05443153669582,30.38077489376442,11,26,30,42,0.37812275520791766,0.15475841406994736
320,0.303547474188667,0.4875387588433344,0.672852564139849,0.5061196109663822,0.033143844493887735,3.757317643709705,42.833377367844776,30.171514960626137,11,26,30,42,0.38989544257323017,0.17149549876442916
321,0.30264872320921576,0.48406574674892017,0.6725062304397332,0.5051131287942652,0.03295297228518846,3.7602424742781677,42.958841130002774,30.34627624317443,11,26,30,43,0.3728549764546253,0.1514422672514608
322,0.30623793209483735,0.48242418632500333,0.6728770491666302,0.5062787718448096,0.0330610504714416,3.7585714076332377,42.88711399059197,30.247072786262734,11,26,30,42,0.3744512730465321,0.15125272414412635
323,0.30121634482743254,0.4830487385676818,0.6701424745895989,0.5030933132843443,0.03268110645024513,3.76476825046615,43.153703850173066,30.598719217858655,11,26,30,43,0.3782823848671084,0.15071735487971924
324,0.30311131390448665,0.48507999356767795,0.6738105870088287,0.5080486371927069,0.03309243103706182,3.755215596615195,42.74343415695182,30.218390389030397,11,26,30,42,0.38470747864953314,0.16782542581469856
325,0.3024344570016391,0.4805524513475251,0.6687014002574976,0.5016522393448491,0.03267343735328036,3.7667407052607804,43.23890658188275,30.60590133776058,11,26,30,43,0.373613217335781,0.14336224520099874
326,0.30401120444206364,0.4862151324230436,0.67356450874295,0.5064782390143646,0.033074974939110616,3.7577896106086746,42.85359807551046,30.234338857125373,11,26,30,42,0.38642349748583293,0.16906469690812964
327,0.30378533011536846,0.47718181817634736,0.6676125837018329,0.5029166907113708,0.0327833645901655,3.7647075180739846,43.1510831020904,30.503275441715473,11,26,30,42,0.3723361800622556,0.1513047875164458
328,0.30201122445219103,0.48491130798582494,0.6711043428778335,0.5070955716895935,0.032898385734094295,3.7577733626215113,42.85290179645561,30.396628213999218,11,26,30,42,0.3752095139276878,0.15691964894833887
329,0.30670059230030294,0.48115643399501895,0.6709433475361564,0.5054188570027194,0.03302227594436743,3.7594343497864666,42.924139062034605,30.282588689062447,11,26,30,42,0.3716577540106953,0.14504628735346978
330,0.2997558917828096,0.47834970685327216,0.6663929565648667,0.4990628216735266,0.03253338400967374,3.770992671456196,43.423148368340705,30.73765703877137,11,26,31,43,0.3926091467794717,0.17366919168706454
331,0.30312537234129133,0.48200666145321697,0.6702484627677575,0.5036740536804077,0.0328736848338684,3.7630335780331796,43.078911198853625,30.419467883008398,11,26,30,42,0.3817543299545056,0.15829409052366297
332,0.304435526539771,0.4812169390256294,0.6693309978472943,0.5032294006072568,0.03292020360408292,3.762906023601272,43.07341664324337,30.376482843987493,11,26,30,42,0.37696544017878525,0.15068987893919397
333,0.3045120991909068,0.48375722667035786,0.6722646649215659,0.5051857588476254,0.03297138514082216,3.7604323651931337,42.96699939821683,30.329329378458272,11,26,30,42,0.3928485912682577,0.17612292939852156
334,0.30104393655248307,0.4785390898540626,0.6667225593260441,0.49991136106479245,0.03266079559933272,3.768601022735967,43.319419542018544,30.617747720157514,11,26,30,43,0.37417192114294845,0.1500961498942356
335,0.30742203905313553,0.4788679838607814,0.6680130122579053,0.5027709094284769,0.03299074723352413,3.7633774975711627,43.09372942608282,30.311529257628706,11,26,30,43,0.3731742357730067,0.15196823552621527
336,0.30620174798841243,0.48867301555568027,0.6750825172928198,0.508460277647036,0.03331354133318101,3.7534802130973404,42.66932223072631,30.01782338294903,11,26,30,42,0.39217016521669734,0.18295893527884374
337,0.3019054920310607,0.4838457452382339,0.6696922390288714,0.5045915873439653,0.03285858206424867,3.761287019784104,43.00373703827289,30.433449564095348,11,26,30,42,0.3749301620241041,0.15441414179815202
338,0.3009367452713955,0.47732114449343815,0.6673880278933746,0.502169812555169,0.03250979845925392,3.7675894193830315,43.275619629766844,30.75995691739977,11,26,30,42,0.3927288690238647,0.17171996094703418
339,0.30291200491416975,0.4806377803807414,0.6712662555569309,0.5029959421604766,0.03278420342951798,3.7643695104447503,43.13650017150191,30.502494963767457,11,26,30,43,0.3678665496049166,0.14686898236524984
340,0.29995110490499016,0.48228003704148165,0.6700377044371434,0.5027622222273346,0.032770654678700495,3.7648747613415647,43.15830043373626,30.515105963078504,11,26,30,42,0.3573708995131296,0.1296959849574289
341,0.3025317142553727,0.4867250733142441,0.6757807387287629,0.5101953404144022,0.033116304941041334,3.7523551315345562,42.62134275845891,30.196605623131916,11,25,30,42,0.387620719929763,0.16574873449126065
342,0.30227599390947846,0.4817445760203977,0.668880094662999,0.5012272172001372,0.03268204587288325,3.7668474147296007,43.24352082882401,30.59783967899372,11,26,30,43,0.36391571553994734,0.1444053422647102
343,0.30134741028583967,0.4876604440903773,0.6743966364978153,0.5077296793422496,0.03306360010007701,3.755744848762422,42.76606219870089,30.244740348092673,11,26,30,42,0.36742756804214227,0.1385251792273211
344,0.30219677643179255,0.4829175187335242,0.6717042315029875,0.5048218933275841,0.03280304157887708,3.7616777568009145,43.02054347342927,30.484977973625824,11,26,30,42,0.3842285896719611,0.1630109908844484
345,0.30443928427454986,0.4871130489888871,0.6739752321912296,0.5079412496476478,0.033186431798223344,3.754638366255995,42.71876846867687,30.132796622429762,11,25,30,42,0.3755287732460692,0.15092644963235852
346,0.30319648403143806,0.4804923419584955,0.6706382562615936,0.505276329074821,0.03297951508363393,3.760520647073359,42.970792773152006,30.321852745986845,11,26,30,42,0.38303136722803105,0.168948955281725
347,0.3055369941094166,0.4802703973125809,0.6712897797032251,0.5057543265686192,0.033021868691974786,3.7597796259049434,42.93896230106685,30.282962158438576,11,26,30,42,0.3829515523984357,0.16768992793747226
348,0.30122211229887225,0.4864784919185653,0.6722204092616999,0.5056841130354458,0.032832951652959394,3.7596398776293976,42.932962074401985,30.457206850297457,11,26,30,42,0.3792002554074548,0.15676117834548198
349,0.3011458000066872,0.48189714192396804,0.6699328134294951,0.5025804302031174,0.032740405169452994,3.7651430582380905,43.1698812252777,30.543299474284037,11,26,30,43,0.3922898874610903,0.17003875943125651
350,0.30339573383720436,0.4830842110078822,0.6724849133286948,0.5058784045955829,0.032979007927297806,3.759515550348812,42.92762466777928,30.32231904017547,11,26,30,42,0.39979248144305213,0.18610986225208304
351,0.30509211693998606,0.4839366169091563,0.6720568054536277,0.505039010326581,0.03302515489355956,3.760104046247588,42.9528948338057,30.27994882152744,11,26,30,42,0.37824247745231077,0.1640491393071361
352,0.30545358893543506,0.48453341870509453,0.6740812793063715,0.5080484128297214,0.0331395227039722,3.7553970738291422,42.751191820195416,30.175449686851923,11,25,30,42,0.39428525820097376,0.1858701742765983
353,0.29841933515246455,0.4821081110232062,0.6717339027079514,0.5052174687411015,0.03272336375409544,3.7616398813178873,43.01891408042234,30.5592055729554,11,26,30,42,0.39648016601484565,0.17932280762377725
354,0.30330616991382403,0.4850323848928297,0.675265753862513,0.506629122698432,0.03305159252041881,3.7576624878535334,42.84815075430197,30.255728203783647,11,25,30,42,0.37676590310479696,0.14933144012409144
355,0.3040193547455493,0.4845094825865027,0.6693228974338623,0.5034991308374461,0.03300180236204744,3.761728568205545,43.022729463207256,30.30137533185202,11,26,30,42,0.37788331071913167,0.15201184141353563
356,0.30473006135148645,0.48318557908292037,0.6697943733960826,0.5054297105738881,0.03306750508650363,3.759143503023541,42.91165653047698,30.24116870577412,11,26,30,42,0.37756405140075033,0.15430410984078272
357,0.30409631704071977,0.4814381506683256,0.6691447697816946,0.5040698572665,0.03278748826757218,3.7626095234340604,43.060647261161776,30.49943904940807,11,26,30,42,0.3776438662303456,0.1517796764729372
358,0.3008872331141478,0.48212745217643677,0.6691863653838513,0.502820254847768,0.03267297531540623,3.765069009167685,43.16668465405647,30.606334144551315,11,26,30,43,0.38626386782664224,0.16454973698767
359,0.3008561170538694,0.48361802726681796,0.6732392026999873,0.5072342208977197,0.03284898592143639,3.758222097494339,42.872135703033116,30.442340058583852,11,26,30,42,0.3997126666134568,0.1880075141262612
360,0.30430003371437203,0.479595534808333,0.671102444529743,0.5046309987029487,0.03290227775512857,3.761645621345627,43.01916101089119,30.393032587056293,11,26,30,42,0.39500359166733184,0.18575399488565467
361,0.2987242680026858,0.4838638066869969,0.6699627050618235,0.5024315996232855,0.03264250150304269,3.7654838054963027,43.18459375042651,30.634907067609003,11,26,30,42,0.38303136722803105,0.1659052082190625
362,0.3042673842783279,0.4850097090885482,0.6742296931831311,0.5067203664454946,0.033174154839347034,3.756779218085548,42.81032098753074,30.143948047590502,11,26,30,42,0.36196025221486156,0.1372747332451763
363,0.3010064341708058,0.48118255327056786,0.6671866887578138,0.5021249730508163,0.032678334412579266,3.765894419603507,43.20232959487909,30.60131484593223,11,26,30,42,0.38366988586479367,0.16155391603539782
364,0.30286209501243094,0.4870422064523758,0.6737290305581799,0.5067896033834804,0.03297357449874332,3.7580111522420894,42.86309298334567,30.32731559140219,11,26,30,42,0.38131534839173126,0.15921441178658768
365,0.30278023125661047,0.4826275091957198,0.6693941733746683,0.503356551328517,0.03280919667808985,3.7631416819216064,43.08356844839227,30.47925890449507,11,26,30,42,0.3684651608268817,0.14576293339192012
366,0.30018772269577665,0.4816563983403816,0.6672863140989783,0.5016461610515368,0.03261619334505443,3.7667832953827807,43.24074817140571,30.65961712394709,11,26,30,43,0.36930321653763276,0.14272336585297352
367,0.30240854328690764,0.48380245487539303,0.6738579883962014,0.5074511957851682,0.03301189269160741,3.7571565223538483,42.82647655195668,30.292113492003118,11,26,30,42,0.3701811796631815,0.1515677146302479
368,0.30765635843050615,0.48918183182287583,0.6746962453252848,0.5090904467501844,0.033485491301507714,3.7509531538857557,42.56163045598698,29.86368009344316,11,26,30,42,0.3893367387660628,0.17461275589165232
369,0.30261512808444,0.4857382445124638,0.6746910075429767,0.5072087599511219,0.032930139815346815,3.7580117567372904,42.86311889388752,30.367317163164863,11,26,30,42,0.362878122755208,0.1412300547308828
370,0.3063690643028717,0.4853410986350835,0.6733543876656691,0.5058404364253483,0.033157116248028064,3.757815208037895,42.8546950314936,30.159438249080917,11,26,30,42,0.37808284779312,0.15550110488837882
371,0.3038548048898202,0.47878013900032734,0.6675744847526676,0.5022838560706735,0.03267445057482736,3.7660492893459243,43.20902084665813,30.604952261091956,11,26,30,42,0.37660627344560627,0.15684513273443004
372,0.3023381987432544,0.48020417512122454,0.669095898287831,0.504674811287322,0.03286197023050798,3.761322502005107,43.00526293344536,30.430311785494613,11,26,30,42,0.3875409051001677,0.16573263157675872
373,0.30283530297048555,0.48112753134998704,0.6675523691054976,0.5014810031758538,0.03282380481831547,3.76543568420019,43.182515701802735,30.46569419770637,11,26,30,43,0.3849868305531168,0.16364725969288338
374,0.3064817165806297,0.482669943142884,0.6727919661990077,0.5067823944961513,0.03308607864932773,3.7576014134451525,42.845533908756394,30.224192192697906,11,26,30,42,0.36375608588075675,0.15265535381052586
375,0.30146178290625747,0.48552779557066766,0.6718455968549147,0.505682088236291,0.032860088571474357,3.7597446044732608,42.93745854346413,30.43205430882782,11,26,30,42,0.37596775480884354,0.1551625609977584
376,0.30130629211405313,0.48272198770093233,0.6726671752167511,0.5043180349271618,0.03284655793567445,3.7622574954868253,43.045491377703605,30.44459032688798,11,26,30,42,0.37173756884029063,0.15312567376268352
377,0.30225057008832357,0.47943816216947355,0.6687829027548449,0.5039325575703897,0.03268636350234733,3.763779252135763,43.111046006860164,30.59379792824571,11,26,30,42,0.3880197940777397,0.16360240834039733
378,0.3066842229729963,0.48606306379504793,0.6760246685620138,0.5100550425385197,0.03325103466840288,3.751656164052644,42.59156223485656,30.074252123957507,11,25,30,42,0.3554154361880438,0.13655417587720722
379,0.29792227880676236,0.48066377464396143,0.6703513702948474,0.5029296986721885,0.032501646790325585,3.76624913497603,43.21765684355986,30.767671756794158,11,26,30,42,0.3862239604118446,0.1581336275745944
380,0.30536017247097275,0.48853469610901745,0.6761161351109776,0.5094709244145849,0.03326605373999232,3.752356140724812,42.621385771524416,30.06067409786583,11,25,30,42,0.38359007103519843,0.1619338283495034
381,0.30316374773657306,0.47917846598521785,0.6704300880510408,0.5035608700893132,0.03278216829999096,3.7637189389178016,43.10844591935642,30.504388570303192,11,26,30,42,0.38414877484236576,0.16616905564039455
382,0.30411972197525605,0.4804244044442264,0.6697775627846883,0.5036378572638337,0.03277853029670944,3.763493985146257,43.09874960251385,30.50777417254695,11,26,30,43,0.37273525421023235,0.15130379069723265
383,0.30575589303337125,0.4866961943678455,0.6722620587595982,0.5067525089485523,0.03320213645551987,3.7560726408176888,42.78008287193177,30.11854376719633,11,26,30,42,0.36455423417671007,0.14235096548096351
384,0.3048666242591634,0.4825379969602821,0.6715380638604218,0.5036522131071748,0.03288763097410009,3.7628946929251854,43.0729285950764,30.40656837786605,11,26,30,43,0.3689041423896561,0.13581549594004197
385,0.3047591718136053,0.4811923508831324,0.67050617091964,0.5054715729453911,0.032996829485335485,3.759918414710551,42.94492216193007,30.30594198283268,11,26,30,42,0.3826322930800543,0.16979136333700878
386,0.306172846493363,0.48399309344901315,0.6727624039843612,0.5075978487424977,0.03322154071262512,3.7555307013778947,42.756904938871116,30.100951929058844,11,26,30,42,0.37628701412722493,0.1604909874786487
387,0.2993319857529882,0.48536243551697006,0.6717381864740978,0.5054206240624455,0.03288593112492931,3.7599616180878765,42.946777567686055,30.408140070631784,11,26,30,42,0.3773246069119643,0.15056625683715005
388,0.3011544043395001,0.48135651784075284,0.6689516976908949,0.5013448532796219,0.032660641030300246,3.7670636502032715,43.25287262309202,30.617892621037974,11,26,30,43,0.3923697022906857,0.16802410280559504
389,0.304840653235968,0.48277179796138847,0.6680608647918509,0.5032420573578062,0.03284231502085272,3.7635889855563094,43.10284419588977,30.448523478477856,11,26,30,42,0.3837097932795914,0.16037394964143173
390,0.30531692899524476,0.47918021586494275,0.6691398669621468,0.5005410909410924,0.03287113414238472,3.7671130430957187,43.255009060339496,30.421828333284655,11,26,30,43,0.3636363636363637,0.14082673547045071
391,0.3028373754493391,0.49022913544558117,0.676967230348898,0.5105156230653736,0.03332265191867901,3.7506499165440474,42.54872613694332,30.009616354677043,11,25,30,42,0.37389256923936476,0.16346557336737372
392,0.30616001503087586,0.4812674552945485,0.6670424270540045,0.5018939712949265,0.03296651384229842,3.764273977408869,43.132379407520915,30.333810993291248,11,26,30,42,0.383151089472424,0.16377577129899332
393,0.30476174265586586,0.4766762628453661,0.6694227191840143,0.5014336934217088,0.03277367226922691,3.766726221522899,43.23828032542881,30.512296326919632,11,26,30,43,0.3699417351743955,0.1557390846120291
394,0.3005162636778489,0.4804879373628994,0.668316664313112,0.5039169461095333,0.032754679267467814,3.76339218230932,43.09436225086209,30.529989069171172,11,26,30,42,0.37704525500838065,0.1572520958446202
395,0.30392382472191704,0.48291077659517123,0.6715281426339307,0.5052681903939347,0.03293518341161684,3.7602675850578273,42.95991987354081,30.362666802313353,11,26,30,42,0.3793199776518478,0.1553315112706151
396,0.3001099999509632,0.47679461217069263,0.6657257672837026,0.4997572598523593,0.032436847952564185,3.7709379204932905,43.420770974238046,30.82913609430871,11,26,30,43,0.3816346077101126,0.15670399106455077
397,0.30198730987405403,0.4799918538163177,0.6677658002435561,0.5036161015164897,0.03267804315602608,3.764020020324958,43.12142702500086,30.601587592786824,11,26,30,42,0.38414877484236576,0.16563730057073153
398,0.304947282987064,0.4884273313805688,0.6748105416590257,0.5077994293305943,0.03317093609607971,3.75550952468049,42.75599949842042,30.146873066937186,11,26,30,42,0.3724559023066486,0.15130211309819375
399,0.3005404641341874,0.4862504414887148,0.6705837200172503,0.5049343022048359,0.032831883394282314,3.761136638369143,42.9972705616796,30.458197843567827,11,26,30,42,0.39141192433554167,0.17268329326588647
400,0.30121686321060215,0.48000759167093543,0.6700717333130591,0.5023773202907909,0.03280054478409,3.7648266928044305,43.15622592722885,30.487298506244716,11,26,30,43,0.3772048846675713,0.15482478589382836
401,0.3012409220527714,0.48156428250799793,0.6701317490467278,0.5034904445138695,0.032671298162328326,3.7648944694476305,43.15915101048042,30.607905294471923,11,26,30,42,0.3740122914837577,0.1453588437927012
402,0.30508064700014986,0.48809555707811825,0.6731328188830278,0.5061390004395564,0.03319245560451626,3.7571380553745763,42.8256856836044,30.127328086685374,11,26,30,42,0.39013488706201616,0.16505632396714384
403,0.3050757448110775,0.4850295771784644,0.6745797937202562,0.5074200061088292,0.033059540630869015,3.7569664719741573,42.818338137206055,30.248454180463114,11,26,30,42,0.35753052917232025,0.1324866928410706
404,0.300066267264022,0.47832601315321477,0.6696891162256217,0.5020547052736336,0.032539530470070216,3.767721574579177,43.28133910568824,30.731850938039738,11,26,30,42,0.3923697022906857,0.17354981698068614
405,0.3057622425033501,0.48619582521392063,0.6736753673379978,0.5074096226440183,0.0331984805163097,3.755699534842409,42.76412434468535,30.12186053240363,11,26,30,42,0.38873812754409776,0.1648627592255604
406,0.30097186312651003,0.4837863309090513,0.6705206496045242,0.5038911937346016,0.032831128372829144,3.7625938934723284,43.05997423015267,30.458898294448947,11,26,30,42,0.35441775081810206,0.12063587700636806
407,0.30294362129109587,0.4836822253156202,0.6708858822861065,0.5039274702251437,0.032896421019824845,3.762044585919658,43.03632755633311,30.398443630003264,11,26,30,43,0.3823928485912683,0.16555070484493137
408,0.3048658115316025,0.48536899651279297,0.6721121069262782,0.5052771577426799,0.03300901100858041,3.760129471234873,42.95398692449383,30.29475799017603,11,26,30,42,0.37129858727751625,0.14891199474261124
409,0.3030638039641305,0.4815475868976529,0.6683426663473948,0.5023209007226384,0.03282122236711882,3.764816014500934,43.155765094411095,30.46809131039028,11,26,30,42,0.3822731263468754,0.1567788561601441
410,0.3037508026692664,0.48713840316038914,0.6714872601526567,0.5051473349455747,0.032985379479333374,3.7600656974736024,42.95124767453316,30.316461892655774,11,26,30,42,0.37744432915635734,0.1555010862089284
411,0.30283884618529416,0.48775576950653554,0.6740036150593915,0.5079368225874961,0.033113474269541546,3.755183027780003,42.74204207575856,30.19918694909705,11,26,30,42,0.3912522946763509,0.182811741116823
412,0.2999403619328639,0.4850845577473374,0.6679187528289792,0.5022974187887622,0.032851466884215724,3.763502294520232,43.09910772763005,30.440041034529084,11,26,30,43,0.3927288690238647,0.16752161452727501
413,0.3031509353140789,0.48693040704533724,0.6730745168005247,0.5067898312869079,0.033085731419764855,3.75712933955843,42.82531242442828,30.224509390855328,11,26,30,42,0.37596775480884354,0.15504548504419957
414,0.30635997894286093,0.4840079964260163,0.6730329437098355,0.5074965891355261,0.03312207549084659,3.7560773484296655,42.7802842644363,30.19134475061364,11,26,30,42,0.35956580732700144,0.13458837721577885
415,0.3030666382773918,0.4844996388302203,0.6722281250013814,0.5057791726148467,0.03298196581500159,3.759226708702241,42.91522717252952,30.31959967483678,11,26,30,42,0.38570516401947486,0.16684556393022948
416,0.29991514808491226,0.48405190741948295,0.6716425082133385,0.5050693464268041,0.03279818876992076,3.761462028278093,43.01126371612493,30.48948852069236,11,26,30,42,0.37217655040306497,0.14703144679763108
417,0.3014541287026603,0.4831835685629267,0.6724231158378169,0.5049060207816684,0.0329428744177868,3.760819765961531,42.98364807144559,30.35557818415722,11,26,30,43,0.379040625748264,0.15382445840093203
418,0.3032931172744958,0.48380882714189705,0.6719710088213064,0.5043616947468945,0.03298891509366142,3.7609894550230396,42.990942545225764,30.31321270071542,11,26,30,42,0.37050043898156276,0.1457026921606584
419,0.3001776622730311,0.4745330333736956,0.6643017384739154,0.4989642013040883,0.032333761686304044,3.7725643664279795,43.49144997287441,30.927425324087196,12,26,30,42,0.3871817383669886,0.15825406063206768
420,0.30003904022603983,0.4820187054134786,0.6698596222712226,0.5015417863521393,0.03265675124567837,3.7670261512735435,43.25125071707105,30.621539554775367,11,26,30,43,0.3999920185170405,0.18398521328880052
421,0.303948425122966,0.48503458511193953,0.6710299845478862,0.5049313935566869,0.0328973908901898,3.760789224627887,42.9823353135554,30.397547432802824,11,26,30,42,0.37748423657115493,0.16105838422355537
422,0.30176967613303235,0.4779111511709489,0.6677896840961858,0.5000379564788967,0.03255420379300147,3.770078846581195,43.38348534050173,30.717999013540027,11,26,31,43,0.36682895682017724,0.13711089534774798
423,0.30545946204146757,0.48277756927269316,0.6733125784699358,0.5058355385327513,0.03296212084852374,3.759959617104222,42.946691631972115,30.337853701691845,11,26,30,42,0.3699018277595978,0.14959239833965124
424,0.3100311052710628,0.4844332584370237,0.6691525836572026,0.504953500632348,0.03322201149139789,3.7582856538632816,42.87486058689815,30.100525377848598,11,26,30,42,0.37943969989624077,0.16334654335873022
425,0.30321059941609063,0.4871516122309668,0.672996021928131,0.5050707036026121,0.03306105261519137,3.7598740706761204,42.94301785304578,30.24707082497747,11,26,30,43,0.3618006225556709,0.1385389234724609
426,0.30075209210045595,0.48410449473312733,0.6727685335446281,0.5055685175226439,0.03282334800539754,3.7605426425682316,42.97173794739887,30.46611819841041,11,26,30,42,0.3918908133131136,0.17030043634881473
427,0.3047467767024443,0.4793615127716171,0.6695819853424168,0.5027991009278081,0.032723524417472206,3.765124244999859,43.169069067657475,30.559055535780427,11,26,30,42,0.3849469231383192,0.1668803173124666
428,0.3006515970536767,0.47850571774779876,0.6691830757270397,0.50353640535545,0.032595149423067786,3.765031344718212,43.1650588352614,30.67941143697577,11,26,30,42,0.38259238566525666,0.15693367799509467
429,0.3050372479038344,0.48672626482669235,0.672843191883358,0.5061665564427359,0.0331150002227321,3.757995938258639,42.86244086991903,30.197795357813124,11,26,30,42,0.363716178465959,0.13565690982743858
430,0.3020422967653171,0.48589345300859965,0.6717964764062955,0.5062385192090294,0.03293780931553527,3.758526165584246,42.88517373357063,30.360246196711856,11,26,30,42,0.3617607151408732,0.14226527215571014
431,0.3020456155725459,0.48602337956011454,0.6721415262944214,0.5059685684701234,0.033077565003762834,3.7577805752642846,42.85321088024272,30.231971424929316,11,26,30,42,0.37425173597254374,0.1495205448165014
432,0.30595770332100414,0.4822654360548969,0.671584965080296,0.5054654681178744,0.03300600779987246,3.7599983734013342,42.948356118967446,30.29751450291617,11,26,30,42,0.35206321334503954,0.1267964944594334
433,0.3039127561507911,0.48271900406770135,0.6678195032533663,0.5037542442218844,0.032839937033483285,3.7627377513571028,43.06616919255027,30.45072830013071,11,26,30,42,0.37237608747705325,0.14559685400019332
434,0.3017283143294417,0.47830512637044886,0.6693115786592523,0.5032466829920978,0.0326263258697849,3.7654648902206396,43.18377690965673,30.650095385888843,11,26,30,42,0.3771649772527736,0.15173961335698738
435,0.29910299680187,0.4822367790806489,0.6671407399350656,0.5023720686314365,0.0327368366368955,3.7641894169101557,43.12873226621174,30.54662889672629,11,26,30,42,0.3690637720488467,0.14346794409140978
436,0.3062726036951021,0.4836577163194108,0.6718587246485063,0.5052579234745107,0.03311597537767717,3.7593193079834872,42.91920127571694,30.19690613352975,11,26,30,42,0.37353340250618566,0.1589737292386092
437,0.3049704021151707,0.4889123630263906,0.6726088903225264,0.5056888494038839,0.033135298055201434,3.7578430037789685,42.85588622605548,30.179296964042983,11,26,30,42,0.3731742357730067,0.15450089787292498
438,0.30508200683787023,0.48082765004422584,0.6716149184035611,0.5043923616859919,0.03290990153553608,3.7618442168074604,43.027705269437234,30.385991854767507,11,26,30,42,0.3671083087237609,0.14565642514658853
439,0.30459313811854805,0.48940623782390624,0.6751522435854647,0.509577605351891,0.033174425199667755,3.7520711415739956,42.609240443559194,30.14370238463137,11,26,30,42,0.382552478250459,0.16386870544280174
440,0.30339285625493967,0.483399641074319,0.6711768180490326,0.5054202755955292,0.032941724411920136,3.7592310738779497,42.91541450544559,30.35663790685301,11,26,30,42,0.3701811796631815,0.14515088464348153
441,0.3052520401028588,0.4838108780880541,0.673470392348498,0.5081234380908938,0.033148666389987744,3.7552408637355943,42.74451417409334,30.16712612915375,11,26,30,42,0.37297469869901834,0.1595489442816579
442,0.3045271120515332,0.48356526817782836,0.670674861789167,0.5054450761189282,0.032920463013117574,3.760095181242943,42.952514057881274,30.376243481190937,11,26,30,42,0.36798627184930965,0.15138436532192032
443,0.30667294162072845,0.48195240015929824,0.6702998889778126,0.5050692428644022,0.033137856108283466,3.7584336231470736,42.88120521870561,30.17696729481634,11,26,30,42,0.3904940537951952,0.1724920212343825
444,0.30612119959893785,0.48162933054742224,0.6735532771048967,0.506421606846015,0.03302041990974124,3.75846112604605,42.882384592378756,30.28429083377566,11,25,30,42,0.37852182935589435,0.16243364280282577
445,0.3066120919211934,0.48330998608441106,0.6728563853688154,0.5051290987359737,0.03294486658196931,3.760992967240271,42.99109353902012,30.353742593308876,11,26,30,42,0.37744432915635734,0.16241983693135137
446,0.30507961585857823,0.4821904997804276,0.6721518677426347,0.5056306621624869,0.03305269685172173,3.7591846695041515,42.91342308871475,30.254717322647444,11,26,30,42,0.3822731263468754,0.16866426588959904
447,0.3012879823887875,0.4832482667027161,0.6702866550854865,0.5024663272048007,0.03270493522090749,3.7655646714399666,43.18808605455421,30.576425033269096,11,26,30,43,0.3749301620241041,0.15074900732537608
448,0.3000892152458891,0.4866922455502687,0.6723223199303355,0.505280127650512,0.032853735022348826,3.760304503227078,42.96150590441019,30.43793953167723,11,26,30,42,0.38171442253970794,0.15802942937035033
449,0.302416688753469,0.48249935345126194,0.6712209299549142,0.5039676857760437,0.032875452954111664,3.7623419812711627,43.04912826343524,30.417831851497944,11,26,30,42,0.3758081251496529,0.1563968269420959
450,0.3046956448588602,0.4827022773056375,0.6699615133442292,0.5036722529681359,0.03295918953420596,3.762214754560246,43.04365161283397,30.34055188044513,11,26,30,42,0.373134328358209,0.14610763209781358
451,0.3071167127595508,0.4819656780278423,0.6697677363190004,0.504428806537193,0.03308555498263334,3.759600025398407,42.93125113417291,30.224670570734013,11,26,30,42,0.3995131295394685,0.18890742816346703
452,0.3009844179255138,0.47818924849815747,0.6678182854087663,0.5004888708908675,0.03269732076642127,3.7683196909051744,43.30723412456318,30.583545579886064,11,26,30,43,0.37864155160028734,0.15707837671798372
453,0.3043961875662148,0.4812404589531989,0.6664525614815289,0.5002580567246283,0.03275453602573424,3.767617935039417,43.27685368006087,30.53012258254339,11,26,31,43,0.3882592385665257,0.1638600156254075
454,0.30436440380159085,0.48813607801098136,0.6721399925728273,0.506604003332217,0.03304962611570449,3.7572748870291943,42.83154599396548,30.2575283756333,11,26,30,42,0.38271210790964966,0.161949912184452
455,0.30697074668603275,0.48538772016794257,0.6719102460004146,0.5066722060392727,0.03324797182107211,3.756479805690869,42.797504965540526,30.077022604013813,11,26,30,42,0.38426849708675875,0.16773917709450278
456,0.3057743593019025,0.4794338494603633,0.6718563160756214,0.5037774914782842,0.03301120267972179,3.7622861093416664,43.04672309276742,30.292746668520582,11,26,30,43,0.3610423816745152,0.14314818341805569
457,0.30176033391640944,0.4813787224459009,0.6706630891271261,0.5027347445153568,0.03277218457191801,3.765083759187143,43.16732136819083,30.513681436326493,11,26,30,43,0.3579695107350946,0.12855185644675868
458,0.3053312680432924,0.4805651788619418,0.6708017564415839,0.5039144548786022,0.032885718568108104,3.762587171482343,43.05968478240995,30.408336613625938,11,26,30,42,0.3641551600287334,0.14810046469896526
459,0.298370017882978,0.48348591536105023,0.670884838041467,0.5034620711711266,0.03271435556457093,3.763841184365012,43.11371605272472,30.567620322711853,11,26,30,43,0.3580892329794877,0.12585571789562325
460,0.30040611135726436,0.4827711402289049,0.6702772512228157,0.5047625220892912,0.0327586632675871,3.7619024317158067,43.030210196267184,30.52627611302581,11,26,30,42,0.37237608747705325,0.14623703347016118
461,0.2987659631640963,0.4880943339872497,0.6739206840729016,0.5069560327529177,0.03292288475438382,3.7578142306784548,42.85465314707333,30.374009065740992,11,25,30,42,0.3676670125309283,0.1393294320521578
462,0.29998472138392784,0.48363349696176744,0.670126855684955,0.5024408392841542,0.03267427868337253,3.7654901050206173,43.18486579368173,30.6051132663224,11,26,30,42,0.3803974778513849,0.1526653835310956
463,0.301261180807596,0.47553363833354345,0.6653623233564052,0.4994440167731663,0.03243378260837843,3.7712613670825443,43.43481754604785,30.832049781997238,11,26,30,43,0.3821534041024823,0.15673255614499537
464,0.30218558162191506,0.47900701828575587,0.6670875613387077,0.5009984578128486,0.0326825717118241,3.767793003836381,43.28443077000769,30.597347381883473,11,26,30,42,0.3786016441854897,0.15627579099596794
465,0.30503746732773346,0.4827402472733404,0.6728250489517738,0.5065883296949493,0.033019136499255745,3.75810608152705,42.86716213925177,30.28546794440067,11,26,30,42,0.3882193311517281,0.1687353190879564
466,0.30041607095173645,0.48306980825289886,0.6695162252025619,0.5025887104815229,0.032798910682864765,3.764569818068571,43.14514160679499,30.488817438758204,11,26,30,43,0.3626785856812196,0.13559115514479456
467,0.3024431502405255,0.48254863274859516,0.6698994177475294,0.5028045985739883,0.03279151100276297,3.764229744784356,43.130471591372384,30.495697496700938,11,26,30,42,0.3752893287572832,0.14527455722127175
468,0.3018505622603365,0.48635384064219267,0.6726805127140999,0.5053317020152026,0.03304095930987425,3.758936745561193,42.90278514241204,30.265465073865187,11,26,30,43,0.3936467395642111,0.16804040342793708
469,0.301478212358568,0.4825713975083587,0.6689400341511579,0.5022324710180399,0.03275449956628107,3.7647528071077083,43.15303741720241,30.53015656601404,11,26,30,43,0.3905738686247905,0.16602836898861664
470,0.3021820693069922,0.4859716621166207,0.673021682133496,0.5075580107478138,0.0329495316753571,3.756675459623373,42.80587928489595,30.349445019514445,11,26,30,42,0.38366988586479367,0.16489590127417272
471,0.30293252946841137,0.4793088272081193,0.6667281875825026,0.5014814833110424,0.03267509428378264,3.7667471066584106,43.239183372202795,30.604349334542604,11,26,30,42,0.37979886662941975,0.16334447581687978
472,0.30378640948887764,0.48178594852139917,0.6713801938425052,0.5034403422486066,0.032876509922998134,3.7630559742790717,43.07987601554569,30.41685392829575,11,26,30,43,0.36631016042780756,0.14168341850528407
473,0.3004440759805894,0.47755894325999637,0.6656163599510324,0.49931157231682055,0.03243548872943105,3.7714938880804856,43.4449182274338,30.83042800254242,11,26,30,42,0.3773246069119643,0.14289575490205414
474,0.3019017341274818,0.4851664392902165,0.6742825381186344,0.507211900383879,0.032952611308310356,3.7575791150802367,42.844578534057966,30.346608669152992,11,26,30,42,0.3869822012930003,0.17401966183286102
475,0.3028955589165513,0.4853432934165626,0.6740561958814386,0.5076624552359006,0.03309041339586394,3.7562457727307783,42.78749011071773,30.22023291268379,11,26,30,42,0.3781626626227154,0.16229745439533436
476,0.30316847451261847,0.47743785765112473,0.6690470886291879,0.503719278929691,0.032648264675860496,3.764629659914356,43.147723568959314,30.62949929891315,11,26,30,42,0.3697421981004071,0.15224364055440914
477,0.3038251775778523,0.48550579786712356,0.6723865150057946,0.5062440056219607,0.032926385020260615,3.7588268741224313,42.89807161062756,30.370780132245592,11,26,30,42,0.37916034799265713,0.14773052839525622
478,0.3023702786094168,0.48127947921725267,0.6690509418976403,0.503588996015433,0.03278338099666546,3.763439443455534,43.09639898794631,30.5032601762983,11,26,30,43,0.3749700694389018,0.15052044350051613
479,0.30082529031399935,0.48270868130101485,0.6716971179207016,0.5038318290279823,0.032779545647184195,3.7635206480766543,43.09989875679455,30.50682919047419,11,26,30,42,0.3860244233378562,0.16903109534468405
480,0.3062556650992468,0.4810664182276213,0.6663107694642877,0.500601680953577,0.032937169107052196,3.7659952166191517,43.2066844802472,30.36083631686153,11,26,31,43,0.3763269215420226,0.14804580969935446
481,0.30298990028476985,0.4807558595513862,0.6685015582814422,0.5024203295872571,0.03279898379005984,3.7649496249502885,43.16153154079777,30.488749480801385,11,26,30,43,0.3825125708356613,0.15876614176233786
482,0.30334698981092934,0.4830803415630457,0.6698032541068201,0.5039140065830642,0.03284003652309244,3.7627898410108704,43.06841255282003,30.450636048983093,11,26,30,42,0.3832708117168171,0.16539678570772565
483,0.30535553943196053,0.48313660135954295,0.6685844045092196,0.5035710958842051,0.03298423725059565,3.762133387737778,43.04014943015747,30.317511737578272,11,26,30,42,0.38758081251496534,0.16982690953466212
484,0.3062883323856635,0.4814039255728547,0.6688567119571761,0.5048512637735152,0.03299505636951257,3.7601976243450452,42.95691447205664,30.30757058878675,11,26,30,42,0.37109905020352785,0.15045590200411516
485,0.3022169172541211,0.4829651532766124,0.6715053622543933,0.5050240658307968,0.03281531495398019,3.76136717718433,43.007184244191556,30.47357617631853,11,26,30,42,0.3807965519993616,0.1604907732150838
486,0.302572711050082,0.4857407389790669,0.6745129675279199,0.5063181957276318,0.033013528677633644,3.7581950983624455,42.87097820821245,30.29061236575691,11,26,30,42,0.3689041423896561,0.1473491836424344
487,0.3015651851292505,0.4861229475711707,0.6720036136088656,0.505490603873757,0.032904367131401685,3.7596594721488854,42.933803333406026,30.391102676631277,11,26,30,42,0.3728549764546253,0.14837854320294513
488,0.30427339712646945,0.48181184360476415,0.6700600752363591,0.503318212738131,0.032866988389866736,3.7635538426854476,43.101329464818576,30.425665659963883,11,26,30,42,0.38722164578178636,0.17111101234690457
489,0.3046936416927386,0.4818013564434481,0.6713661133304366,0.5032340989067451,0.03291867987252388,3.762842176675867,43.07066662581501,30.377888902971062,11,26,30,43,0.3851863676271052,0.1656562154392661
490,0.30001323111483963,0.48581154313239594,0.6696440519389063,0.5035400462469474,0.03290246320993996,3.76179256121005,43.02548270502077,30.392861276656518,11,26,30,42,0.3923697022906857,0.1757474132069029
491,0.3026976668792163,0.4886567814543923,0.6698872900288024,0.5056772982702769,0.03300504021225424,3.7581093925110047,42.867304071972754,30.298402715737826,11,26,30,42,0.37824247745231077,0.1603616807351153
492,0.3040485392522779,0.4829992578201874,0.6738132821819137,0.5084409441652292,0.03308904170364733,3.7551631579191733,42.741192805768414,30.221485679646392,11,26,30,42,0.36583127145023553,0.14397986333976456
493,0.30642824426482473,0.4848861795676933,0.6734123253453778,0.507499351852811,0.03313860820434,3.755766809097667,42.76700136607605,30.1762824145715,11,26,30,42,0.372415994891851,0.15192966102933664
494,0.3063329383704697,0.4847380699017873,0.669540316789946,0.5028428017361898,0.03310199326822782,3.761948139688483,43.03217706488953,30.20966114931293,11,26,30,43,0.38458775640514015,0.1609180737914475
495,0.3028994895479208,0.4813324408606457,0.6707869861977563,0.5055130870850776,0.032851319462175635,3.7606113332933244,42.974689808618564,30.440177635829222,11,26,30,42,0.37947960731103847,0.16010329278149107
496,0.3005374544207029,0.4846435176600597,0.6726877309984959,0.5055669196993149,0.032839967999494894,3.759925683377701,42.945234315409515,30.45069958702094,11,26,30,42,0.39312794317184135,0.18383984247736113
497,0.3037238659797628,0.4859575956498512,0.6742588192086504,0.5084605117705918,0.03304206968857106,3.755162673920185,42.74117211907934,30.264448002961828,11,26,30,42,0.3689440498044537,0.1478515444705801
498,0.3003772618428821,0.478276238010922,0.6655690002202723,0.49908777040161095,0.03242193570434709,3.7715272958205843,43.44636964821476,30.843315745207693,11,26,31,43,0.37999840370340815,0.15322651545248137
499,0.3051805528473576,0.4808654611819245,0.6701263823422975,0.5040051081349437,0.03293901820623123,3.7622904367889247,43.04690937559431,30.359131949197725,11,26,30,42,0.3726155319658393,0.15062417491311872
