setor_1,setor_2,distancia_cosseno,similaridade_cosseno
1100,5600,0.21977951570817167,0.7802204842918283
5980,7380,0.3277011794099154,0.6722988205900846
2991,2992,0.3815184002026174,0.6184815997973826
2491,3680,0.47232533203756244,0.5276746679624376
0680,7700,0.4770452855441182,0.5229547144558818
1991,4900,0.5205930540452801,0.4794069459547199
2991,4580,0.567498753422155,0.43250124657784506
2492,3680,0.5685409096812747,0.4314590903187253
0191,1992,0.5691618132970091,0.4308381867029909
1092,1991,0.589984474990338,0.410015525009662
3680,8691,0.6088953714297409,0.39110462857025907
2491,2991,0.6098543214259045,0.39014567857409554
0791,3500,0.6360648503727,0.3639351496273
2491,2492,0.6376040491310866,0.3623959508689134
2991,7380,0.6433785848085938,0.3566214151914062
0680,6980,0.6553417970255238,0.34465820297447625
2492,3500,0.656099583666911,0.343900416333089
2200,2991,0.6631623926000025,0.33683760739999746
2991,3500,0.6669340902731131,0.3330659097268869
3680,8400,0.669433609609113,0.330566390390887
0680,2991,0.680318761108039,0.319681238891961
2300,3500,0.6838507729355489,0.31614922706445114
0791,2991,0.6858544618469244,0.31414553815307555
2492,2991,0.6920030954640886,0.30799690453591144
0680,0791,0.6960616646524826,0.30393833534751735
2991,4900,0.6967265402184428,0.3032734597815572
0680,4900,0.6971668211705557,0.30283317882944427
0680,5000,0.6978317864478982,0.30216821355210177
0191,2091,0.6987498828009212,0.3012501171990788
2491,3500,0.7087005895842482,0.2912994104157518
1300,1400,0.710431112543392,0.289568887456608
0680,1991,0.711457270527015,0.288542729472985
7880,8691,0.7138807723276122,0.28611922767238784
2491,8691,0.7172135459326864,0.2827864540673136
0280,1600,0.7201420216464962,0.2798579783535038
0791,2491,0.7226540568882244,0.27734594311177563
2091,2092,0.724949329390612,0.27505067060938804
2991,8691,0.7264915373434322,0.2735084626565678
0191,1200,0.7306239970057938,0.26937600299420617
0191,3500,0.7309232726837382,0.26907672731626175
2491,2500,0.7334868337540078,0.2665131662459922
0192,3500,0.7350087995723664,0.2649912004276336
2991,3680,0.7407064761008924,0.25929352389910765
2991,5280,0.7407478208826465,0.25925217911735354
3680,8692,0.7471968564257958,0.2528031435742042
2492,8691,0.7499227858663671,0.25007721413363293
0791,4580,0.7549362826784844,0.24506371732151555
2991,5980,0.7561729106674193,0.24382708933258068
2491,2992,0.7564736201218105,0.24352637987818948
0791,2492,0.7596568233193604,0.24034317668063965
4580,4900,0.7598940952616309,0.24010590473836912
3680,7880,0.7606956746226303,0.23930432537736968
0791,4900,0.7609543450608607,0.23904565493913932
0192,1093,0.7612129682776183,0.2387870317223817
2500,2991,0.7623514570810095,0.2376485429189905
3500,4580,0.7628053169613203,0.23719468303867974
1700,3500,0.7630827281493338,0.23691727185066624
1991,1992,0.7634062335516946,0.23659376644830543
0680,5280,0.7650076158648202,0.23499238413517975
2300,2991,0.7652126128614165,0.2347873871385835
0791,6980,0.7653030060039303,0.2346969939960697
1092,1992,0.7658181412281564,0.2341818587718436
2992,3500,0.7673250470064881,0.23267495299351193
2492,4580,0.7689585239741445,0.23104147602585545
2491,4580,0.7704733391119232,0.22952666088807683
0680,4580,0.7747613711467053,0.2252386288532947
2492,2992,0.7779177649222723,0.22208223507772773
2491,8400,0.7792724559344748,0.2207275440655252
0792,2492,0.7807628943276759,0.21923710567232413
5280,8000,0.7826610519361065,0.21733894806389353
1093,1992,0.7877317718243249,0.21226822817567514
4580,8691,0.790945931486131,0.20905406851386898
0680,2491,0.7922663218812165,0.20773367811878352
5280,7180,0.7934608412713569,0.20653915872864315
2991,7180,0.793518520539638,0.206481479460362
0791,1991,0.7940450728682293,0.20595492713177066
0680,7180,0.7950400283413905,0.20495997165860946
0192,1091,0.7963863099193496,0.20361369008065044
3680,8591,0.7966481204198707,0.20335187958012935
0191,2092,0.7966649500560316,0.20333504994396845
2991,7880,0.7967684543544041,0.20323154564559587
2991,6480,0.7970744124691991,0.20292558753080092
1700,2991,0.7980520760916519,0.20194792390834815
0791,8691,0.7988702029968007,0.20112979700319933
1092,4900,0.7997353422890803,0.20026465771091972
0791,5280,0.7999837156797894,0.20001628432021057
2992,4580,0.8028695002351363,0.19713049976486374
5100,7700,0.8034085799094705,0.19659142009052955
8400,8691,0.8037097422523322,0.19629025774766784
2991,8400,0.804349555574432,0.195650444425568
0680,5100,0.8046335775472377,0.19536642245276226
2092,2991,0.805866806205582,0.19413319379441796
1600,3500,0.8061166343230941,0.1938833656769059
0680,8691,0.8068249692166931,0.1931750307833069
2991,6980,0.8071988997001243,0.19280110029987574
2492,8400,0.8099525323829588,0.19004746761704117
0791,3680,0.810329564550145,0.18967043544985496
2091,3500,0.8105168869173225,0.1894831130826775
1992,2091,0.811262627331017,0.18873737266898305
2491,7880,0.811644727286286,0.188355272713714
2091,2200,0.8149484792548631,0.18505152074513687
2491,4900,0.8151181750343087,0.18488182496569128
1992,4900,0.816304139931409,0.18369586006859095
1091,5600,0.8165184320497743,0.18348156795022574
2091,2991,0.8206477004762212,0.17935229952377885
0791,2300,0.8207248970012166,0.17927510299878335
7880,8591,0.8212874967660488,0.17871250323395116
1091,1500,0.8214644826268624,0.17853551737313755
3500,8691,0.8223269309653657,0.1776730690346343
0280,1700,0.8228620972627925,0.17713790273720753
2300,2491,0.822971124474343,0.17702887552565705
4900,5280,0.8245115094904559,0.17548849050954407
2300,2492,0.8245899796368894,0.1754100203631106
2491,8692,0.8246041430128662,0.17539585698713378
2991,6100,0.8251586079989,0.17484139200110005
2992,3680,0.8258761204044621,0.17412387959553788
0580,3500,0.8268504093963425,0.17314959060365753
0791,7700,0.8270909534444462,0.17290904655555384
2492,7880,0.8278288332847805,0.17217116671521948
2991,8591,0.827853767665707,0.17214623233429305
1992,3500,0.8281933509462447,0.1718066490537553
2800,2991,0.8284709067999594,0.17152909320004062
1700,4580,0.8289801793660496,0.17101982063395038
2992,4900,0.83009268764629,0.16990731235371004
0191,2991,0.8301616182679398,0.16983838173206023
0791,2992,0.8309137523203882,0.16908624767961178
2500,3500,0.8312204545649033,0.16877954543509666
3680,4580,0.8328725014561879,0.16712749854381215
0680,2091,0.8332198518287641,0.16678014817123588
1991,2991,0.8344265605737371,0.1655734394262629
0791,2800,0.8344622138645632,0.1655377861354368
1300,3500,0.8344758793515336,0.16552412064846644
8000,8591,0.8348132233336882,0.16518677666631176
7880,8400,0.8348232304638276,0.16517676953617244
2491,5280,0.8356639589343506,0.16433604106564936
8591,8691,0.8370101164094014,0.16298988359059863
0680,2492,0.8375703228079016,0.16242967719209844
5280,8691,0.8378258511081732,0.1621741488918268
4580,7880,0.8378948723872588,0.1621051276127412
3500,8592,0.8383631681712723,0.16163683182872768
2300,4580,0.838477510857847,0.16152248914215295
4580,7380,0.8392340124104153,0.1607659875895847
2491,3300,0.8396261724483591,0.16037382755164087
2491,8591,0.8397979284706725,0.16020207152932753
2492,2500,0.8402874282683949,0.15971257173160514
2700,2991,0.8408152070137704,0.15918479298622956
1992,2991,0.8412312471176328,0.15876875288236725
2991,8592,0.8415243530396623,0.15847564696033767
3680,5280,0.8422019476139051,0.1577980523860949
2200,3500,0.8423147838028507,0.15768521619714926
5980,6100,0.8427669475385032,0.15723305246149677
0791,1700,0.8434217944136073,0.15657820558639268
3680,9480,0.844677613380476,0.15532238661952402
2492,8692,0.8447497778874161,0.15525022211258388
2492,4900,0.8448119537525806,0.15518804624741944
0191,4580,0.8449465509065921,0.1550534490934079
0680,6480,0.8452685084980958,0.15473149150190424
6100,7380,0.8459789183700264,0.15402108162997363
4900,7700,0.8461823202841271,0.1538176797158729
0791,2500,0.8466097493376818,0.15339025066231815
2991,3300,0.8469746993767472,0.1530253006232528
0680,2092,0.847544034529563,0.15245596547043705
2991,8000,0.8481031286475283,0.15189687135247165
2092,4580,0.8489963848073547,0.15100361519264527
0680,3500,0.8490168817053865,0.15098311829461353
2800,3300,0.8491427481395002,0.1508572518604998
0791,7880,0.8497418726531443,0.15025812734685573
4900,8691,0.8503360153454762,0.1496639846545238
5600,8691,0.8503845462927659,0.14961545370723406
2991,8692,0.8510063166069636,0.14899368339303642
0680,1700,0.851439943821985,0.14856005617801504
1700,2491,0.8517721704474309,0.14822782955256908
0680,3300,0.8519786060473082,0.14802139395269176
2092,2491,0.8522144068346229,0.1477855931653771
8691,8692,0.8523205075401741,0.14767949245982592
3500,4900,0.8526213759290846,0.1473786240709154
0191,0791,0.8526642101430003,0.1473357898569997
1992,2092,0.8528552733770498,0.1471447266229502
6480,7380,0.8530104284756489,0.1469895715243511
0192,2991,0.8534866231442869,0.14651337685571308
2500,3680,0.8540891319209925,0.14591086807900755
0580,2300,0.8544393462804276,0.14556065371957239
2092,3500,0.8546890265267828,0.1453109734732172
2492,8591,0.8555494167762249,0.14445058322377513
1700,2492,0.8559275671692949,0.14407243283070514
0791,2092,0.8563414716311104,0.1436585283688896
0680,1992,0.8565050257497574,0.1434949742502426
0791,8400,0.856613702043216,0.14338629795678404
2200,4900,0.8566747965706694,0.14332520342933064
2992,8691,0.8570448589305741,0.14295514106942586
1600,2991,0.8570629436140951,0.14293705638590493
2092,3680,0.8580536318691069,0.14194636813089312
4580,8692,0.8581227221158927,0.1418772778841073
3500,7880,0.8585896294020083,0.14141037059799166
4580,5280,0.8587491012854743,0.14125089871452567
0191,0192,0.8587945990015514,0.14120540099844858
1600,1700,0.8590785476270877,0.14092145237291231
0680,2800,0.859248947918736,0.14075105208126404
0680,2500,0.8594474515469613,0.14055254845303866
0680,2992,0.8599641189191229,0.14003588108087706
1093,5600,0.8600098263095292,0.13999017369047084
1700,2091,0.8601228581858296,0.13987714181417044
0791,6480,0.8618039746244622,0.13819602537553777
0791,1992,0.8619968483890057,0.1380031516109943
1992,4580,0.8620194803635335,0.13798051963646651
2092,2492,0.8622477727577563,0.13775222724224367
1600,2491,0.8625046898981242,0.13749531010187577
1300,1500,0.863539875809622,0.136460124190378
2500,4580,0.8637495652555035,0.1362504347444965
0192,4580,0.8639880527644518,0.13601194723554821
0680,2300,0.8651064013173001,0.1348935986826999
0191,1991,0.8657829132923175,0.1342170867076825
1091,1093,0.8658055843313118,0.13419441566868817
2200,2992,0.866245134210103,0.13375486578989704
2091,2492,0.8663767782103173,0.13362322178968267
6480,8400,0.8667768902878258,0.13322310971217421
0191,2492,0.8670267936357238,0.13297320636427623
2491,2800,0.8677655694812496,0.1322344305187504
8000,8691,0.8677773088485697,0.13222269115143026
6480,8000,0.867825384556726,0.13217461544327402
8691,9480,0.8679044401651826,0.13209555983481736
2300,8691,0.8679162082764406,0.13208379172355944
2492,5280,0.867963918811379,0.13203608118862098
2991,9480,0.8682081779263428,0.13179182207365725
0192,1992,0.8683513598986706,0.13164864010132937
2492,2700,0.8685178501163672,0.13148214988363283
0791,2091,0.8690731662703539,0.13092683372964609
2200,4580,0.8693102418375157,0.1306897581624843
1200,1992,0.8694574918733834,0.1305425081266166
3300,4580,0.8697725971111606,0.13022740288883938
0191,4900,0.8701050923743813,0.12989490762561873
0791,3300,0.8704550924209222,0.12954490757907777
2092,4900,0.8706106052702494,0.12938939472975064
0192,0791,0.8706418357661496,0.12935816423385038
2500,2992,0.8706501719839917,0.12934982801600825
4580,6480,0.871167493394407,0.12883250660559298
0191,2300,0.8711909140956409,0.12880908590435913
3500,8591,0.8714379777323996,0.12856202226760038
4580,8400,0.8718576765886557,0.12814232341134435
0680,8400,0.8718975407960035,0.12810245920399654
6480,7880,0.8719556834911233,0.1280443165088767
1700,2300,0.872047868734955,0.127952131265045
0191,1093,0.8722434309773687,0.12775656902263133
4580,8591,0.8727356975067447,0.12726430249325527
4900,6480,0.8727943034633717,0.12720569653662828
1600,2492,0.8732910790426963,0.12670892095730368
2491,9480,0.8735367286866126,0.12646327131338742
2091,2300,0.8742052922494821,0.12579470775051793
2093,2991,0.8744948949987894,0.1255051050012106
0791,2200,0.8746373950059882,0.12536260499401175
7380,8592,0.8746411475749982,0.12535885242500178
2092,8691,0.8747013960939864,0.12529860390601355
2091,2491,0.8747390119434134,0.1252609880565866
1700,4900,0.8751449171688274,0.12485508283117264
0791,8591,0.8751527769926015,0.12484722300739848
0191,2491,0.8754790634477926,0.12452093655220742
2991,5600,0.8759762432355933,0.12402375676440669
2492,3300,0.8761564366021394,0.12384356339786062
2300,4900,0.8762927394926394,0.12370726050736058
4580,6980,0.8763374059581208,0.12366259404187918
0191,0680,0.8776232486395488,0.12237675136045123
1600,4580,0.8780911508439186,0.12190884915608136
1600,3680,0.8789836896683743,0.12101631033162574
0680,7880,0.8789848727725057,0.1210151272274943
5500,9480,0.8790062376274296,0.12099376237257042
1991,4580,0.8790609787679489,0.12093902123205114
1200,2991,0.8791626783793928,0.12083732162060723
0791,4180,0.8805638393679115,0.1194361606320885
0192,2091,0.8807304090467356,0.11926959095326439
5280,8400,0.8808006092472767,0.11919939075272334
2300,2992,0.8808372078534188,0.11916279214658121
2091,4900,0.8811357023950633,0.11886429760493666
0680,8592,0.8813844598115912,0.11861554018840881
1991,2491,0.8816123393644383,0.11838766063556172
0791,8592,0.8816893195858684,0.11831068041413162
1700,8691,0.8819395832811385,0.11806041671886147
8400,8591,0.8819753196811043,0.11802468031889568
7880,8692,0.8823646912733268,0.11763530872667316
2300,3680,0.8823984762718644,0.11760152372813559
1991,2091,0.8827342984336127,0.11726570156638727
1991,2092,0.8828404286423909,0.11715957135760913
2092,2200,0.883023075382211,0.11697692461778897
2991,3000,0.8830274230743103,0.11697257692568974
0791,1600,0.883467450792012,0.11653254920798795
2500,8691,0.8834729629701787,0.11652703702982126
2091,4580,0.8834755092132729,0.11652449078672711
0192,2300,0.883479142957584,0.11652085704241599
0192,2492,0.8834975315788404,0.11650246842115963
1200,3500,0.8839370594810939,0.11606294051890609
0680,6100,0.8843320156299017,0.11566798437009829
6100,7880,0.8844551494162103,0.11554485058378972
2800,4580,0.8848388835579499,0.11516111644205007
1500,2991,0.884879203899111,0.11512079610088899
0580,2991,0.8850364122721807,0.11496358772781934
2300,4180,0.885152863699283,0.11484713630071697
0680,3680,0.8852610587072837,0.11473894129271633
4900,8000,0.8854192968475935,0.11458070315240654
0680,7380,0.8854262546286757,0.11457374537132425
3680,4900,0.8855188392555652,0.11448116074443482
0680,8591,0.8856438072704859,0.11435619272951414
8000,8592,0.8858625838982427,0.11413741610175732
0191,1700,0.8859063902529252,0.11409360974707483
2492,9480,0.8859268281702635,0.11407317182973653
2200,2491,0.8865301938773831,0.11346980612261692
0791,8692,0.8866704796799137,0.11332952032008625
1300,2991,0.8870265969604121,0.11297340303958792
1700,2092,0.8872294490280339,0.11277055097196609
5280,7880,0.8874948122927169,0.11250518770728313
1700,2992,0.8878681734688105,0.11213182653118947
2700,3500,0.8878833262012368,0.11211667379876322
3500,9480,0.887930957283038,0.11206904271696205
2491,2700,0.8885054041624878,0.1114945958375122
0680,4180,0.8889374268565213,0.11106257314347867
7700,8691,0.8890633163873617,0.11093668361263831
2700,4580,0.8895705275983763,0.11042947240162371
5280,6480,0.8897614220869237,0.11023857791307634
2092,6980,0.8897640397298113,0.11023596027018867
4900,6980,0.8897807675598264,0.11021923244017362
5280,8591,0.8898344475807263,0.11016555241927373
2500,3300,0.8899391475329806,0.11006085246701935
8400,8692,0.8905266068524883,0.1094733931475117
0792,2491,0.8905303601452829,0.10946963985471714
1992,2491,0.8905474951141753,0.1094525048858247
6280,6480,0.8906143991206514,0.10938560087934857
8000,8400,0.890698551964928,0.10930144803507202
2091,2093,0.8908324664082737,0.10916753359172626
2092,2300,0.8908979982716071,0.1091020017283929
0192,2491,0.8909151426894479,0.10908485731055206
1992,2492,0.8920466201568511,0.1079533798431489
2091,2992,0.8920987200443776,0.10790127995562238
2200,2300,0.8922046945460408,0.10779530545395921
2991,7700,0.8923832255635195,0.10761677443648054
4580,8592,0.8925370146235839,0.10746298537641608
6480,8691,0.8925404333685082,0.10745956663149181
4580,5600,0.892615426461783,0.10738457353821695
6480,6980,0.8927665179398059,0.10723348206019412
8592,8691,0.8928207773130887,0.10717922268691127
4580,5980,0.8928476295161181,0.10715237048388193
0580,2491,0.8931081528515483,0.10689184714845168
3500,8692,0.8931647285184952,0.10683527148150485
1991,5100,0.8933778044121665,0.10662219558783348
4180,8691,0.893805148378698,0.10619485162130204
1991,6980,0.894027081261176,0.10597291873882397
6100,6480,0.8940338766970082,0.10596612330299182
0791,9480,0.8943365163970349,0.10566348360296507
1500,4580,0.8943470599462151,0.1056529400537849
2200,2492,0.8948218876805497,0.10517811231945029
3500,5280,0.8950826322831812,0.10491736771681881
0191,1300,0.8951176758897676,0.10488232411023235
2500,4900,0.8951829277572952,0.10481707224270476
0792,3500,0.8952018682026075,0.1047981317973925
1091,1992,0.8959462034484453,0.10405379655155467
3500,8400,0.896250941392374,0.10374905860762595
5800,8591,0.8962631128259494,0.10373688717405061
1700,2200,0.8963205160852658,0.10367948391473425
1500,3500,0.8963926607054985,0.1036073392945015
0680,2200,0.8966864595944279,0.10331354040557206
1200,4580,0.8969390465966933,0.10306095340330668
2992,8400,0.8970684023218725,0.10293159767812754
1300,2091,0.8970862596810784,0.10291374031892164
2991,3180,0.8971323734080272,0.1028676265919728
5800,8592,0.8971538076617037,0.10284619233829628
4580,6100,0.8972193538805592,0.10278064611944082
2491,3000,0.8974506695962018,0.10254933040379821
4900,7880,0.8977484944827168,0.10225150551728324
0191,2200,0.8979132388152974,0.10208676118470261
4900,8400,0.8979520791276383,0.1020479208723617
7880,8592,0.8981156685137094,0.10188433148629061
2992,7880,0.8982593458240695,0.10174065417593048
2992,5280,0.8982770033642146,0.10172299663578543
0580,0791,0.8985404799190255,0.10145952008097447
2491,8592,0.8989550487045501,0.10104495129544988
0791,7180,0.8990214587396411,0.10097854126035888
3680,5600,0.8994689078206501,0.10053109217934986
5980,6480,0.8997978749757203,0.10020212502427972
5280,7700,0.8998788973985006,0.10012110260149942
0580,2092,0.9000386186427238,0.09996138135727617
0580,0680,0.9002035985612808,0.09979640143871915
4900,8591,0.9002222986330536,0.09977770136694641
0191,2992,0.9002338302729981,0.09976616972700192
2100,8691,0.900334809207151,0.09966519079284897
0192,1700,0.9003623196607992,0.09963768033920084
5100,5280,0.900574611464982,0.09942538853501803
7880,9480,0.9006178118051048,0.0993821881948952
2991,4180,0.9009743655707882,0.09902563442921175
0192,2092,0.9011406076016439,0.09885939239835606
2093,4580,0.9011431389919236,0.09885686100807645
1600,8691,0.9011997910200839,0.09880020897991615
2092,2992,0.9012098028369528,0.09879019716304716
1200,6980,0.901291685362845,0.09870831463715501
7180,8691,0.9013563445526748,0.09864365544732523
1991,2492,0.9013782319500466,0.09862176804995337
3000,4580,0.9014333748814173,0.09856662511858272
1700,3680,0.9016782000720364,0.09832179992796364
1600,3180,0.9018296759396325,0.09817032406036752
2492,8592,0.9019785276770377,0.09802147232296232
1200,2091,0.9021403454238723,0.09785965457612766
4900,5100,0.9025056039197115,0.09749439608028854
0192,4900,0.9025267806402901,0.09747321935970987
1991,7700,0.9026565570493917,0.09734344295060826
1992,2300,0.903121001510797,0.096878998489203
1092,2092,0.9031952776917013,0.09680472230829873
0791,2700,0.9032686501159561,0.09673134988404386
0580,2492,0.9032890703403653,0.09671092965963468
2300,7880,0.9034064114029802,0.09659358859701983
2492,2800,0.9034826208101674,0.09651737918983261
2491,6480,0.9034861933814112,0.09651380661858877
1992,8691,0.9035086882024771,0.0964913117975229
1700,5280,0.9038721497290506,0.09612785027094939
3180,8692,0.904183007177755,0.09581699282224498
2100,2991,0.904275566400738,0.09572443359926197
0191,8691,0.9044654800384019,0.09553451996159812
1093,1991,0.9046217304153095,0.09537826958469053
4580,9480,0.9048088935503339,0.09519110644966611
2092,2093,0.904814858930232,0.09518514106976805
3300,3500,0.9050284260199847,0.09497157398001532
2491,5600,0.9056187159471298,0.09438128405287016
0792,2991,0.9058391771679456,0.0941608228320544
0680,9480,0.9059073102768691,0.0940926897231309
0680,1092,0.905969338764613,0.09403066123538695
2991,5100,0.9061502312561337,0.0938497687438663
1092,2093,0.9061796341620677,0.0938203658379323
1991,5280,0.9064054818323273,0.09359451816767272
2091,8691,0.9067238111062663,0.09327618889373368
0680,8692,0.9067452952599837,0.09325470474001629
0680,1200,0.9071703760958395,0.0928296239041605
2700,3300,0.9072478906061872,0.09275210939381284
0680,2700,0.907337350519067,0.09266264948093295
1700,1992,0.9074324216551262,0.09256757834487384
4580,8000,0.9075249378656046,0.09247506213439538
2991,6280,0.9076512495652168,0.09234875043478319
0192,8691,0.9079769308039948,0.09202306919600522
2492,4180,0.9080976605701016,0.09190233942989845
2800,3500,0.908281797156801,0.09171820284319898
2300,2500,0.9085752527718315,0.09142474722816851
7380,8691,0.9087626603326818,0.09123733966731817
0192,5600,0.9088998806615122,0.09110011933848783
2092,7880,0.9089812642121438,0.09101873578785624
2200,8691,0.90908786855013,0.09091213144986998
2500,3000,0.9092013014315006,0.09079869856849943
1300,4580,0.9094714809987491,0.09052851900125092
2500,2800,0.9095598881578153,0.0904401118421847
1093,2991,0.9096581670881331,0.09034183291186693
1200,1700,0.9097178649325778,0.09028213506742222
1700,2500,0.9097476793847952,0.09025232061520483
0791,1200,0.9099071387414132,0.09009286125858684
2492,3000,0.9103329415149874,0.08966705848501255
0680,2093,0.9103955188531119,0.08960448114688813
2300,8400,0.910504286398488,0.08949571360151198
2992,8591,0.9106707176619894,0.08932928233801063
4900,8592,0.9106928424678782,0.08930715753212182
3000,3500,0.9107906633885631,0.08920933661143693
0192,0680,0.9107946795652779,0.08920532043472207
2093,4900,0.9110994717694639,0.08890052823053607
2092,2500,0.9111179778127259,0.08888202218727415
1600,2300,0.911421898770416,0.08857810122958398
1992,2093,0.9115077891570905,0.08849221084290948
2491,6980,0.911642362230613,0.08835763776938699
1300,2992,0.9118318288049201,0.08816817119507991
1700,7880,0.9118602548968773,0.08813974510312272
3300,4900,0.9120347620445058,0.08796523795549416
1991,2300,0.9123584659902018,0.08764153400979824
3500,5600,0.9124472333481666,0.08755276665183342
2300,5280,0.9127646881607988,0.08723531183920119
0680,1600,0.9133844295270267,0.0866155704729733
2492,5600,0.9136575031103633,0.08634249688963669
1093,4580,0.9139518068285957,0.08604819317140433
6280,8691,0.9139983346718084,0.08600166532819165
3300,8691,0.914121486302231,0.085878513697769
0580,4580,0.9143135115786172,0.08568648842138282
2092,5280,0.9143175093895176,0.08568249061048239
2100,7380,0.9144199270832545,0.08558007291674552
2100,8692,0.9147126060870692,0.08528739391293083
1093,4900,0.914758582814867,0.085241417185133
5600,8692,0.914790820255505,0.08520917974449504
1991,8691,0.9149329432775364,0.08506705672246362
2092,8400,0.9149671202738426,0.08503287972615736
2700,2992,0.9150573953024279,0.08494260469757209
6100,8691,0.9150896406297593,0.08491035937024072
2992,8692,0.9151551425341756,0.08484485746582437
0192,2992,0.915172739724605,0.084827260275395
2492,6480,0.9152866634165829,0.08471333658341706
6480,8592,0.9154074263487593,0.08459257365124073
3180,4580,0.9154720939803017,0.08452790601969828
1500,7380,0.9154808560730536,0.08451914392694637
1093,8691,0.9156332658779495,0.08436673412205054
1400,4580,0.9156461839558404,0.08435381604415959
0191,1600,0.9156658429425322,0.08433415705746783
2300,8591,0.9156750890301427,0.08432491096985728
1600,4900,0.9160362016249939,0.08396379837500612
1600,2992,0.916203580659168,0.08379641934083204
5280,8592,0.9163882747308362,0.08361172526916383
2500,8400,0.9165851819361559,0.0834148180638441
0791,1300,0.916594678670317,0.08340532132968304
0791,6100,0.9167948266814316,0.08320517331856836
5980,8592,0.9168640009639368,0.08313599903606317
0791,5600,0.9168793228528137,0.0831206771471863
1700,1991,0.9170223271285239,0.08297767287147606
1992,5280,0.9170924435813098,0.08290755641869019
1991,2093,0.9171317922065397,0.08286820779346027
1400,3500,0.9171919493126307,0.0828080506873693
2091,2500,0.9172286807028266,0.0827713192971734
1991,5000,0.9172442758583361,0.08275572414166388
2500,7880,0.9172593728711343,0.08274062712886565
8400,9480,0.9172674353514918,0.0827325646485082
2093,7380,0.9172741595749618,0.08272584042503817
0791,5100,0.9172873949201595,0.08271260507984046
1992,2992,0.9173343833365906,0.08266561666340944
5600,9480,0.9174745331075843,0.08252546689241569
0580,2091,0.9176197733600565,0.08238022663994349
8591,8592,0.9177345552286258,0.08226544477137421
1092,1093,0.9177345969331051,0.0822654030668949
0791,2093,0.9181755447248262,0.08182445527517379
6980,7380,0.9181820592343625,0.08181794076563753
2992,3300,0.9182047965779716,0.0817952034220284
8692,9480,0.9182757474098775,0.0817242525901225
0192,1600,0.9183626765786826,0.08163732342131735
2500,5280,0.9184079858805787,0.0815920141194213
8591,8692,0.9184543338162174,0.08154566618378256
2100,6980,0.9186247476834919,0.0813752523165081
0192,1991,0.9187965477783284,0.08120345222167158
0680,5980,0.9189020203751729,0.08109797962482712
1992,5600,0.918922808104823,0.08107719189517704
3180,3500,0.9192054516738697,0.08079454832613031
0680,5600,0.919220348084895,0.08077965191510506
1700,8591,0.9193173029647518,0.08068269703524822
2700,4900,0.9194671815177586,0.08053281848224136
1500,2091,0.9196118365222926,0.08038816347770739
1400,2991,0.9196987643223371,0.0803012356776629
4900,8692,0.9197870601421928,0.0802129398578072
4900,5600,0.9198199234869255,0.08018007651307446
1700,8400,0.9198275119120923,0.08017248808790767
2093,2200,0.9198288354165656,0.08017116458343443
5980,9080,0.9199873965683179,0.08001260343168215
1200,2092,0.9200773877665167,0.07992261223348329
3300,5280,0.9200816639459022,0.07991833605409782
1600,2092,0.9201856777517944,0.07981432224820562
2091,3680,0.9202797116209906,0.07972028837900935
1600,2091,0.9203240941236518,0.07967590587634821
2300,3300,0.9206437045682995,0.07935629543170053
1992,2200,0.920742915446163,0.07925708455383695
0791,3000,0.9210546213478563,0.07894537865214368
6480,8591,0.921099341632941,0.07890065836705895
1300,2492,0.921265187121181,0.078734812878819
5280,9480,0.921271450679989,0.07872854932001105
1700,6480,0.9213685759853006,0.07863142401469936
1700,6980,0.9213756868228873,0.07862431317711271
5600,8400,0.921443143635687,0.07855685636431298
1700,3300,0.9214814617980683,0.07851853820193166
7700,8592,0.9216808463686905,0.07831915363130948
1093,2092,0.9217211010884081,0.0782788989115919
0580,4900,0.92173101512573,0.07826898487427003
2491,4180,0.9217777398293265,0.07822226017067346
1093,3500,0.9218269649293865,0.07817303507061346
2800,4900,0.9220971730988617,0.07790282690113826
1091,2093,0.9226487415694613,0.0773512584305387
0191,1092,0.9228602505125613,0.07713974948743874
0680,3000,0.9229326353439391,0.0770673646560609
3000,3680,0.9231886181186714,0.07681138188132863
2300,8592,0.9232282725589018,0.07677172744109817
1800,4580,0.9232365905008536,0.0767634094991464
2700,3680,0.9233058217836083,0.07669417821639168
2093,3500,0.9233224054667688,0.0766775945332312
2800,3680,0.9236397574627331,0.07636024253726692
0191,2500,0.9237356313937234,0.07626436860627661
2800,8691,0.9238098745900654,0.07619012540993464
0680,2100,0.9239263194511337,0.07607368054886632
0791,0792,0.9239525284693831,0.07604747153061686
2200,3680,0.9240272061378522,0.07597279386214784
0191,2093,0.9240286619354492,0.07597133806455081
4900,7380,0.9240898301517195,0.07591016984828047
1700,2093,0.9241016184283237,0.07589838157167628
2300,8692,0.9245158719102566,0.07548412808974336
4180,4580,0.9245319667014081,0.07546803329859186
0191,0580,0.9245481362904437,0.07545186370955625
3500,6480,0.9249839396117052,0.07501606038829478
2093,2491,0.9250018766534106,0.0749981233465894
1200,4900,0.9252435719237961,0.07475642807620386
0680,8000,0.9254755193881217,0.07452448061187833
2092,8591,0.9257896386200648,0.0742103613799352
1100,8691,0.9258159621455436,0.07418403785445637
3000,4900,0.9259160641143037,0.07408393588569628
2992,6480,0.9259610533528744,0.07403894664712563
1091,3500,0.9260554093886364,0.0739445906113636
1300,2491,0.9261276390603973,0.0738723609396027
3180,8691,0.9261450379650058,0.0738549620349942
5600,8591,0.9263321972177812,0.07366780278221885
2100,4580,0.9263445181240023,0.07365548187599769
2091,2700,0.9264371962325211,0.07356280376747892
5800,7380,0.92650901760766,0.07349098239233998
2992,6980,0.9265754979931842,0.07342450200681583
5280,6980,0.9267139457843485,0.07328605421565149
2700,8691,0.9267335664160491,0.07326643358395091
1700,8592,0.9269021798343737,0.07309782016562627
0680,0792,0.926996446865661,0.07300355313433904
1091,8691,0.927005985192475,0.07299401480752499
8400,8592,0.9270466017500465,0.0729533982499535
2492,3180,0.9270642908760569,0.0729357091239431
2800,2992,0.9270980332510368,0.07290196674896321
5280,8692,0.9272884883916656,0.07271151160833444
2092,8692,0.9274424456479118,0.07255755435208822
1991,2992,0.9274641719667046,0.07253582803329539
4580,7700,0.9274862117579594,0.07251378824204058
4900,6100,0.9275457589150901,0.07245424108490994
1200,7380,0.9275939755843785,0.0724060244156215
0192,2200,0.9276401419450317,0.07235985805496825
6980,8592,0.9277087107243184,0.07229128927568162
2500,2700,0.9279103636993461,0.0720896363006539
4900,9480,0.9279931453723971,0.07200685462760292
6980,8691,0.9280852382551719,0.07191476174482814
1600,2500,0.9280891625835591,0.07191083741644089
2992,6100,0.9281222100126518,0.07187778998734817
0192,1500,0.9282504118370745,0.07174958816292554
5280,7380,0.9282505377170034,0.07174946228299661
3500,6100,0.9283126274525957,0.07168737254740432
2491,3180,0.928396309531364,0.07160369046863602
0791,1500,0.9284548530782663,0.07154514692173375
3300,3680,0.9285712667064282,0.0714287332935718
1700,8692,0.9286176167425791,0.07138238325742086
1093,2093,0.9288140524887747,0.07118594751122531
2992,8592,0.929205336594073,0.070794663405927
7380,9080,0.9294487466466945,0.07055125335330548
1992,7880,0.9294586097208459,0.07054139027915407
2300,6980,0.929642267972636,0.07035773202736395
2200,3300,0.9298954420022059,0.07010455799779414
2200,2500,0.929907866100699,0.07009213389930102
1992,6480,0.9299115215057676,0.07008847849423239
2300,6480,0.930113952001099,0.06988604799890097
3680,8592,0.930133120540839,0.06986687945916104
1091,2991,0.9302015533999349,0.06979844660006507
2093,8691,0.9302110004226818,0.06978899957731821
1600,8400,0.9303580686764577,0.06964193132354235
1600,2200,0.9304669629922523,0.06953303700774771
0680,1093,0.9304759316877372,0.06952406831226277
2992,9480,0.9306084295909228,0.06939157040907717
2500,8591,0.9306988675098085,0.06930113249019154
2093,2492,0.9308138530750402,0.06918614692495983
0192,1200,0.9311647945538079,0.06883520544619215
5100,9480,0.9313344087055607,0.06866559129443928
2092,6480,0.9313388547015601,0.06866114529843992
1300,2300,0.9313836614636917,0.06861633853630833
5500,8691,0.9315514451717948,0.06844855482820522
0791,7380,0.9315751917722164,0.06842480822778363
5100,8691,0.9316895186323816,0.06831048136761841
4900,5000,0.9317497813932951,0.06825021860670488
1500,4900,0.931760095641368,0.06823990435863203
2200,2700,0.9319048155766031,0.0680951844233969
6100,8592,0.9319529262393039,0.06804707376069608
0580,1992,0.9320379736486941,0.06796202635130588
4580,5100,0.9320808506103405,0.06791914938965948
0791,1093,0.9321665812802487,0.06783341871975135
0791,1092,0.932238355550111,0.06776164444988897
1600,7880,0.9322511514917894,0.06774884850821061
0191,5600,0.9322528486341437,0.0677471513658563
6480,8692,0.9322690793024014,0.06773092069759856
2500,8692,0.9324641323843212,0.06753586761567876
0192,2500,0.9325070934291859,0.06749290657081408
3000,8691,0.9325482458609069,0.0674517541390931
2092,3300,0.9326075861744163,0.0673924138255837
1300,1700,0.9326170178897142,0.06738298211028582
1200,2491,0.9326360816805739,0.06736391831942612
1091,4580,0.932641290719456,0.067358709280544
0680,1500,0.9327913436500159,0.06720865634998408
1200,2492,0.9329200588019058,0.06707994119809424
0580,8691,0.9330252700107651,0.06697472998923493
2300,9480,0.9332673677805852,0.06673263221941483
1093,1700,0.933428223006202,0.06657177699379802
0580,1991,0.933664302442315,0.06633569755768498
2992,7180,0.9337233045024402,0.06627669549755977
0792,4580,0.9338034572206724,0.06619654277932763
4180,8400,0.9338351932447584,0.06616480675524161
1992,2500,0.9339176279288763,0.06608237207112366
1991,2500,0.9340198744889836,0.0659801255110164
0580,2992,0.9340260476637199,0.06597395233628012
1500,1700,0.9340951432954242,0.0659048567045758
1991,3680,0.9343210027919681,0.06567899720803194
0192,0580,0.9343240427593295,0.06567595724067055
0791,8000,0.9343987378804224,0.06560126211957762
2300,2700,0.9347515877485435,0.0652484122514565
0191,7880,0.9348697148188262,0.06513028518117381
1992,6980,0.9349158326311054,0.06508416736889455
0192,2100,0.9349722399681588,0.06502776003184119
2700,2800,0.9350352260583226,0.06496477394167743
3500,4180,0.935081449508991,0.06491855049100903
6100,8400,0.935213710452599,0.06478628954740095
1991,5600,0.935244636077932,0.06475536392206804
5280,6100,0.9352706799083568,0.06472932009164323
6100,7700,0.9354091115747276,0.06459088842527239
2200,3180,0.9354457753678169,0.06455422463218308
2492,6980,0.9355904991766812,0.06440950082331875
2700,6980,0.9357186463161916,0.06428135368380838
0792,4900,0.9357732128819506,0.06422678711804941
2800,7880,0.9357873479240343,0.06421265207596571
4580,6280,0.9358417836491467,0.06415821635085328
0191,5280,0.9359786645436141,0.06402133545638589
8591,9480,0.9359999273869246,0.06400007261307539
1992,8591,0.9360402859229212,0.06395971407707879
0191,8591,0.9362038558645315,0.06379614413546852
3000,3300,0.9363351350239563,0.06366486497604373
1600,8692,0.9364091573037487,0.06359084269625126
0791,3180,0.9364389976933128,0.06356100230668715
1600,1992,0.9364390803857855,0.0635609196142145
1200,8691,0.9364584853235411,0.06354151467645885
0680,1300,0.9365415756533343,0.06345842434666571
1300,1992,0.9365873332647056,0.06341266673529444
1500,2491,0.9367843277535401,0.06321567224645985
2991,5500,0.9367914443201705,0.06320855567982953
1500,2492,0.9368224311815844,0.06317756881841563
1600,5280,0.9368427503663427,0.06315724963365732
6980,7880,0.9368504254828782,0.06314957451712178
0580,1700,0.9369898152492393,0.0630101847507607
0192,8591,0.9370240810073345,0.06297591899266552
1200,2300,0.9372712108297375,0.06272878917026248
3680,6480,0.9373912005472885,0.06260879945271147
5980,8691,0.9375702698099752,0.062429730190024846
1800,2991,0.9377283621293978,0.06227163787060219
5100,8592,0.9377314100600156,0.06226858993998441
2491,6100,0.9377639067498096,0.062236093250190416
5600,7880,0.9377669212076402,0.06223307879235984
2600,2991,0.9381005292483828,0.06189947075161717
6280,7380,0.9381237667286314,0.0618762332713686
2093,3680,0.9381894290520553,0.06181057094794473
1700,5000,0.9382495153571556,0.06175048464284438
5980,6980,0.938287038869454,0.06171296113054603
0191,1500,0.93829600842173,0.06170399157827
1200,8000,0.9383200685843482,0.061679931415651756
1300,2092,0.938371706527516,0.061628293472484
0791,2100,0.9383781967915881,0.06162180320841193
2091,7880,0.938449561093481,0.06155043890651901
0580,7880,0.9384587163870762,0.06154128361292377
2093,6980,0.9384770728946414,0.06152292710535856
2091,8692,0.9384894469923813,0.06151055300761865
2491,7700,0.9385099473334585,0.061490052666541506
1500,8691,0.9386234613859061,0.06137653861409387
1500,2200,0.9387449598207516,0.06125504017924843
1600,8591,0.9388299044290067,0.06117009557099329
1700,7380,0.9388730256809242,0.061126974319075766
2800,5280,0.9390990489432534,0.060900951056746644
1300,4900,0.939110926086991,0.06088907391300902
1991,6480,0.9391556075083752,0.060844392491624766
5000,7700,0.9392022004744843,0.06079779952551567
6100,6980,0.9392505562262807,0.06074944377371927
1991,2200,0.9393227449329687,0.060677255067031255
0792,2992,0.9393408877996433,0.06065911220035669
2500,4180,0.9394279901315977,0.06057200986840228
1992,8400,0.9395809211217565,0.06041907887824349
2200,7880,0.9396130288699533,0.06038697113004665
2091,5280,0.9396312931303635,0.06036870686963647
0192,2093,0.9396869969997178,0.060313003000282195
1991,3500,0.9396882705002291,0.06031172949977093
1700,2700,0.9397091677510115,0.06029083224898846
2100,4900,0.9397147126571329,0.06028528734286709
4900,7180,0.9397997145455492,0.060200285454450775
6980,8692,0.9398433375710961,0.06015666242890394
1700,9480,0.939855615116916,0.060144384883084046
2992,3000,0.9399186386729347,0.06008136132706532
2093,2500,0.9400006050430373,0.059999394956962715
0191,8592,0.9400759733964733,0.05992402660352669
1093,2091,0.9401338028026748,0.05986619719732522
2200,3000,0.9401955784934729,0.059804421506527095
2800,7180,0.9402259660233866,0.059774033976613405
1200,6480,0.9402491453036116,0.05975085469638841
2500,6480,0.9402879134120956,0.05971208658790439
1992,3300,0.9404679164853547,0.05953208351464534
6480,9480,0.9406300960604485,0.05936990393955155
0191,6480,0.9406417705819465,0.059358229418053465
6100,9480,0.9406944797038209,0.05930552029617908
3300,7880,0.9407704328070116,0.05922956719298844
2991,9080,0.9408247372909786,0.0591752627090214
2200,5280,0.9408622132383655,0.0591377867616345
1992,3680,0.9409060815104423,0.059093918489557695
0192,1300,0.9409176269202936,0.05908237307970643
6100,8591,0.9410618720762565,0.05893812792374353
5100,6480,0.9410629910759365,0.058937008924063505
2300,5600,0.9410714838947547,0.0589285161052453
5600,6480,0.9410955671061373,0.05890443289386271
2091,8400,0.9410963404239018,0.05890365957609822
1091,8591,0.9411373939359391,0.05886260606406091
0680,3180,0.9411484119835628,0.058851588016437195
1200,1991,0.9411678244102728,0.0588321755897272
2092,5600,0.9411699839212554,0.05883001607874461
2300,2800,0.9413775959275135,0.058622404072486534
7700,8591,0.9414291536450184,0.058570846354981554
1991,3300,0.9414553193162706,0.05854468068372942
4180,4900,0.941493540388423,0.058506459611576966
1700,5600,0.9417184088489617,0.05828159115103826
0191,8400,0.9417207302450923,0.058279269754907714
4180,5280,0.9417421217037798,0.0582578782962202
2093,2300,0.9417812742277706,0.05821872577222942
0191,8692,0.9418036542568454,0.058196345743154576
2100,5980,0.9418057211080031,0.05819427889199691
1300,2200,0.9418210921272012,0.05817890787279878
1500,1992,0.9418761625768326,0.0581238374231674
4580,6800,0.9419164218391504,0.058083578160849636
0192,8592,0.9419223917631332,0.05807760823686681
2092,7380,0.9420323385674695,0.057967661432530515
2092,2700,0.9420441934474196,0.05795580655258037
2091,3300,0.9421134350601729,0.057886564939827134
2700,7880,0.9421163112075241,0.05788368879247585
6280,8400,0.9422390862548451,0.05776091374515491
2091,3180,0.9423198803527106,0.05768011964728936
2492,6100,0.9423340400812266,0.057665959918773435
0680,6280,0.9423566819423471,0.05764331805765288
1500,5980,0.9423854631376962,0.05761453686230378
2992,5600,0.9424388351869338,0.05756116481306617
0192,7880,0.9424775376020782,0.0575224623979218
2700,5280,0.9426278471702709,0.05737215282972907
5600,7380,0.9427543014556352,0.05724569854436479
1991,8400,0.9427873454929345,0.057212654507065475
2092,8592,0.9428196333225181,0.05718036667748194
1093,8591,0.9429519430731099,0.05704805692689008
2091,8591,0.9429581309557272,0.057041869044272775
2992,3180,0.9430613900736065,0.056938609926393546
0792,1991,0.943143821519223,0.05685617848077695
6480,6800,0.9432365740959125,0.05676342590408745
3500,5500,0.9434188462961904,0.05658115370380956
2092,9480,0.9435282634532375,0.05647173654676252
7380,8400,0.943533500020726,0.056466499979274
1092,5600,0.9437236038287354,0.056276396171264564
2500,9480,0.9437502212814107,0.05624977871858927
1700,7700,0.9437929059395196,0.05620709406048041
2200,8692,0.943818000887431,0.05618199911256905
1500,2092,0.9438588567256035,0.056141143274396454
1700,8000,0.9439107278037578,0.05608927219624216
7180,8591,0.9441013507230602,0.05589864927693977
1200,5280,0.944122864348717,0.05587713565128305
2093,5980,0.9442437500308514,0.05575624996914863
6980,8400,0.9443531093707723,0.055646890629227674
2200,8400,0.9443713616845367,0.055628638315463275
0791,6280,0.9444753299894098,0.05552467001059025
1300,8691,0.9444785278460449,0.05552147215395509
0191,2700,0.944483845172315,0.055516154827685016
1200,2992,0.9445479887650783,0.055452011234921716
3000,5280,0.9445861226977209,0.05541387730227909
2092,7180,0.9446341034494695,0.05536589655053048
1992,8692,0.9446429755734421,0.05535702442655788
2200,2800,0.9446801466725335,0.05531985332746647
2500,8592,0.9447781857867977,0.05522181421320227
1992,7180,0.9448899487374206,0.055110051262579396
1700,2800,0.9448971264850679,0.05510287351493215
2093,2992,0.9449669665135694,0.05503303348643063
0191,1091,0.9450774783058908,0.05492252169410916
0192,8692,0.9453118649334877,0.05468813506651227
1500,5600,0.9453495356355631,0.05465046436443688
3180,4900,0.9454104231864364,0.05458957681356358
1500,2992,0.9455092584807948,0.05449074151920519
8592,9480,0.9456116556335209,0.0543883443664791
1991,8591,0.9456543258621569,0.05434567413784308
2300,3000,0.945692605806349,0.05430739419365105
0580,2200,0.9456928433642778,0.054307156635722165
2200,8591,0.9457966232433266,0.054203376756673416
0791,1400,0.9460079641570704,0.05399203584292955
3180,3680,0.9460212869514075,0.053978713048592475
1093,2491,0.9462937211453248,0.05370627885467516
5500,8400,0.946557675442695,0.05344232455730502
0792,8691,0.9466259975986496,0.05337400240135037
0580,2500,0.9467023100128346,0.05329768998716544
1700,3180,0.9468723439883611,0.053127656011638935
3300,8400,0.9470085976653329,0.05299140233466715
2093,7880,0.9470511398822219,0.05294886011777811
1500,2300,0.9471095953771546,0.052890404622845444
2300,6100,0.9471562891089051,0.05284371089109485
5280,5600,0.9471600053787222,0.05283999462127775
2093,5280,0.9471815885257786,0.052818411474221394
2500,5600,0.947182798576624,0.05281720142337598
7380,9480,0.9474525087243997,0.05254749127560032
4900,5980,0.9475245411595891,0.05247545884041094
1093,2492,0.9475534650023427,0.05244653499765728
1700,6100,0.9476016249576982,0.052398375042301826
2091,6980,0.9476596343691989,0.05234036563080113
0192,5280,0.9477415349343596,0.05225846506564036
1992,8592,0.947749075551562,0.05225092444843804
1091,4900,0.9479021505816415,0.05209784941835849
0191,3300,0.9480669040428091,0.05193309595719087
1991,2800,0.9481052977356067,0.0518947022643933
0792,2500,0.9481225996880336,0.051877400311966415
0191,1400,0.9481709894789243,0.05182901052107569
1093,2200,0.9482164839686078,0.051783516031392196
4580,5500,0.9482292368652369,0.05177076313476314
2700,8400,0.9482700859360796,0.05172991406392036
0791,1091,0.9482936894840743,0.05170631051592567
1400,1500,0.9484387775989078,0.05156122240109218
0192,8400,0.9485050362209213,0.051494963779078695
2800,8400,0.9485697897091032,0.05143021029089678
3300,6980,0.9485927285238226,0.05140727147617741
7380,8591,0.9485956955849709,0.05140430441502908
0192,6480,0.9486006177787742,0.05139938222122575
0191,3680,0.9486786844467932,0.05132131555320685
2092,2100,0.9486873738466077,0.05131262615339227
1600,3300,0.9486935754425454,0.0513064245574546
7700,8400,0.948739249332908,0.051260750667092014
2091,3000,0.9487864613216488,0.05121353867835121
1800,5800,0.9488415463468791,0.05115845365312088
0680,1400,0.9488959052614175,0.05110409473858246
2991,5000,0.9489079153990072,0.05109208460099279
0191,9480,0.9489316292951222,0.0510683707048778
0792,2300,0.9489902938821664,0.05100970611783362
2100,3500,0.9490329320983877,0.05096706790161232
3680,4180,0.9491369999790837,0.05086300002091626
0792,3680,0.9491735727162725,0.05082642728372755
1092,2991,0.949599601473236,0.050400398526764034
2500,6980,0.9496366622970412,0.050363337702958755
2491,5500,0.9496988460600173,0.05030115393998269
0580,3300,0.949761724555642,0.050238275444357994
1600,8592,0.9498485733663378,0.05015142663366223
2491,5100,0.9499114251462749,0.05008857485372509
2992,8000,0.9499532841235812,0.050046715876418846
2092,2800,0.949963219240685,0.05003678075931495
9080,9480,0.949965902543082,0.050034097456918
2800,6980,0.9500155381596497,0.049984461840350325
1600,1991,0.9500357641860405,0.04996423581395948
1600,9480,0.9500413637151303,0.04995863628486974
6980,9480,0.9501589717897683,0.04984102821023173
2300,3180,0.9502597750349919,0.04974022496500807
8592,8692,0.9502909481387354,0.04970905186126462
1991,7880,0.950319051725993,0.04968094827400704
0680,5500,0.9503267235334917,0.04967327646650832
0791,5500,0.9503294606106729,0.049670539389327084
2091,6480,0.950363502709233,0.04963649729076702
2100,7180,0.9503951841573435,0.049604815842656524
1200,5980,0.9504695729850939,0.049530427014906064
1700,3000,0.9505238717447051,0.049476128255294904
2091,8592,0.9505246901869763,0.04947530981302373
5280,5980,0.9506356079379187,0.04936439206208132
1700,7180,0.9507661191320532,0.04923388086794678
4180,6100,0.9507868673563387,0.04921313264366134
0580,6980,0.950845103007511,0.04915489699248898
1400,4900,0.9508511516300862,0.049148848369913845
3000,8400,0.9508876396729099,0.0491123603270901
5000,5280,0.9509327462823053,0.049067253717694714
0792,2800,0.951008320801402,0.04899167919859804
1992,9480,0.9510173203244132,0.04898267967558678
1991,8692,0.9510467934429876,0.04895320655701241
2200,6980,0.9511756332481873,0.048824366751812676
0680,1091,0.9511779114393476,0.0488220885606524
2992,7380,0.9511782110308116,0.04882178896918843
6100,6280,0.9512077921115907,0.04879220788840932
3000,7880,0.9512191711610833,0.04878082883891666
2200,4180,0.9513066725078897,0.048693327492110305
1400,2492,0.951337579629674,0.048662420370325976
3300,6480,0.9514177818789221,0.04858221812107788
1093,2300,0.9514781232541981,0.048521876745801884
1093,1200,0.9515846174777174,0.04841538252228261
2092,3000,0.9516405185507936,0.04835948144920643
0791,5980,0.951675771725346,0.04832422827465399
3300,8591,0.951796672708729,0.04820332729127097
1500,6480,0.951799020385129,0.04820097961487102
1400,2491,0.951886549243779,0.04811345075622098
2100,2491,0.9519113777825577,0.048088622217442256
4180,7880,0.9520840478640684,0.04791595213593158
1992,2700,0.9521536845011804,0.04784631549881957
0192,9480,0.9521967667474776,0.04780323325252245
1991,2100,0.9522018113403505,0.047798188659649465
7180,8400,0.952215594652157,0.047784405347843006
1200,7880,0.9522195446609873,0.04778045533901265
2092,3180,0.952279737600382,0.04772026239961802
0792,3300,0.9522972194758421,0.047702780524157884
2200,5600,0.9522975814274571,0.04770241857254287
1991,7180,0.95247507525191,0.04752492474809
5280,6280,0.9524963422093943,0.047503657790605724
1100,2991,0.9525087126563246,0.04749128734367536
2091,5600,0.952562418459744,0.04743758154025601
1600,6480,0.9527154693076473,0.04728453069235272
6280,7880,0.9527223123466347,0.04727768765336526
2992,4180,0.9527926280942499,0.047207371905750084
0580,1600,0.9528228512579762,0.04717714874202383
1991,2700,0.9529022932923734,0.047097706707626585
2093,6480,0.9529258430636497,0.04707415693635031
2491,7180,0.9529419207261659,0.0470580792738341
5100,7880,0.9529504454380172,0.04704955456198279
1200,2200,0.952998774781364,0.047001225218636034
0192,1092,0.953012637117713,0.046987362882287
0792,5280,0.9530215274615735,0.04697847253842646
2300,8000,0.9530865583122304,0.046913441687769564
2200,6480,0.9530940744358357,0.046905925564164286
0580,1300,0.9530947153089382,0.04690528469106181
1800,7380,0.9531481672176496,0.04685183278235039
2093,8400,0.9532055833266055,0.04679441667339446
1992,2100,0.9532074573517043,0.04679254264829569
1100,9480,0.953222968031205,0.04677703196879501
0680,2600,0.9532321900522264,0.04676780994777363
2800,6480,0.9532580209293853,0.046741979070614725
1400,2992,0.9532979266003845,0.04670207339961552
2700,6480,0.9533292601975478,0.04667073980245218
1400,2091,0.9534265587004047,0.046573441299595286
2093,8692,0.9534273904964987,0.04657260950350128
2093,5600,0.9534937717108989,0.046506228289101115
2700,7380,0.9536577454781675,0.04634225452183249
0580,3680,0.9537039857105543,0.04629601428944574
2600,4580,0.9537304358733212,0.04626956412667882
0192,0280,0.9537328765097582,0.04626712349024176
2991,5800,0.9537397507311014,0.0462602492688986
2100,5280,0.9537447302504767,0.04625526974952332
2091,9480,0.953813646461265,0.046186353538735014
3680,6980,0.9540941419177356,0.04590585808226444
2092,6100,0.954098652401948,0.04590134759805198
4900,6280,0.9541338406980941,0.04586615930190585
2200,8592,0.9542074837610185,0.04579251623898151
2491,7380,0.954274741673441,0.04572525832655905
2500,7380,0.9543580698338469,0.045641930166153144
2092,4180,0.9543709174812217,0.045629082518778286
3300,8692,0.9544985890004187,0.04550141099958127
0192,2700,0.9545034679344757,0.04549653206552429
6100,8692,0.9545162299978629,0.0454837700021371
2800,8591,0.9546569405072489,0.04534305949275108
2492,5500,0.9548187573094856,0.04518124269051438
2500,3180,0.9548640973166408,0.04513590268335921
0191,2800,0.9549121059430501,0.045087894056949906
0191,6980,0.9549327111441883,0.04506728885581168
1300,1600,0.9549701720754706,0.045029827924529364
2700,8591,0.9549758497312553,0.045024150268744734
0580,5280,0.9550762387704963,0.0449237612295037
1100,8692,0.9550985109179777,0.044901489082022294
0580,6480,0.9551213436070025,0.044878656392997485
1093,1500,0.9551588404240701,0.044841159575929934
2093,8591,0.9551724867260358,0.04482751327396417
1200,8592,0.9551974890515345,0.044802510948465546
2091,2100,0.9552571764585935,0.04474282354140646
2500,7700,0.955298257893953,0.04470174210604705
1200,8591,0.9553551772363753,0.04464482276362469
1300,3180,0.9553605685369493,0.044639431463050716
1700,2100,0.955391081975255,0.04460891802474498
1200,8400,0.9554024397327279,0.04459756026727213
1991,4180,0.9554350663346062,0.044564933665393824
3000,6480,0.9555594139093423,0.04444058609065771
1991,9480,0.955659760373849,0.04434023962615097
5800,6480,0.9556980079475825,0.04430199205241747
2091,2800,0.9557024475846921,0.04429755241530786
1991,8592,0.955923859415289,0.04407614058471099
5100,8000,0.9559276280789112,0.044072371921088815
1300,2500,0.9559303417347624,0.044069658265237566
2100,2492,0.955943614540107,0.04405638545989299
4180,8591,0.9559528245027342,0.04404717549726578
2300,7180,0.9560254198826346,0.043974580117365436
2800,3000,0.9560286484141154,0.04397135158588461
6280,6980,0.9561550803104385,0.0438449196895615
0191,3000,0.9561708752213733,0.04382912477862666
1992,2800,0.9563316923726725,0.04366830762732754
1600,3000,0.9563614811043842,0.04363851889561576
0580,8400,0.9563633888074731,0.04363661119252693
2992,7700,0.9563663630202213,0.043633636979778734
0191,3180,0.9564903985266936,0.0435096014733064
1500,5280,0.9565218295924806,0.043478170407519445
2492,7180,0.9565723186586998,0.04342768134130015
1091,1991,0.9565839642845861,0.04341603571541386
1092,2091,0.9565901574920285,0.04340984250797153
1600,2800,0.9565926682453487,0.04340733175465128
1500,7880,0.9566034231976117,0.04339657680238829
1091,2491,0.956621423952302,0.043378576047698014
1092,2100,0.9566916789611574,0.043308321038842634
3300,7700,0.956694453112065,0.043305546887934976
5600,8592,0.9567058999646506,0.04329410003534939
2500,6100,0.9567143537631829,0.04328564623681708
2200,9480,0.9567333682630165,0.04326663173698353
1091,1700,0.956742606454224,0.04325739354577596
2991,6800,0.9567651965413767,0.043234803458623294
1200,1600,0.9567755885591517,0.04322441144084832
2200,5100,0.9568134814532718,0.04318651854672817
0192,3300,0.9568750681946524,0.0431249318053476
7380,7880,0.9568766231671594,0.04312337683284062
1500,1991,0.9568797171210552,0.04312028287894476
0792,1700,0.9569785486561843,0.04302145134381574
1091,2492,0.9569797438138259,0.04302025618617411
1200,7180,0.9569857254601903,0.04301427453980966
0580,8591,0.957000546085782,0.042999453914218
2100,7880,0.9570111657577971,0.0429888342422029
2700,8692,0.9570274143585829,0.04297258564141715
1700,1800,0.9571827546181434,0.042817245381856606
1992,7380,0.9572950844776623,0.04270491552233768
1600,2700,0.9574184385822334,0.04258156141776659
3680,5500,0.9574384399947771,0.04256156000522293
1093,2992,0.9574757521973788,0.04252424780262121
1200,2500,0.9575664831682076,0.04243351683179242
6980,8591,0.9575749799559676,0.04242502004403237
0191,0792,0.9575771631868868,0.04242283681311321
4580,7180,0.9576154415277165,0.04238455847228351
1600,5600,0.9576405359090706,0.04235946409092939
2100,6480,0.9576767394130032,0.04232326058699676
5600,6980,0.9576844427811704,0.042315557218829625
5500,5600,0.9576907120733397,0.04230928792666033
1300,7880,0.957699391905789,0.04230060809421099
0580,8592,0.9577585010646821,0.04224149893531792
5100,8400,0.9577812498062318,0.042218750193768195
4180,6480,0.95786555959775,0.042134440402250006
2700,3000,0.9580116898767669,0.04198831012323312
1400,1700,0.9581237434584876,0.04187625654151239
3500,6980,0.9582189058670805,0.04178109413291953
1400,8691,0.9582441232476201,0.041755876752379906
2800,8692,0.9583378387920258,0.04166216120797417
1093,8692,0.9583594228733725,0.0416405771266275
0191,2100,0.9584210402715343,0.0415789597284657
3300,8000,0.9584235098917399,0.041576490108260145
1992,6100,0.9584240778803506,0.041575922119649444
6280,8591,0.9584316936590203,0.041568306340979744
1500,8591,0.9584946997087191,0.041505300291280856
1500,2093,0.958530200949011,0.04146979905098902
3000,8591,0.9585462297004738,0.04145377029952624
0192,7380,0.958595535610655,0.041404464389344975
2492,7700,0.958666164833031,0.04133383516696898
1700,5980,0.958781060665048,0.04121893933495202
2300,7380,0.9589416205426263,0.04105837945737367
5100,6280,0.95895158971555,0.041048410284450054
5100,6980,0.9590782436638344,0.04092175633616557
1992,5100,0.9592430419910454,0.040756958008954625
2492,5100,0.9593121783716487,0.04068782162835127
5100,8591,0.9593315348858914,0.0406684651141086
1200,1300,0.9594654225290545,0.040534577470945465
3000,7380,0.9594989784200084,0.04050102157999158
1400,2300,0.9595028418049718,0.04049715819502819
0792,2092,0.9595587406274284,0.04044125937257159
2093,7180,0.9596475524175409,0.04035244758245915
5100,5600,0.9596577182465065,0.040342281753493525
0792,7880,0.9596977657007015,0.04030223429929847
1091,8692,0.9597388177138528,0.04026118228614717
5600,5980,0.9598664909450052,0.0401335090549948
0580,4180,0.9598975847025137,0.04010241529748626
2092,5980,0.9599533698586172,0.040046630141382766
2700,9480,0.9600590961432998,0.03994090385670024
1500,2500,0.9601513130323739,0.03984868696762611
1700,4180,0.9601663930836375,0.03983360691636251
1200,2093,0.9602827810359156,0.03971721896408442
1091,2092,0.960300706060132,0.03969929393986804
2200,7180,0.9603783160835561,0.03962168391644394
0792,2091,0.9605388366985337,0.03946116330146632
3300,8592,0.9605395586221686,0.039460441377831446
2700,6100,0.9605739514088127,0.03942604859118726
2500,7180,0.9606528195958659,0.0393471804041341
5980,8400,0.9607086245274443,0.03929137547255568
1500,8400,0.9607133935218011,0.03928660647819893
2700,4180,0.9607216699120179,0.039278330087982094
2092,5100,0.9608651105020742,0.03913488949792576
3180,5280,0.9608659039920531,0.03913409600794693
0192,2800,0.9608858017979989,0.03911419820200113
2700,8592,0.9609133526790883,0.039086647320911716
1600,6980,0.9609672067281898,0.039032793271810196
1700,5100,0.9611122621673331,0.03888773783266686
1300,8591,0.9612733046815011,0.03872669531849893
1992,3000,0.9613293526132775,0.038670647386722545
3000,8692,0.9613717716545991,0.03862822834540092
2093,8592,0.9613784958903924,0.03862150410960763
0791,5000,0.9615150914973449,0.03848490850265507
1600,2093,0.9615271777815145,0.03847282221848547
0792,1992,0.9615772875853027,0.0384227124146973
3180,7880,0.9615852307880832,0.03841476921191678
2092,8000,0.9617012911898942,0.038298708810105775
1500,8592,0.9617858681702315,0.038214131829768516
1093,6980,0.9619112588305757,0.03808874116942429
0580,8692,0.9619139318835936,0.03808606811640636
0192,6980,0.9620177732059462,0.03798222679405383
1091,2091,0.9620556518461848,0.0379443481538152
1091,2300,0.9621009808262989,0.03789901917370109
3180,8591,0.9621054434130503,0.037894556586949735
0280,2491,0.9621178354412793,0.03788216455872073
1991,3000,0.9621301169293858,0.03786988307061423
1093,1600,0.9621436412536006,0.037856358746399366
3300,7380,0.9621489497494091,0.03785105025059088
6480,7700,0.9623078988634649,0.037692101136535094
3680,6100,0.9623206667548792,0.03767933324512085
1500,3680,0.9623349668875321,0.03766503311246794
2091,4180,0.9623403764543931,0.037659623545606924
3300,7180,0.9623791723535488,0.03762082764645125
2093,9480,0.9624143124547018,0.03758568754529823
1991,7380,0.9624513153433023,0.037548684656697695
3180,8400,0.9624708046202689,0.037529195379731095
5100,7380,0.962527057882423,0.03747294211757701
0680,1800,0.9625725354358763,0.037427464564123714
2800,7380,0.9626279478517479,0.03737205214825212
0580,2800,0.9626514534700582,0.037348546529941795
1300,5280,0.9627521160853516,0.037247883914648394
7380,8692,0.9627582281081094,0.037241771891890596
2600,7380,0.9627662002285673,0.03723379977143271
1800,6480,0.9627849150751207,0.03721508492487935
0792,2700,0.9628531061852226,0.037146893814777426
0580,7700,0.9628675155578544,0.037132484442145564
2492,7380,0.9628766320360704,0.037123367963929566
2100,2992,0.9629105422147093,0.037089457785290714
1500,1600,0.9629681457237479,0.03703185427625211
1093,5280,0.9630516830282997,0.03694831697170031
0580,1093,0.9631552555984316,0.036844744401568374
2992,5100,0.9631719170098602,0.03682808299013984
3300,5100,0.9632025324867288,0.036797467513271176
0192,0792,0.9632104868556689,0.0367895131443311
2300,7700,0.963254443897378,0.03674555610262198
0792,8400,0.9632610898000606,0.036738910199939356
1093,8400,0.9632808217632508,0.036719178236749195
1300,1991,0.9633118437629946,0.03668815623700539
0580,2700,0.9633311238855552,0.036668876114444804
1991,6100,0.9633718149410861,0.036628185058913854
5980,9480,0.9634295434212942,0.036570456578705834
1400,6480,0.9634313840003402,0.03656861599965977
0192,3000,0.9634358450056014,0.03656415499439858
6800,8592,0.9634513607422088,0.03654863925779117
6980,8000,0.9634538275070886,0.036546172492911366
1300,8592,0.9634653943295262,0.03653460567047384
1300,9480,0.9634975737889807,0.03650242621101929
1500,6100,0.9635576156695022,0.036442384330497846
1093,9480,0.9635582436016182,0.036441756398381764
0191,4180,0.9636523822873118,0.03634761771268824
3300,5600,0.9636704746661058,0.03632952533389422
3300,9480,0.9637218429153352,0.03627815708466475
2092,7700,0.9637442545919835,0.03625574540801646
2800,8592,0.9638494373872109,0.03615056261278915
1400,2092,0.9638599507744717,0.03614004922552827
3000,6980,0.963871263198479,0.036128736801520955
1400,1992,0.9638844091929877,0.03611559080701232
5500,8591,0.9638936901205345,0.036106309879465504
2600,3300,0.9639156628342282,0.03608433716577175
2491,5000,0.9639344610093181,0.03606553899068188
1500,6980,0.9639720505116557,0.03602794948834431
0792,7700,0.964001155287285,0.03599884471271497
2100,8400,0.9640230667933856,0.035976933206614437
1093,7380,0.964046632746848,0.03595336725315201
1093,2500,0.9640802190991951,0.03591978090080494
1100,5500,0.9640901848405454,0.03590981515945457
2100,2300,0.9641159780543328,0.0358840219456672
1400,7380,0.964123854055561,0.035876145944439
3180,3300,0.9641494417690051,0.03585055823099492
0191,6100,0.9641751554719804,0.035824844528019595
0580,1200,0.9642666223513167,0.03573337764868334
2100,3680,0.9643118265580123,0.035688173441987714
0791,2600,0.9643814626722339,0.0356185373277661
1600,4180,0.9643852733015364,0.03561472669846355
1300,8400,0.9645434774971282,0.03545652250287179
1400,3180,0.9645634613124137,0.03543653868758634
1992,3180,0.9645823844987625,0.035417615501237454
2800,9480,0.9645995849966295,0.035400415003370544
1500,8692,0.964637120372155,0.03536287962784501
4580,5800,0.9646659939797313,0.035334006020268705
0580,9480,0.9646825050000771,0.03531749499992287
1400,2200,0.9647639009893452,0.03523609901065483
1200,5600,0.9648171941816343,0.03518280581836575
1091,8400,0.9648197929293661,0.03518020707063385
1300,8692,0.9648429159292217,0.03515708407077833
2093,3300,0.9648981454727887,0.03510185452721126
1992,7700,0.9649907294375544,0.03500927056244563
2992,5980,0.9650176127978504,0.034982387202149634
2100,8591,0.9650609075295724,0.03493909247042759
2200,7380,0.9651526082082584,0.03484739179174157
3300,6100,0.9651680257692961,0.034831974230703944
1300,6480,0.9652779358553475,0.03472206414465251
1100,7380,0.965301295184587,0.03469870481541304
0192,3180,0.9653197437428532,0.03468025625714677
0192,6100,0.9653617994027515,0.034638200597248536
1300,3680,0.9654335138997425,0.034566486100257476
7700,8692,0.965520448292183,0.034479551707817024
1400,8591,0.9655661894482139,0.03443381055178607
0791,1800,0.9655826248589938,0.03441737514100618
1992,4180,0.9655938812144687,0.03440611878553135
1200,8692,0.9655972868189597,0.03440271318104027
4180,7180,0.9656276486276029,0.034372351372397136
0192,3680,0.9656450347469644,0.03435496525303561
1092,4580,0.9657070507092212,0.03429294929077875
5600,6100,0.9657342869998276,0.03426571300017245
2100,2200,0.9657991645796552,0.0342008354203448
0192,1400,0.9658172817322128,0.03418271826778718
0191,7180,0.9658269116492861,0.034173088350713865
2300,5100,0.9658376877743694,0.0341623122256306
6280,9480,0.9658466122494325,0.03415338775056753
2491,6280,0.9658466512763039,0.03415334872369613
3000,8592,0.9659209257386767,0.03407907426132328
1200,6100,0.9660918987679231,0.03390810123207688
5100,6100,0.9661011328298561,0.0338988671701439
1091,2992,0.9661143110937069,0.033885688906293066
1093,6480,0.9662384628163402,0.03376153718365982
2500,8000,0.9662470880765158,0.033752911923484175
1091,2200,0.9663787598942943,0.03362124010570566
2100,8592,0.9663959757647667,0.03360402423523334
1200,1500,0.9664055608254493,0.03359443917455074
6100,9080,0.9664170260580383,0.03358297394196175
1800,2200,0.9664281993473915,0.03357180065260845
2600,6980,0.9664842886413703,0.03351571135862974
4900,5500,0.9664936659113873,0.0335063340886127
3180,6480,0.9665534461916577,0.03344655380834227
5980,8591,0.9665866378078407,0.03341336219215929
2800,6100,0.9666368321051135,0.03336316789488647
0280,2200,0.9666922908295186,0.033307709170481425
0580,2093,0.9667017282007874,0.03329827179921263
1092,5100,0.9667018726958807,0.033298127304119296
2491,8000,0.9667356511598891,0.03326434884011087
3000,7180,0.9667968931433972,0.03320310685660277
1600,6100,0.9668240492235715,0.03317595077642854
3180,7380,0.9668437429286545,0.03315625707134551
2200,6100,0.9669337144690009,0.03306628553099911
0792,8591,0.9669383067425196,0.03306169325748043
0792,6480,0.9669813611436023,0.033018638856397664
2992,5500,0.9670841187089929,0.03291588129100709
0792,2200,0.9670966702209347,0.03290332977906529
1200,3300,0.9671600295635608,0.03283997043643916
4180,6980,0.9671998849763626,0.032800115023637444
2093,2700,0.967253037338749,0.03274696266125099
1200,2700,0.9672658200431647,0.03273417995683525
3300,4180,0.9672971690974352,0.03270283090256476
6100,8000,0.9673402604587378,0.03265973954126222
3000,9480,0.9673882212006109,0.032611778799389146
4580,9080,0.9674900075346557,0.03250999246534425
2300,5500,0.9675402045411756,0.03245979545882438
0792,1600,0.9676185151550076,0.03238148484499237
1200,3680,0.9676455146078738,0.03235448539212615
1400,5280,0.9677300968669795,0.03226990313302047
1400,7880,0.9677468691954273,0.032253130804572705
1991,3180,0.9677677852410164,0.032232214758983635
1500,9480,0.9677822785331841,0.032217721466815896
0680,6800,0.9678069785211032,0.0321930214788968
0192,4180,0.9678329346863771,0.0321670653136229
6280,8592,0.9678386903561,0.03216130964389996
2093,6100,0.9679383886661613,0.03206161133383867
1200,9480,0.9679415579376455,0.03205844206235453
2700,5980,0.9679581548916285,0.03204184510837149
2800,5600,0.9679646467171347,0.03203535328286533
1800,8691,0.9679739994326022,0.032026000567397794
2491,5980,0.968075355478043,0.03192464452195698
4180,8592,0.9680883005186139,0.03191169948138606
3000,6100,0.9681257320989837,0.03187426790101633
5500,8592,0.9682235495685095,0.031776450431490466
2700,7180,0.968230581548506,0.03176941845149395
1300,2700,0.9682336133819031,0.03176638661809694
1800,2092,0.9683775491958898,0.03162245080411019
2100,6100,0.9683980714878981,0.03160192851210186
4580,5000,0.9684088296018967,0.03159117039810333
1800,3500,0.9684185852661696,0.03158141473383036
0280,2991,0.9684190026585375,0.03158099734146247
2500,5980,0.9684198286091568,0.03158017139084324
1800,4900,0.9684198647570692,0.031580135242930796
0580,5600,0.9685400119784506,0.03145998802154937
2800,4180,0.9685647607806712,0.03143523921932878
2700,5600,0.968576201733547,0.03142379826645303
3000,7700,0.9685884433372501,0.03141155666274986
1500,3300,0.968595361347118,0.03140463865288201
3500,5100,0.9686502595272617,0.03134974047273831
1093,8592,0.9686742861497939,0.031325713850206105
2091,6100,0.9686852407106461,0.0313147592893539
2600,2700,0.9687377219872275,0.03126227801277248
6980,7180,0.968888406488402,0.03111159351159798
1100,8400,0.9688990158722018,0.03110098412779816
1091,2500,0.9689608152321832,0.031039184767816752
0191,7380,0.9689764948771801,0.031023505122819928
0580,1500,0.968987455963832,0.031012544036168044
1800,6100,0.9690423755670582,0.03095762443294181
1092,2491,0.9691166758679534,0.03088332413204664
1400,6100,0.9691509828358227,0.030849017164177317
1093,7880,0.9691692629524639,0.03083073704753614
3000,8000,0.9692340448248372,0.030765955175162785
3500,7380,0.9693264714274907,0.030673528572509268
2500,5100,0.9693477532036836,0.030652246796316396
0680,1100,0.969504041180228,0.030495958819771962
2093,2800,0.9695428752345407,0.030457124765459254
1300,2093,0.9695631107862339,0.030436889213766083
1400,9480,0.9695675964321215,0.030432403567878463
0191,5100,0.9695721713140404,0.030427828685959613
5500,7880,0.9695889673691875,0.030411032630812462
1091,9480,0.9696036315370659,0.030396368462934142
5280,5500,0.9696252991916131,0.03037470080838689
5280,6800,0.9696521488793908,0.030347851120609226
1300,3300,0.969667975956542,0.030332024043458028
2091,7180,0.969728364068826,0.03027163593117399
3680,5100,0.9697654390355747,0.03023456096442534
2093,2100,0.9698807721959719,0.030119227804028093
0792,8692,0.9699032530541412,0.030096746945858843
2091,5100,0.9699241720194771,0.030075827980522885
5980,6280,0.9700425055241718,0.029957494475828184
1400,2500,0.970050199653566,0.02994980034643402
1091,5280,0.9700898541209539,0.029910145879046057
0792,8592,0.970113284889457,0.029886715110542972
0792,4180,0.9701384835591519,0.029861516440848113
5980,7880,0.9701477024754851,0.029852297524514904
1200,2100,0.9701515857798635,0.02984841422013651
3500,9080,0.9702102990095927,0.029789700990407342
2800,7700,0.970236969023985,0.02976303097601496
0792,6980,0.9702526216922474,0.029747378307752648
1091,1600,0.9702527346824332,0.029747265317566773
3300,5000,0.9703070816697136,0.029692918330286422
1100,8591,0.9703207056326574,0.029679294367342623
1700,5500,0.9703312824604334,0.02966871753956657
1091,7380,0.9703517204385331,0.029648279561466873
5500,6480,0.9704364420474667,0.029563557952533293
1992,5980,0.9704735006386114,0.029526499361388625
1500,3180,0.9704831587683207,0.029516841231679303
1091,8592,0.9704981114749788,0.029501888525021225
1091,6480,0.9705844958674681,0.02941550413253191
2700,3180,0.9706186145653742,0.029381385434625762
2100,2500,0.9706699942052509,0.029330005794749092
2800,3180,0.9706972806880415,0.02930271931195849
1200,2800,0.9707345489963446,0.029265451003655407
1500,2700,0.9707697262466367,0.02923027375336329
2600,4900,0.9707741738508022,0.029225826149197776
4180,8692,0.9708152284852577,0.029184771514742303
0191,0280,0.9708987311347488,0.029101268865251217
8691,9080,0.9709725197647544,0.029027480235245595
1091,6980,0.9710518557402853,0.028948144259714703
0580,3000,0.9710681969240147,0.028931803075985307
5600,8000,0.9710978179482339,0.02890218205176609
3180,6980,0.9711086733784964,0.02889132662150362
2092,5500,0.9711268323098833,0.02887316769011672
2300,5980,0.9711418777451849,0.0288581222548151
0580,0792,0.9711543650230883,0.028845634976911727
2492,6280,0.9712579573946509,0.028742042605349072
0792,7180,0.9713032098403761,0.028696790159623897
1400,8400,0.971429960772678,0.02857003922732204
1092,2300,0.971430618456923,0.028569381543076977
0580,6100,0.9714307138995589,0.02856928610044107
2800,8000,0.9714572083187463,0.028542791681253732
1092,8691,0.9714693041755977,0.028530695824402263
1300,5600,0.9715301801478518,0.028469819852148248
2500,5500,0.9715527785331192,0.028447221466880834
0192,5980,0.9716111940043465,0.02838880599565352
3000,5600,0.9716207437343766,0.02837925626562343
1700,6280,0.971644646866307,0.028355353133692973
0680,9080,0.9716736455387418,0.028326354461258196
1400,3680,0.9717385225894415,0.02826147741055851
1093,1300,0.9717697497069141,0.0282302502930859
2100,8000,0.9717999887209641,0.02820001127903593
1600,7700,0.9718085045883939,0.02819149541160615
0680,5800,0.9718303666944411,0.028169633305558883
2100,9480,0.9720168066472865,0.027983193352713487
1300,3000,0.9720405077582855,0.027959492241714456
3000,5980,0.9720634026387496,0.027936597361250426
0791,6800,0.9720705124440769,0.02792948755592306
1093,3680,0.9720717344307749,0.02792826556922512
2992,6280,0.9721275753762285,0.027872424623771486
1400,1600,0.9721351175755222,0.02786488242447782
2092,6280,0.9722760600822494,0.027723939917750573
1800,2492,0.9723166293786384,0.027683370621361614
2093,3000,0.9723386956530258,0.027661304346974225
1800,7880,0.9723802115049466,0.02761978849505342
3180,8592,0.9724032551412735,0.02759674485872654
3000,4180,0.9724719268502798,0.027528073149720167
2100,5600,0.9724781445264487,0.02752185547355135
2492,8000,0.9725180869265749,0.02748191307342507
1092,1700,0.9725705161790453,0.02742948382095467
2492,5000,0.9726447669617214,0.02735523303827858
1400,1991,0.9726489844366815,0.027351015563318537
5100,8692,0.9727168770757708,0.027283122924229186
1800,3300,0.9727224960643258,0.027277503935674186
0792,9480,0.9727522228553829,0.027247777144617125
6800,8691,0.9728178891508553,0.02718211084914468
2600,8691,0.9728531466364436,0.027146853363556378
7380,7700,0.9728681744045189,0.027131825595481107
1800,2491,0.9728715980542986,0.02712840194570143
1300,6980,0.9728905579263407,0.027109442073659284
3180,6100,0.9728987212495203,0.02710127875047974
1800,8591,0.9729031719035753,0.027096828096424663
0280,3500,0.9729308733012304,0.027069126698769597
1091,1200,0.9729327807388833,0.02706721926111666
2100,3300,0.9730051135207906,0.026994886479209446
3500,6280,0.9730398556215857,0.02696014437841432
1100,4580,0.9730678157593163,0.026932184240683665
1991,8000,0.97309564314343,0.02690435685657
3180,9480,0.9731153513614402,0.02688464863855977
1092,2492,0.9732329775013384,0.026767022498661586
6480,7180,0.9732341411685634,0.026765858831436562
1600,7380,0.9732839123154987,0.02671608768450129
4180,9480,0.9733150056223061,0.026684994377693894
4900,6800,0.9733186536373126,0.026681346362687375
1093,3300,0.973337697515514,0.026662302484485978
4180,7380,0.9734363758644601,0.02656362413553992
6800,6980,0.9734698693356877,0.026530130664312312
6280,7700,0.9735076284152704,0.026492371584729613
1300,2800,0.9735793146191197,0.02642068538088027
1200,3000,0.9735903935402715,0.026409606459728452
2600,5280,0.9735910792462347,0.02640892075376533
1500,2800,0.973662826168257,0.026337173831743055
1091,7880,0.973756927487089,0.026243072512911025
0280,3180,0.9737744571047002,0.02622554289529977
1300,6100,0.973855866691576,0.026144133308424022
1992,8000,0.9738613104791787,0.026138689520821323
1991,5980,0.9739483552537617,0.026051644746238334
5980,8692,0.9739628637511355,0.0260371362488645
1400,8692,0.97400793696594,0.025992063034059987
0580,3180,0.9740102331403384,0.02598976685966159
6480,9080,0.9740103722738656,0.025989627726134445
3500,7180,0.9740283030729234,0.02597169692707657
2492,5980,0.9740925955744847,0.025907404425515312
0280,1093,0.9741162300654741,0.025883769934525902
0792,3000,0.9742056322711611,0.02579436772883892
2491,6800,0.9742090837128592,0.025790916287140808
2800,5980,0.9742333344444611,0.02576666555553886
3300,5980,0.9742437788631573,0.025756221136842727
7880,8000,0.9742584105965686,0.02574158940343141
0192,5500,0.9743061001316371,0.0256938998683629
1400,8592,0.9743208457993622,0.02567915420063782
2600,5980,0.9743249094013637,0.025675090598636263
1100,4900,0.9743474194489183,0.02565258055108166
2491,2600,0.9743751226263924,0.025624877373607635
0191,5500,0.9744727014689749,0.02552729853102509
7700,9480,0.9744873576646418,0.025512642335358215
5500,8692,0.974542732317563,0.025457267682436946
1093,2100,0.9746309454470462,0.025369054552953796
1400,5980,0.9746569122884116,0.02534308771158844
2600,6480,0.974672480311546,0.025327519688454037
1100,6480,0.9747474380965097,0.025252561903490345
2093,3180,0.9747813760978111,0.025218623902188875
2600,7880,0.9748099039829786,0.02519009601702138
1092,1200,0.9748196541264135,0.02518034587358653
0580,1092,0.9749008102079959,0.025099189792004095
4180,7700,0.9749254229559724,0.0250745770440276
1091,1092,0.974990409081402,0.025009590918598
2800,5100,0.9750331242380592,0.024966875761940788
2091,7380,0.9750562407778891,0.024943759222110895
0791,1100,0.9751087567597634,0.024891243240236616
1400,6980,0.9751856709487843,0.024814329051215722
2600,7180,0.9752140753479012,0.024785924652098834
7700,7880,0.9752260080315659,0.024773991968434106
0791,9080,0.9752455631178605,0.02475443688213952
2091,5000,0.9752714014680627,0.024728598531937318
1200,1400,0.9752818833246348,0.024718116675365165
1800,2992,0.9752995661479837,0.024700433852016257
0580,1400,0.9753222783229841,0.024677721677015874
1500,3000,0.9753510403637793,0.024648959636220713
5100,5980,0.9753795391418547,0.024620460858145288
1092,5280,0.9754234609901503,0.024576539009849685
1093,5980,0.9755339611125995,0.02446603888740051
1093,2700,0.975570092023895,0.024429907976105003
5000,5100,0.9755771235497944,0.024422876450205577
1100,5980,0.975676346183175,0.024323653816824997
2600,2992,0.9758267826904046,0.02417321730959543
1500,7180,0.9758593921874229,0.024140607812577097
0580,7380,0.9759606253069253,0.02403937469307471
4180,5600,0.9759760336424304,0.02402396635756965
3000,3180,0.9760330514779412,0.02396694852205883
1600,2100,0.9760880717229491,0.02391192827705091
2600,2800,0.9760974836998504,0.023902516300149612
0192,5100,0.9761348127484362,0.023865187251563835
6980,7700,0.9761363111229023,0.023863688877097666
5800,5980,0.9761481734782478,0.023851826521752217
2300,6280,0.9761730364275416,0.023826963572458393
0792,1300,0.9762325897016089,0.023767410298391134
1200,3180,0.976339918552506,0.023660081447493986
0191,7700,0.9763527733013485,0.02364722669865149
1600,5100,0.976366700470595,0.02363329952940496
1200,5100,0.9763707008194912,0.023629299180508823
1800,8400,0.9763801100230658,0.023619889976934205
2200,5980,0.9763911209005547,0.023608879099445312
1600,8000,0.9764241941761502,0.02357580582384977
8400,9080,0.9764273164056871,0.02357268359431286
1400,3300,0.9764588914078876,0.023541108592112447
1100,2491,0.9765248443221474,0.023475155677852633
1500,2100,0.9766225553138986,0.023377444686101367
2200,8000,0.9766545226217466,0.023345477378253432
3500,3680,0.9766666942660199,0.02333330573398007
1800,5280,0.9767182501916423,0.023281749808357732
3180,5600,0.9767446828244112,0.02325531717558882
1992,5500,0.976771736408973,0.023228263591027032
1093,6100,0.9767980309564758,0.02320196904352423
2100,2700,0.976860894950949,0.023139105049051034
2600,3500,0.9768849377561191,0.023115062243880935
2093,5100,0.9769422842739495,0.02305771572605053
2200,7700,0.9769674901161927,0.02303250988380734
2492,2600,0.976978050050118,0.023021949949882048
6800,7880,0.9769857159449551,0.02301428405504491
2091,7700,0.9770018409135126,0.02299815908648739
5000,8691,0.9770601439624772,0.0229398560375228
1093,2800,0.9770645177958628,0.022935482204137214
2700,5100,0.9771073811573585,0.022892618842641488
2300,6800,0.9771744861542958,0.022825513845704193
2700,7700,0.9772406535022254,0.022759346497774557
2700,8000,0.9772632209761367,0.022736779023863285
0580,5100,0.9773119631750082,0.022688036824991764
0580,1091,0.9773294784913855,0.022670521508614483
5800,6980,0.9773319045040453,0.02266809549595472
3680,6800,0.9773581747182415,0.02264182528175851
8592,9080,0.9773635007375041,0.02263649926249589
1500,8000,0.9773968433317535,0.022603156668246527
1093,5100,0.9773991162927973,0.0226008837072027
3180,5980,0.9774022553231718,0.02259774467682818
1700,2600,0.9774400182432841,0.02255998175671592
1600,5000,0.9774464520051152,0.02255354799488485
2093,4180,0.9774935817946608,0.022506418205339163
3180,7180,0.9774954021745842,0.022504597825415806
0792,1200,0.9775209555342759,0.02247904446572413
1800,8592,0.9775542649371448,0.022445735062855188
0792,5600,0.9775548061313276,0.022445193868672386
2492,6800,0.977621668185583,0.022378331814416952
0791,5800,0.9777184709987662,0.022281529001233813
2100,2800,0.9777234350444081,0.022276564955591938
1800,2300,0.9777427443046575,0.022257255695342537
3500,5980,0.9777901237944666,0.022209876205533385
1100,5100,0.9778400887802334,0.02215991121976657
5600,7700,0.9778525905127453,0.022147409487254688
6800,8692,0.9778858932472891,0.02211410675271086
6800,8400,0.9778902500613241,0.02210974993867587
1800,6980,0.9778966851711652,0.022103314828834764
2600,6100,0.9779195828534207,0.022080417146579268
0280,1091,0.9779812817048436,0.022018718295156448
2800,5500,0.9780334436440022,0.021966556355997757
2600,8591,0.9781703023953988,0.021829697604601184
1300,7380,0.9782055170088149,0.021794482991185138
0792,2093,0.9782311483324437,0.021768851667556266
1092,8591,0.9782875008533972,0.02171249914660278
3300,6280,0.9783306299565508,0.021669370043449154
2091,8000,0.9783491199993082,0.02165088000069182
3000,5100,0.9784066794613765,0.021593320538623506
2091,5500,0.9784116471296467,0.021588352870353322
2600,6280,0.978426072468045,0.021573927531954973
1200,4180,0.9784439392920866,0.021556060707913383
2500,6280,0.9784772393855304,0.02152276061446956
2992,5000,0.9785061513273504,0.021493848672649585
1400,5600,0.9785235108572838,0.02147648914271616
1091,3680,0.9785436873463147,0.021456312653685305
5100,7180,0.9785849001536612,0.021415099846338825
0580,7180,0.9785869468588477,0.021413053141152272
2700,6280,0.9786194595708722,0.021380540429127848
0191,5980,0.978636079705267,0.021363920294732996
1400,2093,0.9786925752932946,0.021307424706705436
5800,8691,0.9787311840173581,0.021268815982641853
2100,6280,0.9787749499022889,0.02122505009771114
0580,2100,0.9787897056349115,0.021210294365088478
1400,2700,0.9787923080932011,0.021207691906798942
1600,5500,0.9788848277889703,0.021115172211029654
1800,2091,0.9789800690149205,0.021019930985079482
1200,6280,0.9790624563210273,0.020937543678972714
3180,7700,0.9790808682066052,0.020919131793394774
1091,3300,0.9791196445775713,0.02088035542242872
2491,9080,0.9791308157849651,0.02086918421503492
1992,5000,0.9791428938665819,0.02085710613341807
0280,4580,0.9791573477593016,0.020842652240698367
1300,4180,0.9791607149895406,0.020839285010459396
1992,6280,0.9791922607847318,0.02080773921526824
1100,2492,0.9792428169566366,0.02075718304336338
0792,3180,0.9792920338304113,0.0207079661695887
1092,2992,0.979328515935307,0.02067148406469299
1100,1991,0.9793596590245498,0.0206403409754502
4180,5100,0.9793786861790241,0.020621313820975873
1093,3000,0.979441362147295,0.020558637852704953
6280,8692,0.97946371278123,0.02053628721876999
1700,5800,0.9794953029882565,0.02050469701174351
0792,6100,0.979542992553198,0.02045700744680201
2093,7700,0.9795703785070337,0.020429621492966343
2300,5000,0.9795857214021293,0.020414278597870705
1091,5980,0.9796083797092627,0.020391620290737267
2200,2600,0.9796861482710726,0.020313851728927412
0792,5100,0.979714497582411,0.020285502417588974
3180,4180,0.979725552122825,0.020274447877175028
3680,6280,0.9797280614825803,0.020271938517419708
0192,7180,0.9797365930380658,0.020263406961934183
2200,5500,0.9797445986686845,0.020255401331315537
0280,1992,0.9797606299175703,0.02023937008242971
1500,5100,0.9797649609677829,0.020235039032217128
4900,5800,0.979775235405664,0.020224764594335976
1092,2200,0.9797847859253476,0.020215214074652432
1200,7700,0.9798764619559481,0.02012353804405187
0191,1800,0.9798949259316079,0.020105074068392126
1091,2100,0.9799215580683543,0.020078441931645652
1091,1300,0.9799260125444679,0.020073987455532127
3300,5500,0.979935445900753,0.02006455409924701
5800,8400,0.9799593240173274,0.020040675982672562
0191,8000,0.9800273517275249,0.019972648272475135
6800,7380,0.9800345725588087,0.01996542744119134
1100,3680,0.9800947474857993,0.019905252514200722
0792,1092,0.980102216331343,0.01989778366865702
1100,2500,0.9801285942552146,0.01987140574478541
1093,3180,0.980170705035222,0.019829294964778033
1091,5500,0.9802653286588275,0.01973467134117246
0280,1200,0.9802656433774745,0.01973435662252554
2093,8000,0.9802778332454676,0.019722166754532422
2492,9080,0.9802844899275748,0.019715510072425224
1400,2800,0.9803462965518723,0.01965370344812767
1991,6280,0.980354407698017,0.01964559230198304
1600,7180,0.9803556379253331,0.01964436207466691
1300,2100,0.9803579708649636,0.019642029135036432
5980,7700,0.9804383621850553,0.019561637814944688
0792,1500,0.9804737688371732,0.019526231162826813
1200,5500,0.9804803810788603,0.019519618921139736
7180,8592,0.9805480569833865,0.01945194301661346
1092,2500,0.9805701140815954,0.019429885918404555
1800,1992,0.9806108309755196,0.0193891690244804
2100,5100,0.9806651116013801,0.019334888398619854
2700,5500,0.9806807927246013,0.01931920727539871
4900,9080,0.9807014675104089,0.019298532489591125
6280,8000,0.9807675157345862,0.019232484265413796
1500,4180,0.9808027408013404,0.019197259198659555
1800,9480,0.9808074686955138,0.01919253130448617
1500,7700,0.9808111270658536,0.019188872934146395
4180,8000,0.9809015119693191,0.019098488030680927
1800,2500,0.9809609923325529,0.01903900766744715
6100,6800,0.9809791746927757,0.019020825307224265
0280,2300,0.9809798780126844,0.01902012198731562
1091,2700,0.9810243778756437,0.01897562212435633
2100,3000,0.9810465972786362,0.01895340272136381
2600,8400,0.9810826885468316,0.01891731145316844
2500,2600,0.9811059736601856,0.018894026339814407
2092,2600,0.9811256967262946,0.01887430327370543
1600,5980,0.981126245444092,0.018873754555908007
0191,6280,0.9811321169975453,0.018867883002454677
6800,9480,0.9811757430290503,0.018824256970949693
6980,9080,0.9812183687232567,0.01878163127674326
7880,9080,0.9812679126434778,0.01873208735652221
1400,7180,0.9812940769225035,0.018705923077496522
0792,1093,0.9813082803534754,0.018691719646524607
2992,6800,0.9813258840163925,0.018674115983607464
1093,7180,0.9813266079133613,0.01867339208663865
1091,6100,0.9813316213952837,0.018668378604716263
4180,5980,0.9813327446078832,0.018667255392116777
0192,7700,0.9813503399750194,0.018649660024980586
5600,6800,0.9813888376598042,0.018611162340195775
1300,5500,0.9813975456758858,0.018602454324114226
2092,6800,0.9814095977067041,0.018590402293295893
8000,8692,0.9814223174039886,0.018577682596011447
2100,7700,0.9814606965272517,0.018539303472748347
2092,5000,0.9814632643384495,0.018536735661550452
1400,3000,0.9814855463671922,0.018514453632807792
1093,1400,0.9815303046520386,0.01846969534796139
2800,5000,0.9815382670684888,0.01846173293151121
1400,5100,0.9816022429697667,0.018397757030233275
3000,5500,0.9816132160147883,0.018386783985211652
2500,5000,0.981753733025859,0.018246266974141
2800,6280,0.9817607859128727,0.018239214087127253
1800,8692,0.9817985799956279,0.018201420004372082
5800,6100,0.9818015207229824,0.018198479277017565
1091,2800,0.9820042180441912,0.017995781955808754
1100,1992,0.9820152965625807,0.017984703437419314
2091,6280,0.9820587909862624,0.017941209013737636
1092,3300,0.9821667118664331,0.017833288133566882
4180,5500,0.982167287428636,0.017832712571363984
8591,9080,0.9821677281858772,0.017832271814122835
1092,8692,0.98218413673336,0.017815863266639975
5500,6100,0.9822277467733869,0.017772253226613133
5280,9080,0.9822616229110345,0.01773837708896553
1093,4180,0.9822706256498925,0.017729374350107463
5000,6480,0.9822913792927218,0.01770862070727819
5500,7380,0.98230204413844,0.017697955861559977
1092,1100,0.9823107031807005,0.017689296819299538
1991,5500,0.9823690609252071,0.01763093907479285
1100,2200,0.9823948541304898,0.01760514586951023
2300,2600,0.9824256118857153,0.01757438811428469
1991,2600,0.982431524363929,0.017568475636071
1100,3500,0.9824350647720905,0.017564935227909473
1093,1100,0.9824550583422281,0.017544941657771873
1800,2600,0.9824706692951204,0.01752933070487961
0280,0791,0.9824838358157546,0.017516164184245397
1100,2092,0.9824925093659552,0.017507490634044776
0191,5000,0.982562644898484,0.017437355101516006
1500,5500,0.9825901932257695,0.01740980677423054
3000,5000,0.9826051962984796,0.017394803701520356
2200,6280,0.9826914856758555,0.017308514324144486
1600,1800,0.9827500386316183,0.01724996136838175
3500,6800,0.9827602238333778,0.0172397761666222
1093,5500,0.9827812003759572,0.017218799624042824
0192,6280,0.9827997937256084,0.01720020627439156
6800,8591,0.9828465607139137,0.01715343928608626
2600,8592,0.9828480120693863,0.017151987930613677
2091,5980,0.9828644724950646,0.01713552750493541
1092,1600,0.9828720751302491,0.0171279248697509
0192,1800,0.9829062939796339,0.017093706020366084
0580,5500,0.9829168186526591,0.01708318134734088
1800,6280,0.9829588978208493,0.01704110217915067
7380,8000,0.9829667386680564,0.017033261331943605
1100,7880,0.9830681745771732,0.016931825422826785
2600,9480,0.9830808084203233,0.016919191579676696
2491,5800,0.9830887581043317,0.016911241895668283
1700,6800,0.983089685032412,0.01691031496758799
1100,5280,0.9830985899383038,0.01690141006169621
1700,9080,0.9831071418595683,0.016892858140431732
2093,6280,0.983164159861477,0.016835840138523017
0580,5980,0.9831710432596377,0.016828956740362333
1091,7180,0.9832240903874043,0.016775909612595674
1093,7700,0.9832814771167449,0.01671852288325515
3500,5800,0.9833060350366808,0.016693964963319208
7180,8692,0.9833110125740188,0.01668898742598124
1100,6980,0.9833666254934166,0.01663337450658342
0280,2992,0.983389507534485,0.016610492465515048
1100,2300,0.9834017176455386,0.01659828235446137
1100,2992,0.9834069804641427,0.016593019535857345
1500,6280,0.9834429725014707,0.016557027498529275
2100,3180,0.9834806860867246,0.016519313913275435
2100,5500,0.9835064072250957,0.016493592774904253
4180,6280,0.9835182002045169,0.016481799795483143
3000,6280,0.9835976686320809,0.016402331367919132
5600,6280,0.9836241472186626,0.016375852781337352
1300,5100,0.9836537459959255,0.016346254004074523
2300,9080,0.9836560701128488,0.016343929887151165
1092,1500,0.9837156575074106,0.016284342492589365
3180,8000,0.9837156866020533,0.01628431339794667
1800,2093,0.9837157729529528,0.01628422704704724
1091,5100,0.9837233548762059,0.01627664512379412
3180,5100,0.9837545990844101,0.016245400915589903
1092,3500,0.9837741520063734,0.016225847993626585
1800,1991,0.9837751642028524,0.01622483579714762
2992,9080,0.9837808004864372,0.016219199513562765
2093,5500,0.9838170777204538,0.016182922279546208
0192,8000,0.9838284615079276,0.016171538492072424
0280,5600,0.9839153954432939,0.016084604556706128
1092,8400,0.9839164099222226,0.016083590077777377
1091,3000,0.9839821892177756,0.016017810782224418
0280,4900,0.9840785700339336,0.01592142996606638
1800,2800,0.9840924282289035,0.015907571771096474
1200,1800,0.9840981907488185,0.015901809251181453
1800,7700,0.9841693858427502,0.015830614157249845
1600,6280,0.9842062090488499,0.015793790951150077
7180,7880,0.9842384575605728,0.01576154243942718
7180,7700,0.9842491967327385,0.015750803267261526
5000,7880,0.9842687863589122,0.01573121364108776
3500,5000,0.9843345234121007,0.015665476587899296
5500,6980,0.984371625872259,0.015628374127740985
1800,2700,0.9844153561701505,0.015584643829849476
2100,4180,0.9844182359191294,0.015581764080870641
1100,8592,0.9844379474759722,0.015562052524027759
0280,2500,0.9844861620079878,0.015513837992012225
0792,7380,0.9844896800742228,0.015510319925777227
1500,1800,0.984491591294676,0.015508408705323995
5280,5800,0.9845854797241873,0.015414520275812693
1400,8000,0.9846379988188871,0.015362001181112861
5000,8400,0.984661053011301,0.015338946988698976
1992,6800,0.9846651555598692,0.01533484444013078
1300,5980,0.9846702544537895,0.015329745546210471
0191,1100,0.9846746058215897,0.015325394178410279
0280,2091,0.9846758632342026,0.015324136765797358
2492,5800,0.9846776086064813,0.015322391393518653
1992,2600,0.9846913901073475,0.01530860989265248
5800,8692,0.9846931355528838,0.015306864447116153
2500,6800,0.9847436411016147,0.01525635889838528
1800,5600,0.9848249790218266,0.01517502097817336
2600,3680,0.9849012891911477,0.015098710808852278
0792,8000,0.9849344540262333,0.015065545973766747
0280,0680,0.9849712042750152,0.015028795724984834
5800,6280,0.9849981453880694,0.015001854611930598
2092,5800,0.9850137991467949,0.014986200853205123
1100,1700,0.9850632470274379,0.01493675297256214
3180,5500,0.985078042159823,0.014921957840177025
2600,8692,0.9850801644234713,0.01491983557652865
5600,7180,0.9850823241869324,0.014917675813067577
1300,7180,0.9850956391992644,0.01490436080073565
0792,1400,0.9851519657771114,0.014848034222888606
1400,2100,0.9851674142229035,0.014832585777096452
0792,2100,0.985233955996453,0.014766044003546974
2093,9080,0.9852855888443394,0.014714411155660634
2091,2600,0.9853224793613165,0.01467752063868355
2092,9080,0.985371517721673,0.014628482278327026
1092,2800,0.9854229975542402,0.014577002445759768
1091,3180,0.9854590600175448,0.014540939982455203
5000,8591,0.9854676679187538,0.014532332081246158
1400,4180,0.9854793429764739,0.014520657023526118
1093,8000,0.9855293647140995,0.014470635285900535
0191,2600,0.985544498716989,0.014455501283010985
5800,7880,0.9855831357039008,0.01441686429609923
5800,9480,0.9855861450468657,0.014413854953134297
1092,9480,0.9856337903310218,0.01436620966897817
4180,6800,0.9856678723895227,0.014332127610477308
5000,8592,0.9856811074743611,0.014318892525638893
8000,9480,0.9857060373719768,0.014293962628023182
1500,9080,0.9857619950964318,0.014238004903568191
1800,5980,0.9857909665448331,0.014209033455166886
0280,8691,0.9858215973794646,0.01417840262053538
3300,5800,0.9858498203828331,0.014150179617166914
1100,3300,0.9858800114016882,0.014119988598311761
0792,1091,0.985893477122479,0.01410652287752101
5100,5500,0.9859523222596657,0.01404767774033433
1800,3680,0.9859532018894976,0.014046798110502356
1091,1100,0.9861056475184871,0.01389435248151294
0580,8000,0.9861103588798825,0.01388964112011748
1400,7700,0.9861243991723788,0.013875600827621182
0280,2492,0.9861362325243629,0.013863767475637112
2200,5000,0.9861730373763833,0.013826962623616712
2992,5800,0.9861865407848129,0.013813459215187063
2600,3000,0.9862160294068257,0.013783970593174266
0580,6280,0.9862355587593066,0.013764441240693426
1092,2700,0.9863023335858127,0.013697666414187348
3680,5000,0.9863917265466992,0.013608273453300845
1200,9080,0.9863948032370553,0.013605196762944693
1092,4180,0.9864590135102956,0.013540986489704365
2093,5000,0.9864600435077229,0.013539956492277128
1092,1300,0.9864629411379624,0.013537058862037599
5500,6280,0.9865065422959097,0.013493457704090273
1091,8000,0.9865139304453131,0.013486069554686897
1091,1400,0.9865187434544663,0.01348125654553367
3680,7380,0.9865739354739869,0.013426064526013137
2500,9080,0.9865969747228241,0.01340302527717585
5980,6800,0.9866651948128632,0.013334805187136811
0192,1100,0.9866820289292686,0.013317971070731405
1091,4180,0.9866848166189568,0.013315183381043205
3180,6280,0.9867267502283643,0.013273249771635687
0192,9080,0.986752587658842,0.013247412341158005
1300,8000,0.9867550820739454,0.013244917926054645
0792,5500,0.9867652762151005,0.013234723784899538
2100,9080,0.9867745233325411,0.01322547666745888
5000,8000,0.9867973108166892,0.0132026891833108
3680,9080,0.986909524198474,0.013090475801526003
1400,5500,0.9869345783893694,0.013065421610630623
6800,9080,0.9869368155989299,0.013063184401070127
3500,7700,0.9869573957606995,0.013042604239300482
1800,3000,0.9869995836962734,0.013000416303726614
5980,8000,0.9870474386324478,0.012952561367552184
1800,5100,0.9870582272332402,0.012941772766759785
0280,1500,0.987059847425584,0.012940152574416053
1300,7700,0.9870982208481682,0.012901779151831771
2600,8000,0.9871369688982853,0.012863031101714717
2091,5800,0.9871556582779064,0.012844341722093588
2700,5000,0.9872227946313372,0.01277720536866278
7180,9480,0.9872359666372492,0.012764033362750782
1093,6280,0.9872546377884626,0.012745362211537437
0192,5000,0.9872701945299068,0.01272980547009317
5800,7700,0.9872779427570025,0.012722057242997464
1200,2600,0.987285811078655,0.012714188921345015
5600,9080,0.9873275394506639,0.012672460549336129
0191,9080,0.9873298827301707,0.01267011726982925
7180,7380,0.9873454261207641,0.012654573879235853
0191,6800,0.9873795746876685,0.01262042531233154
6100,7180,0.9873949175646863,0.012605082435313664
8692,9080,0.9874189087907388,0.012581091209261208
1100,2093,0.9874307528953755,0.012569247104624481
2300,5800,0.987445893495532,0.012554106504467977
1991,6800,0.987457942469699,0.01254205753030102
2093,2600,0.987491272788267,0.012508727211733017
0192,2600,0.987491688639859,0.012508311360140967
1600,6800,0.9875042077501666,0.012495792249833437
1800,3180,0.9875365393337369,0.012463460666263138
1100,2091,0.9875383202919179,0.012461679708082096
1100,6100,0.9875635020870166,0.012436497912983402
2200,6800,0.9875679568101892,0.012432043189810837
0580,1800,0.9875848744483636,0.012415125551636375
1992,9080,0.9875923080328483,0.012407691967151746
6280,6800,0.9876268425551119,0.012373157444888094
5500,5980,0.9877374817501007,0.012262518249899323
2700,6800,0.9877595012777423,0.012240498722257742
1800,2100,0.9878197574982331,0.012180242501766858
1300,1800,0.9878595395905404,0.012140460409459597
1091,7700,0.9878753863489182,0.01212461365108175
1600,2600,0.9879848053041048,0.012015194695895182
1100,2800,0.9880267791229205,0.011973220877079527
7700,9080,0.9880449239171882,0.011955076082811766
0280,2092,0.9880452013670563,0.011954798632943686
0280,2093,0.9880574253517169,0.011942574648283077
3300,6800,0.9880721099377212,0.01192789006227879
1400,6280,0.9880849792510523,0.01191502074894768
1300,6280,0.9880909570782734,0.011909042921726565
3680,7180,0.9881305787267431,0.011869421273256853
1091,5000,0.9881632693583934,0.011836730641606619
0280,1991,0.988212689679804,0.011787310320195976
2091,6800,0.9882370240608613,0.011762975939138665
2093,5800,0.9882681769810004,0.011731823018999554
1800,7180,0.988288146045121,0.011711853954878948
6280,7180,0.9882980730330468,0.011701926966953158
1093,1800,0.9883276394890853,0.011672360510914692
0792,6280,0.9883505587341233,0.011649441265876748
0792,5000,0.9883866193579277,0.01161338064207229
3680,7700,0.9884018535169311,0.011598146483068894
1200,5800,0.9884537029191414,0.011546297080858636
1092,6480,0.9885186261031266,0.011481373896873426
1992,5800,0.9885390411514241,0.011460958848575897
5000,6980,0.9886288682205485,0.011371131779451482
0580,5000,0.9886335947966292,0.011366405203370844
1200,5000,0.9886479617647407,0.01135203823525932
5000,8692,0.9886482602656649,0.01135173973433512
5000,7180,0.9886900173141704,0.011309982685829612
1092,3000,0.9887610397438393,0.011238960256160668
3300,9080,0.9887746199792933,0.011225380020706721
2800,6800,0.9887877934873411,0.011212206512658862
5000,6100,0.988793781751262,0.01120621824873802
0280,4180,0.9888308528673962,0.011169147132603752
0191,5800,0.9888396053432035,0.011160394656796524
2500,5800,0.9888664759409432,0.011133524059056765
5000,5600,0.9888795139911424,0.011120486008857622
2700,9080,0.9888832526419284,0.011116747358071555
0192,6800,0.9889017082268672,0.011098291773132818
1500,5800,0.9889056154733347,0.011094384526665335
1200,6800,0.9889086223346809,0.011091377665319091
1500,2600,0.9889359696722032,0.011064030327796792
2600,5600,0.9889530127410281,0.011046987258971908
2600,5100,0.9889735841770887,0.011026415822911306
6800,8000,0.9889746865055845,0.01102531349441549
1100,2100,0.9890273846016766,0.010972615398323393
2200,9080,0.989114850489095,0.010885149510905023
1400,1800,0.98915025788155,0.010849742118450023
2600,4180,0.9891674203193573,0.010832579680642662
0792,5980,0.9891792620132461,0.01082073798675387
2093,6800,0.9891906789211636,0.010809321078836365
1100,1500,0.9891954790383564,0.010804520961643638
2100,2600,0.9892136062706662,0.010786393729333765
1600,9080,0.989245797844898,0.010754202155102033
1991,5800,0.9892659863912174,0.010734013608782567
0280,1300,0.9892913343522575,0.010708665647742532
0280,8591,0.9893134779900064,0.010686522009993649
1092,8592,0.9893477576576336,0.010652242342366391
0580,6800,0.9893528442512232,0.010647155748776838
1500,5000,0.989388985956846,0.01061101404315401
1500,6800,0.9894004359848587,0.010599564015141283
1093,5000,0.9894065409162369,0.01059345908376308
2091,9080,0.9894764076210415,0.010523592378958502
2200,5800,0.9895001952657501,0.01049980473424994
1092,3180,0.9895613703487165,0.010438629651283504
0580,2600,0.9895618383061044,0.010438161693895553
2100,5800,0.9895795697542654,0.01042043024573458
1091,6280,0.9895865120681895,0.010413487931810517
3680,5800,0.9896210975068925,0.010378902493107467
1100,1200,0.989630285086326,0.010369714913674
1100,1600,0.989630878915455,0.010369121084545019
2600,7700,0.989693061981899,0.010306938018101008
5000,7380,0.9897703599241716,0.010229640075828383
7700,8000,0.98978843699843,0.010211563001570001
1800,4180,0.989788872488876,0.010211127511123963
1991,9080,0.9898723933639332,0.010127606636066822
1100,2700,0.9898925328288174,0.010107467171182605
1092,7880,0.9898985954619005,0.01010140453809949
0192,5800,0.9899422576118897,0.010057742388110302
3000,6800,0.9900313076378757,0.009968692362124276
3180,5000,0.9900456066277047,0.009954393372295312
1400,6800,0.9901180198345609,0.009881980165439064
5000,9480,0.9901732668643717,0.009826733135628318
1100,3000,0.9901880744418127,0.009811925558187329
0792,1800,0.9902663043526729,0.009733695647327067
2600,3180,0.9902723174056738,0.009727682594326215
1092,5000,0.9903265316990991,0.009673468300900878
1300,6800,0.990374005709577,0.00962599429042299
5100,6800,0.9903819543854281,0.009618045614571913
3680,5980,0.9904041356902291,0.009595864309770885
2800,9080,0.9904433753666034,0.009556624633396571
5600,5800,0.9904801964696911,0.009519803530308901
2100,6800,0.9905670634462856,0.009432936553714355
2700,5800,0.9905840950418794,0.009415904958120613
0280,8692,0.990629569218772,0.009370430781228012
3000,9080,0.9906499971241334,0.009350002875866625
4180,5000,0.9906565419500866,0.009343458049913433
1092,1400,0.9907431794505873,0.009256820549412681
0580,9080,0.9908453545434341,0.009154645456565857
0792,2600,0.9909335061550752,0.00906649384492475
3180,6800,0.9909706565646359,0.009029343435364101
1092,6980,0.991004734812701,0.008995265187298984
2800,5800,0.9910500771120221,0.008949922887977912
1600,5800,0.9910617478439026,0.008938252156097448
1091,1800,0.9911546589570722,0.008845341042927779
0280,3000,0.9911892687568742,0.008810731243125813
0280,5280,0.9912037520826762,0.008796247917323807
0580,1100,0.9912690198429921,0.008730980157007906
1093,2600,0.9913074785274761,0.008692521472523862
5100,9080,0.9913243191572284,0.008675680842771594
1400,9080,0.9913510627923467,0.008648937207653251
1800,9080,0.9913532077415056,0.008646792258494407
1300,5000,0.9914083452133571,0.008591654786642922
5500,6800,0.9914091411788997,0.008590858821100333
5500,7700,0.9914240000236182,0.00857599997638181
6280,9080,0.9914432319784532,0.008556768021546812
0280,6480,0.9914758862541266,0.008524113745873363
1300,2600,0.99149879366215,0.008501206337850009
0280,2800,0.9915562519486951,0.008443748051304878
5980,7180,0.9915611327547076,0.008438867245292414
1300,9080,0.9915703341600732,0.00842966583992677
5100,5800,0.9916430670085621,0.008356932991437915
0280,3300,0.9917075747760221,0.008292425223977884
3180,9080,0.9917207999227894,0.008279200077210613
5500,7180,0.9917494498110514,0.008250550188948602
5500,8000,0.9918646078466996,0.008135392153300391
1093,9080,0.9918654107700049,0.008134589229995104
3000,5800,0.9919309395481728,0.008069060451827204
0280,8592,0.9920433254232225,0.007956674576777512
3500,8000,0.9921007955099607,0.007899204490039335
0280,2700,0.992146421625832,0.007853578374168002
0280,0580,0.9921659464449092,0.007834053555090814
0280,7880,0.9922059522470679,0.007794047752932132
8000,9080,0.9922339475728172,0.007766052427182757
1800,8000,0.9922546224621871,0.007745377537812903
5500,5800,0.9922659771656004,0.007734022834399612
2100,5000,0.9923307969805959,0.007669203019404103
1400,2600,0.992364456778972,0.007635543221027996
1092,7180,0.9923908761672057,0.007609123832794329
6800,7700,0.9924081566373756,0.0075918433626244175
2600,5500,0.9924638466351572,0.0075361533648428125
1100,3180,0.9925540661045393,0.007445933895460666
4180,9080,0.9925776534859392,0.007422346514060818
0280,8400,0.9925926096294767,0.007407390370523292
1100,4180,0.9926105756519809,0.007389424348019147
0580,5800,0.9926228328771596,0.007377167122840422
5500,9080,0.9926740433807696,0.0073259566192304115
1093,6800,0.9927417828433547,0.007258217156645319
1100,1300,0.9927453678967197,0.007254632103280256
1800,6800,0.9929459513698031,0.007054048630196874
1400,5000,0.9929571675551806,0.007042832444819402
3680,8000,0.9929815791277844,0.007018420872215603
5000,5980,0.9930119854732588,0.006988014526741249
0280,9480,0.9930503004984381,0.006949699501561879
0280,1400,0.9930599191745997,0.006940080825400319
0792,6800,0.9930919703457041,0.006908029654295933
1093,5800,0.9931206954628186,0.006879304537181441
1091,2600,0.9932717527747469,0.0067282472252531145
3180,5800,0.9933269387609932,0.0066730612390067945
1091,9080,0.9933715559448324,0.006628444055167604
0792,1100,0.9933783910175067,0.00662160898249331
0280,7380,0.9934699424371609,0.006530057562839087
1300,5800,0.9934744103536682,0.006525589646331764
1092,6100,0.9935652043935732,0.006434795606426791
1100,1400,0.99356925909605,0.006430740903950016
1400,5800,0.9935788821422779,0.006421117857722147
5800,9080,0.9936126705176396,0.0063873294823604265
5800,8000,0.9936342129968467,0.006365787003153267
1100,9080,0.9936418549575573,0.006358145042442698
1092,3680,0.9936584894397475,0.00634151056025245
1091,6800,0.9937285525195941,0.006271447480405867
0792,9080,0.9937721421077796,0.0062278578922203565
5800,7180,0.9937724515358803,0.006227548464119659
1092,7700,0.993783941428403,0.006216058571597016
2600,9080,0.9938234250967426,0.0061765749032574035
1100,7700,0.9938539443590277,0.006146055640972259
5000,6280,0.9938722000437552,0.006127799956244795
4180,5800,0.9939643180503912,0.0060356819496087954
5800,6800,0.9941087001539545,0.005891299846045528
1800,5500,0.9941162865251782,0.00588371347482175
0280,2100,0.9941199588675204,0.005880041132479641
1800,5000,0.994260180245823,0.0057398197541770335
2600,5800,0.994315113029097,0.005684886970902969
1100,1800,0.9943212684531915,0.005678731546808535
1100,6280,0.9943937968348903,0.0056062031651097355
6800,7180,0.9944118633211141,0.005588136678885913
0280,6980,0.9944662558832705,0.0055337441167294665
1091,5800,0.994501051789279,0.005498948210721055
1092,7380,0.9945241572732,0.005475842726800018
1100,7180,0.9945386228372547,0.005461377162745307
0792,5800,0.9946429842503752,0.005357015749624772
0280,1092,0.9947165037786354,0.005283496221364592
1092,8000,0.9947251335948957,0.005274866405104328
0280,1800,0.9947487895791131,0.0052512104208869426
2600,5000,0.9947975326818786,0.005202467318121351
2600,6800,0.9948936348678996,0.005106365132100388
1100,8000,0.9949721208215538,0.00502787917844616
0280,6100,0.9950034673081668,0.0049965326918332
0280,0792,0.995145055395799,0.004854944604200995
1092,1800,0.9952356625055168,0.0047643374944832395
0280,7700,0.9954792102549923,0.004520789745007692
0280,5100,0.995533589316383,0.004466410683616973
0280,5980,0.99563678551061,0.004363214489390033
1092,5500,0.9957076983528459,0.0042923016471541064
1100,2600,0.9957281393932548,0.004271860606745226
1092,2600,0.9957385863128893,0.004261413687110749
5000,5500,0.9958771882971253,0.004122811702874651
0280,5500,0.9959371063446248,0.004062893655375155
7180,8000,0.9959505438924205,0.004049456107579452
1100,5800,0.9959596911736279,0.004040308826372074
0280,3680,0.9961090534664707,0.0038909465335292825
5000,6800,0.9962140611014482,0.0037859388985518327
7180,9080,0.9964153292298775,0.003584670770122478
1092,5980,0.9965270430529677,0.003472956947032313
1092,6280,0.9966685235924507,0.003331476407549272
1100,6800,0.9966979308973153,0.0033020691026847127
5000,5800,0.9967114109074058,0.0032885890925942185
5000,9080,0.9970523503806864,0.002947649619313597
1100,5000,0.9970525771768917,0.0029474228231083366
0280,2600,0.9971745344143461,0.0028254655856538857
0280,5800,0.9974225200859478,0.0025774799140522164
0280,6280,0.9974350626508708,0.002564937349129215
0280,7180,0.9974362088790041,0.0025637911209959174
1092,6800,0.9975631978147775,0.002436802185222464
0280,8000,0.997644479814696,0.0023555201853040497
1092,5800,0.9976706278658368,0.002329372134163177
0280,1100,0.9978751401476244,0.002124859852375649
1092,9080,0.9979653336989709,0.002034666301029109
0280,6800,0.9979689014062678,0.0020310985937321835
0280,5000,0.998012209511977,0.001987790488023
0280,9080,0.998183189055503,0.0018168109444970382
0280,9700,1.0,0.0
6280,9700,1.0,0.0
0192,9700,1.0,0.0
1400,9700,1.0,0.0
2093,9700,1.0,0.0
4900,9700,1.0,0.0
1100,9700,1.0,0.0
5280,9700,1.0,0.0
6100,9700,1.0,0.0
5100,9700,1.0,0.0
5500,9700,1.0,0.0
2092,9700,1.0,0.0
7700,9700,1.0,0.0
7880,9700,1.0,0.0
5000,9700,1.0,0.0
1300,9700,1.0,0.0
8591,9700,1.0,0.0
9080,9700,1.0,0.0
8400,9700,1.0,0.0
8592,9700,1.0,0.0
1500,9700,1.0,0.0
0792,9700,1.0,0.0
2991,9700,1.0,0.0
8691,9700,1.0,0.0
2091,9700,1.0,0.0
5800,9700,1.0,0.0
5600,9700,1.0,0.0
1992,9700,1.0,0.0
1200,9700,1.0,0.0
1991,9700,1.0,0.0
9480,9700,1.0,0.0
6800,9700,1.0,0.0
2491,9700,1.0,0.0
1092,9700,1.0,0.0
6980,9700,1.0,0.0
1093,9700,1.0,0.0
2300,9700,1.0,0.0
0680,9700,1.0,0.0
3500,9700,1.0,0.0
3680,9700,1.0,0.0
0580,9700,1.0,0.0
4580,9700,1.0,0.0
2100,9700,1.0,0.0
2200,9700,1.0,0.0
4180,9700,1.0,0.0
1800,9700,1.0,0.0
6480,9700,1.0,0.0
1700,9700,1.0,0.0
7180,9700,1.0,0.0
3180,9700,1.0,0.0
3300,9700,1.0,0.0
0791,9700,1.0,0.0
2492,9700,1.0,0.0
2600,9700,1.0,0.0
2500,9700,1.0,0.0
1091,9700,1.0,0.0
3000,9700,1.0,0.0
2992,9700,1.0,0.0
2700,9700,1.0,0.0
2800,9700,1.0,0.0
1600,9700,1.0,0.0
0191,9700,1.0,0.0
5980,9700,1.0,0.0
7380,9700,1.0,0.0
8692,9700,1.0,0.0
8000,9700,1.0,0.0
