setor_1,setor_2,distancia_cosseno,similaridade_cosseno
2300,4180,0.025278971466314304,0.9747210285336857
0580,2300,0.04781392496731651,0.9521860750326835
0580,4180,0.04867126930240184,0.9513287306975982
5980,7380,0.07246867679211311,0.9275313232078869
1800,7380,0.09473584419905923,0.9052641558009408
1800,4580,0.13317152800245768,0.8668284719975423
0192,1091,0.13401611516314338,0.8659838848368566
1800,5980,0.15925287857898485,0.8407471214210152
2991,2992,0.21378623924636608,0.7862137607536339
7380,8000,0.21391979339618628,0.7860802066038137
1800,8000,0.23544695365829438,0.7645530463417056
4580,7380,0.2583890296924529,0.7416109703075471
6980,7380,0.26545228339010063,0.7345477166098994
8000,8400,0.27284784456616396,0.727152155433836
5980,8000,0.2765576863858401,0.7234423136141599
1800,6980,0.3224086594927078,0.6775913405072922
5980,6980,0.32610487202440097,0.673895127975599
4580,5980,0.34280332785222656,0.6571966721477734
0191,2091,0.3457057243291197,0.6542942756708803
0191,2092,0.34802537788851895,0.651974622111481
7880,8000,0.3561220831399702,0.6438779168600298
7700,8000,0.37920166307186187,0.6207983369281381
2091,2092,0.3907723705926336,0.6092276294073664
7380,7700,0.4059255749258902,0.5940744250741098
0580,2500,0.41342680784032304,0.586573192159677
6980,8000,0.4141814061583383,0.5858185938416617
2300,2500,0.4142744766343771,0.5857255233656229
2500,4180,0.4177832682848055,0.5822167317151945
5980,7700,0.4270751605716775,0.5729248394283225
1800,7880,0.4274531729027006,0.5725468270972994
0680,1991,0.42988263274461747,0.5701173672553825
1800,7700,0.43454016730367917,0.5654598326963208
1300,1400,0.4385263955528973,0.5614736044471027
7380,7880,0.4427074840316587,0.5572925159683413
4580,6980,0.4449977402760762,0.5550022597239238
5980,7880,0.45568198697324147,0.5443180130267585
0580,2092,0.46337009782653127,0.5366299021734687
2092,2300,0.48603587060665343,0.5139641293933466
6480,8000,0.4888930980937456,0.5111069019062544
5980,6100,0.49140212420132023,0.5085978757986798
0580,2200,0.5010932792041365,0.4989067207958635
2200,2300,0.5068637324037293,0.4931362675962707
6980,7700,0.5133178643231794,0.4866821356768206
2092,4180,0.5190575517028231,0.4809424482971769
6480,7380,0.5234524277539401,0.4765475722460599
4580,8000,0.5243629365934857,0.47563706340651435
2200,7380,0.5267540024107378,0.4732459975892622
2200,4180,0.5330579455541932,0.46694205444580683
1600,2300,0.5439944866775083,0.45600551332249173
1600,4180,0.5468657530411368,0.4531342469588632
0580,1600,0.5469625980556378,0.45303740194436215
5280,7380,0.5513685706638816,0.44863142933611844
0580,2491,0.5557410398052374,0.44425896019476263
2092,2200,0.5577541164520773,0.4422458835479227
7700,7880,0.5657186657667919,0.43428133423320814
3300,7380,0.5661504118058349,0.4338495881941651
5980,6480,0.5664482689493338,0.43355173105066624
2200,5980,0.5774563520627858,0.4225436479372142
1600,3180,0.5777206743049701,0.4222793256950299
6980,7880,0.5808085885584853,0.4191914114415147
7880,8400,0.5820647562801208,0.4179352437198792
1100,5600,0.5822510380595031,0.41774896194049693
1800,5280,0.5873423988852902,0.41265760111470984
5280,8000,0.5889555891773528,0.4110444108226472
3680,8000,0.5893840026868522,0.4106159973131478
2200,6980,0.5908798514640561,0.4091201485359439
4580,7700,0.5937102206788021,0.4062897793211979
4900,7380,0.5950451746247878,0.4049548253752122
5280,5980,0.5954684142675907,0.4045315857324093
2300,2491,0.600622612869985,0.399377387130015
2092,7380,0.6036252702702393,0.39637472972976073
3300,5980,0.6042909677360413,0.3957090322639587
2491,4180,0.6060306515034488,0.3939693484965512
2092,6980,0.6083350048577827,0.3916649951422173
1800,3300,0.6090759719657459,0.3909240280342541
2200,2500,0.6092189495023707,0.39078105049762935
2491,2500,0.6103251537281644,0.3896748462718356
0580,3300,0.6108831894441298,0.3891168105558702
3300,6980,0.6123017197053565,0.3876982802946435
5100,9480,0.618338279012734,0.38166172098726603
2992,7380,0.6230088619155905,0.37699113808440954
7700,8400,0.6246497060317163,0.3753502939682837
3300,8000,0.6256905928404164,0.3743094071595836
3680,8400,0.626514512500647,0.37348548749935295
2092,2500,0.6282410025486207,0.3717589974513793
1800,6480,0.6282604586655087,0.3717395413344913
2300,3300,0.6285109004369653,0.37148909956303466
4900,5980,0.6369455223713307,0.36305447762866927
1800,4900,0.6375395749069603,0.36246042509303966
5280,6980,0.6387821397224398,0.3612178602775602
1800,2200,0.6389898644421708,0.36101013555782924
4900,6980,0.6399591504406874,0.3600408495593126
3300,7700,0.6414114001906102,0.35858859980938984
2092,5980,0.6441756827696885,0.3558243172303115
4580,7880,0.6441965900324724,0.3558034099675276
4580,5280,0.6454323339153497,0.3545676660846503
2491,3300,0.6473090710339431,0.3526909289660569
3300,4180,0.6491615909448343,0.3508384090551657
2200,3300,0.6525854261927011,0.3474145738072989
1991,4900,0.65602930618699,0.34397069381301004
2200,2992,0.6591907944603583,0.34080920553964167
6480,6980,0.6604945176120987,0.33950548238790135
2992,5980,0.665503966589492,0.33449603341050804
2092,3300,0.6679266762880443,0.33207332371195575
2500,3300,0.6684431506457597,0.33155684935424035
4900,7700,0.6713604720125967,0.32863952798740326
2200,7700,0.672411217794088,0.32758878220591203
4900,8000,0.6724968939841923,0.3275031060158077
1991,6980,0.6744182694501524,0.3255817305498476
2091,2200,0.6750617654056099,0.3249382345943901
4580,4900,0.677312246309244,0.322687753690756
2200,8000,0.6777952673334497,0.32220473266655025
2200,4900,0.6790408412380082,0.32095915876199177
5280,7700,0.6791217438111781,0.32087825618882193
7180,8000,0.6794320693869478,0.3205679306130522
0580,6980,0.6796098236231294,0.3203901763768706
0680,5000,0.6831325640082093,0.3168674359917907
6480,7880,0.6844476015926697,0.3155523984073303
1600,2200,0.6851256408319761,0.31487435916802387
3300,4580,0.6853612089872606,0.3146387910127394
1600,2500,0.6865669192031691,0.31343308079683085
2092,7700,0.6878011987127923,0.3121988012872077
1600,2092,0.6887815415237419,0.31121845847625806
1800,8400,0.6903604072908354,0.30963959270916463
1800,2092,0.6905763312401514,0.3094236687598486
3500,7380,0.6914024233097089,0.3085975766902911
0580,7700,0.6928493963062026,0.30715060369379743
1991,1992,0.695649987371077,0.30435001262892303
0680,7700,0.6980782285348031,0.30192177146519694
2300,6980,0.7010585593099011,0.29894144069009887
7380,8400,0.7011437148236231,0.29885628517637686
2200,4580,0.7015869216234861,0.2984130783765139
2092,8000,0.70259579969462,0.29740420030537995
2200,2991,0.7051884267424937,0.2948115732575063
5100,7380,0.7065032906306744,0.2934967093693256
1093,2092,0.7065161929834345,0.2934838070165655
1991,7700,0.7068067973848338,0.29319320261516624
7180,7380,0.7074557064783136,0.2925442935216864
2200,2491,0.7080306101750841,0.29196938982491594
2300,7700,0.7102636189336626,0.28973638106633737
2500,7380,0.7113609898863298,0.2886390101136702
2091,6980,0.7124217907652364,0.2875782092347636
5500,8000,0.714562258458473,0.285437741541527
2091,7380,0.7145654330643184,0.2854345669356816
0580,7380,0.7158409915255284,0.2841590084744716
3680,7380,0.7167924822677278,0.28320751773227215
3680,7880,0.7187121993477066,0.2812878006522934
2500,6980,0.7192498360718426,0.28075016392815744
3680,7700,0.7196846696580133,0.28031533034198675
8000,8591,0.7204397912639886,0.2795602087360114
1800,3680,0.7208892010943408,0.27911079890565915
1991,7380,0.7209144215891878,0.27908557841081216
3500,5980,0.7211355951889817,0.27886440481101826
1800,5800,0.72139966884315,0.27860033115685
5980,8400,0.7230821322669245,0.2769178677330755
5500,9480,0.7232178894467738,0.2767821105532262
2092,4900,0.7238226001040222,0.2761773998959778
0580,2091,0.7245546734208119,0.2754453265791881
4900,5280,0.7260069145658601,0.2739930854341399
0680,6980,0.7286415116033362,0.27135848839666377
1800,5100,0.7296717143292875,0.27032828567071254
6980,7180,0.7308355753068101,0.2691644246931899
5100,5980,0.731639482653637,0.268360517346363
1800,2992,0.7319441283983302,0.26805587160166977
0191,1093,0.7319961103294927,0.26800388967050726
1991,5000,0.7327650917360053,0.26723490826399465
4180,7700,0.7348637909191553,0.2651362090808447
1600,7380,0.7350101831810956,0.26498981681890443
2300,7380,0.7351170124767867,0.26488298752321326
3300,5280,0.7352975433487544,0.2647024566512456
4180,6980,0.7355761990412565,0.2644238009587435
3300,7880,0.7359358631378492,0.2640641368621508
5980,7180,0.7359380691122435,0.26406193088775654
1800,6280,0.7372330658477215,0.2627669341522785
5100,7700,0.7393392995526802,0.2606607004473198
7180,7700,0.7397394147150849,0.26026058528491514
2500,5980,0.7407579834700811,0.25924201652991885
3680,5980,0.7408446767433852,0.25915532325661483
1093,2200,0.7413487118645667,0.25865128813543325
2500,7700,0.7414869645068161,0.25851303549318394
5100,8000,0.7417573042030032,0.25824269579699677
3300,4900,0.742787854437324,0.257212145562676
1600,3300,0.7430672988857802,0.25693270111421984
0580,5980,0.743934305171472,0.25606569482852803
6280,8000,0.7445738555375895,0.2554261444624105
2091,5980,0.7446948093805105,0.25530519061948953
1800,7180,0.746539689734419,0.253460310265581
6100,7380,0.7474700060891011,0.2525299939108989
5280,7880,0.7482283218617416,0.2517716781382584
1991,2092,0.7484923621940716,0.25150763780592844
1093,2091,0.7490143405580547,0.2509856594419453
1600,6980,0.749451233441413,0.25054876655858704
2200,5280,0.749610751868327,0.25038924813167296
1991,5980,0.7496901024587632,0.2503098975412368
5500,7380,0.7503240164960615,0.2496759835039385
2092,2491,0.7511800781633822,0.24881992183661783
6280,7380,0.7553196535113688,0.24468034648863124
2992,6980,0.7553749224641463,0.24462507753585372
2992,4580,0.7555580510520821,0.24444194894791793
0580,8000,0.7560664031923069,0.2439335968076931
0792,2492,0.756865722942923,0.24313427705707702
1800,3500,0.7568791122601151,0.24312088773988494
1800,1991,0.7570911559165594,0.2429088440834406
2991,7380,0.7591604515981409,0.24083954840185906
5100,6980,0.7593200972490474,0.24067990275095263
1800,5500,0.7600673477153882,0.2399326522846118
2300,5980,0.761214632203584,0.23878536779641601
1600,5980,0.7616576436553666,0.2383423563446334
2092,4580,0.762082679610916,0.23791732038908397
1093,6980,0.7647601934389294,0.23523980656107057
6100,7880,0.7655076219591808,0.23449237804081924
0580,7180,0.7657196565884656,0.23428034341153436
1800,6100,0.7677423355069228,0.23225766449307716
3500,8000,0.7682602883135851,0.23173971168641494
1991,3300,0.7685146385700813,0.2314853614299187
5000,7380,0.7693360856497852,0.23066391435021483
1991,2091,0.7693916382856042,0.2306083617143958
1600,1800,0.7700186509577873,0.22998134904221268
1093,7380,0.7705065251916979,0.22949347480830207
5980,6280,0.7708244853310408,0.22917551466895925
2091,2300,0.7714959259266022,0.2285040740733978
5500,5980,0.7715572987440238,0.2284427012559762
2300,8000,0.7719367001485311,0.2280632998514689
2992,8000,0.7721737662530576,0.22782623374694244
2300,7180,0.772387206627305,0.22761279337269502
5500,8400,0.7728300543761807,0.2271699456238193
5000,6980,0.7733119494863835,0.2266880505136165
2500,8000,0.7745638090909426,0.22543619090905742
6100,7700,0.7747657604677298,0.22523423953227018
6480,7700,0.7750714685701809,0.22492853142981906
1100,7380,0.7759660013068947,0.22403399869310525
3680,6980,0.7764483611529952,0.2235516388470048
2091,4900,0.7768696386234698,0.2231303613765302
2092,5280,0.777585857615266,0.222414142384734
2200,7180,0.7778317695373251,0.22216823046267486
1600,7700,0.7781338429841641,0.2218661570158359
2091,3300,0.7787136715660851,0.22128632843391494
3500,6980,0.779919971567558,0.220080028432442
0680,4900,0.7815516100649117,0.2184483899350883
1991,8000,0.7821597247640202,0.21784027523597982
4180,7380,0.7825853216128498,0.21741467838715023
1800,2091,0.7835118450596315,0.21648815494036855
1600,2491,0.7843157838916311,0.21568421610836885
2091,7700,0.7846356115204789,0.2153643884795211
2491,6980,0.7847649275180404,0.2152350724819596
2992,4900,0.7856498415756132,0.21435015842438676
0192,2092,0.7859651376813375,0.21403486231866253
7180,8400,0.7861947848914815,0.21380521510851846
2200,7880,0.7862513634312683,0.21374863656873166
2092,7180,0.7867445932985984,0.21325540670140164
4180,7180,0.787200530837042,0.212799469162958
2491,7380,0.7875419591761361,0.21245804082386388
2991,5980,0.7879673223494054,0.21203267765059464
5000,7700,0.7880471733611114,0.2119528266388886
1093,4900,0.7886006206113667,0.2113993793886333
1991,2200,0.7886283627015565,0.21137163729844355
1700,7380,0.788892905716761,0.21110709428323904
1991,4580,0.7900289774384266,0.2099710225615734
4900,7880,0.7910772133663914,0.20892278663360864
2092,7880,0.7925167113794198,0.2074832886205802
7180,7880,0.7927806554312335,0.20721934456876645
5000,5980,0.7936302185384906,0.20636978146150942
6980,8400,0.7943380924513868,0.20566190754861324
3300,7180,0.7946254006939022,0.2053745993060978
5500,7880,0.7955863113568509,0.20441368864314913
1600,8000,0.7959883519082002,0.20401164809179984
3500,7700,0.7969629975513435,0.20303700244865652
1093,5980,0.7971927816774524,0.20280721832254756
5500,7700,0.7972664529711545,0.2027335470288455
2091,8000,0.7973694163180102,0.20263058368198983
2491,2992,0.7978717246666196,0.2021282753333804
1091,7380,0.7981644821630434,0.20183551783695663
2992,5280,0.7989033054980295,0.20109669450197054
0680,3300,0.7989509542416346,0.20104904575836535
1800,5000,0.7994550679627028,0.20054493203729717
2091,2500,0.7999934371986812,0.2000065628013188
2491,7700,0.8003353239560693,0.19966467604393068
0192,7380,0.8003897266961297,0.19961027330387027
0580,1991,0.8005078962380586,0.19949210376194138
5100,7880,0.8012095114067236,0.19879048859327642
1091,2092,0.8026896944657498,0.19731030553425022
6480,8400,0.8027026688471363,0.19729733115286374
0580,4900,0.8030405327608855,0.1969594672391145
1600,4580,0.803062752347675,0.196937247652325
4180,5980,0.8036040232058611,0.1963959767941389
1991,5280,0.8039655369280453,0.1960344630719547
6280,7880,0.8043503646475866,0.19564963535241342
1800,2500,0.8047395824174561,0.19526041758254387
1100,5980,0.8049821538989967,0.19501784610100326
1700,1800,0.8056569266977083,0.19434307330229172
4180,8000,0.805664479432243,0.19433552056775705
5500,6980,0.8062677949535101,0.1937322050464899
5280,7180,0.808070517273614,0.191929482726386
4900,5000,0.8082371178013315,0.19176288219866855
2500,7180,0.8087202947888245,0.19127970521117554
0580,1800,0.809173515358079,0.19082648464192098
2491,5980,0.8093003759630769,0.1906996240369231
2091,4180,0.8098448665815485,0.19015513341845147
0680,7380,0.8101937117260096,0.18980628827399038
1700,5980,0.8102961818066662,0.18970381819333382
1091,6980,0.8107937506983631,0.18920624930163688
0580,2700,0.8109058376779921,0.18909416232200793
2992,7700,0.8109462658284743,0.1890537341715257
5800,8000,0.8111146509383556,0.18888534906164445
1700,6980,0.8118762782615846,0.1881237217384154
3300,5000,0.8127537907784786,0.18724620922152135
3500,4580,0.8129912779162044,0.1870087220837956
3300,3500,0.8142386391876519,0.18576136081234806
2500,4900,0.8142408878557887,0.18575911214421126
0192,6980,0.8148278342736842,0.18517216572631578
5800,8591,0.8156318953124776,0.1843681046875224
6280,7700,0.8161311817130015,0.18386881828699853
6280,6980,0.8166498390746368,0.18335016092536316
2300,2700,0.8166942987694239,0.1833057012305761
4580,5100,0.8169022092490146,0.18309779075098542
0192,2091,0.8176975538414546,0.1823024461585454
6100,8000,0.8189603892537622,0.18103961074623776
0680,1992,0.8193027983823022,0.18069720161769776
3500,7880,0.8204156263861266,0.17958437361387336
4580,5000,0.820621305691812,0.17937869430818798
2992,3300,0.8214629354730836,0.17853706452691642
1091,5980,0.822220471314606,0.17777952868539404
2700,4180,0.8224003646689291,0.17759963533107093
2300,4900,0.8224232253336499,0.17757677466635013
2491,2991,0.822886640679263,0.17711335932073702
5600,7380,0.823469652880541,0.17653034711945903
1091,4900,0.8235349251604388,0.1764650748395612
3300,3680,0.8235631622566602,0.17643683774333985
0192,5980,0.8238803903680937,0.17611960963190632
1091,5000,0.8246690514711943,0.1753309485288057
0192,1093,0.8253115984049297,0.17468840159507026
5100,5280,0.8259047357846099,0.17409526421539012
2092,5000,0.8259537906487509,0.17404620935124915
2491,2800,0.826129549225382,0.17387045077461805
2091,5280,0.8268475249318887,0.17315247506811127
1991,2300,0.8274437885723962,0.1725562114276038
1600,2091,0.8276916783833977,0.17230832161660226
6280,6480,0.8278333508222824,0.17216664917771762
1800,2300,0.8280682721032366,0.17193172789676336
0192,4900,0.8286764902507318,0.17132350974926824
7880,8591,0.829015121968754,0.17098487803124596
5100,5500,0.8290327299410135,0.1709672700589865
0680,5980,0.8292904885359924,0.1707095114640076
2092,3500,0.8305423876979503,0.1694576123020497
1700,8000,0.8317994898283334,0.1682005101716666
1700,3300,0.8319253658463304,0.16807463415366963
1091,2091,0.8323399558445239,0.16766004415547608
5800,7380,0.8324822140148083,0.16751778598519174
2091,4580,0.8335287901695018,0.16647120983049823
2200,5000,0.8337194937016553,0.16628050629834468
2500,2700,0.8342154280943709,0.16578457190562912
5000,8000,0.8346563236164039,0.16534367638359615
1700,2092,0.8349804479711215,0.16501955202887852
7880,8691,0.8351649556171273,0.16483504438287266
3300,5100,0.8357841843835028,0.16421581561649723
5000,5280,0.8362402524725,0.1637597475275
2200,2700,0.8367813819787077,0.16321861802129234
1091,2200,0.8370484391040716,0.16295156089592844
2491,8000,0.8371789016652289,0.1628210983347711
2492,3300,0.8373962222270407,0.1626037777729593
0680,2091,0.8374149057540905,0.1625850942459095
0680,2092,0.838051235997375,0.16194876400262503
2500,2800,0.8380544047845403,0.1619455952154597
5280,6480,0.8383104356374641,0.1616895643625359
0192,2200,0.838393460096645,0.16160653990335505
0192,5000,0.8388332016469312,0.1611667983530688
0191,6980,0.8390087710912562,0.16099122890874384
6100,6980,0.8392876768817648,0.16071232311823525
1991,2500,0.8403605567951395,0.15963944320486045
6280,8400,0.8418992988951626,0.15810070110483743
2091,5000,0.8419849258779393,0.15801507412206073
0580,2492,0.8426672981833214,0.15733270181667858
0680,1800,0.8427681344138342,0.15723186558616575
2500,5280,0.8429389630098558,0.15706103699014418
5600,5980,0.8433831490132535,0.1566168509867465
3500,7180,0.8442221572017776,0.15577784279822238
2500,2992,0.8445704318560043,0.15542956814399567
0680,5280,0.844781414532684,0.15521858546731604
4900,7180,0.8454633050703355,0.1545366949296645
0191,1991,0.8455711747709473,0.15442882522905266
5800,5980,0.8456695270990213,0.15433047290097868
1600,4900,0.8457421511286576,0.15425784887134242
1991,4180,0.845977004912507,0.15402299508749295
2200,3500,0.8461721496702886,0.15382785032971136
3680,4580,0.846175676809501,0.153824323190499
1091,1093,0.8473158574186478,0.1526841425813522
4180,4900,0.8475477391432927,0.15245226085670727
2492,2700,0.8479783177781479,0.15202168222185208
2491,4900,0.8488112542420269,0.15118874575797314
0580,5280,0.8494191133756492,0.15058088662435076
1700,2200,0.8499626731874359,0.1500373268125641
0680,8000,0.8501405841322164,0.14985941586778362
0191,7380,0.8508816382357322,0.14911836176426785
1700,7700,0.8508950080038024,0.14910499199619764
2200,5100,0.8510792823431348,0.1489207176568652
1700,4580,0.8511037093956586,0.1488962906043414
5100,6480,0.8511824925741001,0.14881750742589994
0580,7880,0.8513697555552733,0.14863024444472672
2491,7180,0.8548231614562541,0.14517683854374586
1600,7180,0.8552792119646726,0.1447207880353274
1991,7880,0.8552935253210487,0.14470647467895126
4580,7180,0.8556907682979211,0.14430923170207888
0580,0680,0.8557697317848401,0.14423026821515994
2091,7180,0.8559358198181934,0.14406418018180656
3680,7180,0.8559756090189043,0.14402439098109565
0191,4900,0.855979073583418,0.14402092641658204
1800,2491,0.8562095116040089,0.14379048839599107
1093,5280,0.8563218326471458,0.1436781673528542
1700,2091,0.8564305794341802,0.14356942056581978
3500,4900,0.8565556984523857,0.14344430154761434
4580,5500,0.8570513068645168,0.1429486931354832
2700,6980,0.8571061783837906,0.14289382161620945
2500,7880,0.8574346848374295,0.14256531516257054
3300,8400,0.857541047401691,0.14245895259830899
1092,1991,0.8576088913415821,0.14239110865841786
7380,8592,0.8579444100350493,0.1420555899649507
0191,1092,0.858523583314899,0.14147641668510103
1992,2092,0.8586760151546126,0.14132398484538744
8000,8691,0.8588153203366542,0.1411846796633458
2700,3300,0.8588214466347717,0.14117855336522833
2992,7880,0.8592245805254141,0.14077541947458594
2800,3300,0.8595109295836533,0.14048907041634673
8000,8592,0.8599161969640107,0.14008380303598933
3680,5500,0.8599294085688589,0.1400705914311411
2992,7180,0.8599429095970217,0.1400570904029783
2091,3500,0.8602508166792725,0.1397491833207275
1992,6980,0.8607221716769167,0.13927782832308333
3680,5280,0.8610581015613852,0.13894189843861482
2491,5280,0.8610969194618493,0.1389030805381507
1600,7880,0.8612430200938177,0.1387569799061823
1992,4900,0.8614014926109795,0.13859850738902046
1992,2091,0.8616170005683033,0.13838299943169674
1800,4180,0.8625328237741359,0.13746717622586413
2300,7880,0.8628632973675905,0.1371367026324095
1600,5280,0.8628973385816179,0.13710266141838212
1300,1500,0.8630370748634766,0.13696292513652342
7700,8691,0.8632695318212118,0.1367304681787882
2492,2500,0.8634723698272233,0.1365276301727767
2091,7880,0.8636013601941218,0.13639863980587819
0580,3500,0.8638888065805432,0.13611119341945677
0680,2200,0.8639655720025866,0.1360344279974134
2300,2492,0.8642730555733354,0.13572694442666455
3500,5280,0.864472798997204,0.13552720100279603
2300,5280,0.8649497131282814,0.1350502868717186
1700,5000,0.8653835610633568,0.1346164389366432
2091,2491,0.8653894933317596,0.13461050666824037
2092,2992,0.8653917911976148,0.13460820880238522
5280,8400,0.8658086758619097,0.13419132413809032
2491,2700,0.8658724883402515,0.13412751165974846
2092,5100,0.8662468387355842,0.13375316126441583
2700,7380,0.8662990814592071,0.1337009185407929
2500,3500,0.866776382793037,0.13322361720696296
3300,5500,0.8673794708784015,0.1326205291215985
0191,2200,0.8674115331698595,0.13258846683014047
0191,5980,0.8675644592336109,0.13243554076638908
1091,5280,0.8684594400310313,0.13154055996896874
1991,7180,0.8685717659337088,0.13142823406629123
2991,5280,0.8700301217028876,0.12996987829711237
2200,2492,0.8703901012164336,0.12960989878356644
2200,3680,0.8704307869942137,0.12956921300578628
2492,4180,0.8706060632105403,0.12939393678945965
0580,5100,0.870797162477036,0.12920283752296402
3300,6480,0.8709081396758738,0.12909186032412623
7380,9480,0.8712808830938457,0.12871911690615434
5600,8000,0.8714821564333038,0.12851784356669615
0680,4580,0.8724405527487556,0.12755944725124435
1092,2092,0.8725093934672196,0.12749060653278044
2500,4580,0.8730487570601815,0.12695124293981852
1093,7700,0.8733579398862445,0.12664206011375545
4900,5100,0.8735184116566581,0.1264815883433419
0192,5280,0.8737917554080966,0.12620824459190338
5980,8592,0.87383489765133,0.12616510234866996
1992,7380,0.8741187562624232,0.1258812437375768
2092,3680,0.8746274156399343,0.1253725843600657
2092,2700,0.8747415631798169,0.12525843682018312
0280,1091,0.8754376148707905,0.12456238512920947
1600,1991,0.875603193102468,0.12439680689753196
2300,5100,0.8761955968669825,0.12380440313301755
2300,3500,0.8763280085854154,0.12367199141458463
0580,5000,0.8763768388116916,0.1236231611883084
1991,2491,0.876607744584277,0.12339225541572296
2700,5980,0.8767478768058018,0.1232521231941982
3680,6480,0.8773668153034394,0.1226331846965606
1092,2091,0.8773677454062178,0.12263225459378224
2492,7380,0.8776612455764906,0.12233875442350939
1991,5100,0.8780849994048867,0.12191500059511329
0580,3680,0.8781122768008319,0.12188772319916807
5800,7880,0.8781553846424954,0.12184461535750457
1700,4900,0.8782787159864136,0.1217212840135864
0192,0280,0.8786329963483664,0.12136700365163355
0280,1700,0.8790276554854382,0.12097234451456185
1093,1991,0.8792281531053969,0.12077184689460307
5980,9480,0.8792370307737876,0.12076296922621244
1093,1800,0.8800207446835172,0.11997925531648279
5280,5500,0.8801351256173221,0.1198648743826779
1992,7700,0.8804927822629374,0.11950721773706263
1991,3500,0.880942915585409,0.11905708441459095
1700,5280,0.881285990839476,0.11871400916052399
2491,2492,0.882395600197234,0.11760439980276605
1100,2200,0.8824544067585963,0.11754559324140368
5800,7700,0.8831582849767511,0.11684171502324892
1800,9480,0.8831869782294125,0.1168130217705875
2991,6980,0.8831957792717925,0.11680422072820751
4580,6280,0.8835328589066771,0.1164671410933229
5980,9080,0.88357757982043,0.11642242017957005
2500,5000,0.883691123189516,0.11630887681048396
7380,9080,0.8837144329802504,0.11628556701974957
2093,7380,0.8840298964356166,0.11597010356438342
0580,4580,0.884064043664335,0.115935956335665
3680,4900,0.8842923244379404,0.11570767556205963
0680,2500,0.8844930217441216,0.11550697825587841
2492,6980,0.8845779833779663,0.11542201662203366
1093,5000,0.8849745422462525,0.1150254577537475
0191,1992,0.8850547632877623,0.11494523671223766
5000,7880,0.8850764048603962,0.11492359513960382
5800,8592,0.8853971600763766,0.11460283992362341
1091,3300,0.8854184700542139,0.11458152994578608
2091,2992,0.8860867643655843,0.11391323563441569
4180,7880,0.8861655731181923,0.11383442688180767
2500,2991,0.8862789853299938,0.11372101467000617
0192,3300,0.8865556645289694,0.11344433547103061
2200,5500,0.8867739040432471,0.11322609595675293
1700,7880,0.8869052000912957,0.1130947999087043
1992,5980,0.8869920736162007,0.1130079263837993
1093,8000,0.8872003182005486,0.11279968179945143
4180,5100,0.8876078283563682,0.1123921716436318
0280,2092,0.8877476533860335,0.11225234661396655
1600,3500,0.8878546317346585,0.1121453682653415
0680,7180,0.8880621583971164,0.11193784160288356
0680,2300,0.8884575743732299,0.11154242562677008
7700,8591,0.8888940116373293,0.11110598836267072
3300,6280,0.889116167003461,0.11088383299653903
0792,2491,0.889160105409141,0.11083989459085897
4180,5280,0.8891783375396136,0.11082166246038638
2100,6980,0.8893036689390234,0.11069633106097665
2091,2093,0.8894279024769287,0.11057209752307129
2492,5980,0.8897316357444056,0.11026836425559439
5800,6980,0.8900109424295026,0.10998905757049737
1991,2992,0.8902949342115313,0.10970506578846873
2092,2093,0.8907281540051106,0.10927184599488937
3680,5100,0.8908350475442954,0.10916495245570457
6980,9480,0.890877081822779,0.10912291817722097
7880,9480,0.8909260915456024,0.10907390845439757
5800,6480,0.890984817508897,0.10901518249110298
0192,1991,0.8910163078183183,0.10898369218168169
2100,7380,0.8910445643196542,0.10895543568034582
1800,6800,0.8912700034153129,0.10872999658468707
0191,1800,0.8913292143187744,0.10867078568122557
2092,2492,0.8914152696151278,0.10858473038487215
6800,7380,0.891460226371126,0.10853977362887401
2092,5500,0.8915415130629116,0.10845848693708837
0192,8000,0.891607141225922,0.108392858774078
2492,2992,0.8917896594290112,0.10821034057098877
7700,8592,0.8918685666309001,0.10813143336909992
1092,1093,0.8920105552043379,0.10798944479566208
2100,8692,0.8920623598820093,0.10793764011799067
1992,3300,0.8921379435656682,0.10786205643433178
5500,6480,0.8922032306167308,0.10779676938326921
3180,8692,0.8922601890994513,0.10773981090054874
6480,7180,0.8927946512347471,0.1072053487652529
1091,1991,0.8928670552898426,0.10713294471015744
5100,8400,0.8929989086459019,0.10700109135409808
1091,8000,0.8930322915229042,0.1069677084770958
0680,5100,0.8931892950203303,0.10681070497966971
0580,5500,0.8935675740799264,0.10643242592007363
5500,7180,0.8938424784118318,0.10615752158816816
0192,1800,0.8940183908829338,0.10598160911706622
2991,7180,0.8940906223245,0.10590937767550002
5100,8592,0.8942682461934993,0.10573175380650068
2500,5100,0.8943592719795206,0.10564072802047941
0191,7700,0.8943714891063711,0.1056285108936289
1600,1700,0.8945248920294911,0.10547510797050885
2300,5000,0.8950126107919008,0.10498738920809925
1800,1992,0.8950372306059624,0.10496276939403759
1093,3300,0.8952243780965938,0.10477562190340617
0191,5280,0.8952368612805675,0.10476313871943255
1800,5600,0.8952482870573657,0.1047517129426343
2500,3680,0.8952504213270046,0.10474957867299539
2700,7700,0.895323319395867,0.10467668060413304
4580,6480,0.8955718434707423,0.10442815652925774
2491,3680,0.8956555494726001,0.10434445052739993
2991,8000,0.8957907939334616,0.10420920606653838
2300,3680,0.8958554584991747,0.1041445415008253
1091,1800,0.8958848029747148,0.10411519702528516
1093,1700,0.8961868344768048,0.1038131655231952
5600,6980,0.8963774718771231,0.10362252812287687
2093,5980,0.896622883365641,0.103377116634359
1800,8591,0.8969004936135856,0.10309950638641441
2300,5500,0.8969327821862424,0.1030672178137576
1091,1700,0.8969922585177316,0.10300774148226843
2092,6480,0.8970151854396013,0.10298481456039865
5100,7180,0.8974871514456056,0.10251284855439435
0280,1600,0.897878154722611,0.10212184527738899
1992,8000,0.8978967934616409,0.10210320653835914
2491,7880,0.8980002337546945,0.10199976624530549
2200,2800,0.8980777407325768,0.10192225926742315
3500,3680,0.8982455838540889,0.10175441614591108
0192,7700,0.8986301963076001,0.1013698036923999
2492,7700,0.898707482452588,0.10129251754741198
2091,2700,0.8989121631466079,0.10108783685339207
4900,5500,0.8989920757612119,0.10100792423878813
2491,4580,0.8991045361452304,0.10089546385476955
1800,9080,0.8991137904196458,0.10088620958035421
0191,0192,0.8993513549215586,0.1006486450784414
1600,2700,0.8998823578815773,0.10011764211842267
0680,7880,0.9000082884463255,0.09999171155367448
0680,3500,0.9000693417019842,0.09993065829801584
4900,6480,0.9003626889920915,0.09963731100790851
0580,1700,0.9004011430153415,0.09959885698465853
3500,8400,0.900422182428553,0.09957781757144701
2491,5000,0.900791096106261,0.09920890389373904
0191,3500,0.9007916937634997,0.09920830623650034
2800,6980,0.9008072529693014,0.09919274703069858
2300,4580,0.9008188177495309,0.09918118225046912
0280,2200,0.9010510785080227,0.09894892149197732
1100,1800,0.9011068131933191,0.09889318680668091
0680,4180,0.9011870556183458,0.09881294438165422
1091,7700,0.9012600690085276,0.09873993099147238
3500,5100,0.9015668859554129,0.0984331140445871
1100,2500,0.9016195866564966,0.09838041334350345
0192,1700,0.9018187086404031,0.09818129135959686
1600,5100,0.9019987117007608,0.09800128829923915
5980,6800,0.9021744715027479,0.09782552849725212
1600,2492,0.9023862052123744,0.09761379478762555
0280,0580,0.9024904070721997,0.09750959292780026
2200,3180,0.9025472206016378,0.09745277939836217
6800,6980,0.9025822987784375,0.09741770122156246
2200,6480,0.9026241399708754,0.09737586002912457
0280,7380,0.9027055693318508,0.09729443066814925
0191,8000,0.9027315379125158,0.09726846208748419
2700,8000,0.9028677603738599,0.09713223962614015
0191,3300,0.9037477767881088,0.0962522232118912
1800,2700,0.9039166441733378,0.09608335582666216
2992,5000,0.9039427179092424,0.09605728209075759
5600,7700,0.9040475394945513,0.0959524605054487
2700,3500,0.904171655568966,0.09582834443103405
5000,7180,0.9043778834954477,0.09562211650455232
2100,5980,0.9046750045322538,0.0953249954677462
1800,2492,0.9047301992865505,0.09526980071344948
0792,3300,0.9050426035845399,0.09495739641546008
2600,7380,0.9050909262612781,0.09490907373872193
1300,2091,0.9053412563071092,0.09465874369289085
1092,4900,0.9053748968424395,0.09462510315756045
1992,5000,0.9054188339978291,0.09458116600217092
3680,6280,0.9054515630457913,0.09454843695420867
5280,6280,0.9054804226727414,0.09451957732725857
6100,6480,0.9055084710954916,0.0944915289045084
1092,6980,0.905559409086884,0.09444059091311596
1600,5000,0.9057288338336735,0.09427116616632647
0580,2992,0.9058181478809187,0.09418185211908126
1700,2500,0.9058695225199889,0.09413047748001113
2491,3500,0.9061595720669128,0.09384042793308722
1992,2200,0.9062890571931386,0.09371094280686143
0192,2500,0.9063971054097139,0.09360289459028615
2991,3300,0.9065975267387971,0.09340247326120288
2091,5100,0.9069702691253331,0.09302973087466693
1091,2500,0.9070980159198907,0.0929019840801093
2492,8000,0.9075488563446178,0.0924511436553822
0191,1091,0.9077985956032618,0.09220140439673818
2200,5600,0.9078557920455846,0.09214420795441536
0191,0680,0.9079082564439952,0.0920917435560048
2091,3680,0.907910425731857,0.09208957426814302
0280,2300,0.9079818721053026,0.09201812789469743
0191,5000,0.9079964952874734,0.09200350471252661
1700,2300,0.908511656225448,0.09148834377455195
4180,5500,0.9086705961869245,0.09132940381307553
0580,1992,0.9088135417194421,0.09118645828055794
5100,6280,0.9090945063869554,0.09090549361304456
3500,4180,0.9091123450528642,0.0908876549471358
2093,6980,0.9091664075341112,0.09083359246588885
1992,5280,0.9093579585631971,0.09064204143680288
2500,5500,0.9098129501679642,0.09018704983203585
0680,2491,0.9103210021805654,0.08967899781943456
2300,2992,0.9103447460166616,0.0896552539833384
1100,6980,0.9104260268216002,0.08957397317839977
2093,2200,0.9108824963182759,0.08911750368172411
0280,6980,0.9109097894084006,0.08909021059159938
4180,5000,0.9111417737947298,0.08885822620527017
1600,2992,0.9111547577205668,0.08884524227943325
1300,7380,0.9115830614275735,0.0884169385724265
2600,6980,0.9115859725360256,0.08841402746397442
3500,5000,0.9117170088559376,0.08828299114406235
4900,5600,0.9121791343633513,0.0878208656366487
1991,3680,0.9123462294551667,0.08765377054483325
3300,6100,0.9124724410530454,0.08752755894695463
0280,2091,0.9130292472095748,0.08697075279042521
3300,8691,0.9131498324331684,0.08685016756683162
0280,5980,0.9131567952139642,0.0868432047860358
0191,0580,0.9134864789798729,0.0865135210201271
4580,6100,0.9135568986574386,0.08644310134256139
1600,3680,0.9141228425887955,0.0858771574112045
0791,6980,0.9142359479449538,0.08576405205504622
6980,8692,0.9144382299575659,0.08556177004243415
1093,7180,0.9145180595909798,0.08548194040902024
2600,5980,0.9145317394530496,0.08546826054695045
3500,5500,0.9145374800815691,0.0854625199184309
2500,3000,0.9148385087365505,0.08516149126344952
1092,7380,0.9148654864788216,0.0851345135211784
2992,3500,0.9153134816066915,0.08468651839330854
0680,1092,0.915509835557478,0.084490164442522
0280,4180,0.9155653005711799,0.08443469942882009
1800,2600,0.915862277108374,0.08413772289162602
0192,3500,0.9159134706138691,0.08408652938613093
1700,1991,0.9159721201992952,0.08402787980070481
1091,7180,0.9160848503153951,0.0839151496846049
1093,2500,0.9161820768167099,0.08381792318329007
3680,4180,0.9161840495313783,0.08381595046862167
2091,2492,0.9163521460581167,0.08364785394188334
1700,7180,0.9164977656592408,0.08350223434075921
5500,6280,0.9167320616999157,0.08326793830008428
7380,8691,0.9167521261876882,0.0832478738123118
2800,7180,0.9167759552841186,0.0832240447158814
3500,6480,0.9167797051008943,0.08322029489910565
0191,4580,0.9168625510524638,0.08313744894753616
7700,9480,0.9169198483872011,0.08308015161279891
2991,4900,0.9175938402831956,0.08240615971680443
0192,7180,0.9176440113579879,0.0823559886420121
1992,4580,0.9178734449679083,0.08212655503209165
5600,7880,0.9179888345723084,0.0820111654276916
0580,6480,0.9181506392016335,0.08184936079836647
2800,7380,0.9183522653442913,0.08164773465570874
0791,3300,0.9187249520387016,0.08127504796129836
1100,8000,0.9187823713261603,0.08121762867383975
0580,0792,0.9189636430057393,0.0810363569942607
1600,5500,0.9190642012216896,0.08093579877831036
2492,4900,0.9193512926963631,0.08064870730363694
2991,7700,0.9194183345869094,0.08058166541309064
2700,4900,0.9196432227470182,0.08035677725298185
5000,5100,0.9197333296357129,0.08026667036428714
1300,5980,0.9197739563297859,0.08022604367021413
6280,7180,0.9197796902454345,0.08022030975456551
1093,3500,0.9198451895154192,0.08015481048458084
0680,1600,0.9202611183923806,0.07973888160761944
6480,6800,0.9206203846710314,0.07937961532896864
2700,7180,0.9207732065604448,0.07922679343955519
1091,3500,0.9208757781725109,0.07912422182748913
0791,2491,0.9208916817505794,0.07910831824942055
0280,3300,0.9209667186818452,0.07903328131815479
1800,2093,0.9210758972904383,0.07892410270956174
1800,2991,0.9210920820569073,0.07890791794309271
2492,2991,0.9211396854572018,0.07886031454279818
1093,1992,0.9220400388164044,0.0779599611835956
2992,3680,0.9220908152621826,0.07790918473781738
1092,5280,0.9222747822614258,0.07772521773857421
1092,7700,0.9226362019747325,0.0773637980252675
7180,8691,0.9229041673999859,0.07709583260001407
4180,4580,0.9230208714313997,0.07697912856860034
1700,4180,0.9230638396661793,0.07693616033382067
2992,5100,0.9230792402236937,0.0769207597763063
2800,7700,0.9232988448068178,0.07670115519318221
6800,8000,0.9233757003277805,0.07662429967221951
2492,4580,0.9234167310339272,0.07658326896607281
0280,2500,0.9234340426831277,0.07656595731687232
2300,6480,0.9235736097436797,0.07642639025632025
5800,8400,0.9236090360036777,0.07639096399632228
2491,5100,0.9236398429306616,0.07636015706933841
4900,8400,0.9237142899844666,0.07628571001553341
4900,6280,0.9238382364514091,0.07616176354859094
1092,5980,0.9238588373726916,0.07614116262730841
5280,6100,0.9241695364938788,0.07583046350612122
1300,2092,0.924385837641908,0.07561416235809204
2200,6280,0.9245482577685789,0.07545174223142115
6100,8400,0.9246041674408748,0.07539583255912519
0191,7180,0.9246558715738417,0.07534412842615834
3300,5800,0.9248325386923045,0.07516746130769547
1300,2200,0.9251216713183663,0.07487832868163369
2700,5280,0.9253744540888896,0.07462554591111037
5980,8691,0.9260794313022475,0.07392056869775254
1700,3500,0.9260856599905058,0.07391434000949415
2800,5980,0.9261246826729448,0.07387531732705521
0192,5600,0.9261736797038667,0.07382632029613334
1991,5500,0.9263382610160285,0.07366173898397155
0792,2500,0.9263797363641448,0.07362026363585517
3680,8692,0.9265678159047385,0.07343218409526153
2092,6800,0.9267102259666453,0.07328977403335468
0680,1093,0.9267705071662318,0.07322949283376823
5280,9480,0.9270925541896115,0.07290744581038855
0280,1800,0.9271479447018194,0.07285205529818062
1991,6480,0.9272386941184406,0.07276130588155938
3680,5600,0.9272456347336318,0.07275436526636825
6980,8592,0.9278973509688673,0.07210264903113273
0792,2300,0.9279298851718165,0.07207011482818348
1100,4900,0.9281391706456129,0.07186082935438709
1100,5280,0.9281669786012006,0.07183302139879943
4580,5800,0.9281823369652911,0.07181766303470893
2091,5500,0.9284376536491826,0.07156234635081737
2500,6480,0.9284861750467055,0.0715138249532945
1100,7700,0.9285393903973436,0.07146060960265643
8000,9080,0.9285851084532067,0.07141489154679326
3180,3300,0.9286237330390817,0.07137626696091826
3680,8691,0.9289374066019587,0.07106259339804133
3680,9480,0.9290293013879294,0.07097069861207062
0192,0580,0.9290384671159033,0.07096153288409668
0791,7700,0.9292540087771772,0.07074599122282277
0280,7700,0.9293406301515311,0.07065936984846888
2091,6480,0.9293918084123286,0.0706081915876714
2092,6280,0.929415098966639,0.07058490103336101
2492,5280,0.9297400283360475,0.07025997166395248
1093,7880,0.929784058453757,0.070215941546243
2492,7180,0.9298663372259115,0.0701336627740885
1992,7880,0.9300152088469675,0.06998479115303247
2700,7880,0.9300836811625707,0.06991631883742933
1300,6980,0.9301629641518042,0.06983703584819578
6100,6280,0.9302771091910024,0.06972289080899763
1092,2200,0.9303231284737458,0.06967687152625424
2492,2800,0.9304335024634587,0.06956649753654132
0280,8000,0.9305096197587315,0.06949038024126852
0792,4180,0.9305152626151876,0.06948473738481242
7880,8592,0.9307433362819364,0.0692566637180636
1992,2300,0.9308603432293187,0.06913965677068135
1092,3300,0.9311514180031801,0.06884858199681987
0680,2992,0.931209494954532,0.06879050504546802
0580,1093,0.9313515705495885,0.0686484294504115
1800,8592,0.9316051739124793,0.06839482608752068
5280,5600,0.932368505113719,0.06763149488628095
2092,5600,0.9324704871480831,0.06752951285191688
2800,8000,0.9324838184604972,0.06751618153950278
1700,2992,0.9325942112706156,0.06740578872938441
1092,8000,0.9326721613918436,0.06732783860815639
7180,8591,0.9327998222769464,0.06720017772305364
0280,4900,0.9328172897635205,0.06718271023647948
1092,1992,0.9329053301280132,0.06709466987198676
2091,3180,0.9331198125419669,0.06688018745803315
2500,5600,0.933202466083869,0.06679753391613097
3300,5600,0.9332563975480557,0.06674360245194433
0580,2800,0.9332631910521186,0.06673680894788137
2700,4580,0.9335727971152785,0.06642720288472148
1992,2500,0.9338413538790273,0.06615864612097266
7700,9080,0.9338952400656704,0.06610475993432963
1300,1800,0.9339020595847037,0.06609794041529626
2200,6100,0.9340080958328829,0.06599190416711709
2492,3680,0.9340136120101045,0.06598638798989553
3000,3300,0.9343361644490932,0.06566383555090682
1091,5600,0.9345251573486819,0.06547484265131809
7880,8692,0.9350000130334821,0.06499998696651788
2492,3500,0.9350692575634737,0.0649307424365263
1093,5600,0.9351623696128065,0.06483763038719348
6980,9080,0.9352467430244213,0.06475325697557865
1700,6480,0.9353273224739109,0.06467267752608907
0192,0680,0.9354631837830204,0.0645368162169796
1991,2492,0.9355355814365396,0.06446441856346041
1093,4580,0.9355725438181447,0.0644274561818553
1600,6480,0.9357641819838515,0.06423581801614853
7700,8692,0.9358475635541299,0.0641524364458701
3500,6280,0.9358590504022176,0.06414094959778238
4180,6480,0.936018820418634,0.06398117958136595
2091,2991,0.9361615029188359,0.06383849708116407
1992,7180,0.9362547927953953,0.06374520720460475
7380,8591,0.9364499748435329,0.06355002515646713
2700,2800,0.9364949282011006,0.06350507179889942
2491,5500,0.9366764262116853,0.06332357378831466
2492,7880,0.9367305668201596,0.06326943317984035
2093,8000,0.9367453128743394,0.06325468712566062
0791,5280,0.936790468638687,0.06320953136131302
1991,2700,0.9368983440615977,0.06310165593840233
0680,1091,0.9369287726844733,0.06307122731552672
1700,5100,0.9369374924205502,0.06306250757944976
0191,7880,0.9369607605922132,0.06303923940778677
2092,8400,0.9369724450545133,0.06302755494548673
1300,8000,0.9370227524626518,0.06297724753734824
3300,9480,0.9372364381644851,0.0627635618355149
2091,5600,0.9376994515094028,0.062300548490597185
2092,2991,0.9377293667386493,0.06227063326135074
0192,7880,0.9378227226231833,0.062177277376816664
3680,5000,0.937878292708406,0.06212170729159405
0792,2200,0.9378984414196979,0.062101558580302085
1300,3180,0.9379064672454122,0.062093532754587843
1700,3680,0.9383735882913891,0.06162641170861094
1092,1800,0.9384227306870482,0.06157726931295182
5100,6100,0.9386519186537444,0.06134808134625558
1300,3300,0.9387765464199993,0.0612234535800007
3180,7380,0.9388381493272986,0.06116185067270141
2800,4900,0.9388930586101504,0.06110694138984962
2092,6100,0.9389155693482479,0.061084430651752064
4900,6100,0.9390263096507749,0.06097369034922506
1600,2800,0.9392592318683475,0.06074076813165252
0680,3680,0.9393699830280083,0.06063001697199166
2093,4580,0.9395312147163892,0.06046878528361077
2992,5500,0.9395788399439373,0.060421160056062684
2092,2100,0.9396433952085792,0.0603566047914208
1800,2800,0.9396654502436433,0.06033454975635666
3680,6100,0.9397558051641302,0.060244194835869846
0280,2491,0.9401577816399985,0.059842218360001476
1800,8691,0.9401850622737153,0.059814937726284656
2092,3180,0.9402081451545348,0.05979185484546523
1091,7880,0.9402949586761683,0.0597050413238317
1700,2491,0.9406032111622481,0.0593967888377519
5280,5800,0.9406250728004568,0.05937492719954318
3680,5800,0.940814566965936,0.05918543303406398
1992,4180,0.9410971161871969,0.058902883812803064
5980,8591,0.9412028471054338,0.05879715289456622
2700,2992,0.9414000929656076,0.05859990703439244
0280,1093,0.9416236211101306,0.05837637888986935
1092,5000,0.9417188592649213,0.05828114073507873
1100,3300,0.9417392436922166,0.05826075630778338
1300,1600,0.9420284425470944,0.05797155745290561
2100,8691,0.9420775483848377,0.057922451615162296
1300,7700,0.9421709894508983,0.05782901054910172
2300,2800,0.942236476754727,0.05776352324527301
0192,4580,0.9422971068960453,0.05770289310395471
2092,2800,0.9423245776839954,0.05767542231600464
0191,2500,0.9424392096984195,0.057560790301580456
3680,8591,0.9424942373374917,0.057505762662508286
2093,7700,0.9426419658379744,0.05735803416202556
0580,1091,0.9427192851061342,0.05728071489386577
6800,7880,0.9428891298727878,0.057110870127212165
7880,9080,0.9431643823396807,0.056835617660319304
8000,9480,0.9435141624607853,0.056485837539214656
0280,5280,0.9435920096909773,0.05640799030902266
5100,5800,0.9436106478726373,0.056389352127362735
0191,1700,0.9436346663872612,0.056365333612738766
0792,2092,0.9437715881987466,0.056228411801253375
0792,6980,0.944227790686787,0.05577220931321303
3180,5980,0.9443004584453542,0.05569954155464585
0580,1300,0.9443534859710832,0.05564651402891685
0191,0280,0.9444668335720368,0.05553316642796324
0191,1600,0.9445230305269886,0.055476969473011395
0580,6800,0.9445750578045047,0.05542494219549532
2200,8400,0.9447142168363274,0.05528578316367261
2091,2100,0.9447958311359346,0.05520416886406543
0792,7700,0.9449670476742689,0.05503295232573113
0680,1700,0.9449779211472419,0.055022078852758116
2500,8400,0.945016627073941,0.05498337292605904
2992,4180,0.9450178097152357,0.054982190284764254
5800,7180,0.9450848581853255,0.054915141814674495
1100,7880,0.9451018770168799,0.054898122983120134
1091,4580,0.9452671652366063,0.054732834763393745
0191,2300,0.9452931089671253,0.05470689103287474
2492,5000,0.9455065090062814,0.054493490993718585
1300,4900,0.9455808050042774,0.054419194995722564
3180,6980,0.9457537973246957,0.054246202675304334
2093,4900,0.9458022045957836,0.05419779540421643
3500,6100,0.945816077715264,0.05418392228473601
5000,5500,0.9458715353762112,0.05412846462378884
2093,7880,0.9459537938147625,0.05404620618523748
2200,2600,0.9459858446296519,0.05401415537034815
2492,3180,0.9461466478527617,0.0538533521472383
2800,7880,0.9461613282905345,0.053838671709465546
1991,8400,0.9462083644664552,0.053791635533544824
0280,4580,0.9463276511045969,0.053672348895403066
1800,8692,0.9464006327519038,0.05359936724809622
1700,5500,0.9466373894734521,0.05336261052654789
2092,5800,0.946648425379664,0.05335157462033602
1400,7380,0.9469831632544282,0.05301683674557178
0792,7380,0.947030286747965,0.05296971325203503
4900,5800,0.9470896175410422,0.05291038245895785
1500,7380,0.9472190609073383,0.05278093909266168
5000,6480,0.9472774830269189,0.05272251697308106
2093,3300,0.9473114955009397,0.05268850449906026
0680,5500,0.9473189249609923,0.05268107503900765
3180,7700,0.9474352100079937,0.05256478999200631
2992,6480,0.9476344062020677,0.052365593797932264
1100,2092,0.9476468944863798,0.05235310551362016
2992,6280,0.9477867158413426,0.05221328415865745
5500,6100,0.9478949749301744,0.05210502506982562
1300,2300,0.9481249253820198,0.051875074617980244
1991,6280,0.9481370884008318,0.05186291159916823
2100,8000,0.9481860070784401,0.05181399292155986
1992,3500,0.9483243630434137,0.05167563695658628
2100,3300,0.9483514493903417,0.05164855060965834
0280,5000,0.9484114472935328,0.05158855270646723
0192,1992,0.9484237956272603,0.05157620437273969
2200,5800,0.9485519059539593,0.05144809404604067
1093,1600,0.9485959965581027,0.05140400344189733
6800,7700,0.9486400989100509,0.051359901089949145
2300,6800,0.9487028788396626,0.051297121160337356
1100,2091,0.9489341380967861,0.05106586190321394
1600,8692,0.9489663030274712,0.0510336969725288
3300,8692,0.9490018511768458,0.05099814882315423
1700,2093,0.9490088256371457,0.050991174362854275
1600,1992,0.949132191002485,0.050867808997514974
0680,6480,0.9491939368781525,0.050806063121847544
2491,6480,0.9492259645793386,0.05077403542066139
2800,4180,0.9492622914209953,0.050737708579004726
0792,2700,0.9492634539578177,0.05073654604218225
0192,1600,0.9492661140662514,0.05073388593374861
2991,5000,0.949336187060764,0.05066381293923605
4580,6800,0.9493813242410887,0.050618675758911325
2700,5100,0.9494337727482762,0.05056622725172377
0280,1991,0.9494417755994523,0.05055822440054769
2200,3000,0.9494899658344398,0.050510034165560214
6100,7180,0.9496718977726007,0.05032810222739925
0580,8400,0.9496811963539766,0.05031880364602337
2991,7880,0.9496824735141512,0.05031752648584875
2800,5000,0.9496831481805502,0.05031685181944978
7380,8692,0.9497247694388327,0.05027523056116734
5500,5800,0.9502154699994501,0.04978453000054994
0580,6280,0.9503355219307837,0.049664478069216256
2093,2500,0.9505438070015072,0.0494561929984928
1091,1992,0.9507564739468575,0.04924352605314253
2800,5280,0.950795779337721,0.04920422066227903
2091,6280,0.9509316569663198,0.04906834303368024
1400,5980,0.9509606171457505,0.04903938285424947
3300,9080,0.951031055766314,0.04896894423368603
1991,5600,0.9511681011326882,0.04883189886731176
2500,6280,0.9512098313997941,0.04879016860020591
1800,3180,0.9512447836864385,0.0487552163135615
3180,8000,0.9512775663754216,0.0487224336245784
1992,5100,0.9514637309722509,0.0485362690277491
2100,7180,0.9514789898990846,0.04852101010091536
2093,5280,0.9515294825457064,0.04847051745429365
1700,5600,0.9518749599022717,0.04812504009772833
5600,8400,0.9518811505436883,0.04811884945631173
1100,3680,0.951905285592783,0.04809471440721702
9080,9480,0.9519799919137797,0.04802000808622031
1992,2093,0.9519886017826924,0.0480113982173076
0792,5980,0.9523081357241407,0.04769186427585925
3500,9480,0.9523859320393392,0.04761406796066081
2092,8691,0.9523988522307685,0.04760114776923152
4900,9480,0.9527703703122092,0.047229629687790764
0580,6100,0.9528245416249221,0.04717545837507786
2600,8000,0.9528375229448751,0.047162477055124885
5980,8692,0.9528572453481567,0.047142754651843255
1500,2091,0.9528821035373158,0.04711789646268416
0791,2500,0.9530511070341706,0.04694889296582938
1300,2992,0.9532792413992823,0.04672075860071767
2500,3180,0.9535192560544259,0.04648074394557411
3500,5600,0.9535985271469432,0.04640147285305685
2700,5000,0.9536015693984714,0.046398430601528595
1992,2491,0.9536041494170227,0.04639585058297735
1600,6800,0.9536661244226435,0.046333875577356465
5800,6280,0.9537310740796382,0.0462689259203618
1500,5980,0.9538212101207552,0.04617878987924484
1600,6280,0.9538315542211226,0.046168445778877354
2992,6100,0.9538694147358403,0.046130585264159696
1093,5100,0.9539395874465608,0.04606041255343918
1300,4180,0.9540128500865526,0.045987149913447434
1300,2500,0.9540471593321479,0.0459528406678521
0192,2100,0.9540957377680497,0.04590426223195032
2100,7880,0.954123580932956,0.04587641906704398
2491,3000,0.9541442057609042,0.045855794239095804
0280,7180,0.954256406888985,0.045743593111014946
0580,1092,0.9545516562294161,0.04544834377058393
2300,6280,0.9546294945260114,0.045370505473988576
0792,1600,0.954710604866934,0.04528939513306596
3500,5800,0.9547113607762093,0.04528863922379067
2500,6100,0.9547601439224838,0.04523985607751624
0191,5600,0.9548280330385444,0.045171966961455645
1300,7880,0.9548982314725977,0.04510176852740233
1800,2100,0.9551553099286583,0.04484469007134173
0280,7880,0.9552138265529602,0.044786173447039834
2700,3680,0.9552611790208667,0.04473882097913329
1092,7180,0.9553176991431725,0.04468230085682745
0792,2992,0.9555199907415023,0.04448000925849771
2100,7700,0.9555397953408516,0.04446020465914835
1093,2300,0.9556517747318032,0.04434822526819682
2300,6100,0.9557315170994141,0.04426848290058594
0192,5100,0.956053802540998,0.04394619745900197
0680,2492,0.9561598149470523,0.04384018505294773
0680,2700,0.95622178425483,0.043778215745170046
1991,2991,0.9565443398551687,0.043455660144831265
1091,5100,0.9565776646956476,0.043422335304352355
2800,2992,0.9566579832912444,0.04334201670875559
1300,4580,0.956673161835977,0.04332683816402305
2600,7180,0.9566956655543031,0.043304334445696924
0192,1092,0.9568864688554747,0.04311353114452532
0192,2300,0.956895898046375,0.04310410195362502
1700,6280,0.9570842217044128,0.04291577829558724
1300,5280,0.9571072497450829,0.04289275025491712
5500,8691,0.9571159686494286,0.042884031350571394
2091,2800,0.9572305802974649,0.042769419702535116
1091,1600,0.9572480336748928,0.04275196632510725
1092,7880,0.957321632598046,0.042678367401953965
2100,4900,0.9574430949971466,0.04255690500285336
1991,2800,0.9574896673245323,0.042510332675467666
1991,6100,0.9575130252057789,0.042486974794221144
2300,8400,0.9577622052571262,0.04223779474287381
1700,8400,0.9577830083278744,0.04221699167212556
1992,3680,0.9577871071457091,0.04221289285429086
6980,8691,0.9578179242061778,0.04218207579382216
5100,5600,0.9578666078203677,0.0421333921796323
1992,2992,0.9579827061823838,0.04201729381761621
1600,6100,0.9579975079021956,0.04200249209780438
0191,5100,0.9581141760436669,0.04188582395633311
0792,8000,0.9581621059660616,0.04183789403393845
1092,4580,0.9583781952780778,0.04162180472192223
5000,5600,0.9584429366888424,0.041557063311157605
2800,4580,0.9585344536779594,0.04146554632204058
0192,1100,0.9586355086994436,0.041364491300556416
0791,1991,0.9586542147521726,0.041345785247827394
2091,6100,0.9589293150972144,0.04107068490278565
2091,8400,0.9590588930655515,0.04094110693444852
2093,7180,0.9590984782167392,0.040901521783260786
0680,8400,0.959282179441939,0.040717820558060946
5000,6280,0.9593111096714251,0.04068889032857492
1400,2091,0.9593399305749467,0.04066006942505329
0792,4900,0.9594075445390217,0.04059245546097834
2700,5500,0.9594644778637087,0.0405355221362913
1400,1800,0.959490057849062,0.04050994215093795
1400,8000,0.959624761290344,0.04037523870965598
1700,5800,0.9596407104774963,0.04035928952250367
5600,6480,0.9597042924594966,0.04029570754050338
5600,9480,0.9597630453458206,0.040236954654179424
2600,2700,0.959821129397151,0.04017887060284897
2091,8692,0.9599770345746879,0.04002296542531214
1091,1092,0.9600074449710232,0.039992555028976806
1091,2100,0.9600448403203573,0.03995515967964269
2492,5100,0.9600496403942785,0.039950359605721464
1093,3680,0.9600773348570775,0.03992266514292253
0792,1800,0.9601448983560255,0.039855101643974544
2300,2991,0.9601498943319076,0.03985010566809244
4580,5600,0.9602199519743339,0.03978004802566615
1092,2500,0.9602977038144122,0.03970229618558785
1600,3000,0.9603936975403188,0.03960630245968122
0792,5280,0.9603953851449611,0.039604614855038855
3000,7380,0.9606409839099196,0.03935901609008041
0280,3500,0.9607259968288416,0.03927400317115837
5600,7180,0.9609000479113077,0.039099952088692325
2600,7700,0.9609632935653029,0.039036706434697144
0192,6480,0.9609910926186619,0.03900890738133811
1093,6480,0.9610435408912082,0.03895645910879175
2992,8400,0.9612556167427393,0.038744383257260706
3180,4900,0.9613177557515894,0.0386822442484106
3180,7880,0.9614055379600391,0.038594462039960864
1093,1100,0.9615304000999719,0.03846959990002807
1700,2700,0.9615398819368508,0.038460118063149196
0191,1300,0.9615472530206844,0.038452746979315555
1100,1991,0.9615549557366287,0.03844504426337125
1300,7180,0.9615916389434184,0.03840836105658163
6280,8691,0.9616209171880882,0.038379082811911824
8400,9080,0.9616213813368919,0.0383786186631081
2491,3180,0.9616453888980817,0.03835461110191829
1991,2093,0.9616730605670579,0.038326939432942075
1300,9480,0.9617405731428796,0.03825942685712036
1700,1992,0.9617771622051311,0.0382228377948689
1091,1100,0.9618016831111691,0.03819831688883091
5100,8691,0.9618082857192731,0.038191714280726874
1091,6480,0.9618384003870586,0.03816159961294141
2200,8692,0.9618628432431532,0.03813715675684681
1092,5600,0.9619335131374589,0.038066486862541105
0792,1991,0.9619387938564641,0.03806120614353592
0792,2091,0.9619551338515089,0.03804486614849112
0191,6480,0.9620440836689921,0.03795591633100792
5100,9080,0.9623526930437107,0.03764730695628926
2492,3000,0.9623877122745214,0.037612287725478644
4180,6100,0.9623943309146433,0.037605669085356674
3300,6800,0.9625559734339448,0.037444026566055166
2100,2200,0.9626097991112227,0.037390200888777314
2200,9480,0.9626186209056756,0.037381379094324374
0191,3680,0.9626379693731566,0.0373620306268434
5800,6100,0.9627066549083647,0.03729334509163529
0580,0791,0.96276543474762,0.03723456525238
2600,7880,0.9628983243340994,0.03710167566590061
1992,8400,0.9628996102448925,0.03710038975510754
1700,2492,0.9629418211892105,0.037058178810789544
0791,2200,0.9630234336077179,0.036976566392282084
2600,5280,0.963080806316764,0.03691919368323604
1092,2300,0.9631674780615782,0.03683252193842179
4180,6280,0.9632137430568691,0.03678625694313087
1300,3500,0.9632674530430965,0.03673254695690353
0192,5500,0.9633258500549298,0.036674149945070234
2991,4580,0.9633471134951387,0.036652886504861315
6100,9480,0.9633655350175026,0.03663446498249745
0580,2991,0.96338032828757,0.03661967171242997
1093,5500,0.9635358584132355,0.036464141586764476
1300,5100,0.9635519952758983,0.0364480047241017
3000,7700,0.9635656491158013,0.03643435088419866
1400,6980,0.963650485815034,0.036349514184966014
0580,2093,0.9636655960075883,0.036334403992411723
2091,5800,0.9636782800769516,0.036321719923048446
0792,7180,0.9637063734748025,0.03629362652519752
1600,8400,0.9637076299702976,0.036292370029702425
3000,8000,0.9637618391327719,0.036238160867228086
1300,1991,0.9637868355371328,0.03621316446286715
4580,9080,0.9639814265303046,0.03601857346969539
5500,5600,0.9640518236146397,0.0359481763853603
0792,2800,0.96414103779411,0.03585896220589002
5280,6800,0.9641538014257068,0.035846198574293164
2700,2991,0.9642750590260513,0.03572494097394874
2500,2600,0.9643280679400893,0.035671932059910705
1300,1700,0.9644352735300227,0.035564726469977326
2491,6280,0.9644947879805946,0.035505212019405374
0680,6280,0.9644998413497466,0.035500158650253355
0791,4900,0.9645079331065874,0.035492066893412555
3000,5980,0.9645106329095611,0.03548936709043893
1100,2300,0.9645245785036023,0.03547542149639771
4900,8591,0.9645259885981133,0.03547401140188666
0580,3180,0.9645672342681597,0.03543276573184029
5500,9080,0.965013222296914,0.034986777703086
6280,9480,0.9650524496530275,0.0349475503469725
1992,6480,0.9651382737943291,0.03486172620567085
0192,3680,0.9651617346056575,0.03483826539434254
2100,5280,0.9651643378557998,0.0348356621442002
1991,5800,0.9652251069638582,0.034774893036141785
1091,5500,0.9652470256679387,0.03475297433206126
1093,2992,0.9652707789382491,0.034729221061750915
1092,1100,0.9654579607218787,0.03454203927812127
1992,5500,0.9655617153101566,0.034438284689843446
1092,3500,0.965664935961575,0.03433506403842501
0680,2800,0.9656651693662351,0.03433483063376486
1300,5500,0.9657237866012036,0.034276213398796385
6980,8591,0.9659082480811872,0.03409175191881275
2992,5800,0.9659272401557807,0.034072759844219314
1700,3180,0.9659711103738171,0.03402888962618289
2991,3500,0.9660936542018429,0.0339063457981571
2092,9480,0.9662393880942545,0.03376061190574553
2200,8691,0.9663916136175185,0.03360838638248154
0792,2991,0.9664076728979144,0.033592327102085595
5000,8400,0.966431298655782,0.033568701344217966
2600,4900,0.9664910215470648,0.03350897845293521
5000,6100,0.9665374318369707,0.03346256816302928
1991,9480,0.966539876714592,0.03346012328540804
0191,2992,0.9666157416244854,0.03338425837551462
0280,5600,0.9666270268874569,0.03337297311254306
1700,6100,0.9666959094280685,0.03330409057193151
0192,2491,0.9667509177096006,0.03324908229039936
2492,5500,0.9667656154249679,0.03323438457503214
2092,2600,0.9669901086834908,0.03300989131650922
2700,6480,0.967009251190736,0.032990748809264
1500,2200,0.9670472235874109,0.03295277641258909
3180,5280,0.967055128669517,0.03294487133048296
1100,7180,0.9670639173145292,0.03293608268547077
2491,6100,0.967095854979087,0.03290414502091299
1300,2491,0.9672694380342505,0.03273056196574953
1100,3500,0.9672781191280588,0.03272188087194117
0791,2300,0.9672878242323173,0.032712175767682705
3000,6980,0.9672880793213354,0.032711920678664574
1091,3680,0.9673106518734107,0.0326893481265893
0191,2093,0.9674045036542123,0.03259549634578773
0191,1200,0.9674467885894023,0.03255321141059775
3180,7180,0.9674612577847316,0.032538742215268424
2093,5000,0.9674850688415657,0.03251493115843429
2800,3500,0.9675700745835194,0.0324299254164806
3300,8591,0.9676722689996179,0.03232773100038211
1400,3300,0.9677576224044356,0.032242377595564364
2092,8591,0.9678366554645226,0.03216334453547742
2600,3300,0.9679019278656557,0.032098072134344346
2093,2300,0.9679090640783187,0.03209093592168133
0580,5800,0.9681189399374189,0.03188106006258107
1100,1700,0.9681229862786307,0.03187701372136931
6100,9080,0.9681796592987743,0.03182034070122575
1700,2100,0.9682643798786238,0.03173562012137621
0280,3180,0.9682979097943775,0.031702090205622535
2300,3180,0.9683143400079546,0.03168565999204542
2700,6100,0.9683272419745999,0.03167275802540015
0280,0680,0.968380344826411,0.031619655173589
1600,2991,0.9684378632454523,0.031562136754547665
2500,5800,0.9684855830669842,0.03151441693301582
1400,7700,0.9686061386501255,0.03139386134987454
0791,4180,0.9686776756368768,0.03132232436312321
3500,8591,0.9686891006703464,0.031310899329653585
3000,5280,0.9686924952746855,0.03130750472531452
2300,5600,0.9687184010847555,0.03128159891524451
2991,5100,0.9687684967376994,0.03123150326230062
0191,1100,0.9687790687707053,0.0312209312292947
2091,9480,0.9688242102452859,0.031175789754714134
3500,8592,0.9689084521314287,0.031091547868571268
1091,2300,0.9692787584795961,0.030721241520403897
0791,2092,0.969344580796262,0.030655419203738044
3000,4900,0.9694395901148621,0.030560409885137862
0680,6100,0.969447626640157,0.030552373359842955
2800,5100,0.9694528264427842,0.030547173557215812
0191,5500,0.9694671735177899,0.030532826482210118
1700,2600,0.9694808438210786,0.030519156178921425
5500,8591,0.9694928984179517,0.03050710158204828
5280,8592,0.9695057580588654,0.030494241941134592
0680,5600,0.969539374503064,0.030460625496935956
1600,5800,0.9695462248940664,0.03045377510593361
6480,9080,0.969566015333735,0.030433984666265013
4900,8691,0.96957711284172,0.03042288715828001
1093,6280,0.9696780965186003,0.030321903481399737
4580,9480,0.9697286069978912,0.030271393002108793
2991,3680,0.9697422844781542,0.03025771552184575
1992,2100,0.9698212910535968,0.030178708946403177
2800,3680,0.9698983735260034,0.030101626473996612
5280,9080,0.9699793885974768,0.030020611402523212
2492,6480,0.9700331955071934,0.029966804492806642
0791,7380,0.970053284724989,0.029946715275011027
0791,7180,0.9700864025934001,0.029913597406599934
2093,5100,0.970166846847952,0.029833153152048042
3180,3680,0.9702229249462032,0.029777075053796787
1091,2491,0.9702231400156391,0.02977685998436086
6480,9480,0.9702601872779568,0.02973981272204318
0792,4580,0.9703022993781832,0.02969770062181676
2200,6800,0.9703749141154008,0.029625085884599223
0791,2800,0.9703807300641225,0.02961926993587749
1400,4900,0.9703860353373396,0.02961396466266042
0192,2992,0.9704545446598491,0.02954545534015085
0280,2992,0.9705004341324742,0.02949956586752578
3680,9080,0.970601914261868,0.029398085738131963
0280,5100,0.9707036739303758,0.02929632606962418
1300,2991,0.9707054763443251,0.029294523655674864
8000,8692,0.9707718468432487,0.029228153156751313
0791,8000,0.9709096497259936,0.029090350274006416
1400,7880,0.9709320556577667,0.029067944342233254
1992,5600,0.9709982841146022,0.029001715885397794
2300,5800,0.9710194112704651,0.028980588729534906
1600,9480,0.9710725443867226,0.028927455613277364
2093,3680,0.9710745467366629,0.028925453263337064
2800,5500,0.9712045608168437,0.0287954391831563
2491,8400,0.9712189740062406,0.028781025993759424
1091,2992,0.9712774535832677,0.02872254641673233
1100,5000,0.9713521335859577,0.028647866414042267
1700,2991,0.9713957331972093,0.028604266802790712
0792,3500,0.9714345899445709,0.02856541005542912
1092,1600,0.9715247233081042,0.028475276691895757
2091,3000,0.9716408776150269,0.028359122384973068
3680,6800,0.97169746698438,0.028302533015620024
0792,7880,0.9718413194460356,0.02815868055396442
2093,3500,0.9722490875086484,0.027750912491351643
4900,6800,0.9723635900165547,0.027636409983445298
1600,2093,0.9723904531381291,0.027609546861870893
1300,5000,0.9724094283179864,0.02759057168201362
1100,5100,0.9724641459061216,0.027535854093878376
1093,2491,0.9725176416234129,0.02748235837658708
4180,8400,0.9725461348400668,0.0274538651599332
4900,8592,0.9725834466507816,0.027416553349218442
5000,5800,0.9726338665405105,0.02736613345948946
3500,8691,0.972642199615651,0.027357800384348985
5280,8691,0.97266367500063,0.02733632499937
0792,3680,0.9727191521559417,0.027280847844058265
0280,3680,0.9727191944306102,0.027280805569389832
0580,5600,0.9727307519706534,0.027269248029346604
2200,9080,0.9727705002801543,0.027229499719845673
1092,5100,0.9728211866113119,0.027178813388688106
1300,3680,0.9728320424967447,0.02716795750325529
1092,1700,0.9728568681842547,0.027143131815745347
1700,8591,0.9728680228698755,0.027131977130124496
3000,5000,0.9729083410939166,0.02709165890608345
1100,5500,0.9729504910699169,0.027049508930083066
0792,5000,0.9729666532989749,0.027033346701025085
0791,5980,0.9730269950242314,0.0269730049757686
1700,8692,0.973041264588144,0.026958735411856005
2800,2991,0.9730741498158232,0.026925850184176814
1100,4580,0.9730956920513636,0.026904307948636408
3500,9080,0.9731448849018943,0.026855115098105675
0680,0792,0.973234265273971,0.026765734726028945
5100,8591,0.9733557869858365,0.02664421301416353
5100,6800,0.9734446627739936,0.026555337226006448
3500,8692,0.9734454172667392,0.026554582733260834
0191,2491,0.9734834733651953,0.02651652663480475
1093,2492,0.9734913511031923,0.026508648896807707
0680,2991,0.9735621529041307,0.02643784709586927
3180,4580,0.9736019321543894,0.026398067845610607
1100,6480,0.9736832457624995,0.02631675423750046
0192,6280,0.9737716673249679,0.026228332675032107
1800,3000,0.9738604325100554,0.026139567489944615
0680,0791,0.9738706247744582,0.026129375225541818
2600,5100,0.9739043968714249,0.026095603128575062
5500,8592,0.97393300790749,0.026066992092509955
4900,8692,0.9740792051133702,0.025920794886629794
6480,8592,0.9740989299880058,0.025901070011994154
4900,9080,0.9741219361021851,0.025878063897814885
2091,8691,0.9741674453952263,0.02583255460477374
1091,6280,0.9741742363926942,0.02582576360730582
0580,1100,0.9742089032061182,0.025791096793881807
5280,8692,0.9742638547959545,0.025736145204045546
1092,4180,0.9743127358829671,0.025687264117032926
2093,5500,0.9743509699113956,0.02564903008860442
1093,2093,0.9744620722785029,0.0255379277214971
1400,2092,0.9745320864125825,0.025467913587417512
1092,3680,0.974583817554564,0.025416182445435975
1300,6480,0.9746623385517903,0.025337661448209703
4580,8400,0.9746966907311676,0.025303309268832397
1093,6100,0.9747089041794559,0.02529109582054412
0680,1300,0.9747238894316513,0.025276110568348664
2092,8692,0.9747916262434523,0.02520837375654772
2092,3000,0.9747966581656694,0.025203341834330595
1700,9480,0.9748061084983386,0.025193891501661403
1400,2200,0.9748085640148834,0.02519143598511664
2700,6280,0.9748644451811633,0.02513555481883667
0280,5500,0.9749898297757568,0.025010170224243233
1992,2492,0.9750195668704449,0.024980433129555113
0680,2093,0.975149405256152,0.024850594743847987
2093,9480,0.9752492535034226,0.02475074649657738
6280,8591,0.9752751937530979,0.024724806246902098
1100,8400,0.9753123648008628,0.024687635199137192
2991,6100,0.9755256611967947,0.024474338803205264
1200,6980,0.9755348872789307,0.024465112721069326
1992,2700,0.9755373894301598,0.024462610569840226
2092,9080,0.9755393585128975,0.024460641487102475
4580,8692,0.9755930530764717,0.024406946923528294
3180,8691,0.9756094826048611,0.024390517395138867
3300,8592,0.9756434393131826,0.024356560686817352
5600,8691,0.975682947967688,0.024317052032312048
1992,6280,0.9757716963563035,0.024228303643696547
3180,3500,0.9758462151460119,0.024153784853988114
2093,8692,0.975885521999507,0.024114478000493045
0191,6280,0.9758866501878523,0.024113349812147744
2093,2992,0.9759735998060723,0.024026400193927655
5600,6280,0.9759856251023752,0.024014374897624813
0280,2700,0.9760001282263048,0.023999871773695225
6280,6800,0.9760116613817247,0.023988338618275318
1100,1992,0.9760298975375595,0.023970102462440468
0680,1100,0.9760628261497251,0.02393717385027494
0192,2492,0.9760822081456915,0.023917791854308534
1991,3180,0.9761199624513948,0.023880037548605237
0680,5800,0.9761498289770562,0.023850171022943845
1500,2092,0.9761893544873632,0.023810645512636786
1093,1300,0.976206048043344,0.023793951956656012
0280,6480,0.9762996719688469,0.023700328031153073
1092,2491,0.9765476316486871,0.023452368351312924
3000,7180,0.9765723995721782,0.02342760042782177
1500,1700,0.9766126920786813,0.023387307921318712
0280,1992,0.9766910470838933,0.023308952916106684
0191,2492,0.9766970369377642,0.023302963062235782
5800,9480,0.9767259942315227,0.02327400576847727
2100,3680,0.9767302473770673,0.023269752622932738
2600,4580,0.9768068741205601,0.02319312587943989
1600,5600,0.9768225650945436,0.02317743490545643
1092,6480,0.9768229099550453,0.023177090044954718
1091,2492,0.9768368049999411,0.023163195000058923
2200,8591,0.9770254141423828,0.022974585857617247
2991,6280,0.9770305260170824,0.0229694739829176
2093,4180,0.9770697084185083,0.022930291581491735
1092,2992,0.9770783876994247,0.022921612300575323
7180,9480,0.9771488286807457,0.022851171319254293
1092,2093,0.977206314856297,0.022793685143702946
2091,6800,0.9772923605750262,0.02270763942497378
1400,4580,0.9773623110828058,0.0226376889171942
1700,2800,0.9773823584399489,0.022617641560051083
1100,2491,0.9774018879690324,0.02259811203096762
4180,5800,0.9774425945456271,0.022557405454372903
0280,2492,0.9774620496187013,0.022537950381298688
2093,2491,0.9774852332721433,0.022514766727856683
1500,4900,0.977641846858481,0.02235815314151901
2491,5800,0.9776952707381734,0.022304729261826584
0680,9480,0.977747015577325,0.022252984422674982
5280,8591,0.9777688276879827,0.022231172312017322
0791,1800,0.9778515734263059,0.02214842657369409
3500,6800,0.9778622120917119,0.02213778790828813
1200,2091,0.977949858708468,0.022050141291532044
3180,4180,0.978022583342719,0.021977416657281035
1400,5280,0.9780490240643391,0.021950975935660866
2492,6280,0.9782020395969915,0.02179796040300852
7180,9080,0.9782783689647033,0.021721631035296673
2093,6480,0.9782938719220614,0.02170612807793859
2100,5100,0.9783365362739275,0.02166346372607253
0791,3500,0.9783582005661507,0.02164179943384925
1100,1600,0.9785250430912422,0.02147495690875778
1991,2100,0.978543089406394,0.021456910593605993
1400,7180,0.9786174789625248,0.021382521037475177
2700,8400,0.9786214268696457,0.021378573130354295
1200,2092,0.9786268142813297,0.021373185718670307
2091,2600,0.9786336187546886,0.021366381245311428
6480,8692,0.9786682936693735,0.021331706330626532
1400,6480,0.9787314470273825,0.021268552972617538
2500,9480,0.9788103599454112,0.021189640054588788
0192,2093,0.9790077275158771,0.020992272484122942
5600,6100,0.9791051872316452,0.02089481276835481
0192,6100,0.9791510701859295,0.020848929814070494
1091,2093,0.9791720320930174,0.020827967906982603
2992,5600,0.9791911529595699,0.020808847040430067
2600,6280,0.97919964315714,0.02080035684285997
1093,5800,0.9792386358265049,0.020761364173495056
2500,6800,0.9792786090489504,0.020721390951049634
3180,5000,0.9793951335251606,0.02060486647483939
2100,5500,0.9795294507756045,0.020470549224395507
2991,6480,0.9795448239282625,0.020455176071737524
3680,8592,0.9795630694814886,0.020436930518511365
1100,9480,0.9795871037332116,0.02041289626678844
2492,6100,0.979594692451147,0.020405307548852947
2800,6480,0.9796430152135341,0.02035698478646586
1400,5100,0.9796530964698852,0.020346903530114813
5000,9480,0.979700714736057,0.02029928526394298
1092,5500,0.9797229061341666,0.02027709386583343
6280,9080,0.9797310523669643,0.02026894763303566
1500,1800,0.9797741680805019,0.020225831919498116
1500,6980,0.9798375284749404,0.020162471525059567
1091,6100,0.9799200601273399,0.020079939872660102
1400,9480,0.980029723886276,0.01997027611372404
2991,5500,0.9803235421062475,0.019676457893752497
2700,9480,0.9803313751060936,0.019668624893906417
1400,3500,0.980372865710008,0.019627134289991965
1992,6100,0.9804667368235233,0.019533263176476745
0280,1100,0.9805127870622591,0.019487212937740916
1500,3300,0.9805568105543293,0.019443189445670694
3000,7880,0.9805920062354726,0.019407993764527398
5500,6800,0.980609548213053,0.019390451786946983
0791,1600,0.9806490971676466,0.01935090283235341
0792,5100,0.9807101957486337,0.019289804251366283
2491,5600,0.9807422768492341,0.019257723150765904
0791,2091,0.9807596263005541,0.019240373699445867
0191,2100,0.9807786414898019,0.019221358510198128
2992,3180,0.9808038446622087,0.019196155337791287
1300,8400,0.9808098520273252,0.01919014797267482
1991,6800,0.9809682508200479,0.019031749179952095
0791,7880,0.9809950249236903,0.019004975076309716
2992,9080,0.9810607418859923,0.01893925811400765
0791,2992,0.9811500965573785,0.018849903442621496
0192,5800,0.9813042779629896,0.01869572203701042
3180,5500,0.9814035126224661,0.018596487377533943
1400,1700,0.9814661252168235,0.018533874783176474
2100,5000,0.9814701011640901,0.01852989883590994
7180,8592,0.9815284875148084,0.018471512485191632
1300,2492,0.9815367749118973,0.01846322508810272
4580,8592,0.9815559081029415,0.018444091897058534
6800,7180,0.98156812973766,0.018431870262340055
1700,6800,0.981576999037755,0.01842300096224503
2600,5500,0.9816759630202146,0.018324036979785352
2100,3500,0.9816765168122247,0.018323483187775325
1092,8400,0.9817066791992014,0.018293320800798596
1091,5800,0.981729393615009,0.018270606384991006
0191,6100,0.9817303930316347,0.018269606968365326
5600,5800,0.9817306225546649,0.018269377445335078
1600,8691,0.9817829988431546,0.018217001156845436
2091,8591,0.9818016687322062,0.0181983312677938
6100,6800,0.9818585078209244,0.01814149217907557
2492,8400,0.9818795110696479,0.01812048893035212
0280,1092,0.9818942878800186,0.018105712119981354
1300,2700,0.9819183299946723,0.018081670005327677
2093,8400,0.9819415113745662,0.0180584886254338
0580,9480,0.981998781461809,0.018001218538191033
2091,9080,0.9820701426387379,0.01792985736126207
1991,9080,0.9821690198255791,0.017830980174420863
2200,8592,0.9822146195304765,0.017785380469523493
2300,9480,0.9822217962813269,0.017778203718673113
1991,2600,0.9822717279018633,0.017728272098136655
0191,5800,0.9824531148812516,0.017546885118748357
3180,5100,0.9824582965007228,0.017541703499277195
1991,8591,0.9824667236900245,0.017533276309975476
2500,8691,0.9824831510852184,0.017516848914781558
2100,4580,0.982484844518997,0.01751515548100302
0580,3000,0.9825064916884444,0.017493508311555606
6100,8592,0.9825182497546302,0.017481750245369798
5800,6800,0.9825648729720449,0.017435127027955133
2500,9080,0.982720738430004,0.01727926156999604
1100,6280,0.9827223445044105,0.01727765549558946
0792,3180,0.9827628033645774,0.017237196635422558
2600,5000,0.982995508214678,0.01700449178532204
1200,1700,0.9830059719843403,0.016994028015659746
1093,2100,0.9830190121997313,0.016980987800268688
0191,2700,0.9830974697592151,0.01690253024078492
0791,5000,0.9831025191136936,0.016897480886306382
1300,5600,0.9831107847610161,0.0168892152389839
5600,8692,0.9831118671681958,0.016888132831804237
1400,5500,0.9831324774136566,0.016867522586343386
2092,8592,0.9831590584501528,0.016840941549847166
1400,8400,0.9831708029010462,0.016829197098953808
0580,2600,0.9831917396144463,0.01680826038555372
3000,4580,0.9832020742999722,0.016797925700027805
3180,6480,0.9832083661942626,0.01679163380573745
1100,5800,0.9832614564385742,0.01673854356142579
2600,6480,0.9832735213995704,0.01672647860042964
6280,8592,0.9833354722649242,0.016664527735075763
8692,9480,0.9833363834669877,0.016663616533012293
1600,9080,0.9833447945315854,0.01665520546841459
2491,2600,0.9833671644637553,0.016632835536244728
1700,8592,0.9834135998911729,0.01658640010882706
1992,5800,0.9834439093325114,0.016556090667488643
2093,6280,0.9835209705065496,0.01647902949345037
1300,6100,0.9835667602271617,0.016433239772838282
1100,2992,0.9836079182136168,0.016392081786383184
1500,8000,0.9836336405204117,0.01636635947958831
1400,3680,0.9836613302355943,0.016338669764405678
0192,8400,0.983690250645944,0.016309749354056047
0192,1300,0.9837341989460037,0.01626580105399633
5100,8692,0.9837784579721676,0.016221542027832436
0192,2700,0.9837808940968479,0.01621910590315212
0791,3680,0.9837823686437326,0.016217631356267415
0280,6280,0.9838297301819594,0.016170269818040595
1200,7380,0.9838588719050373,0.01614112809496271
0792,1700,0.9838853830088266,0.016114616991173447
1400,1991,0.9839496387141023,0.016050361285897652
1991,8592,0.9839713957842259,0.016028604215774123
0580,9080,0.9839878116058206,0.016012188394179394
1991,3000,0.9839911002278999,0.01600889977210007
1400,8591,0.9840229993964542,0.015977000603545788
1093,2700,0.9840495423396942,0.015950457660305783
3180,8400,0.9840936165188051,0.015906383481194886
1992,9480,0.984140123880923,0.01585987611907702
2600,6100,0.9841467662774852,0.015853233722514792
1991,8692,0.9841930104437969,0.015806989556203077
3000,3680,0.9841997441602442,0.01580025583975575
1300,6280,0.9842700214477729,0.01572997855222713
2992,6800,0.9842727021487555,0.015727297851244493
1992,2800,0.9843006153836271,0.01569938461637288
5800,8692,0.9843626049327263,0.015637395067273685
2093,6100,0.9843802154589405,0.0156197845410595
0680,3180,0.9843964695087941,0.015603530491205886
1300,1992,0.9844359521239259,0.015564047876074127
2992,9480,0.9844643776236605,0.015535622376339542
0280,1300,0.9844944569270917,0.015505543072908301
1091,1500,0.9845078847655666,0.01549211523443339
0792,5500,0.9845680090142136,0.015431990985786403
2700,5800,0.9846352745560749,0.015364725443925087
5000,6800,0.9846702194689196,0.015329780531080361
2991,5800,0.9847057887973155,0.015294211202684482
2100,2500,0.9847357903908208,0.01526420960917918
2300,2600,0.984813726456318,0.01518627354368196
6100,8591,0.9848420887000444,0.015157911299955584
0280,8400,0.9848808502693177,0.01511914973068229
1400,3180,0.9849049325047582,0.01509506749524181
2100,3180,0.9849319113587711,0.015068088641228883
1100,6100,0.9849470348153636,0.015052965184636391
2992,3000,0.9850683912480066,0.014931608751993397
2700,3000,0.9850810540397925,0.014918945960207486
1992,2991,0.9851305656741589,0.014869434325841091
2300,3000,0.9851806477736703,0.014819352226329685
2600,3500,0.9851939263304964,0.014806073669503594
1500,7700,0.9852228580950989,0.014777141904901092
0191,8400,0.9852442360261319,0.01475576397386813
2300,9080,0.9852503916935084,0.014749608306491635
2492,2600,0.9852658083121109,0.014734191687889142
1400,1600,0.9852678401953192,0.014732159804680789
1991,8691,0.9852727305037619,0.014727269496238149
1092,6280,0.9853265885164044,0.014673411483595578
2600,2992,0.9853268506949823,0.01467314930501773
2800,6280,0.9853900302632366,0.014609969736763428
1093,8400,0.9854530744509803,0.014546925549019707
7180,8692,0.9854789496043728,0.014521050395627233
5000,9080,0.9855140110130314,0.014485988986968623
2800,6100,0.9855162873872232,0.014483712612776811
5800,9080,0.9855260622720992,0.014473937727900843
1600,2100,0.9855276061466536,0.014472393853346421
1092,2100,0.9856170588000693,0.014382941199930666
1700,9080,0.9856387894291753,0.014361210570824734
2492,5800,0.9856910575583231,0.014308942441676908
0791,2700,0.9857336951585818,0.01426630484141822
1091,2700,0.9857979617641439,0.014202038235856085
2700,6800,0.9858220853341625,0.01417791466583751
1200,8000,0.985827378246751,0.01417262175324896
1500,5280,0.9858551494324472,0.01414485056755277
6100,8692,0.9859080552587033,0.014091944741296714
1092,2492,0.9859082793281643,0.014091720671835728
3000,3500,0.9859369660105162,0.01406303398948383
0791,2492,0.9859400929924399,0.014059907007560102
2600,3680,0.9859756680741146,0.01402433192588537
2700,3180,0.985977555419178,0.014022444580822024
1200,5980,0.9859981647918667,0.014001835208133251
2100,6280,0.9860061675074732,0.013993832492526836
0192,1500,0.9860174893984189,0.013982510601581066
0191,4180,0.9860655108754574,0.013934489124542648
2093,2492,0.986088041423535,0.013911958576464989
2093,5800,0.9861331284913727,0.01386687150862731
0792,1992,0.9861468564397478,0.013853143560252246
1300,8591,0.9861549554080914,0.013845044591908606
0580,8691,0.9861682553221837,0.013831744677816338
0792,6480,0.9862158674094251,0.013784132590574871
1091,1300,0.9862990925376647,0.013700907462335321
4580,8691,0.9863376661914766,0.013662333808523441
0280,2800,0.9863975985419074,0.01360240145809255
0280,2093,0.9864729922579212,0.013527007742078823
0680,2100,0.9864910437891343,0.013508956210865675
1091,8400,0.9865352182206779,0.013464781779322088
0792,3000,0.9865777022495382,0.013422297750461776
0280,6100,0.9865995074280176,0.013400492571982392
1600,2600,0.9866680430339296,0.013331956966070369
2600,4180,0.9867543447791868,0.013245655220813224
0791,2991,0.9869403331221073,0.013059666877892728
1700,8691,0.9869593105454307,0.013040689454569265
8691,9480,0.9869602211922933,0.013039778807706681
1092,1300,0.9870277358140308,0.012972264185969196
1092,2700,0.9870876992334688,0.01291230076653116
0791,1992,0.9870948036511306,0.012905196348869441
1400,6100,0.9871125743301168,0.012887425669883212
1600,8591,0.9871296131057101,0.012870386894289876
1093,9480,0.9872126733783618,0.012787326621638173
2300,8691,0.9872906545351722,0.012709345464827826
0280,2991,0.9872949133808675,0.0127050866191325
2100,9480,0.9873014676440993,0.012698532355900682
2491,9480,0.9873470196205045,0.012652980379495471
5000,8591,0.9873997760793738,0.012600223920626208
1400,5000,0.9874003956724781,0.01259960432752194
2492,5600,0.9874140849545964,0.012585915045403628
5000,8692,0.9874154701856662,0.012584529814333778
1500,1991,0.9874546038059635,0.012545396194036496
2091,8592,0.9875255303977911,0.012474469602208882
0280,5800,0.9875377452968072,0.012462254703192843
0191,1400,0.9876300327246357,0.012369967275364324
0680,6800,0.9876589584159691,0.012341041584030932
2093,2700,0.9876633723526014,0.012336627647398624
2491,9080,0.9876828910048967,0.012317108995103299
1300,5800,0.9876903212670569,0.012309678732943086
1092,6100,0.9877104942925656,0.012289505707434367
0791,4580,0.9877119874745939,0.012288012525406122
0680,9080,0.9877668029508988,0.012233197049101197
3180,6280,0.9877780650820327,0.012221934917967303
1500,3500,0.9878192904327442,0.01218070956725581
0580,2100,0.987835628033105,0.012164371966895016
2992,8591,0.9878507765249339,0.012149223475066084
8400,8592,0.9878611483028636,0.012138851697136355
2600,8400,0.987933090884039,0.012066909115960978
0680,2600,0.9879414974831591,0.01205850251684093
3180,6100,0.9879657622403626,0.012034237759637412
2100,6480,0.9879962296095708,0.012003770390429214
2491,6800,0.9880848822750474,0.011915117724952573
3000,5500,0.9881409970737401,0.011859002926259854
8400,9480,0.988161455358791,0.011838544641209037
0192,4180,0.9881616210289977,0.011838378971002261
2500,8692,0.9882150494055557,0.011784950594444288
0791,5100,0.9882719718124678,0.011728028187532158
1100,8691,0.9882945702076058,0.011705429792394195
5500,8692,0.9883192027792486,0.011680797220751438
5000,8592,0.9883466691847773,0.011653330815222684
1500,7180,0.9883563334821538,0.011643666517846207
3000,8400,0.9884005872673648,0.011599412732635206
3000,5100,0.9884245792471579,0.011575420752842125
2600,2800,0.9884654944561053,0.01153450554389468
1400,2500,0.9884671883263064,0.011532811673693577
1100,8692,0.9884802978159585,0.011519702184041525
1100,9080,0.9885578605070893,0.01144213949291073
0280,0792,0.9885583802981244,0.011441619701875627
1300,8692,0.9886409684866484,0.011359031513351603
1500,7880,0.9886995141456342,0.011300485854365827
1100,2492,0.9887827491205733,0.01121725087942671
0791,0792,0.9887929964385171,0.011207003561482853
3180,8591,0.9888570329240646,0.011142967075935428
0680,8592,0.9888608213223666,0.011139178677633366
6800,8400,0.9889090240153302,0.011090975984669793
5600,9080,0.9889281014141847,0.011071898585815254
0680,1400,0.9889480796061991,0.011051920393800874
4580,8591,0.9889801909296014,0.011019809070398567
2800,3180,0.9889875767472569,0.011012423252743098
1093,9080,0.9889887903450436,0.011011209654956389
0792,1093,0.9889894243691355,0.011010575630864494
2800,3000,0.9889925328792772,0.011007467120722758
4180,9080,0.9889932153012497,0.011006784698750272
2500,8591,0.989050026215173,0.010949973784826983
0680,8591,0.989080243258919,0.010919756741081033
0580,8591,0.9890889712299094,0.010911028770090647
1300,2093,0.9891057308358837,0.010894269164116288
0191,9480,0.9891380195468129,0.010861980453187092
2492,8692,0.9891971664399735,0.010802833560026537
5000,8691,0.9891977339046146,0.010802266095385371
0280,2100,0.9892214159963795,0.010778584003620528
2500,8592,0.9892856652472913,0.010714334752708665
2093,5600,0.9893458186263813,0.010654181373618732
4180,6800,0.9893574669252302,0.010642533074769811
2100,5800,0.9894238029589519,0.010576197041048063
1500,5000,0.9894304335448685,0.010569566455131518
2093,9080,0.9894533188460549,0.010546681153945081
1992,8591,0.9894621383522454,0.01053786164775461
1100,1300,0.9894667090429642,0.010533290957035812
0791,6480,0.9894793893321085,0.01052061066789145
0680,3000,0.9894863027061067,0.010513697293893287
1600,8592,0.9895046858318235,0.010495314168176506
0192,9480,0.9895100699827362,0.010489930017263838
6800,9080,0.9895362550095153,0.010463744990484747
1992,8692,0.9895368348483741,0.01046316515162593
1092,5800,0.9895436055573843,0.010456394442615702
2492,9480,0.9895974986048306,0.010402501395169406
0580,1400,0.9896103709525331,0.010389629047466875
2991,9080,0.9896609755639683,0.01033902443603174
1400,6280,0.9896747501772246,0.010325249822775384
0580,8592,0.9897882560514671,0.010211743948532859
5600,6800,0.9898198912903384,0.010180108709661573
2093,8591,0.9898291413605808,0.010170858639419245
2700,5600,0.9898660613056613,0.010133938694338651
3000,4180,0.9898841085087456,0.010115891491254358
1093,8591,0.98990295657264,0.010097043427359953
1500,4580,0.9899178350855066,0.01008216491449343
3000,6480,0.9899200400469352,0.010079959953064765
0191,0792,0.9899244248784853,0.01007557512151469
6100,8691,0.989936762509672,0.010063237490328003
0791,5500,0.9899641989088473,0.010035801091152652
0192,0792,0.9899808961696437,0.010019103830356313
0680,8692,0.9900787567799579,0.009921243220042064
2100,5600,0.9900852819436013,0.009914718056398653
1992,3180,0.9902104067955864,0.009789593204413638
3180,5800,0.9903113018759069,0.00968869812409312
2991,3180,0.9903437706404365,0.00965622935956345
0192,8591,0.9903458110820834,0.009654188917916584
2992,8592,0.9903526077346513,0.00964739226534872
1400,2992,0.9904123305712139,0.009587669428786083
0792,6280,0.9904523503388364,0.009547649661163615
0192,9080,0.9904707082764653,0.009529291723534672
1700,3000,0.9904858545576218,0.009514145442378164
2600,5800,0.9905233454888352,0.00947665451116475
0792,1091,0.9905504084523006,0.00944959154769942
2700,9080,0.9905529476608391,0.009447052339160877
1091,9080,0.9905986133310327,0.009401386668967282
8592,9480,0.9906266286820331,0.009373371317966894
6480,8591,0.99070323677564,0.009296763224360016
0680,8691,0.9907033290921495,0.009296670907850468
2492,6800,0.9907533472073444,0.009246652792655574
1091,9480,0.9907559790046216,0.009244020995378355
1300,2800,0.9908204742501117,0.00917952574988834
5600,8591,0.9908583354960876,0.009141664503912406
1400,5800,0.9908821808589496,0.009117819141050365
1093,8691,0.9908888359403544,0.009111164059645627
2300,8592,0.9908989863212935,0.009101013678706527
0580,8692,0.990938116313746,0.009061883686254046
2800,5800,0.9909510995128876,0.009048900487112377
6800,8592,0.9909677238136293,0.009032276186370702
2300,8591,0.9909901286195195,0.009009871380480483
4180,9480,0.9910019926428312,0.008998007357168825
1092,9480,0.9910338337286311,0.008966166271368925
2100,6100,0.9911045583049032,0.008895441695096817
6800,9480,0.9911493869896771,0.00885061301032286
0280,8591,0.9911524042999909,0.008847595700009148
2800,8400,0.9912442998549053,0.008755700145094747
5800,8691,0.991262267796207,0.008737732203793036
1091,8591,0.9912734707477636,0.008726529252236381
2100,2992,0.9913060247568273,0.008693975243172725
1400,2300,0.9913291497161996,0.008670850283800435
0792,6100,0.9913374713498132,0.008662528650186796
2492,9080,0.9913450134305165,0.008654986569483492
0791,1700,0.9914425016660923,0.008557498333907732
1092,2800,0.9914504275520916,0.008549572447908438
2491,8691,0.9914676695981471,0.008532330401852861
1300,2100,0.9915013128020489,0.008498687197951105
1100,2700,0.9915123768843869,0.00848762311561313
2100,2300,0.9915149298045617,0.008485070195438316
2600,9480,0.9915202044571033,0.008479795542896684
6280,8692,0.9915393238688045,0.0084606761311955
2093,2800,0.9915484586242707,0.008451541375729343
2093,3180,0.9915757766894497,0.00842422331055026
2992,8691,0.9915798847808579,0.0084201152191421
2491,8592,0.9915937917523727,0.008406208247627278
2093,2100,0.9916356832030253,0.008364316796974691
1992,9080,0.9917519301847909,0.008248069815209091
1992,8691,0.991786559865967,0.008213440134033023
0280,9480,0.9918075082015548,0.008192491798445167
0792,1300,0.9918086022801832,0.008191397719816806
0280,8692,0.9918214682509928,0.008178531749007178
1100,2093,0.9919255736477147,0.00807442635228528
0191,2800,0.992028585376534,0.007971414623465956
1300,3000,0.9920519108131174,0.007948089186882612
1300,9080,0.9920521568293307,0.007947843170669322
1992,6800,0.9921248416794027,0.007875158320597264
2992,8692,0.9921853088722434,0.007814691127756568
0680,1500,0.9922645583789813,0.0077354416210186905
1093,4180,0.9922863672099543,0.007713632790045666
1500,2500,0.9923066674967206,0.007693332503279415
0191,9080,0.9923811954179336,0.00761880458206643
2093,2991,0.9924194327414411,0.0075805672585589345
1500,5100,0.992448949096403,0.007551050903596979
0791,6280,0.9925364749767936,0.007463525023206352
0580,1500,0.9925444264828832,0.007455573517116787
1093,2800,0.9925700614991106,0.007429938500889355
8592,9080,0.9926698709225662,0.0073301290774338
0191,8591,0.9926784718819185,0.007321528118081511
0792,8400,0.9926848476785538,0.007315152321446194
6480,8691,0.9926984966181371,0.007301503381862862
4180,8691,0.9927261844699861,0.0072738155300139384
8592,8691,0.9927588946053895,0.007241105394610536
0792,1092,0.992789066265082,0.00721093373491799
2093,8691,0.9927917678419143,0.007208232158085748
0280,6800,0.992804039820376,0.007195960179623984
3000,6280,0.9928105031529995,0.007189496847000543
2100,8400,0.9928299097581512,0.007170090241848781
2491,8692,0.992894622242878,0.0071053777571219445
1200,7180,0.9929025899907321,0.0070974100092678905
2093,8592,0.9929279890118767,0.007072010988123267
2300,8692,0.9929745616069605,0.007025438393039485
0192,2800,0.9929781218475804,0.007021878152419614
2100,2491,0.9930356560756984,0.006964343924301564
1400,5600,0.9930426220869101,0.006957377913089924
1092,2991,0.9930778572110821,0.0069221427889178955
1092,8591,0.9931166084831816,0.006883391516818382
2100,8591,0.9931219296256442,0.006878070374355838
1093,3180,0.9931241240128644,0.006875875987135571
0191,3180,0.993159432147981,0.0068405678520190305
8591,8592,0.9932109190720162,0.006789080927983804
1992,2600,0.9932386334948117,0.0067613665051883265
2492,8691,0.9932720732045561,0.006727926795443873
1400,2491,0.9933014161614915,0.006698583838508521
0192,8691,0.9933230561818774,0.0066769438181225604
0792,2093,0.9933316578792482,0.006668342120751847
3000,6100,0.9933587543016573,0.006641245698342679
1500,1600,0.9933968041991708,0.006603195800829242
8691,9080,0.9934861527103764,0.006513847289623564
1992,8592,0.9934953698894378,0.006504630110562237
3180,9480,0.993501807041404,0.006498192958595994
4180,8592,0.9935221632506456,0.0064778367493544264
1300,8691,0.9935762537336948,0.0064237462663051526
1200,1800,0.9935932042760014,0.006406795723998604
2700,8691,0.9936060736014102,0.006393926398589822
1091,2800,0.9936096548665885,0.0063903451334115235
2600,8591,0.9936355669228059,0.006364433077194143
1100,8591,0.9936426340351913,0.006357365964808737
2492,8592,0.9936495342672664,0.006350465732733568
2491,8591,0.9936651137310765,0.006334886268923534
0280,8691,0.9936691335949216,0.006330866405078406
1400,1992,0.9936767144759041,0.00632328552409589
0191,6800,0.9937464960436396,0.006253503956360373
2100,2492,0.993769879491189,0.006230120508810999
2700,8592,0.9937768193553715,0.0062231806446284565
0192,8692,0.9937850302766809,0.0062149697233191414
2700,8591,0.9937904257320768,0.006209574267923235
1093,6800,0.993816410212944,0.006183589787056021
1500,2992,0.9938320374802488,0.006167962519751158
1992,3000,0.9938414742447884,0.006158525755211586
1500,6480,0.9938873796010427,0.006112620398957325
0792,5800,0.9939105517472859,0.006089448252714069
0280,1500,0.993953602046571,0.0060463979534289836
3180,5600,0.993969521367624,0.006030478632376046
0192,3180,0.9939821780168379,0.0060178219831621416
1093,8692,0.993998007097296,0.006001992902703979
0280,2600,0.9940040654516876,0.005995934548312376
2600,2991,0.9940068795559873,0.005993120444012678
1400,9080,0.9940426580499615,0.005957341950038497
0280,3000,0.9940476047061215,0.005952395293878476
8591,9080,0.9940477599768325,0.005952240023167521
2800,9480,0.9940561754411532,0.005943824558846789
2991,3000,0.9940805144603067,0.005919485539693348
1100,2100,0.9940829356575591,0.005917064342440881
0192,6800,0.9940831436595768,0.00591685634042316
0280,1400,0.9941100645758936,0.0058899354241064295
1100,4180,0.9941157387780373,0.005884261221962728
2093,6800,0.9942217431537468,0.005778256846253216
1093,8592,0.9942497642296468,0.005750235770353163
0191,8691,0.9942660366600111,0.005733963339988879
2100,9080,0.9943018612777006,0.005698138722299406
1300,6800,0.9943094328549343,0.005690567145065661
1092,8692,0.9943554908605888,0.005644509139411169
1091,8691,0.9943863237123416,0.005613676287658409
1100,6800,0.994416509924453,0.005583490075547037
0280,9080,0.9944226054453122,0.0055773945546877535
0791,1092,0.9944242763501375,0.005575723649862474
0280,0791,0.9944710164242476,0.0055289835757523775
1092,8691,0.9945364742459265,0.005463525754073495
0792,2600,0.9945754946560346,0.005424505343965436
1400,2093,0.9945900434638875,0.005409956536112537
4180,5600,0.9945932570953924,0.005406742904607631
0191,8692,0.9945943501394464,0.005405649860553585
1400,4180,0.9946004220928556,0.005399577907144404
0192,1400,0.9946403453788668,0.005359654621133192
1091,6800,0.9946657988139859,0.005334201186014131
2600,9080,0.9947030380879814,0.005296961912018561
1100,2800,0.9947194080058818,0.005280591994118233
1500,5500,0.9947240276302656,0.005275972369734427
1092,3180,0.9947694508854027,0.005230549114597305
2991,9480,0.9948099602001643,0.005190039799835677
0792,5600,0.9948227421012692,0.005177257898730803
1200,4900,0.9948328101516103,0.005167189848389708
1500,3680,0.9948341775615049,0.00516582243849506
2700,8692,0.9948600997603129,0.005139900239687134
1400,2492,0.9948703939318952,0.005129606068104753
2492,8591,0.9949352433584789,0.005064756641521062
1092,9080,0.9949356035325274,0.005064396467472587
0792,1100,0.9949412632973575,0.005058736702642452
0192,8592,0.9949545855022695,0.005045414497730549
1091,3180,0.9949630344568413,0.005036965543158689
2093,2600,0.994971159633207,0.005028840366792964
3180,9080,0.9949712881639056,0.005028711836094435
2800,5600,0.9949838908733876,0.005016109126612434
1100,3180,0.9950056299723209,0.004994370027679107
1400,2700,0.9950413301882484,0.004958669811751637
2100,2700,0.9950533267436558,0.004946673256344236
0791,6100,0.9950852217395119,0.00491477826048814
1200,7700,0.9950863575241228,0.004913642475877222
1500,2300,0.9951046973566868,0.004895302643313171
1091,8592,0.9951460170135591,0.004853982986440908
6800,8692,0.9951806760486364,0.004819323951363641
1091,8692,0.9952025276917218,0.004797472308278206
2800,9080,0.9952310605285414,0.004768939471458622
0191,1500,0.9952527967476119,0.004747203252388088
5600,8592,0.995260079868723,0.004739920131276998
0191,8592,0.9952893553293579,0.0047106446706420835
0191,2991,0.9953705291740437,0.004629470825956328
1200,3300,0.9954005583149167,0.004599441685083305
1500,1992,0.9954027929973867,0.004597207002613346
1500,3180,0.9954595231532297,0.0045404768467702805
1200,1991,0.9954905512651703,0.004509448734829724
2100,8592,0.9955645799436814,0.004435420056318584
1092,6800,0.9955659094804529,0.004434090519547129
3180,6800,0.9956033320381221,0.004396667961877876
3000,5800,0.9956304468008036,0.004369553199196408
1093,1500,0.9956533086818792,0.004346691318120821
0791,3000,0.9956751679324848,0.004324832067515216
1093,3000,0.9957022412207283,0.004297758779271743
1500,6100,0.9957036434941701,0.004296356505829935
2800,8691,0.995715220098097,0.004284779901903013
0792,9480,0.9957887306105394,0.004211269389460592
1300,2600,0.9958191120496172,0.00418088795038285
2991,4180,0.9958349166106021,0.004165083389397917
0280,8592,0.9958657754998611,0.004134224500138894
1200,7880,0.9958741268630875,0.0041258731369124835
1500,2491,0.9959004810576519,0.004099518942348057
2800,6800,0.9959189062924801,0.004081093707519856
0791,2093,0.9959557209265306,0.004044279073469381
1093,1400,0.9959944089332426,0.0040055910667573524
1200,3500,0.9960258496529639,0.003974150347036076
1100,1400,0.9960527809345574,0.003947219065442598
1500,6280,0.9961389627225135,0.0038610372774865453
0192,3000,0.9961643048025454,0.003835695197454636
1400,6800,0.996171550053449,0.0038284499465509603
0791,3180,0.9961905463065133,0.0038094536934867307
0792,6800,0.9961920842268064,0.0038079157731936153
1200,5280,0.9961949539356224,0.003805046064377593
1500,5800,0.9962345676901032,0.003765432309896788
0191,3000,0.9962385947074874,0.003761405292512565
0791,5800,0.996277961019756,0.0037220389802440357
1092,8592,0.996284977265856,0.0037150227341440356
0280,1200,0.9962932085544426,0.0037067914455574114
0191,2600,0.9962940314359329,0.0037059685640671303
1091,3000,0.9962941040251627,0.003705895974837281
1093,2600,0.9964023375737803,0.0035976624262197276
2991,5600,0.9964446485966362,0.0035553514033638267
2093,3000,0.9964465658475448,0.003553434152455237
1300,8592,0.9964520181031196,0.0035479818968804366
2100,4180,0.9964529169172704,0.003547083082729552
2600,3180,0.9964584343224505,0.0035415656775494853
0791,1300,0.9964724469666028,0.003527553033397246
0792,8692,0.9965100952040484,0.0034899047959515705
1100,8592,0.9965215569772523,0.0034784430227476903
1092,2600,0.9965426057545722,0.0034573942454277917
1200,5000,0.9965568333670872,0.0034431666329127752
0792,9080,0.9965838427493136,0.003416157250686447
2991,8592,0.9966120950995419,0.0033879049004581496
1092,1400,0.9966196668137937,0.0033803331862063413
1092,3000,0.996630933573259,0.003369066426740952
4180,8591,0.9966754320595939,0.0033245679404061423
8692,9080,0.9967606750941865,0.0032393249058134677
0191,0791,0.9967624807660673,0.003237519233932673
0192,1200,0.9967733615428802,0.0032266384571197904
1093,2991,0.9967821388998713,0.0032178611001286717
2800,8592,0.9967841699060785,0.003215830093921457
0192,2600,0.9967974573582425,0.0032025426417574554
2991,6800,0.9968195143978401,0.003180485602159888
1500,2492,0.9968255021557063,0.003174497844293689
2600,8592,0.9968299961571592,0.0031700038428408295
1091,1400,0.996856991364002,0.0031430086359980347
1500,4180,0.9968856923951471,0.003114307604852873
3000,3180,0.9969037387164822,0.0030962612835178094
1200,2200,0.9969815954502736,0.00301840454972635
1200,5100,0.9969918337604352,0.0030081662395647912
2600,5600,0.9970511517427775,0.002948848257222525
3000,9480,0.9970564908838727,0.0029435091161272853
1091,2600,0.997059644154304,0.0029403558456959633
2600,6800,0.9970643056913924,0.002935694308607628
0792,8691,0.9970739006406355,0.002926099359364498
1500,2700,0.9971285428483179,0.002871457151682133
1500,2093,0.9971636244656599,0.00283637553434013
0791,9480,0.9971677928907192,0.002832207109280782
2600,8691,0.9972011805696079,0.0027988194303920633
0792,2100,0.9972062016216151,0.002793798378384893
3000,5600,0.9972069935682975,0.0027930064317025494
1100,2991,0.9972203713710498,0.0027796286289502037
0680,1200,0.9972834683062081,0.002716531693791935
0192,0791,0.9973139113386644,0.0026860886613355728
1100,3000,0.9973290632478732,0.002670936752126818
2100,2800,0.9973612533071678,0.00263874669283215
0792,8592,0.9973874866124037,0.0026125133875962714
2600,8692,0.9973892877906518,0.002610712209348165
0791,1093,0.9973929416831884,0.002607058316811628
1091,4180,0.997400506610968,0.0025994933890319816
2600,3000,0.9974006895657836,0.002599310434216351
0580,1200,0.9974297101477425,0.00257028985225749
0791,8400,0.9974406544393208,0.0025593455606791604
1400,2800,0.9974500742048957,0.0025499257951042686
2100,6800,0.9974577328277914,0.002542267172208623
2991,8400,0.9975006382757746,0.0024993617242253796
1092,1500,0.9975347748867962,0.002465225113203795
1100,2600,0.9975499652543084,0.0024500347456916094
1200,4580,0.9975589806938435,0.0024410193061564778
3000,9080,0.9975852776388778,0.002414722361122168
1400,8692,0.9975861231011636,0.002413876898836431
3180,8592,0.9975875123910656,0.0024124876089344216
6800,8591,0.9975993789430414,0.002400621056958596
1500,9080,0.9976015219912865,0.0023984780087135116
0791,2600,0.9976073448829182,0.0023926551170817545
0791,8592,0.9976217534148847,0.002378246585115318
8591,9480,0.9976300954088316,0.0023699045911683703
2800,8591,0.997630188220161,0.0023698117798389706
1400,8691,0.9976500038227147,0.002349996177285263
6800,8691,0.9976501203754162,0.0023498796245837728
1200,5500,0.9976501414352081,0.0023498585647918624
0791,1091,0.9976810072571066,0.0023189927428933776
1200,6480,0.9977020770561791,0.002297922943820918
0192,2991,0.9977663804669525,0.0022336195330474595
2800,8692,0.9978000152404147,0.0021999847595852717
1400,1500,0.9978728150462732,0.0021271849537267684
1400,2991,0.9979185823258547,0.0020814176741452695
0791,1100,0.9979203235305512,0.0020796764694488434
0792,1400,0.9979469550210244,0.0020530449789756267
0792,8591,0.9979548801564058,0.002045119843594234
1400,8592,0.9979668431239791,0.002033156876020903
1500,2991,0.9979728879578764,0.00202711204212358
1200,1600,0.9979957161933443,0.002004283806655738
1500,8400,0.9979993173713557,0.002000682628644279
1400,2100,0.9981513019702567,0.0018486980297433009
0791,5600,0.9981713846650065,0.0018286153349934553
1200,2500,0.9982094926132918,0.0017905073867081622
2100,2600,0.9982697144453854,0.00173028555461463
1091,2991,0.9982832815184249,0.0017167184815750636
1400,2600,0.9983179208310418,0.0016820791689582393
3000,6800,0.9983497269184125,0.0016502730815874944
1200,1992,0.9983572882449449,0.0016427117550551484
0791,9080,0.9983612389544111,0.0016387610455889101
1500,5600,0.9983713681582932,0.0016286318417068069
8592,8692,0.9983765733428625,0.00162342665713755
1200,2300,0.9983960381900349,0.0016039618099651376
1200,6280,0.9984130749168058,0.001586925083194246
0791,6800,0.9984587128490531,0.001541287150946924
1500,9480,0.9984640940230036,0.0015359059769963768
1500,2800,0.9984826796211604,0.0015173203788395595
0792,1500,0.9986494501050444,0.0013505498949556438
1500,2100,0.9986560040968384,0.0013439959031615878
1100,1500,0.9986622804264382,0.0013377195735617686
2100,3000,0.9986842029286752,0.0013157970713247868
1400,3000,0.998698310620098,0.001301689379902049
1200,2093,0.9987046524241635,0.0012953475758364918
1200,3680,0.9987058200991649,0.0012941799008351351
3000,8592,0.998721894354581,0.0012781056454189699
3000,8692,0.9987237904961875,0.0012762095038124643
1200,5800,0.9987447771636824,0.0012552228363176265
3000,8691,0.9987658184504705,0.0012341815495294783
2100,2991,0.9987695548139671,0.0012304451860328802
8691,8692,0.9987918109346923,0.0012081890653077298
1200,2992,0.9988635339837401,0.0011364660162599405
8400,8692,0.9989004016404954,0.0010995983595045722
8400,8591,0.9989417578587032,0.0010582421412967946
1500,6800,0.9989756123110333,0.0010243876889667325
1200,6100,0.9990791553584668,0.0009208446415331917
0791,1400,0.9991134558704776,0.0008865441295223819
3000,8591,0.9991152961733482,0.0008847038266518448
1200,1300,0.9991186651174637,0.0008813348825362777
1200,2491,0.99911930926046,0.0008806907395400021
8400,8691,0.9991852440789806,0.0008147559210194277
1200,2492,0.9991941948187915,0.0008058051812085409
4180,8692,0.9992112548642997,0.0007887451357002639
1500,8692,0.9992149764454094,0.000785023554590647
1092,1200,0.9992150525942041,0.0007849474057959327
2991,8591,0.9992392312549963,0.0007607687450037481
1500,8592,0.9992481161932805,0.0007518838067195333
1500,3000,0.9992507470768505,0.0007492529231495348
1500,2600,0.9992508910461334,0.0007491089538665952
0791,2100,0.9992523306566212,0.0007476693433787762
1200,2700,0.9992887029473976,0.000711297052602422
1200,9080,0.9993019175845891,0.0006980824154109166
1093,1200,0.9993228592764962,0.0006771407235037774
1500,8591,0.9993260621835632,0.0006739378164367649
0791,8691,0.9993402728869963,0.0006597271130036608
0791,8591,0.9993902275836456,0.0006097724163544038
1200,2100,0.9994479414801489,0.000552058519851073
1500,8691,0.9994493613036838,0.0005506386963162191
0791,8692,0.9994537698637694,0.0005462301362305633
0791,1500,0.9995029957886341,0.0004970042113658923
2991,8692,0.99951356270837,0.00048643729163000415
1200,2800,0.9996032054624162,0.0003967945375837889
2991,8691,0.9996071157080182,0.00039288429198180985
1200,4180,0.999610631469313,0.0003893685306870509
1200,9480,0.9996397656968717,0.00036023430312825955
0792,1200,0.9996694008874989,0.0003305991125011065
1200,8592,0.9996833954754631,0.0003166045245368565
1091,1200,0.9997006677188791,0.00029933228112088983
1200,8400,0.9997271870427892,0.00027281295721082177
1200,6800,0.9997286360927308,0.00027136390726922865
1200,5600,0.999733032145135,0.00026696785486501895
1200,3180,0.9997633829118384,0.00023661708816158367
1200,2991,0.9997814365986372,0.0002185634013628368
1100,1200,0.9997841420464625,0.0002158579535375127
8591,8692,0.9997841780481541,0.00021582195184588482
1200,2600,0.9997850709174575,0.0002149290825425032
1200,1400,0.9998174197232121,0.00018258027678785815
8591,8691,0.9998452222791291,0.00015477772087091335
1200,3000,0.999845278112978,0.0001547218870220357
1200,1500,0.9998893362886966,0.0001106637113034159
0791,1200,0.9998937988705663,0.00010620112943371396
1200,8692,0.999897126864611,0.00010287313538903664
1200,8591,0.9999110455560025,8.895444399747987e-05
1200,8691,0.9999385920051105,6.140799488951743e-05
1091,9700,1.0,0.0
2600,9700,1.0,0.0
2500,9700,1.0,0.0
8000,9700,1.0,0.0
8691,9700,1.0,0.0
8591,9700,1.0,0.0
2991,9700,1.0,0.0
6280,9700,1.0,0.0
1992,9700,1.0,0.0
6480,9700,1.0,0.0
2492,9700,1.0,0.0
3180,9700,1.0,0.0
1093,9700,1.0,0.0
3000,9700,1.0,0.0
6100,9700,1.0,0.0
3300,9700,1.0,0.0
2491,9700,1.0,0.0
0792,9700,1.0,0.0
2092,9700,1.0,0.0
5500,9700,1.0,0.0
0580,9700,1.0,0.0
5280,9700,1.0,0.0
6800,9700,1.0,0.0
0680,9700,1.0,0.0
1100,9700,1.0,0.0
2992,9700,1.0,0.0
0280,9700,1.0,0.0
5600,9700,1.0,0.0
2091,9700,1.0,0.0
1700,9700,1.0,0.0
1800,9700,1.0,0.0
8592,9700,1.0,0.0
8400,9700,1.0,0.0
1600,9700,1.0,0.0
5800,9700,1.0,0.0
1400,9700,1.0,0.0
5980,9700,1.0,0.0
2800,9700,1.0,0.0
1092,9700,1.0,0.0
5000,9700,1.0,0.0
4900,9700,1.0,0.0
0791,9700,1.0,0.0
2300,9700,1.0,0.0
3680,9700,1.0,0.0
2100,9700,1.0,0.0
5100,9700,1.0,0.0
2700,9700,1.0,0.0
0192,9700,1.0,0.0
2093,9700,1.0,0.0
1300,9700,1.0,0.0
3500,9700,1.0,0.0
1500,9700,1.0,0.0
2200,9700,1.0,0.0
1200,9700,1.0,0.0
0191,9700,1.0,0.0
7380,9700,1.0,0.0
6980,9700,1.0,0.0
1991,9700,1.0,0.0
7180,9700,1.0,0.0
4580,9700,1.0,0.0
4180,9700,1.0,0.0
8692,9700,1.0,0.0
9080,9700,1.0,0.0
9480,9700,1.0,0.0
7700,9700,1.0,0.0
7880,9700,1.0,0.0
