{"type": "FeatureCollection", "features": [{"type": "Feature", "geometry": {"type": "Polygon", "coordinates": [[[-50.9589, -27.559], [-50.9406, -27.5653], [-50.9318, -27.5759], [-50.9349, -27.5796], [-50.9446, -27.5712], [-50.9547, -27.5692], [-50.9689, -27.5713], [-50.9708, -27.5776], [-50.9579, -27.5871], [-50.955, -27.5975], [-50.9634, -27.5981], [-50.9872, -27.6053], [-50.993, -27.6098], [-50.9916, -27.6192], [-50.9686, -27.6343], [-50.9589, -27.6457], [-50.9632, -27.6533], [-50.976, -27.6606], [-50.9916, -27.6587], [-51.0024, -27.6646], [-51.0032, -27.6548], [-50.9951, -27.6474], [-50.9968, -27.6396], [-51.0184, -27.6395], [-51.0264, -27.6429], [-51.0475, -27.6402], [-51.0533, -27.652], [-51.0689, -27.6462], [-51.081, -27.6551], [-51.0879, -27.6547], [-51.0825, -27.6388], [-51.0858, -27.629], [-51.1018, -27.6339], [-51.1141, -27.623], [-51.1205, -27.6209], [-51.13, -27.6236], [-51.1389, -27.6144], [-51.1461, -27.6149], [-51.1555, -27.6247], [-51.1678, -27.6258], [-51.1826, -27.6197], [-51.185, -27.6087], [-51.1768, -27.5999], [-51.1791, -27.5947], [-51.1946, -27.5939], [-51.2008, -27.6012], [-51.2, -27.6122], [-51.2059, -27.6175], [-51.2152, -27.6187], [-51.2195, -27.6058], [-51.2266, -27.5999], [-51.2327, -27.6007], [-51.2469, -27.6101], [-51.25, -27.6272], [-51.2542, -27.6315], [-51.2736, -27.6331], [-51.2856, -27.6299], [-51.2967, -27.6216], [-51.3114, -27.6138], [-51.315, -27.6016], [-51.3361, -27.6014], [-51.3428, -27.5936], [-51.3535, -27.5995], [-51.3547, -27.608], [-51.3609, -27.614], [-51.3752, -27.6113], [-51.3775, -27.5985], [-51.384, -27.5958], [-51.4077, -27.5943], [-51.4159, -27.5716], [-51.4226, -27.5663], [-51.4296, -27.5774], [-51.4468, -27.5921], [-51.4489, -27.5995], [-51.4573, -27.6075], [-51.4753, -27.6007], [-51.4776, -27.5959], [-51.4766, -27.5794], [-51.4784, -27.5697], [-51.4833, -27.5632], [-51.5019, -27.5561], [-51.517, -27.5577], [-51.5366, -27.5626], [-51.5476, -27.5591], [-51.5549, -27.564], [-51.5564, -27.5752], [-51.5609, -27.5831], [-51.5671, -27.5843], [-51.5784, -27.577], [-51.5874, -27.5632], [-51.5805, -27.5449], [-51.5777, -27.5301], [-51.58, -27.5236], [-51.5908, -27.523], [-51.5994, -27.5286], [-51.6083, -27.5414], [-51.6235, -27.5461], [-51.6311, -27.5415], [-51.6307, -27.5275], [-51.6198, -27.5021], [-51.6231, -27.4933], [-51.6326, -27.4886], [-51.6286, -27.4792], [-51.6202, -27.4787], [-51.6075, -27.4865], [-51.6002, -27.4869], [-51.5922, -27.475], [-51.5818, -27.4753], [-51.5743, -27.4637], [-51.5598, -27.458], [-51.5556, -27.4444], [-51.5591, -27.4395], [-51.5532, -27.4287], [-51.5538, -27.3988], [-51.5543, -27.3833], [-51.5327, -27.377], [-51.534, -27.3702], [-51.5422, -27.3656], [-51.5407, -27.3593], [-51.5524, -27.3437], [-51.5546, -27.3364], [-51.5613, -27.3359], [-51.5649, -27.3287], [-51.5732, -27.3322], [-51.5922, -27.3325], [-51.5981, -27.3267], [-51.6086, -27.3301], [-51.6103, -27.3218], [-51.5983, -27.3095], [-51.5953, -27.2983], [-51.5891, -27.291], [-51.5818, -27.2958], [-51.5804, -27.3124], [-51.5746, -27.3115], [-51.5728, -27.3016], [-51.5628, -27.2971], [-51.5617, -27.2924], [-51.5667, -27.2764], [-51.5564, -27.2758], [-51.5487, -27.2816], [-51.5396, -27.2825], [-51.5241, -27.3003], [-51.534, -27.3135], [-51.5144, -27.3165], [-51.507, -27.3092], [-51.4873, -27.3104], [-51.4863, -27.3286], [-51.4761, -27.333], [-51.4682, -27.332], [-51.4588, -27.3437], [-51.4444, -27.32], [-51.4379, -27.3161], [-51.4242, -27.3191], [-51.4218, -27.312], [-51.4133, -27.3165], [-51.4177, -27.3221], [-51.4121, -27.3293], [-51.3881, -27.3295], [-51.3896, -27.3158], [-51.3767, -27.3228], [-51.3752, -27.3323], [-51.3589, -27.3397], [-51.3543, -27.3249], [-51.3428, -27.3327], [-51.3245, -27.331], [-51.3318, -27.3414], [-51.312, -27.3422], [-51.3103, -27.3357], [-51.2915, -27.3273], [-51.312, -27.3198], [-51.3165, -27.3151], [-51.304, -27.3079], [-51.3066, -27.2976], [-51.3005, -27.2926], [-51.3105, -27.2778], [-51.3099, -27.2725], [-51.3259, -27.2612], [-51.3217, -27.2523], [-51.3122, -27.251], [-51.3129, -27.2413], [-51.2978, -27.232], [-51.2942, -27.2185], [-51.2808, -27.2129], [-51.2778, -27.2201], [-51.2667, -27.2279], [-51.2546, -27.2334], [-51.2504, -27.2314], [-51.2346, -27.2327], [-51.2213, -27.236], [-51.2112, -27.2457], [-51.2149, -27.2492], [-51.2101, -27.26], [-51.1885, -27.2712], [-51.1819, -27.2777], [-51.158, -27.2874], [-51.1514, -27.2764], [-51.143, -27.2692], [-51.1446, -27.261], [-51.132, -27.2602], [-51.1285, -27.2543], [-51.1208, -27.2539], [-51.1126, -27.239], [-51.0942, -27.2507], [-51.0656, -27.2521], [-51.0615, -27.2439], [-51.0545, -27.2455], [-51.0456, -27.237], [-51.0363, -27.2334], [-51.0257, -27.2206], [-51.0243, -27.2107], [-51.0257, -27.1948], [-51.0183, -27.1924], [-51.0064, -27.1723], [-50.9954, -27.1718], [-50.9868, -27.1622], [-50.9605, -27.1546], [-50.9585, -27.1494], [-50.9468, -27.1428], [-50.9366, -27.1234], [-50.9298, -27.1189], [-50.9133, -27.1193], [-50.9011, -27.1254], [-50.8905, -27.1241], [-50.8804, -27.1266], [-50.8754, -27.1328], [-50.8768, -27.1463], [-50.8648, -27.1574], [-50.8591, -27.1542], [-50.8466, -27.1589], [-50.8412, -27.1656], [-50.847, -27.1734], [-50.8379, -27.1842], [-50.8239, -27.1714], [-50.8279, -27.1584], [-50.797, -27.1321], [-50.7843, -27.1182], [-50.7659, -27.1193], [-50.7544, -27.124], [-50.7351, -27.1207], [-50.7233, -27.1363], [-50.7117, -27.1387], [-50.6992, -27.1368], [-50.7161, -27.1336], [-50.709, -27.1267], [-50.7067, -27.1181], [-50.7189, -27.1116], [-50.7167, -27.1045], [-50.7078, -27.1008], [-50.6982, -27.0927], [-50.6884, -27.0936], [-50.6911, -27.0838], [-50.6739, -27.0813], [-50.6718, -27.0864], [-50.6579, -27.0869], [-50.6715, -27.0747], [-50.6595, -27.0664], [-50.6638, -27.059], [-50.6537, -27.0506], [-50.6505, -27.0418], [-50.6558, -27.0272], [-50.6416, -27.0314], [-50.6295, -27.0199], [-50.6316, -27.0099], [-50.6197, -27.0027], [-50.6255, -26.991], [-50.6122, -26.9882], [-50.6052, -26.9919], [-50.6015, -26.9815], [-50.6137, -26.9752], [-50.6183, -26.9526], [-50.6081, -26.9497], [-50.61, -26.94], [-50.603, -26.9343], [-50.5948, -26.9343], [-50.591, -26.928], [-50.5953, -26.9149], [-50.5903, -26.8918], [-50.5841, -26.8944], [-50.5885, -26.8745], [-50.5745, -26.871], [-50.5883, -26.8638], [-50.5694, -26.8461], [-50.5638, -26.8376], [-50.5547, -26.8316], [-50.5417, -26.8347], [-50.5312, -26.8262], [-50.52, -26.8218], [-50.5129, -26.8261], [-50.5029, -26.8233], [-50.4956, -26.812], [-50.5063, -26.8078], [-50.5087, -26.7963], [-50.5267, -26.781], [-50.5132, -26.7717], [-50.4997, -26.769], [-50.4938, -26.7588], [-50.5001, -26.7559], [-50.5039, -26.7431], [-50.5125, -26.729], [-50.5164, -26.7154], [-50.5055, -26.6955], [-50.5122, -26.6958], [-50.514, -26.6875], [-50.5108, -26.6778], [-50.5029, -26.668], [-50.4999, -26.6578], [-50.4926, -26.6482], [-50.4896, -26.6526], [-50.4797, -26.6533], [-50.469, -26.6624], [-50.4728, -26.6962], [-50.4542, -26.711], [-50.4437, -26.7104], [-50.4322, -26.7151], [-50.4208, -26.7254], [-50.4125, -26.7296], [-50.3855, -26.7391], [-50.3715, -26.7354], [-50.3666, -26.7386], [-50.3536, -26.7367], [-50.3455, -26.742], [-50.3464, -26.7472], [-50.3549, -26.7499], [-50.351, -26.7599], [-50.3257, -26.7616], [-50.315, -26.773], [-50.32, -26.7765], [-50.337, -26.7799], [-50.3346, -26.7929], [-50.3414, -26.8095], [-50.3417, -26.827], [-50.3224, -26.8349], [-50.3082, -26.8366], [-50.3002, -26.8406], [-50.289, -26.8357], [-50.2723, -26.8474], [-50.2693, -26.8541], [-50.2596, -26.8539], [-50.2545, -26.8631], [-50.2665, -26.8708], [-50.2745, -26.8684], [-50.2815, -26.8778], [-50.2612, -26.8813], [-50.2655, -26.8995], [-50.2714, -26.9027], [-50.2722, -26.9132], [-50.2769, -26.9189], [-50.2716, -26.93], [-50.2823, -26.9405], [-50.2821, -26.9524], [-50.2877, -26.9552], [-50.287, -26.9637], [-50.2908, -26.9699], [-50.2949, -26.9723], [-50.2955, -26.9929], [-50.3101, -26.9942], [-50.3092, -27.0084], [-50.3195, -27.0155], [-50.314, -27.0302], [-50.323, -27.0462], [-50.3175, -27.0504], [-50.3236, -27.0596], [-50.3226, -27.0656], [-50.3117, -27.0675], [-50.3153, -27.0755], [-50.3265, -27.0738], [-50.3362, -27.0793], [-50.3489, -27.0936], [-50.3294, -27.1102], [-50.3198, -27.1139], [-50.3134, -27.1305], [-50.3172, -27.1345], [-50.3144, -27.1464], [-50.3038, -27.1524], [-50.3068, -27.1644], [-50.2945, -27.1653], [-50.2866, -27.1693], [-50.2879, -27.1919], [-50.2914, -27.2003], [-50.2892, -27.2143], [-50.2733, -27.2108], [-50.2649, -27.2051], [-50.2658, -27.2256], [-50.2584, -27.2327], [-50.2461, -27.2329], [-50.2435, -27.237], [-50.2367, -27.2424], [-50.2278, -27.2411], [-50.2205, -27.2472], [-50.2039, -27.2435], [-50.1992, -27.2371], [-50.1916, -27.2505], [-50.1834, -27.2542], [-50.1789, -27.2674], [-50.1753, -27.2692], [-50.1669, -27.2747], [-50.1536, -27.2749], [-50.1425, -27.2722], [-50.1296, -27.274], [-50.1135, -27.2855], [-50.1095, -27.2924], [-50.0989, -27.2979], [-50.0758, -27.3048], [-50.0869, -27.308], [-50.0903, -27.3178], [-50.0903, -27.3296], [-50.1049, -27.339], [-50.111, -27.3459], [-50.1276, -27.3518], [-50.1275, -27.3602], [-50.145, -27.3773], [-50.1466, -27.3898], [-50.1455, -27.4012], [-50.1564, -27.4086], [-50.1547, -27.4221], [-50.1652, -27.435], [-50.169, -27.444], [-50.182, -27.4456], [-50.1879, -27.4414], [-50.1938, -27.4597], [-50.2065, -27.4549], [-50.2234, -27.4679], [-50.2255, -27.4733], [-50.2227, -27.4837], [-50.23, -27.4845], [-50.2454, -27.4757], [-50.2506, -27.4551], [-50.2663, -27.4464], [-50.268, -27.4612], [-50.2769, -27.4679], [-50.2817, -27.4816], [-50.2731, -27.49], [-50.2726, -27.4958], [-50.2992, -27.4962], [-50.3006, -27.5025], [-50.2909, -27.5165], [-50.2697, -27.525], [-50.2629, -27.5334], [-50.2691, -27.5381], [-50.2864, -27.5255], [-50.2939, -27.5227], [-50.3121, -27.529], [-50.3258, -27.5261], [-50.3378, -27.531], [-50.3443, -27.5365], [-50.3585, -27.5403], [-50.3662, -27.5362], [-50.3738, -27.5458], [-50.3683, -27.5532], [-50.375, -27.5619], [-50.3882, -27.5538], [-50.3916, -27.5578], [-50.4073, -27.5497], [-50.3952, -27.5467], [-50.3887, -27.536], [-50.3922, -27.5249], [-50.3835, -27.521], [-50.379, -27.5143], [-50.3764, -27.5019], [-50.3863, -27.4976], [-50.3841, -27.4928], [-50.4019, -27.4754], [-50.4375, -27.4805], [-50.4479, -27.4778], [-50.4529, -27.484], [-50.4487, -27.4963], [-50.4597, -27.4933], [-50.4678, -27.4868], [-50.4791, -27.4842], [-50.4929, -27.4891], [-50.4924, -27.4828], [-50.4844, -27.4797], [-50.4723, -27.4796], [-50.4716, -27.4689], [-50.4859, -27.4627], [-50.4868, -27.4586], [-50.499, -27.4667], [-50.5053, -27.4601], [-50.514, -27.457], [-50.5331, -27.4682], [-50.5255, -27.474], [-50.5224, -27.4877], [-50.5416, -27.4847], [-50.5595, -27.499], [-50.5693, -27.5041], [-50.5778, -27.503], [-50.5714, -27.4828], [-50.5637, -27.4699], [-50.5746, -27.4645], [-50.5837, -27.4691], [-50.5906, -27.4619], [-50.6058, -27.4684], [-50.6145, -27.4617], [-50.6341, -27.4542], [-50.64, -27.4559], [-50.6345, -27.4676], [-50.6472, -27.4627], [-50.6465, -27.4567], [-50.6649, -27.4645], [-50.6697, -27.4708], [-50.6779, -27.4622], [-50.6707, -27.453], [-50.6797, -27.4368], [-50.6893, -27.4421], [-50.6879, -27.4304], [-50.6909, -27.426], [-50.7072, -27.4333], [-50.7185, -27.4265], [-50.7181, -27.4395], [-50.7135, -27.4424], [-50.7153, -27.451], [-50.7241, -27.4509], [-50.7394, -27.4393], [-50.7454, -27.4496], [-50.75, -27.4491], [-50.753, -27.4309], [-50.7421, -27.4277], [-50.7448, -27.4222], [-50.7541, -27.4223], [-50.7618, -27.4272], [-50.7676, -27.4414], [-50.7777, -27.4401], [-50.7821, -27.4309], [-50.789, -27.4286], [-50.7938, -27.4368], [-50.7813, -27.4481], [-50.7877, -27.4597], [-50.8011, -27.4554], [-50.8148, -27.4648], [-50.8177, -27.4541], [-50.823, -27.4516], [-50.832, -27.4633], [-50.8338, -27.4754], [-50.8208, -27.4809], [-50.8082, -27.482], [-50.8012, -27.4883], [-50.8023, -27.4949], [-50.8254, -27.5034], [-50.8347, -27.516], [-50.8467, -27.5087], [-50.8519, -27.5174], [-50.8665, -27.5322], [-50.8614, -27.5442], [-50.8729, -27.5456], [-50.8821, -27.5359], [-50.8871, -27.5368], [-50.8868, -27.5467], [-50.8922, -27.5568], [-50.899, -27.5614], [-50.9039, -27.5515], [-50.902, -27.5388], [-50.906, -27.5334], [-50.9153, -27.5388], [-50.9124, -27.5547], [-50.9185, -27.561], [-50.9304, -27.5583], [-50.9375, -27.5532], [-50.9515, -27.5508], [-50.9601, -27.5552], [-50.9589, -27.559]]]}, "properties": {"codigo_ibge": "42009", "microrregiao": "Curitibanos"}}, {"type": "Feature", "geometry": {"type": "Polygon", "coordinates": [[[-52.4333, -26.4402], [-52.4192, -26.4373], [-52.4031, -26.4282], [-52.3796, -26.4386], [-52.3684, -26.4329], [-52.3567, -26.4398], [-52.3487, -26.4406], [-52.341, -26.4353], [-52.3378, -26.4418], [-52.3118, -26.4388], [-52.3044, -26.4407], [-52.2882, -26.4567], [-52.277, -26.4612], [-52.2622, -26.4545], [-52.2532, -26.4566], [-52.2298, -26.467], [-52.2241, -26.467], [-52.2028, -26.4588], [-52.1905, -26.4462], [-52.1863, -26.4451], [-52.1667, -26.465], [-52.1588, -26.4662], [-52.1477, -26.4724], [-52.1366, -26.4694], [-52.1296, -26.4772], [-52.1116, -26.475], [-52.1005, -26.4817], [-52.0969, -26.4875], [-52.0982, -26.5011], [-52.0938, -26.5133], [-52.0872, -26.5129], [-52.0814, -26.5251], [-52.0652, -26.523], [-52.0606, -26.5297], [-52.0519, -26.5303], [-52.0476, -26.5353], [-52.0343, -26.5398], [-52.0291, -26.5469], [-52.0226, -26.5478], [-52.0143, -26.5615], [-52.0088, -26.5666], [-51.9868, -26.5663], [-51.9822, -26.5694], [-51.9704, -26.5681], [-51.9597, -26.5745], [-51.948, -26.5696], [-51.9283, -26.5844], [-51.9003, -26.5793], [-51.8908, -26.5846], [-51.8827, -26.5852], [-51.8779, -26.5976], [-51.8735, -26.5994], [-51.8602, -26.5963], [-51.8563, -26.5912], [-51.8464, -26.5942], [-51.834, -26.59], [-51.824, -26.5819], [-51.8201, -26.5857], [-51.8218, -26.5963], [-51.8326, -26.6031], [-51.8326, -26.625], [-51.848, -26.6414], [-51.8463, -26.6478], [-51.8519, -26.6545], [-51.8485, -26.6596], [-51.8549, -26.673], [-51.884, -26.6792], [-51.8801, -26.684], [-51.8522, -26.6883], [-51.8554, -26.6951], [-51.8556, -26.7087], [-51.848, -26.7075], [-51.8425, -26.7002], [-51.8341, -26.7026], [-51.8125, -26.7005], [-51.8093, -26.6929], [-51.7815, -26.7071], [-51.7645, -26.7382], [-51.7741, -26.7444], [-51.7836, -26.7595], [-51.7853, -26.7697], [-51.7766, -26.7709], [-51.7768, -26.7805], [-51.7702, -26.7821], [-51.7562, -26.7752], [-51.7425, -26.7821], [-51.7315, -26.7901], [-51.7248, -26.7869], [-51.702, -26.792], [-51.6787, -26.8184], [-51.6877, -26.8213], [-51.7005, -26.8206], [-51.7126, -26.825], [-51.7137, -26.8342], [-51.7246, -26.8465], [-51.7395, -26.851], [-51.7478, -26.8412], [-51.757, -26.8392], [-51.7706, -26.853], [-51.7803, -26.8561], [-51.7877, -26.8503], [-51.7962, -26.8543], [-51.802, -26.8644], [-51.8139, -26.8551], [-51.8184, -26.8612], [-51.8149, -26.8687], [-51.8208, -26.8824], [-51.8197, -26.9025], [-51.8262, -26.9234], [-51.8301, -26.93], [-51.8438, -26.9434], [-51.8489, -26.945], [-51.8619, -26.9396], [-51.8617, -26.9338], [-51.8721, -26.9297], [-51.8815, -26.9391], [-51.8839, -26.9452], [-51.9004, -26.9401], [-51.9201, -26.9302], [-51.9305, -26.9292], [-51.9437, -26.9419], [-51.9517, -26.9394], [-51.966, -26.9473], [-51.9682, -26.9414], [-51.9799, -26.9367], [-51.9852, -26.9422], [-52.003, -26.9412], [-52.0124, -26.948], [-52.0157, -26.9412], [-52.0241, -26.9496], [-52.0329, -26.9423], [-52.0423, -26.9571], [-52.0667, -26.9599], [-52.0726, -26.9465], [-52.0823, -26.9516], [-52.0939, -26.9457], [-52.1093, -26.9544], [-52.1079, -26.9494], [-52.1271, -26.9478], [-52.1339, -26.9318], [-52.1409, -26.9339], [-52.1485, -26.9294], [-52.1545, -26.9263], [-52.1542, -26.9488], [-52.1748, -26.9513], [-52.1929, -26.9595], [-52.2011, -26.9552], [-52.2081, -26.9568], [-52.2145, -26.9492], [-52.2225, -26.9459], [-52.2338, -26.9473], [-52.2429, -26.9455], [-52.254, -26.9385], [-52.2615, -26.9426], [-52.2648, -26.9588], [-52.2807, -26.9467], [-52.2861, -26.9481], [-52.2852, -26.9581], [-52.2993, -26.9605], [-52.2995, -26.9548], [-52.3099, -26.9542], [-52.3128, -26.9602], [-52.3143, -26.9755], [-52.3306, -26.9645], [-52.3383, -26.9647], [-52.3406, -26.9583], [-52.3359, -26.951], [-52.338, -26.9448], [-52.3546, -26.9475], [-52.3483, -26.9524], [-52.3455, -26.9604], [-52.3557, -26.97], [-52.3636, -26.9688], [-52.3765, -26.9724], [-52.374, -26.9819], [-52.3857, -26.9816], [-52.3936, -26.9865], [-52.3926, -26.9974], [-52.4032, -26.9898], [-52.4089, -26.9983], [-52.4166, -27.0005], [-52.419, -27.0064], [-52.4258, -27.0122], [-52.4359, -27.0038], [-52.4406, -26.9932], [-52.4527, -26.9951], [-52.4635, -27.0033], [-52.4666, -27.0142], [-52.4621, -27.0267], [-52.45, -27.0299], [-52.4487, -27.0254], [-52.4356, -27.0307], [-52.4488, -27.0355], [-52.451, -27.0403], [-52.445, -27.0521], [-52.4506, -27.0572], [-52.4604, -27.0433], [-52.4741, -27.0417], [-52.4708, -27.0597], [-52.4622, -27.0791], [-52.4697, -27.0794], [-52.4756, -27.0727], [-52.4852, -27.076], [-52.4896, -27.091], [-52.4984, -27.0883], [-52.5088, -27.0938], [-52.5221, -27.0824], [-52.5332, -27.0757], [-52.5388, -27.0784], [-52.5455, -27.0694], [-52.5517, -27.0713], [-52.5622, -27.0603], [-52.5604, -27.0516], [-52.5695, -27.0517], [-52.5731, -27.0386], [-52.5864, -27.0306], [-52.5903, -27.0243], [-52.5847, -26.9738], [-52.5938, -26.9814], [-52.5905, -26.9619], [-52.5982, -26.9575], [-52.6083, -26.9405], [-52.6149, -26.9339], [-52.6276, -26.922], [-52.6164, -26.9072], [-52.6285, -26.8965], [-52.6257, -26.8853], [-52.6332, -26.8798], [-52.6241, -26.8752], [-52.6208, -26.8648], [-52.6563, -26.8536], [-52.6975, -26.8188], [-52.7169, -26.8036], [-52.7137, -26.7998], [-52.6935, -26.8005], [-52.6862, -26.8067], [-52.6677, -26.7966], [-52.6643, -26.7872], [-52.6849, -26.7734], [-52.6964, -26.7692], [-52.6955, -26.7614], [-52.6783, -26.7644], [-52.6569, -26.7526], [-52.6493, -26.7545], [-52.6516, -26.7626], [-52.641, -26.7755], [-52.6339, -26.78], [-52.6242, -26.777], [-52.623, -26.7716], [-52.6356, -26.7676], [-52.6383, -26.7612], [-52.6295, -26.7573], [-52.6454, -26.7509], [-52.6433, -26.7448], [-52.6297, -26.7444], [-52.6268, -26.731], [-52.612, -26.7233], [-52.6056, -26.7249], [-52.5979, -26.7192], [-52.6011, -26.7018], [-52.608, -26.7049], [-52.618, -26.7001], [-52.6081, -26.6888], [-52.6074, -26.6749], [-52.618, -26.6723], [-52.6099, -26.6646], [-52.6082, -26.6535], [-52.6264, -26.6552], [-52.6263, -26.6463], [-52.6181, -26.6416], [-52.6201, -26.6368], [-52.6315, -26.6362], [-52.6329, -26.6267], [-52.6408, -26.6227], [-52.6535, -26.6337], [-52.6632, -26.6287], [-52.6619, -26.619], [-52.6697, -26.613], [-52.6717, -26.6015], [-52.6966, -26.5874], [-52.7071, -26.5835], [-52.6962, -26.5814], [-52.6914, -26.5734], [-52.7063, -26.5664], [-52.7125, -26.5608], [-52.7211, -26.547], [-52.7304, -26.5424], [-52.7308, -26.5306], [-52.7367, -26.5274], [-52.7523, -26.5067], [-52.745, -26.5059], [-52.7473, -26.4903], [-52.7374, -26.4876], [-52.7466, -26.4786], [-52.7405, -26.4625], [-52.7554, -26.4545], [-52.7603, -26.4506], [-52.7513, -26.4403], [-52.7586, -26.4371], [-52.7644, -26.4286], [-52.7602, -26.4235], [-52.7669, -26.4123], [-52.7604, -26.3972], [-52.7676, -26.3921], [-52.7759, -26.3796], [-52.7611, -26.3604], [-52.7628, -26.3536], [-52.7517, -26.3446], [-52.7378, -26.3422], [-52.7266, -26.3476], [-52.7173, -26.3574], [-52.7088, -26.355], [-52.7006, -26.358], [-52.6911, -26.3533], [-52.6802, -26.3527], [-52.6598, -26.3739], [-52.645, -26.3809], [-52.6366, -26.3838], [-52.6308, -26.3927], [-52.6211, -26.3955], [-52.6167, -26.4077], [-52.6027, -26.4154], [-52.5958, -26.4161], [-52.5802, -26.4083], [-52.557, -26.4078], [-52.5528, -26.4116], [-52.5316, -26.4011], [-52.5232, -26.3996], [-52.4919, -26.4211], [-52.478, -26.4209], [-52.4695, -26.4271], [-52.4636, -26.4396], [-52.4495, -26.441], [-52.4426, -26.4381], [-52.4333, -26.4402]]]}, "properties": {"codigo_ibge": "42003", "microrregiao": "Xanxerê"}}, {"type": "Feature", "geometry": {"type": "Polygon", "coordinates": [[[-49.9, -27.4232], [-49.8925, -27.4237], [-49.8874, -27.4133], [-49.8754, -27.4101], [-49.8722, -27.3982], [-49.8625, -27.3878], [-49.8646, -27.3783], [-49.8568, -27.3654], [-49.8414, -27.3491], [-49.8335, -27.3482], [-49.8249, -27.3576], [-49.8071, -27.3551], [-49.7967, -27.3614], [-49.7811, -27.365], [-49.7788, -27.3711], [-49.7673, -27.3753], [-49.7553, -27.383], [-49.7505, -27.396], [-49.7432, -27.3983], [-49.7247, -27.3886], [-49.7081, -27.3926], [-49.7004, -27.3876], [-49.6935, -27.3907], [-49.6843, -27.394], [-49.6754, -27.3917], [-49.6603, -27.3917], [-49.6595, -27.3884], [-49.6491, -27.3895], [-49.6462, -27.3965], [-49.6334, -27.397], [-49.6108, -27.3902], [-49.5919, -27.3946], [-49.5792, -27.3942], [-49.5761, -27.398], [-49.5652, -27.3987], [-49.5504, -27.3841], [-49.5458, -27.3841], [-49.5272, -27.3623], [-49.5105, -27.3505], [-49.5029, -27.3424], [-49.5011, -27.3316], [-49.4937, -27.3154], [-49.4805, -27.3054], [-49.4818, -27.3198], [-49.4749, -27.3254], [-49.4705, -27.3376], [-49.4583, -27.357], [-49.4524, -27.3501], [-49.438, -27.3489], [-49.4102, -27.352], [-49.401, -27.3433], [-49.3967, -27.3285], [-49.3763, -27.3236], [-49.3718, -27.3254], [-49.3511, -27.3173], [-49.3482, -27.3139], [-49.3181, -27.3166], [-49.3192, -27.3045], [-49.312, -27.2961], [-49.3121, -27.2773], [-49.3036, -27.2726], [-49.3021, -27.2625], [-49.2932, -27.258], [-49.286, -27.2612], [-49.2755, -27.2523], [-49.2732, -27.2462], [-49.2583, -27.2476], [-49.253, -27.2379], [-49.2392, -27.2361], [-49.2344, -27.231], [-49.2219, -27.2314], [-49.2209, -27.2372], [-49.2335, -27.251], [-49.2334, -27.261], [-49.238, -27.2699], [-49.2477, -27.2793], [-49.2432, -27.2908], [-49.2275, -27.3008], [-49.2216, -27.3088], [-49.2262, -27.3151], [-49.2241, -27.3212], [-49.2334, -27.3277], [-49.2451, -27.3258], [-49.2646, -27.3316], [-49.2784, -27.3339], [-49.2804, -27.3477], [-49.2961, -27.3578], [-49.2936, -27.3708], [-49.2976, -27.3791], [-49.3111, -27.3961], [-49.3069, -27.4147], [-49.2963, -27.4283], [-49.2939, -27.4389], [-49.2976, -27.4484], [-49.2926, -27.474], [-49.3013, -27.4839], [-49.3027, -27.4939], [-49.3221, -27.518], [-49.3265, -27.5253], [-49.3264, -27.533], [-49.3195, -27.5458], [-49.3281, -27.5573], [-49.3205, -27.564], [-49.3185, -27.5722], [-49.3131, -27.5837], [-49.3006, -27.5844], [-49.3227, -27.5888], [-49.3372, -27.5736], [-49.3462, -27.5702], [-49.3545, -27.5627], [-49.3693, -27.5651], [-49.3806, -27.5581], [-49.3891, -27.5637], [-49.3991, -27.5646], [-49.4039, -27.5609], [-49.4129, -27.562], [-49.4234, -27.5789], [-49.4294, -27.5837], [-49.4452, -27.5836], [-49.4524, -27.5744], [-49.4629, -27.5737], [-49.464, -27.5675], [-49.4729, -27.5658], [-49.4805, -27.5711], [-49.4873, -27.5829], [-49.4976, -27.5858], [-49.4958, -27.5936], [-49.5066, -27.6007], [-49.5558, -27.6174], [-49.5685, -27.6257], [-49.5735, -27.6319], [-49.5804, -27.6296], [-49.5829, -27.6393], [-49.5884, -27.6445], [-49.5962, -27.6449], [-49.6092, -27.6509], [-49.6171, -27.6596], [-49.6277, -27.6631], [-49.6352, -27.6621], [-49.6401, -27.6481], [-49.6242, -27.6287], [-49.6205, -27.6188], [-49.6295, -27.6197], [-49.6367, -27.6289], [-49.6496, -27.6375], [-49.6504, -27.6424], [-49.6627, -27.6487], [-49.6729, -27.6482], [-49.6896, -27.6525], [-49.696, -27.6477], [-49.7137, -27.6443], [-49.7222, -27.6532], [-49.7307, -27.6556], [-49.7392, -27.6472], [-49.7385, -27.6305], [-49.7321, -27.6193], [-49.7465, -27.6037], [-49.7505, -27.5958], [-49.763, -27.5895], [-49.7633, -27.581], [-49.7787, -27.5861], [-49.7875, -27.5779], [-49.7903, -27.5712], [-49.8073, -27.5627], [-49.8284, -27.5442], [-49.8318, -27.5302], [-49.8399, -27.5245], [-49.8511, -27.5052], [-49.8502, -27.4936], [-49.8653, -27.4986], [-49.8802, -27.4952], [-49.8912, -27.4979], [-49.8937, -27.4902], [-49.891, -27.4643], [-49.8919, -27.4594], [-49.9008, -27.4514], [-49.9108, -27.4376], [-49.9074, -27.4321], [-49.9, -27.4232]]]}, "properties": {"codigo_ibge": "42014", "microrregiao": "Ituporanga"}}, {"type": "Feature", "geometry": {"type": "Polygon", "coordinates": [[[-49.6603, -27.3917], [-49.6754, -27.3917], [-49.6843, -27.394], [-49.6935, -27.3907], [-49.7004, -27.3876], [-49.7081, -27.3926], [-49.7247, -27.3886], [-49.7432, -27.3983], [-49.7505, -27.396], [-49.7553, -27.383], [-49.7673, -27.3753], [-49.7788, -27.3711], [-49.7811, -27.365], [-49.7967, -27.3614], [-49.8071, -27.3551], [-49.8249, -27.3576], [-49.8335, -27.3482], [-49.8414, -27.3491], [-49.8568, -27.3654], [-49.8646, -27.3783], [-49.8625, -27.3878], [-49.8722, -27.3982], [-49.8754, -27.4101], [-49.8874, -27.4133], [-49.8925, -27.4237], [-49.9, -27.4232], [-49.9074, -27.4321], [-49.919, -27.4313], [-49.9197, -27.4233], [-49.9417, -27.4197], [-49.9567, -27.4017], [-49.9645, -27.4111], [-49.9709, -27.4124], [-49.9841, -27.4052], [-49.9838, -27.4154], [-49.9961, -27.4135], [-50.002, -27.4051], [-50.0158, -27.3922], [-50.0096, -27.3876], [-50.0141, -27.3794], [-50.0323, -27.3715], [-50.0311, -27.3569], [-50.0442, -27.3474], [-50.0426, -27.3378], [-50.0278, -27.3441], [-50.0234, -27.3358], [-50.0264, -27.325], [-50.0412, -27.3216], [-50.0453, -27.318], [-50.0621, -27.3214], [-50.0647, -27.3109], [-50.0758, -27.3048], [-50.0989, -27.2979], [-50.1095, -27.2924], [-50.1135, -27.2855], [-50.1296, -27.274], [-50.1425, -27.2722], [-50.1536, -27.2749], [-50.1669, -27.2747], [-50.1753, -27.2692], [-50.1789, -27.2674], [-50.1834, -27.2542], [-50.1916, -27.2505], [-50.1992, -27.2371], [-50.2039, -27.2435], [-50.2205, -27.2472], [-50.2278, -27.2411], [-50.2367, -27.2424], [-50.2435, -27.237], [-50.2461, -27.2329], [-50.2584, -27.2327], [-50.2658, -27.2256], [-50.2649, -27.2051], [-50.2733, -27.2108], [-50.2892, -27.2143], [-50.2914, -27.2003], [-50.2879, -27.1919], [-50.2866, -27.1693], [-50.2945, -27.1653], [-50.3068, -27.1644], [-50.3038, -27.1524], [-50.3144, -27.1464], [-50.3172, -27.1345], [-50.3134, -27.1305], [-50.3198, -27.1139], [-50.3294, -27.1102], [-50.3489, -27.0936], [-50.3362, -27.0793], [-50.3265, -27.0738], [-50.3153, -27.0755], [-50.3117, -27.0675], [-50.3226, -27.0656], [-50.3236, -27.0596], [-50.3175, -27.0504], [-50.323, -27.0462], [-50.314, -27.0302], [-50.3195, -27.0155], [-50.3092, -27.0084], [-50.3101, -26.9942], [-50.2955, -26.9929], [-50.2949, -26.9723], [-50.2908, -26.9699], [-50.287, -26.9637], [-50.2877, -26.9552], [-50.2821, -26.9524], [-50.2823, -26.9405], [-50.2716, -26.93], [-50.2769, -26.9189], [-50.2722, -26.9132], [-50.2714, -26.9027], [-50.2655, -26.8995], [-50.2612, -26.8813], [-50.2815, -26.8778], [-50.2745, -26.8684], [-50.2665, -26.8708], [-50.2545, -26.8631], [-50.2507, -26.8513], [-50.242, -26.8515], [-50.2396, -26.8371], [-50.2293, -26.8307], [-50.2196, -26.8139], [-50.2004, -26.814], [-50.1838, -26.8047], [-50.1728, -26.7925], [-50.1621, -26.789], [-50.1554, -26.7962], [-50.1441, -26.7952], [-50.1323, -26.804], [-50.1231, -26.8023], [-50.1097, -26.8134], [-50.0977, -26.8173], [-50.086, -26.81], [-50.0718, -26.8067], [-50.0658, -26.8093], [-50.0712, -26.8183], [-50.0719, -26.8335], [-50.0635, -26.8327], [-50.0575, -26.8223], [-50.0456, -26.8134], [-50.018, -26.8117], [-50.0099, -26.8063], [-49.997, -26.8042], [-49.9784, -26.7952], [-49.9693, -26.8029], [-49.9522, -26.8016], [-49.95, -26.8078], [-49.9261, -26.789], [-49.916, -26.7895], [-49.8976, -26.7696], [-49.8955, -26.7591], [-49.8887, -26.7469], [-49.8717, -26.728], [-49.8657, -26.7255], [-49.8551, -26.7148], [-49.8444, -26.7093], [-49.8287, -26.7062], [-49.8105, -26.7124], [-49.8031, -26.7293], [-49.7953, -26.7379], [-49.7921, -26.7495], [-49.7825, -26.7508], [-49.7713, -26.7668], [-49.7713, -26.7742], [-49.7534, -26.7774], [-49.7503, -26.7851], [-49.742, -26.7838], [-49.7318, -26.7724], [-49.7265, -26.7609], [-49.7283, -26.7462], [-49.7233, -26.7389], [-49.7177, -26.7225], [-49.7097, -26.7195], [-49.7013, -26.704], [-49.6924, -26.6982], [-49.6811, -26.7029], [-49.6775, -26.7214], [-49.6686, -26.739], [-49.6574, -26.7419], [-49.6584, -26.7496], [-49.6528, -26.755], [-49.6527, -26.7629], [-49.6459, -26.7668], [-49.6449, -26.7786], [-49.6188, -26.785], [-49.6075, -26.7847], [-49.5879, -26.7808], [-49.5798, -26.7765], [-49.5654, -26.7858], [-49.566, -26.8032], [-49.5602, -26.8128], [-49.5632, -26.8248], [-49.5604, -26.8345], [-49.5537, -26.8426], [-49.5523, -26.8543], [-49.5486, -26.8567], [-49.5528, -26.8672], [-49.5513, -26.8793], [-49.5438, -26.892], [-49.5099, -26.9098], [-49.5075, -26.9208], [-49.4944, -26.9275], [-49.4864, -26.9375], [-49.4753, -26.9371], [-49.4653, -26.9401], [-49.4617, -26.949], [-49.4597, -26.9646], [-49.4633, -26.9755], [-49.4609, -26.9835], [-49.469, -27.0051], [-49.4666, -27.0124], [-49.4687, -27.0245], [-49.4674, -27.0372], [-49.4691, -27.0504], [-49.4662, -27.0579], [-49.4716, -27.0636], [-49.4649, -27.0772], [-49.4595, -27.0801], [-49.4581, -27.1005], [-49.47, -27.0933], [-49.4731, -27.0885], [-49.4871, -27.0805], [-49.4956, -27.0788], [-49.4924, -27.0866], [-49.4791, -27.094], [-49.4674, -27.1051], [-49.4643, -27.1188], [-49.4681, -27.1221], [-49.4646, -27.1357], [-49.4563, -27.1529], [-49.4594, -27.1656], [-49.4632, -27.1699], [-49.4513, -27.1808], [-49.4449, -27.1808], [-49.4408, -27.188], [-49.4568, -27.1996], [-49.4553, -27.204], [-49.4627, -27.2236], [-49.4616, -27.2312], [-49.4503, -27.2446], [-49.4471, -27.2554], [-49.4336, -27.256], [-49.4219, -27.2508], [-49.4151, -27.2379], [-49.4029, -27.2319], [-49.3918, -27.2356], [-49.374, -27.2277], [-49.3616, -27.2303], [-49.3434, -27.2386], [-49.3322, -27.2328], [-49.326, -27.2335], [-49.3121, -27.2213], [-49.3096, -27.2143], [-49.2927, -27.2157], [-49.2852, -27.2107], [-49.2694, -27.2078], [-49.2631, -27.211], [-49.2482, -27.1982], [-49.2452, -27.1846], [-49.2345, -27.1732], [-49.2257, -27.1723], [-49.2205, -27.1635], [-49.211, -27.1577], [-49.2032, -27.1631], [-49.196, -27.183], [-49.1971, -27.1967], [-49.1914, -27.2036], [-49.2087, -27.214], [-49.2097, -27.2225], [-49.2146, -27.2296], [-49.2219, -27.2314], [-49.2344, -27.231], [-49.2392, -27.2361], [-49.253, -27.2379], [-49.2583, -27.2476], [-49.2732, -27.2462], [-49.2755, -27.2523], [-49.286, -27.2612], [-49.2932, -27.258], [-49.3021, -27.2625], [-49.3036, -27.2726], [-49.3121, -27.2773], [-49.312, -27.2961], [-49.3192, -27.3045], [-49.3181, -27.3166], [-49.3482, -27.3139], [-49.3511, -27.3173], [-49.3718, -27.3254], [-49.3763, -27.3236], [-49.3967, -27.3285], [-49.401, -27.3433], [-49.4102, -27.352], [-49.438, -27.3489], [-49.4524, -27.3501], [-49.4583, -27.357], [-49.4705, -27.3376], [-49.4749, -27.3254], [-49.4818, -27.3198], [-49.4805, -27.3054], [-49.4937, -27.3154], [-49.5011, -27.3316], [-49.5029, -27.3424], [-49.5105, -27.3505], [-49.5272, -27.3623], [-49.5458, -27.3841], [-49.5504, -27.3841], [-49.5652, -27.3987], [-49.5761, -27.398], [-49.5792, -27.3942], [-49.5919, -27.3946], [-49.6108, -27.3902], [-49.6334, -27.397], [-49.6462, -27.3965], [-49.6491, -27.3895], [-49.6595, -27.3884], [-49.6603, -27.3917]]]}, "properties": {"codigo_ibge": "42011", "microrregiao": "Rio do Sul"}}, {"type": "Feature", "geometry": {"type": "Polygon", "coordinates": [[[-51.7137, -26.8342], [-51.7126, -26.825], [-51.7005, -26.8206], [-51.6877, -26.8213], [-51.6787, -26.8184], [-51.702, -26.792], [-51.7248, -26.7869], [-51.7315, -26.7901], [-51.7425, -26.7821], [-51.7562, -26.7752], [-51.7702, -26.7821], [-51.7768, -26.7805], [-51.7766, -26.7709], [-51.7853, -26.7697], [-51.7836, -26.7595], [-51.7741, -26.7444], [-51.7645, -26.7382], [-51.7815, -26.7071], [-51.8093, -26.6929], [-51.8125, -26.7005], [-51.8341, -26.7026], [-51.8425, -26.7002], [-51.848, -26.7075], [-51.8556, -26.7087], [-51.8554, -26.6951], [-51.8522, -26.6883], [-51.8801, -26.684], [-51.884, -26.6792], [-51.8549, -26.673], [-51.8485, -26.6596], [-51.8519, -26.6545], [-51.8463, -26.6478], [-51.848, -26.6414], [-51.8326, -26.625], [-51.8326, -26.6031], [-51.8218, -26.5963], [-51.8201, -26.5857], [-51.824, -26.5819], [-51.8136, -26.5775], [-51.8084, -26.5849], [-51.7922, -26.5885], [-51.7839, -26.5881], [-51.7599, -26.5811], [-51.7376, -26.573], [-51.7315, -26.5723], [-51.7111, -26.5755], [-51.7038, -26.5808], [-51.6927, -26.5805], [-51.672, -26.5652], [-51.6585, -26.5654], [-51.6424, -26.577], [-51.6325, -26.5872], [-51.6113, -26.5892], [-51.597, -26.5841], [-51.5695, -26.5898], [-51.562, -26.5879], [-51.5512, -26.5909], [-51.5356, -26.5918], [-51.5194, -26.588], [-51.5121, -26.5817], [-51.5078, -26.5809], [-51.4954, -26.5874], [-51.48, -26.606], [-51.4851, -26.6104], [-51.4873, -26.6209], [-51.4688, -26.6212], [-51.4549, -26.6407], [-51.4558, -26.6544], [-51.4395, -26.6672], [-51.4353, -26.6882], [-51.4254, -26.6942], [-51.4073, -26.7006], [-51.4115, -26.7171], [-51.4, -26.7122], [-51.3929, -26.6989], [-51.3928, -26.6849], [-51.4023, -26.6796], [-51.4005, -26.6731], [-51.3911, -26.6632], [-51.3762, -26.6582], [-51.371, -26.66], [-51.347, -26.6486], [-51.3253, -26.6486], [-51.3213, -26.6568], [-51.3104, -26.6512], [-51.2945, -26.6559], [-51.2834, -26.6536], [-51.2835, -26.6424], [-51.2739, -26.6414], [-51.2626, -26.6336], [-51.2584, -26.6255], [-51.2389, -26.6279], [-51.2304, -26.6134], [-51.2368, -26.6079], [-51.228, -26.5957], [-51.2221, -26.5937], [-51.2265, -26.5855], [-51.2248, -26.5756], [-51.2148, -26.5709], [-51.2277, -26.5641], [-51.2281, -26.5546], [-51.2414, -26.5385], [-51.2469, -26.538], [-51.2468, -26.5268], [-51.2509, -26.5191], [-51.2567, -26.5191], [-51.2659, -26.5122], [-51.2732, -26.4983], [-51.2587, -26.4797], [-51.2532, -26.4621], [-51.2748, -26.4593], [-51.2793, -26.4538], [-51.2735, -26.4457], [-51.2929, -26.4341], [-51.2938, -26.4251], [-51.3004, -26.4177], [-51.2893, -26.4152], [-51.2917, -26.4042], [-51.2858, -26.3977], [-51.2743, -26.3986], [-51.2773, -26.3894], [-51.2704, -26.3869], [-51.253, -26.4033], [-51.2343, -26.4065], [-51.2191, -26.4166], [-51.2156, -26.4214], [-51.2014, -26.4272], [-51.2021, -26.4428], [-51.1902, -26.4521], [-51.1569, -26.4298], [-51.1537, -26.4188], [-51.1405, -26.4163], [-51.1315, -26.408], [-51.1275, -26.3992], [-51.1208, -26.4003], [-51.1149, -26.3909], [-51.0999, -26.3937], [-51.0893, -26.3913], [-51.0742, -26.3983], [-51.0615, -26.3978], [-51.0529, -26.4004], [-51.0423, -26.3947], [-51.0322, -26.4035], [-51.0249, -26.4058], [-50.9979, -26.4033], [-50.9854, -26.4049], [-50.9714, -26.4263], [-50.9807, -26.429], [-50.9768, -26.4421], [-50.9888, -26.4487], [-50.9966, -26.4479], [-51.0, -26.457], [-51.0075, -26.4592], [-50.9984, -26.4722], [-50.9951, -26.4838], [-51.0057, -26.4852], [-51.0096, -26.4938], [-50.9918, -26.5084], [-50.9828, -26.51], [-50.9815, -26.5165], [-50.9573, -26.5307], [-50.9517, -26.5446], [-50.9425, -26.5503], [-50.9211, -26.5526], [-50.9155, -26.5462], [-50.9078, -26.5483], [-50.9023, -26.5563], [-50.8889, -26.5547], [-50.856, -26.5606], [-50.8089, -26.6526], [-50.8066, -26.6552], [-50.7831, -26.6824], [-50.7565, -26.6923], [-50.75, -26.6816], [-50.7379, -26.686], [-50.7168, -26.6844], [-50.7182, -26.6763], [-50.7039, -26.6744], [-50.7025, -26.6607], [-50.6945, -26.6583], [-50.6779, -26.6621], [-50.6731, -26.6715], [-50.6579, -26.6771], [-50.6491, -26.6997], [-50.6547, -26.7085], [-50.6263, -26.7194], [-50.606, -26.7339], [-50.6035, -26.7399], [-50.5923, -26.7389], [-50.5898, -26.7484], [-50.5841, -26.7552], [-50.5743, -26.7552], [-50.5592, -26.7714], [-50.5489, -26.767], [-50.5433, -26.7745], [-50.5267, -26.781], [-50.5087, -26.7963], [-50.5063, -26.8078], [-50.4956, -26.812], [-50.5029, -26.8233], [-50.5129, -26.8261], [-50.52, -26.8218], [-50.5312, -26.8262], [-50.5417, -26.8347], [-50.5547, -26.8316], [-50.5638, -26.8376], [-50.5694, -26.8461], [-50.5883, -26.8638], [-50.5745, -26.871], [-50.5885, -26.8745], [-50.5841, -26.8944], [-50.5903, -26.8918], [-50.5953, -26.9149], [-50.591, -26.928], [-50.5948, -26.9343], [-50.603, -26.9343], [-50.61, -26.94], [-50.6081, -26.9497], [-50.6183, -26.9526], [-50.6137, -26.9752], [-50.6015, -26.9815], [-50.6052, -26.9919], [-50.6122, -26.9882], [-50.6255, -26.991], [-50.6197, -27.0027], [-50.6316, -27.0099], [-50.6295, -27.0199], [-50.6416, -27.0314], [-50.6558, -27.0272], [-50.6505, -27.0418], [-50.6537, -27.0506], [-50.6638, -27.059], [-50.6595, -27.0664], [-50.6715, -27.0747], [-50.6579, -27.0869], [-50.6718, -27.0864], [-50.6739, -27.0813], [-50.6911, -27.0838], [-50.6884, -27.0936], [-50.6982, -27.0927], [-50.7078, -27.1008], [-50.7167, -27.1045], [-50.7189, -27.1116], [-50.7067, -27.1181], [-50.709, -27.1267], [-50.7161, -27.1336], [-50.6992, -27.1368], [-50.7117, -27.1387], [-50.7233, -27.1363], [-50.7351, -27.1207], [-50.7544, -27.124], [-50.7659, -27.1193], [-50.7843, -27.1182], [-50.797, -27.1321], [-50.8279, -27.1584], [-50.8239, -27.1714], [-50.8379, -27.1842], [-50.847, -27.1734], [-50.8412, -27.1656], [-50.8466, -27.1589], [-50.8591, -27.1542], [-50.8648, -27.1574], [-50.8768, -27.1463], [-50.8754, -27.1328], [-50.8804, -27.1266], [-50.8905, -27.1241], [-50.9011, -27.1254], [-50.9133, -27.1193], [-50.9298, -27.1189], [-50.9366, -27.1234], [-50.9468, -27.1428], [-50.9585, -27.1494], [-50.9605, -27.1546], [-50.9868, -27.1622], [-50.9954, -27.1718], [-51.0064, -27.1723], [-51.0183, -27.1924], [-51.0257, -27.1948], [-51.0243, -27.2107], [-51.0257, -27.2206], [-51.0363, -27.2334], [-51.0456, -27.237], [-51.0545, -27.2455], [-51.0615, -27.2439], [-51.0656, -27.2521], [-51.0942, -27.2507], [-51.1126, -27.239], [-51.1208, -27.2539], [-51.1285, -27.2543], [-51.132, -27.2602], [-51.1446, -27.261], [-51.143, -27.2692], [-51.1514, -27.2764], [-51.158, -27.2874], [-51.1819, -27.2777], [-51.1885, -27.2712], [-51.2101, -27.26], [-51.2149, -27.2492], [-51.2112, -27.2457], [-51.2213, -27.236], [-51.2346, -27.2327], [-51.2504, -27.2314], [-51.2546, -27.2334], [-51.2667, -27.2279], [-51.2778, -27.2201], [-51.2808, -27.2129], [-51.2942, -27.2185], [-51.2978, -27.232], [-51.3129, -27.2413], [-51.3122, -27.251], [-51.3217, -27.2523], [-51.3259, -27.2612], [-51.3099, -27.2725], [-51.3105, -27.2778], [-51.3005, -27.2926], [-51.3066, -27.2976], [-51.304, -27.3079], [-51.3165, -27.3151], [-51.312, -27.3198], [-51.2915, -27.3273], [-51.3103, -27.3357], [-51.312, -27.3422], [-51.3318, -27.3414], [-51.3245, -27.331], [-51.3428, -27.3327], [-51.3543, -27.3249], [-51.3589, -27.3397], [-51.3752, -27.3323], [-51.3767, -27.3228], [-51.3896, -27.3158], [-51.3881, -27.3295], [-51.4121, -27.3293], [-51.4177, -27.3221], [-51.4133, -27.3165], [-51.4218, -27.312], [-51.4242, -27.3191], [-51.4379, -27.3161], [-51.4444, -27.32], [-51.4588, -27.3437], [-51.4682, -27.332], [-51.4761, -27.333], [-51.4863, -27.3286], [-51.4873, -27.3104], [-51.507, -27.3092], [-51.5144, -27.3165], [-51.534, -27.3135], [-51.5241, -27.3003], [-51.5396, -27.2825], [-51.5487, -27.2816], [-51.5564, -27.2758], [-51.5667, -27.2764], [-51.5617, -27.2924], [-51.5628, -27.2971], [-51.5728, -27.3016], [-51.5746, -27.3115], [-51.5804, -27.3124], [-51.5818, -27.2958], [-51.5891, -27.291], [-51.5953, -27.2983], [-51.5983, -27.3095], [-51.6103, -27.3218], [-51.6086, -27.3301], [-51.5981, -27.3267], [-51.5922, -27.3325], [-51.5732, -27.3322], [-51.5649, -27.3287], [-51.5613, -27.3359], [-51.5546, -27.3364], [-51.5524, -27.3437], [-51.5407, -27.3593], [-51.5422, -27.3656], [-51.534, -27.3702], [-51.5327, -27.377], [-51.5543, -27.3833], [-51.5538, -27.3988], [-51.5532, -27.4287], [-51.5591, -27.4395], [-51.5556, -27.4444], [-51.5598, -27.458], [-51.5743, -27.4637], [-51.5818, -27.4753], [-51.5922, -27.475], [-51.6002, -27.4869], [-51.6075, -27.4865], [-51.6202, -27.4787], [-51.6286, -27.4792], [-51.6326, -27.4886], [-51.6426, -27.4915], [-51.6462, -27.4973], [-51.6474, -27.5163], [-51.6512, -27.5195], [-51.6647, -27.5173], [-51.6775, -27.5049], [-51.6732, -27.488], [-51.6842, -27.4795], [-51.7012, -27.4798], [-51.7007, -27.4695], [-51.6942, -27.4606], [-51.6947, -27.4522], [-51.6888, -27.4455], [-51.6856, -27.4321], [-51.7057, -27.4255], [-51.7106, -27.4215], [-51.7151, -27.4082], [-51.7288, -27.4002], [-51.7329, -27.3921], [-51.73, -27.3747], [-51.7344, -27.3631], [-51.7297, -27.3567], [-51.738, -27.3488], [-51.7279, -27.341], [-51.7495, -27.3138], [-51.7605, -27.3067], [-51.7562, -27.2986], [-51.7584, -27.2934], [-51.751, -27.2857], [-51.7564, -27.2809], [-51.761, -27.274], [-51.7649, -27.2599], [-51.7618, -27.2545], [-51.7524, -27.2571], [-51.7345, -27.2397], [-51.7352, -27.2355], [-51.7261, -27.2277], [-51.7198, -27.2175], [-51.7247, -27.2068], [-51.7363, -27.2082], [-51.741, -27.2051], [-51.7551, -27.203], [-51.765, -27.2076], [-51.7721, -27.2067], [-51.7861, -27.1991], [-51.796, -27.1987], [-51.8032, -27.1842], [-51.8147, -27.1877], [-51.8202, -27.1797], [-51.8261, -27.1597], [-51.8212, -27.1483], [-51.8373, -27.1435], [-51.8561, -27.1412], [-51.8675, -27.1339], [-51.8677, -27.1265], [-51.8748, -27.1216], [-51.8831, -27.1175], [-51.8829, -27.1109], [-51.8889, -27.1007], [-51.8811, -27.0973], [-51.8833, -27.0854], [-51.876, -27.0846], [-51.8618, -27.0961], [-51.8542, -27.0968], [-51.8471, -27.0913], [-51.833, -27.0917], [-51.8313, -27.0858], [-51.8329, -27.0755], [-51.8309, -27.0663], [-51.8201, -27.0603], [-51.8165, -27.0494], [-51.8081, -27.0479], [-51.8023, -27.0404], [-51.8046, -27.0339], [-51.8135, -27.0311], [-51.8212, -27.0194], [-51.8492, -26.9914], [-51.8572, -26.9884], [-51.8631, -26.9813], [-51.8561, -26.9706], [-51.8403, -26.9635], [-51.8362, -26.9568], [-51.8245, -26.9464], [-51.8204, -26.9366], [-51.8262, -26.9234], [-51.8197, -26.9025], [-51.8208, -26.8824], [-51.8149, -26.8687], [-51.8184, -26.8612], [-51.8139, -26.8551], [-51.802, -26.8644], [-51.7962, -26.8543], [-51.7877, -26.8503], [-51.7803, -26.8561], [-51.7706, -26.853], [-51.757, -26.8392], [-51.7478, -26.8412], [-51.7395, -26.851], [-51.7246, -26.8465], [-51.7137, -26.8342]]]}, "properties": {"codigo_ibge": "42004", "microrregiao": "Joaçaba"}}, {"type": "Feature", "geometry": {"type": "Polygon", "coordinates": [[[-52.9997, -27.1352], [-53.006, -27.1375], [-53.0183, -27.1529], [-53.0262, -27.1586], [-53.0376, -27.1577], [-53.0442, -27.1441], [-53.0448, -27.1339], [-53.0414, -27.1249], [-53.0203, -27.1046], [-53.0178, -27.0931], [-53.0241, -27.0846], [-53.0343, -27.0823], [-53.0482, -27.0837], [-53.0641, -27.0921], [-53.0767, -27.1078], [-53.0784, -27.1211], [-53.0718, -27.1345], [-53.0698, -27.1461], [-53.0712, -27.157], [-53.0802, -27.1643], [-53.1133, -27.1722], [-53.1322, -27.1802], [-53.1396, -27.1757], [-53.1503, -27.1438], [-53.1594, -27.14], [-53.1695, -27.1442], [-53.1739, -27.1558], [-53.175, -27.1716], [-53.1821, -27.1893], [-53.1877, -27.1923], [-53.1972, -27.1927], [-53.2321, -27.1711], [-53.2447, -27.1728], [-53.2596, -27.1833], [-53.2931, -27.1969], [-53.311, -27.2187], [-53.3214, -27.2149], [-53.3225, -27.2099], [-53.3207, -27.1982], [-53.309, -27.1816], [-53.296, -27.1515], [-53.2929, -27.1408], [-53.2962, -27.1324], [-53.3087, -27.1213], [-53.3173, -27.1186], [-53.3372, -27.1215], [-53.3458, -27.121], [-53.3554, -27.1113], [-53.3441, -27.1044], [-53.3371, -27.1074], [-53.3247, -27.0956], [-53.33, -27.0889], [-53.324, -27.0922], [-53.3182, -27.0822], [-53.3245, -27.0774], [-53.3108, -27.0722], [-53.3112, -27.0624], [-53.2975, -27.0616], [-53.2924, -27.0547], [-53.2957, -27.0489], [-53.2867, -27.0457], [-53.3006, -27.0337], [-53.2936, -27.0263], [-53.2847, -27.0094], [-53.2924, -27.0062], [-53.2941, -26.9967], [-53.302, -26.9893], [-53.2859, -26.9817], [-53.287, -26.972], [-53.2955, -26.9623], [-53.2889, -26.9548], [-53.291, -26.9472], [-53.2818, -26.9356], [-53.2908, -26.9351], [-53.2914, -26.9284], [-53.3, -26.9187], [-53.3247, -26.9085], [-53.3354, -26.8995], [-53.3524, -26.8965], [-53.3686, -26.8813], [-53.3748, -26.8815], [-53.3887, -26.8947], [-53.395, -26.8952], [-53.4081, -26.8885], [-53.4014, -26.8769], [-53.4137, -26.8681], [-53.4158, -26.8628], [-53.41, -26.851], [-53.395, -26.8478], [-53.3874, -26.8512], [-53.3847, -26.8327], [-53.3802, -26.8266], [-53.3873, -26.8212], [-53.4042, -26.8239], [-53.4131, -26.8132], [-53.4084, -26.8096], [-53.3956, -26.807], [-53.3957, -26.7893], [-53.3881, -26.7876], [-53.3774, -26.7917], [-53.3758, -26.7821], [-53.3861, -26.7832], [-53.389, -26.7707], [-53.3874, -26.7651], [-53.3652, -26.7659], [-53.3574, -26.7637], [-53.3656, -26.7492], [-53.3545, -26.7479], [-53.3501, -26.7372], [-53.3354, -26.7407], [-53.3327, -26.7349], [-53.3382, -26.7239], [-53.3289, -26.7186], [-53.3262, -26.7041], [-53.3168, -26.71], [-53.3167, -26.7184], [-53.306, -26.721], [-53.3122, -26.7108], [-53.3031, -26.7055], [-53.2919, -26.7087], [-53.2893, -26.7003], [-53.2833, -26.6945], [-53.2927, -26.6883], [-53.2832, -26.6785], [-53.2669, -26.677], [-53.2578, -26.6802], [-53.2614, -26.6658], [-53.2515, -26.6658], [-53.2554, -26.6577], [-53.251, -26.6506], [-53.2438, -26.6499], [-53.2307, -26.6552], [-53.2273, -26.6391], [-53.2345, -26.6271], [-53.2347, -26.617], [-53.2302, -26.6013], [-53.2428, -26.5902], [-53.2303, -26.5859], [-53.2226, -26.5791], [-53.2301, -26.5753], [-53.2221, -26.5679], [-53.2232, -26.562], [-53.234, -26.5585], [-53.2414, -26.55], [-53.2387, -26.5433], [-53.239, -26.5332], [-53.2472, -26.5328], [-53.243, -26.511], [-53.2431, -26.5012], [-53.2311, -26.4887], [-53.23, -26.4741], [-53.2414, -26.4498], [-53.2525, -26.4456], [-53.2585, -26.4491], [-53.2834, -26.452], [-53.2914, -26.4321], [-53.2857, -26.4279], [-53.2834, -26.4126], [-53.2743, -26.4085], [-53.2761, -26.3982], [-53.2665, -26.4015], [-53.2643, -26.3936], [-53.2558, -26.3869], [-53.252, -26.3777], [-53.2314, -26.369], [-53.2202, -26.3742], [-53.2082, -26.3711], [-53.1992, -26.366], [-53.1915, -26.3694], [-53.1628, -26.3559], [-53.1602, -26.3506], [-53.1509, -26.3445], [-53.1362, -26.3584], [-53.1272, -26.3723], [-53.1178, -26.3769], [-53.1098, -26.3763], [-53.1015, -26.3832], [-53.0933, -26.3825], [-53.0932, -26.392], [-53.0735, -26.3864], [-53.0461, -26.3812], [-53.028, -26.3702], [-53.0124, -26.3627], [-52.9935, -26.3477], [-52.9832, -26.3457], [-52.9795, -26.352], [-52.9678, -26.3539], [-52.9504, -26.3623], [-52.9377, -26.3622], [-52.9258, -26.3607], [-52.9168, -26.3556], [-52.9083, -26.3594], [-52.8818, -26.3596], [-52.8663, -26.3582], [-52.8469, -26.3444], [-52.8422, -26.3488], [-52.8248, -26.3441], [-52.7963, -26.3478], [-52.7909, -26.3521], [-52.7846, -26.3478], [-52.7754, -26.3479], [-52.7628, -26.3536], [-52.7611, -26.3604], [-52.7759, -26.3796], [-52.7676, -26.3921], [-52.7604, -26.3972], [-52.7669, -26.4123], [-52.7602, -26.4235], [-52.7644, -26.4286], [-52.7586, -26.4371], [-52.7513, -26.4403], [-52.7603, -26.4506], [-52.7554, -26.4545], [-52.7405, -26.4625], [-52.7466, -26.4786], [-52.7374, -26.4876], [-52.7473, -26.4903], [-52.745, -26.5059], [-52.7523, -26.5067], [-52.7367, -26.5274], [-52.7308, -26.5306], [-52.7304, -26.5424], [-52.7211, -26.547], [-52.7125, -26.5608], [-52.7063, -26.5664], [-52.6914, -26.5734], [-52.6962, -26.5814], [-52.7071, -26.5835], [-52.6966, -26.5874], [-52.6717, -26.6015], [-52.6697, -26.613], [-52.6619, -26.619], [-52.6632, -26.6287], [-52.6535, -26.6337], [-52.6408, -26.6227], [-52.6329, -26.6267], [-52.6315, -26.6362], [-52.6201, -26.6368], [-52.6181, -26.6416], [-52.6263, -26.6463], [-52.6264, -26.6552], [-52.6082, -26.6535], [-52.6099, -26.6646], [-52.618, -26.6723], [-52.6074, -26.6749], [-52.6081, -26.6888], [-52.618, -26.7001], [-52.608, -26.7049], [-52.6011, -26.7018], [-52.5979, -26.7192], [-52.6056, -26.7249], [-52.612, -26.7233], [-52.6268, -26.731], [-52.6297, -26.7444], [-52.6433, -26.7448], [-52.6454, -26.7509], [-52.6295, -26.7573], [-52.6383, -26.7612], [-52.6356, -26.7676], [-52.623, -26.7716], [-52.6242, -26.777], [-52.6339, -26.78], [-52.641, -26.7755], [-52.6516, -26.7626], [-52.6493, -26.7545], [-52.6569, -26.7526], [-52.6783, -26.7644], [-52.6955, -26.7614], [-52.6964, -26.7692], [-52.6849, -26.7734], [-52.6643, -26.7872], [-52.6677, -26.7966], [-52.6862, -26.8067], [-52.6935, -26.8005], [-52.7137, -26.7998], [-52.7169, -26.8036], [-52.6975, -26.8188], [-52.6563, -26.8536], [-52.6208, -26.8648], [-52.6241, -26.8752], [-52.6332, -26.8798], [-52.6257, -26.8853], [-52.6285, -26.8965], [-52.6164, -26.9072], [-52.6276, -26.922], [-52.6149, -26.9339], [-52.6083, -26.9405], [-52.5982, -26.9575], [-52.5905, -26.9619], [-52.5938, -26.9814], [-52.5847, -26.9738], [-52.5903, -27.0243], [-52.5864, -27.0306], [-52.5731, -27.0386], [-52.5695, -27.0517], [-52.5604, -27.0516], [-52.5622, -27.0603], [-52.5517, -27.0713], [-52.5455, -27.0694], [-52.5388, -27.0784], [-52.5332, -27.0757], [-52.5221, -27.0824], [-52.5088, -27.0938], [-52.4812, -27.111], [-52.4893, -27.1142], [-52.5, -27.1121], [-52.5052, -27.1173], [-52.5013, -27.1275], [-52.4892, -27.1341], [-52.4889, -27.1423], [-52.5174, -27.1474], [-52.5073, -27.1595], [-52.5239, -27.166], [-52.5197, -27.1784], [-52.5261, -27.1807], [-52.52, -27.1903], [-52.5207, -27.2035], [-52.5246, -27.2082], [-52.5349, -27.2109], [-52.5359, -27.218], [-52.5441, -27.2215], [-52.5374, -27.2304], [-52.5442, -27.2346], [-52.5446, -27.2406], [-52.5529, -27.2393], [-52.5665, -27.2493], [-52.5827, -27.2467], [-52.5936, -27.2503], [-52.6054, -27.2611], [-52.6179, -27.2657], [-52.6332, -27.2655], [-52.6449, -27.2617], [-52.6553, -27.2415], [-52.6676, -27.2378], [-52.6764, -27.2457], [-52.6774, -27.2628], [-52.6861, -27.2813], [-52.6915, -27.2844], [-52.7035, -27.2793], [-52.7072, -27.2708], [-52.7063, -27.2561], [-52.7138, -27.2377], [-52.727, -27.236], [-52.734, -27.2427], [-52.7392, -27.2544], [-52.7488, -27.26], [-52.7563, -27.2584], [-52.763, -27.2492], [-52.7631, -27.2384], [-52.7583, -27.2256], [-52.7605, -27.2132], [-52.7748, -27.2075], [-52.7855, -27.206], [-52.801, -27.2034], [-52.8173, -27.2025], [-52.8308, -27.2103], [-52.8397, -27.2113], [-52.8457, -27.2074], [-52.8461, -27.1907], [-52.8429, -27.1805], [-52.8513, -27.1703], [-52.8667, -27.1728], [-52.8851, -27.1827], [-52.8992, -27.1969], [-52.9069, -27.2006], [-52.9293, -27.2041], [-52.9377, -27.1972], [-52.9361, -27.178], [-52.9422, -27.1664], [-52.9567, -27.1633], [-52.9615, -27.1686], [-52.9677, -27.1904], [-52.9685, -27.213], [-52.9712, -27.2178], [-52.9844, -27.2215], [-52.9917, -27.2177], [-53.0, -27.2067], [-53.0026, -27.1976], [-53.0013, -27.1868], [-52.9851, -27.1705], [-52.9829, -27.165], [-52.9849, -27.1534], [-52.9925, -27.14], [-52.9997, -27.1352]]]}, "properties": {"codigo_ibge": "42002", "microrregiao": "Chapecó"}}, {"type": "Feature", "geometry": {"type": "Polygon", "coordinates": [[[-48.9634, -27.635], [-48.9501, -27.6266], [-48.8445, -27.6252], [-48.8405, -27.6317], [-48.8604, -27.6542], [-48.8631, -27.6599], [-48.8474, -27.6779], [-48.8413, -27.6791], [-48.8406, -27.6876], [-48.8295, -27.6924], [-48.8153, -27.6933], [-48.8119, -27.7039], [-48.807, -27.7073], [-48.8254, -27.7164], [-48.8391, -27.7161], [-48.8454, -27.7093], [-48.856, -27.7143], [-48.8676, -27.7157], [-48.8625, -27.7288], [-48.8658, -27.7399], [-48.8594, -27.7554], [-48.8691, -27.7631], [-48.8826, -27.7827], [-48.8826, -27.795], [-48.8771, -27.8131], [-48.8824, -27.8151], [-48.9016, -27.8204], [-48.9143, -27.8393], [-48.911, -27.8438], [-48.9008, -27.8436], [-48.8946, -27.8555], [-48.876, -27.8614], [-48.8763, -27.8718], [-48.8722, -27.8763], [-48.8531, -27.8699], [-48.8496, -27.8611], [-48.842, -27.8615], [-48.8439, -27.8668], [-48.8414, -27.8804], [-48.837, -27.8873], [-48.824, -27.8926], [-48.8238, -27.9059], [-48.8339, -27.9074], [-48.8422, -27.9012], [-48.8454, -27.9079], [-48.8457, -27.9228], [-48.8368, -27.9318], [-48.8405, -27.9434], [-48.8481, -27.9532], [-48.8384, -27.9634], [-48.8368, -27.9788], [-48.8434, -27.9904], [-48.8411, -27.9983], [-48.849, -28.0171], [-48.8536, -28.0211], [-48.8541, -28.0345], [-48.8638, -28.0468], [-48.8745, -28.0522], [-48.8808, -28.0504], [-48.8837, -28.0634], [-48.8937, -28.08], [-48.9017, -28.0609], [-48.9319, -28.0722], [-48.9368, -28.0729], [-48.9388, -28.0875], [-48.9517, -28.098], [-48.9507, -28.108], [-48.9695, -28.1081], [-48.9701, -28.0903], [-48.9748, -28.0788], [-48.9976, -28.0652], [-49.0049, -28.0543], [-49.0205, -28.0483], [-49.0222, -28.0425], [-49.0348, -28.0347], [-49.0387, -28.0199], [-49.0353, -28.0152], [-49.0375, -28.0067], [-49.0443, -28.0037], [-49.0449, -27.9939], [-49.052, -27.99], [-49.1035, -28.0065], [-49.1083, -28.0035], [-49.1188, -28.006], [-49.1363, -28.0013], [-49.1448, -27.9968], [-49.1529, -27.9781], [-49.1567, -27.965], [-49.1711, -27.9773], [-49.186, -27.9802], [-49.1934, -27.9692], [-49.2019, -27.9652], [-49.2283, -27.9602], [-49.2409, -27.9512], [-49.257, -27.9526], [-49.2703, -27.9478], [-49.2873, -27.9364], [-49.3078, -27.941], [-49.3058, -27.9164], [-49.3007, -27.9114], [-49.2994, -27.9017], [-49.2835, -27.8811], [-49.2807, -27.8734], [-49.2926, -27.8755], [-49.3033, -27.8581], [-49.3112, -27.8551], [-49.3061, -27.8479], [-49.3139, -27.8317], [-49.328, -27.8303], [-49.3357, -27.8373], [-49.3426, -27.833], [-49.3476, -27.8231], [-49.3775, -27.8145], [-49.3888, -27.8033], [-49.4097, -27.7895], [-49.4154, -27.7911], [-49.4224, -27.7841], [-49.4195, -27.7794], [-49.4303, -27.7732], [-49.4238, -27.7659], [-49.4355, -27.7581], [-49.4418, -27.7611], [-49.4593, -27.7573], [-49.4672, -27.7484], [-49.473, -27.73], [-49.4581, -27.7107], [-49.4657, -27.701], [-49.4685, -27.6874], [-49.4782, -27.6821], [-49.4798, -27.673], [-49.4956, -27.6587], [-49.5042, -27.6539], [-49.5099, -27.6367], [-49.5091, -27.6184], [-49.505, -27.6119], [-49.5066, -27.6007], [-49.4958, -27.5936], [-49.4976, -27.5858], [-49.4873, -27.5829], [-49.4805, -27.5711], [-49.4729, -27.5658], [-49.464, -27.5675], [-49.4629, -27.5737], [-49.4524, -27.5744], [-49.4452, -27.5836], [-49.4294, -27.5837], [-49.4234, -27.5789], [-49.4129, -27.562], [-49.4039, -27.5609], [-49.3991, -27.5646], [-49.3891, -27.5637], [-49.3806, -27.5581], [-49.3693, -27.5651], [-49.3545, -27.5627], [-49.3462, -27.5702], [-49.3372, -27.5736], [-49.3227, -27.5888], [-49.3006, -27.5844], [-49.3029, -27.604], [-49.3021, -27.6141], [-49.2865, -27.6269], [-49.2832, -27.6433], [-49.2719, -27.6495], [-49.2557, -27.6547], [-49.25, -27.653], [-49.2319, -27.6542], [-49.2266, -27.6524], [-49.2103, -27.6543], [-49.2016, -27.6452], [-49.2098, -27.6344], [-49.2092, -27.6293], [-49.206, -27.6219], [-49.2081, -27.6114], [-49.2054, -27.6038], [-49.1944, -27.5957], [-49.1824, -27.5909], [-49.1768, -27.5956], [-49.1623, -27.5899], [-49.1499, -27.5938], [-49.135, -27.5924], [-49.1288, -27.6004], [-49.0892, -27.5853], [-49.0806, -27.6234], [-49.0647, -27.6489], [-49.0103, -27.6223], [-49.0074, -27.6304], [-48.9967, -27.6262], [-48.9895, -27.6323], [-48.9799, -27.6285], [-48.9699, -27.6345], [-48.9634, -27.635]]]}, "properties": {"codigo_ibge": "42017", "microrregiao": "Tabuleiro"}}, {"type": "Feature", "geometry": {"type": "Polygon", "coordinates": [[[-51.8683, -27.4766], [-51.8761, -27.4816], [-51.8804, -27.4924], [-51.8738, -27.5133], [-51.8806, -27.521], [-51.8948, -27.517], [-51.9025, -27.4914], [-51.9005, -27.4641], [-51.9039, -27.4598], [-51.9184, -27.4584], [-51.9508, -27.4753], [-51.9599, -27.4734], [-51.9621, -27.4615], [-51.9417, -27.4489], [-51.9341, -27.4394], [-51.9358, -27.4287], [-51.9513, -27.4173], [-51.9688, -27.4107], [-51.9964, -27.4102], [-52.0085, -27.4021], [-52.0006, -27.3915], [-51.9822, -27.3886], [-51.9571, -27.3951], [-51.9506, -27.3945], [-51.9489, -27.3858], [-51.9521, -27.3802], [-51.9624, -27.3745], [-51.9752, -27.3724], [-51.9834, -27.3751], [-51.9925, -27.3784], [-52.0064, -27.3746], [-52.0229, -27.3622], [-52.0227, -27.3548], [-52.0108, -27.3466], [-52.0081, -27.3337], [-52.0199, -27.3319], [-52.0384, -27.3442], [-52.049, -27.3463], [-52.072, -27.3384], [-52.0822, -27.3402], [-52.0966, -27.3484], [-52.1071, -27.3434], [-52.1108, -27.3332], [-52.1057, -27.3228], [-52.1057, -27.3134], [-52.112, -27.3063], [-52.1263, -27.3025], [-52.1419, -27.306], [-52.1613, -27.3143], [-52.1691, -27.3093], [-52.1593, -27.2816], [-52.1648, -27.2722], [-52.1723, -27.2715], [-52.1801, -27.2766], [-52.191, -27.2917], [-52.2031, -27.323], [-52.2094, -27.3305], [-52.2248, -27.3306], [-52.2292, -27.3253], [-52.2348, -27.3107], [-52.2481, -27.3024], [-52.273, -27.3044], [-52.2784, -27.2968], [-52.268, -27.2832], [-52.2598, -27.2789], [-52.2418, -27.2761], [-52.234, -27.2692], [-52.2354, -27.2642], [-52.2545, -27.2564], [-52.2613, -27.2569], [-52.2783, -27.2612], [-52.2884, -27.2575], [-52.2988, -27.2575], [-52.3061, -27.2657], [-52.302, -27.2847], [-52.2913, -27.3052], [-52.2921, -27.3143], [-52.2998, -27.3191], [-52.3064, -27.3169], [-52.3131, -27.3093], [-52.3291, -27.3022], [-52.342, -27.2896], [-52.3521, -27.2889], [-52.3675, -27.3045], [-52.3776, -27.3039], [-52.3815, -27.2947], [-52.3833, -27.2813], [-52.3813, -27.2644], [-52.3858, -27.2535], [-52.3947, -27.2518], [-52.3997, -27.2633], [-52.3939, -27.2835], [-52.3978, -27.2925], [-52.4069, -27.2901], [-52.4192, -27.2824], [-52.4391, -27.2644], [-52.4421, -27.2505], [-52.4373, -27.2366], [-52.431, -27.2265], [-52.4325, -27.2178], [-52.4478, -27.2182], [-52.4625, -27.2292], [-52.4798, -27.2355], [-52.4816, -27.2466], [-52.4764, -27.2592], [-52.4793, -27.2659], [-52.493, -27.2672], [-52.5081, -27.2641], [-52.5272, -27.2629], [-52.5363, -27.2601], [-52.5446, -27.2406], [-52.5442, -27.2346], [-52.5374, -27.2304], [-52.5441, -27.2215], [-52.5359, -27.218], [-52.5349, -27.2109], [-52.5246, -27.2082], [-52.5207, -27.2035], [-52.52, -27.1903], [-52.5261, -27.1807], [-52.5197, -27.1784], [-52.5239, -27.166], [-52.5073, -27.1595], [-52.5174, -27.1474], [-52.4889, -27.1423], [-52.4892, -27.1341], [-52.5013, -27.1275], [-52.5052, -27.1173], [-52.5, -27.1121], [-52.4893, -27.1142], [-52.4812, -27.111], [-52.5088, -27.0938], [-52.4984, -27.0883], [-52.4896, -27.091], [-52.4852, -27.076], [-52.4756, -27.0727], [-52.4697, -27.0794], [-52.4622, -27.0791], [-52.4708, -27.0597], [-52.4741, -27.0417], [-52.4604, -27.0433], [-52.4506, -27.0572], [-52.445, -27.0521], [-52.451, -27.0403], [-52.4488, -27.0355], [-52.4356, -27.0307], [-52.4487, -27.0254], [-52.45, -27.0299], [-52.4621, -27.0267], [-52.4666, -27.0142], [-52.4635, -27.0033], [-52.4527, -26.9951], [-52.4406, -26.9932], [-52.4359, -27.0038], [-52.4258, -27.0122], [-52.419, -27.0064], [-52.4166, -27.0005], [-52.4089, -26.9983], [-52.4032, -26.9898], [-52.3926, -26.9974], [-52.3936, -26.9865], [-52.3857, -26.9816], [-52.374, -26.9819], [-52.3765, -26.9724], [-52.3636, -26.9688], [-52.3557, -26.97], [-52.3455, -26.9604], [-52.3483, -26.9524], [-52.3546, -26.9475], [-52.338, -26.9448], [-52.3359, -26.951], [-52.3406, -26.9583], [-52.3383, -26.9647], [-52.3306, -26.9645], [-52.3143, -26.9755], [-52.3128, -26.9602], [-52.3099, -26.9542], [-52.2995, -26.9548], [-52.2993, -26.9605], [-52.2852, -26.9581], [-52.2861, -26.9481], [-52.2807, -26.9467], [-52.2648, -26.9588], [-52.2615, -26.9426], [-52.254, -26.9385], [-52.2429, -26.9455], [-52.2338, -26.9473], [-52.2225, -26.9459], [-52.2145, -26.9492], [-52.2081, -26.9568], [-52.2011, -26.9552], [-52.1929, -26.9595], [-52.1748, -26.9513], [-52.1542, -26.9488], [-52.1545, -26.9263], [-52.1485, -26.9294], [-52.1409, -26.9339], [-52.1339, -26.9318], [-52.1271, -26.9478], [-52.1079, -26.9494], [-52.1093, -26.9544], [-52.0939, -26.9457], [-52.0823, -26.9516], [-52.0726, -26.9465], [-52.0667, -26.9599], [-52.0423, -26.9571], [-52.0329, -26.9423], [-52.0241, -26.9496], [-52.0157, -26.9412], [-52.0124, -26.948], [-52.003, -26.9412], [-51.9852, -26.9422], [-51.9799, -26.9367], [-51.9682, -26.9414], [-51.966, -26.9473], [-51.9517, -26.9394], [-51.9437, -26.9419], [-51.9305, -26.9292], [-51.9201, -26.9302], [-51.9004, -26.9401], [-51.8839, -26.9452], [-51.8815, -26.9391], [-51.8721, -26.9297], [-51.8617, -26.9338], [-51.8619, -26.9396], [-51.8489, -26.945], [-51.8438, -26.9434], [-51.8301, -26.93], [-51.8262, -26.9234], [-51.8204, -26.9366], [-51.8245, -26.9464], [-51.8362, -26.9568], [-51.8403, -26.9635], [-51.8561, -26.9706], [-51.8631, -26.9813], [-51.8572, -26.9884], [-51.8492, -26.9914], [-51.8212, -27.0194], [-51.8135, -27.0311], [-51.8046, -27.0339], [-51.8023, -27.0404], [-51.8081, -27.0479], [-51.8165, -27.0494], [-51.8201, -27.0603], [-51.8309, -27.0663], [-51.8329, -27.0755], [-51.8313, -27.0858], [-51.833, -27.0917], [-51.8471, -27.0913], [-51.8542, -27.0968], [-51.8618, -27.0961], [-51.876, -27.0846], [-51.8833, -27.0854], [-51.8811, -27.0973], [-51.8889, -27.1007], [-51.8829, -27.1109], [-51.8831, -27.1175], [-51.8748, -27.1216], [-51.8677, -27.1265], [-51.8675, -27.1339], [-51.8561, -27.1412], [-51.8373, -27.1435], [-51.8212, -27.1483], [-51.8261, -27.1597], [-51.8202, -27.1797], [-51.8147, -27.1877], [-51.8032, -27.1842], [-51.796, -27.1987], [-51.7861, -27.1991], [-51.7721, -27.2067], [-51.765, -27.2076], [-51.7551, -27.203], [-51.741, -27.2051], [-51.7363, -27.2082], [-51.7247, -27.2068], [-51.7198, -27.2175], [-51.7261, -27.2277], [-51.7352, -27.2355], [-51.7345, -27.2397], [-51.7524, -27.2571], [-51.7618, -27.2545], [-51.7649, -27.2599], [-51.761, -27.274], [-51.7564, -27.2809], [-51.751, -27.2857], [-51.7584, -27.2934], [-51.7562, -27.2986], [-51.7605, -27.3067], [-51.7495, -27.3138], [-51.7279, -27.341], [-51.738, -27.3488], [-51.7297, -27.3567], [-51.7344, -27.3631], [-51.73, -27.3747], [-51.7329, -27.3921], [-51.7288, -27.4002], [-51.7151, -27.4082], [-51.7106, -27.4215], [-51.7057, -27.4255], [-51.6856, -27.4321], [-51.6888, -27.4455], [-51.6947, -27.4522], [-51.6942, -27.4606], [-51.7007, -27.4695], [-51.7012, -27.4798], [-51.7097, -27.4878], [-51.7173, -27.5114], [-51.7281, -27.5128], [-51.738, -27.5042], [-51.7516, -27.4881], [-51.7597, -27.4868], [-51.7855, -27.4915], [-51.794, -27.4899], [-51.8018, -27.494], [-51.7984, -27.5094], [-51.788, -27.5148], [-51.7857, -27.5282], [-51.7987, -27.53], [-51.8081, -27.5245], [-51.8218, -27.5128], [-51.8315, -27.5154], [-51.8371, -27.5222], [-51.8503, -27.5255], [-51.8554, -27.5183], [-51.8459, -27.4978], [-51.8436, -27.4831], [-51.8476, -27.4785], [-51.8582, -27.4751], [-51.8683, -27.4766]]]}, "properties": {"codigo_ibge": "42005", "microrregiao": "Concórdia"}}, {"type": "Feature", "geometry": {"type": "Polygon", "coordinates": [[[-53.2585, -26.4491], [-53.2525, -26.4456], [-53.2414, -26.4498], [-53.23, -26.4741], [-53.2311, -26.4887], [-53.2431, -26.5012], [-53.243, -26.511], [-53.2472, -26.5328], [-53.239, -26.5332], [-53.2387, -26.5433], [-53.2414, -26.55], [-53.234, -26.5585], [-53.2232, -26.562], [-53.2221, -26.5679], [-53.2301, -26.5753], [-53.2226, -26.5791], [-53.2303, -26.5859], [-53.2428, -26.5902], [-53.2302, -26.6013], [-53.2347, -26.617], [-53.2345, -26.6271], [-53.2273, -26.6391], [-53.2307, -26.6552], [-53.2438, -26.6499], [-53.251, -26.6506], [-53.2554, -26.6577], [-53.2515, -26.6658], [-53.2614, -26.6658], [-53.2578, -26.6802], [-53.2669, -26.677], [-53.2832, -26.6785], [-53.2927, -26.6883], [-53.2833, -26.6945], [-53.2893, -26.7003], [-53.2919, -26.7087], [-53.3031, -26.7055], [-53.3122, -26.7108], [-53.306, -26.721], [-53.3167, -26.7184], [-53.3168, -26.71], [-53.3262, -26.7041], [-53.3289, -26.7186], [-53.3382, -26.7239], [-53.3327, -26.7349], [-53.3354, -26.7407], [-53.3501, -26.7372], [-53.3545, -26.7479], [-53.3656, -26.7492], [-53.3574, -26.7637], [-53.3652, -26.7659], [-53.3874, -26.7651], [-53.389, -26.7707], [-53.3861, -26.7832], [-53.3758, -26.7821], [-53.3774, -26.7917], [-53.3881, -26.7876], [-53.3957, -26.7893], [-53.3956, -26.807], [-53.4084, -26.8096], [-53.4131, -26.8132], [-53.4042, -26.8239], [-53.3873, -26.8212], [-53.3802, -26.8266], [-53.3847, -26.8327], [-53.3874, -26.8512], [-53.395, -26.8478], [-53.41, -26.851], [-53.4158, -26.8628], [-53.4137, -26.8681], [-53.4014, -26.8769], [-53.4081, -26.8885], [-53.395, -26.8952], [-53.3887, -26.8947], [-53.3748, -26.8815], [-53.3686, -26.8813], [-53.3524, -26.8965], [-53.3354, -26.8995], [-53.3247, -26.9085], [-53.3, -26.9187], [-53.2914, -26.9284], [-53.2908, -26.9351], [-53.2818, -26.9356], [-53.291, -26.9472], [-53.2889, -26.9548], [-53.2955, -26.9623], [-53.287, -26.972], [-53.2859, -26.9817], [-53.302, -26.9893], [-53.2941, -26.9967], [-53.2924, -27.0062], [-53.2847, -27.0094], [-53.2936, -27.0263], [-53.3006, -27.0337], [-53.2867, -27.0457], [-53.2957, -27.0489], [-53.2924, -27.0547], [-53.2975, -27.0616], [-53.3112, -27.0624], [-53.3108, -27.0722], [-53.3245, -27.0774], [-53.3182, -27.0822], [-53.324, -27.0922], [-53.33, -27.0889], [-53.3247, -27.0956], [-53.3371, -27.1074], [-53.3441, -27.1044], [-53.3554, -27.1113], [-53.365, -27.0943], [-53.3706, -27.0911], [-53.381, -27.0941], [-53.3956, -27.1134], [-53.3992, -27.1254], [-53.4062, -27.1365], [-53.4179, -27.1444], [-53.4318, -27.1462], [-53.4554, -27.1569], [-53.4642, -27.155], [-53.4763, -27.1389], [-53.4912, -27.1323], [-53.5031, -27.1348], [-53.5071, -27.1394], [-53.5081, -27.1515], [-53.5029, -27.1656], [-53.4897, -27.1804], [-53.4882, -27.1938], [-53.4931, -27.2035], [-53.5075, -27.2042], [-53.5182, -27.2022], [-53.5307, -27.1945], [-53.5478, -27.1764], [-53.5562, -27.1726], [-53.5711, -27.1757], [-53.5914, -27.1875], [-53.5997, -27.1894], [-53.6133, -27.1859], [-53.6182, -27.1873], [-53.6307, -27.2134], [-53.6421, -27.2198], [-53.6487, -27.218], [-53.651, -27.2101], [-53.6479, -27.1913], [-53.6513, -27.1766], [-53.6664, -27.1627], [-53.6751, -27.1607], [-53.6862, -27.1636], [-53.7056, -27.1728], [-53.7177, -27.1825], [-53.7309, -27.1893], [-53.7478, -27.1918], [-53.7516, -27.1881], [-53.76, -27.1623], [-53.7651, -27.1525], [-53.776, -27.1475], [-53.809, -27.1728], [-53.8197, -27.1757], [-53.8371, -27.1684], [-53.8333, -27.1625], [-53.8371, -27.1556], [-53.8287, -27.146], [-53.8126, -27.1449], [-53.7995, -27.1468], [-53.8005, -27.1364], [-53.8199, -27.1391], [-53.8242, -27.1337], [-53.8046, -27.1227], [-53.807, -27.1109], [-53.8176, -27.1047], [-53.8127, -27.0977], [-53.804, -27.108], [-53.7933, -27.1096], [-53.7768, -27.1034], [-53.8015, -27.0863], [-53.8056, -27.0787], [-53.798, -27.066], [-53.8023, -27.041], [-53.7967, -27.0395], [-53.785, -27.0542], [-53.77, -27.0675], [-53.7601, -27.0606], [-53.7703, -27.0562], [-53.7773, -27.0493], [-53.7789, -27.0396], [-53.7854, -27.0296], [-53.7799, -27.0274], [-53.7626, -27.0445], [-53.7603, -27.0346], [-53.7475, -27.0315], [-53.7498, -27.0222], [-53.7583, -27.0189], [-53.7641, -27.0087], [-53.7552, -27.0047], [-53.741, -27.0148], [-53.7327, -27.0042], [-53.7435, -26.9949], [-53.7418, -26.9908], [-53.7244, -26.9939], [-53.7187, -26.9842], [-53.7301, -26.9804], [-53.7315, -26.9736], [-53.7267, -26.9591], [-53.7124, -26.9655], [-53.7031, -26.9594], [-53.7014, -26.954], [-53.7097, -26.9406], [-53.7072, -26.9333], [-53.6949, -26.937], [-53.6865, -26.9432], [-53.6758, -26.9462], [-53.6717, -26.9428], [-53.6926, -26.9339], [-53.697, -26.9274], [-53.6786, -26.9152], [-53.68, -26.9031], [-53.6754, -26.8928], [-53.6943, -26.8891], [-53.6958, -26.8837], [-53.6855, -26.8668], [-53.6882, -26.8607], [-53.6722, -26.8617], [-53.6712, -26.8534], [-53.6773, -26.8439], [-53.6943, -26.8482], [-53.6891, -26.8395], [-53.6984, -26.8293], [-53.7022, -26.8184], [-53.6976, -26.812], [-53.7009, -26.7975], [-53.7087, -26.7986], [-53.7158, -26.7898], [-53.7175, -26.7823], [-53.7016, -26.7678], [-53.715, -26.7666], [-53.7159, -26.773], [-53.7292, -26.7741], [-53.7369, -26.7675], [-53.7192, -26.76], [-53.7144, -26.7508], [-53.7235, -26.7464], [-53.7293, -26.7394], [-53.7396, -26.7424], [-53.75, -26.7417], [-53.7435, -26.7336], [-53.7491, -26.7191], [-53.7347, -26.7169], [-53.7331, -26.7011], [-53.7425, -26.6909], [-53.7265, -26.6921], [-53.7173, -26.6814], [-53.7317, -26.6795], [-53.7264, -26.6672], [-53.7189, -26.6673], [-53.7233, -26.656], [-53.7328, -26.6551], [-53.7368, -26.6456], [-53.7448, -26.648], [-53.7574, -26.6443], [-53.7578, -26.6376], [-53.7499, -26.6359], [-53.7435, -26.6439], [-53.7402, -26.6292], [-53.7309, -26.6226], [-53.7345, -26.6139], [-53.7297, -26.6079], [-53.7307, -26.6007], [-53.7223, -26.5811], [-53.7214, -26.5618], [-53.7093, -26.5627], [-53.7109, -26.5566], [-53.7272, -26.5604], [-53.7266, -26.551], [-53.739, -26.5484], [-53.7328, -26.5392], [-53.7236, -26.5426], [-53.7209, -26.5378], [-53.7228, -26.5277], [-53.7273, -26.5256], [-53.7301, -26.5018], [-53.711, -26.5045], [-53.7025, -26.4898], [-53.7004, -26.4801], [-53.7158, -26.4706], [-53.7041, -26.4638], [-53.6973, -26.4553], [-53.7049, -26.4438], [-53.6978, -26.4402], [-53.6884, -26.4433], [-53.6888, -26.4286], [-53.6993, -26.4228], [-53.7062, -26.4087], [-53.6971, -26.4015], [-53.7073, -26.3954], [-53.6973, -26.3779], [-53.7013, -26.3666], [-53.6899, -26.3592], [-53.6898, -26.3465], [-53.6859, -26.3357], [-53.6711, -26.3307], [-53.6709, -26.3197], [-53.6637, -26.3142], [-53.6625, -26.3072], [-53.6525, -26.2904], [-53.6444, -26.282], [-53.6451, -26.2729], [-53.639, -26.2508], [-53.6291, -26.2578], [-53.621, -26.257], [-53.6038, -26.2597], [-53.5934, -26.2559], [-53.5843, -26.2591], [-53.5823, -26.2723], [-53.5573, -26.2871], [-53.5538, -26.2924], [-53.5438, -26.291], [-53.5229, -26.2922], [-53.5103, -26.3005], [-53.4958, -26.3028], [-53.4724, -26.2897], [-53.465, -26.2928], [-53.4513, -26.2895], [-53.4399, -26.2822], [-53.4309, -26.2821], [-53.4304, -26.2819], [-53.424, -26.2797], [-53.4124, -26.2692], [-53.403, -26.2638], [-53.3994, -26.2538], [-53.3761, -26.2416], [-53.3657, -26.2478], [-53.3502, -26.2513], [-53.3423, -26.2491], [-53.3384, -26.2484], [-53.321, -26.2572], [-53.3044, -26.2584], [-53.2836, -26.2458], [-53.2789, -26.2494], [-53.28, -26.2585], [-53.2684, -26.2624], [-53.2623, -26.2767], [-53.2644, -26.2893], [-53.24, -26.3004], [-53.2355, -26.3102], [-53.2057, -26.3295], [-53.1916, -26.3344], [-53.1827, -26.3445], [-53.1693, -26.3481], [-53.1602, -26.3506], [-53.1628, -26.3559], [-53.1915, -26.3694], [-53.1992, -26.366], [-53.2082, -26.3711], [-53.2202, -26.3742], [-53.2314, -26.369], [-53.252, -26.3777], [-53.2558, -26.3869], [-53.2643, -26.3936], [-53.2665, -26.4015], [-53.2761, -26.3982], [-53.2743, -26.4085], [-53.2834, -26.4126], [-53.2857, -26.4279], [-53.2914, -26.4321], [-53.2834, -26.452], [-53.2585, -26.4491]]]}, "properties": {"codigo_ibge": "42001", "microrregiao": "São Miguel do Oeste"}}, {"type": "Feature", "geometry": {"type": "Polygon", "coordinates": [[[-48.6271, -27.3249], [-48.6366, -27.3274], [-48.6539, -27.3207], [-48.6614, -27.3256], [-48.6559, -27.3358], [-48.6633, -27.3473], [-48.6722, -27.3422], [-48.6885, -27.3419], [-48.6946, -27.3512], [-48.7054, -27.3548], [-48.7296, -27.3409], [-48.7428, -27.3417], [-48.7517, -27.3463], [-48.7583, -27.3433], [-48.7936, -27.3532], [-48.8006, -27.3583], [-48.8144, -27.3751], [-48.8183, -27.3867], [-48.8352, -27.3965], [-48.8499, -27.4137], [-48.8549, -27.4219], [-48.8679, -27.4331], [-48.8839, -27.4326], [-48.8885, -27.4401], [-48.899, -27.446], [-48.9195, -27.4616], [-48.9206, -27.4674], [-48.9095, -27.4702], [-48.8977, -27.4781], [-48.8997, -27.4931], [-48.9048, -27.4984], [-48.9079, -27.5155], [-48.9127, -27.5198], [-48.9233, -27.5421], [-48.9193, -27.5481], [-48.9206, -27.557], [-48.9267, -27.5825], [-48.935, -27.5853], [-48.934, -27.5928], [-48.9483, -27.6015], [-48.9539, -27.6009], [-48.9579, -27.6122], [-48.9566, -27.6201], [-48.9501, -27.6266], [-48.9634, -27.635], [-48.9699, -27.6345], [-48.9799, -27.6285], [-48.9895, -27.6323], [-48.9967, -27.6262], [-49.0074, -27.6304], [-49.0103, -27.6223], [-49.0647, -27.6489], [-49.0806, -27.6234], [-49.0892, -27.5853], [-49.1288, -27.6004], [-49.135, -27.5924], [-49.1499, -27.5938], [-49.1623, -27.5899], [-49.1768, -27.5956], [-49.1824, -27.5909], [-49.1944, -27.5957], [-49.2054, -27.6038], [-49.2081, -27.6114], [-49.206, -27.6219], [-49.2092, -27.6293], [-49.2098, -27.6344], [-49.2016, -27.6452], [-49.2103, -27.6543], [-49.2266, -27.6524], [-49.2319, -27.6542], [-49.25, -27.653], [-49.2557, -27.6547], [-49.2719, -27.6495], [-49.2832, -27.6433], [-49.2865, -27.6269], [-49.3021, -27.6141], [-49.3029, -27.604], [-49.3006, -27.5844], [-49.3131, -27.5837], [-49.3185, -27.5722], [-49.3205, -27.564], [-49.3281, -27.5573], [-49.3195, -27.5458], [-49.3264, -27.533], [-49.3265, -27.5253], [-49.3221, -27.518], [-49.3027, -27.4939], [-49.3013, -27.4839], [-49.2926, -27.474], [-49.2976, -27.4484], [-49.2939, -27.4389], [-49.2963, -27.4283], [-49.3069, -27.4147], [-49.3111, -27.3961], [-49.2976, -27.3791], [-49.2936, -27.3708], [-49.2961, -27.3578], [-49.2804, -27.3477], [-49.2784, -27.3339], [-49.2646, -27.3316], [-49.2451, -27.3258], [-49.2334, -27.3277], [-49.2241, -27.3212], [-49.2262, -27.3151], [-49.2216, -27.3088], [-49.2088, -27.301], [-49.2007, -27.2932], [-49.1893, -27.2945], [-49.1773, -27.2916], [-49.1732, -27.2953], [-49.1519, -27.2899], [-49.1465, -27.2837], [-49.1345, -27.2801], [-49.1266, -27.2822], [-49.1222, -27.2756], [-49.1106, -27.2804], [-49.1069, -27.2759], [-49.0882, -27.2771], [-49.0766, -27.2723], [-49.0739, -27.278], [-49.0514, -27.272], [-49.0376, -27.2719], [-49.0289, -27.2662], [-49.0193, -27.256], [-49.0094, -27.2489], [-48.9898, -27.2486], [-48.969, -27.2374], [-48.9612, -27.2263], [-48.9333, -27.212], [-48.9305, -27.2016], [-48.912, -27.197], [-48.9098, -27.1919], [-48.8996, -27.191], [-48.8945, -27.1841], [-48.8819, -27.1845], [-48.877, -27.176], [-48.87, -27.1754], [-48.86, -27.1637], [-48.8494, -27.1571], [-48.8422, -27.1562], [-48.8241, -27.1391], [-48.8124, -27.1346], [-48.8003, -27.146], [-48.7994, -27.1551], [-48.7888, -27.1511], [-48.7787, -27.1518], [-48.7732, -27.1462], [-48.7748, -27.1364], [-48.7563, -27.1345], [-48.7508, -27.1481], [-48.7369, -27.1478], [-48.7251, -27.1426], [-48.7165, -27.1439], [-48.6979, -27.1378], [-48.69, -27.1414], [-48.6912, -27.1487], [-48.6828, -27.1546], [-48.6803, -27.1655], [-48.6862, -27.1734], [-48.6902, -27.1843], [-48.6809, -27.1972], [-48.6691, -27.201], [-48.667, -27.2129], [-48.6586, -27.2152], [-48.6223, -27.211], [-48.6077, -27.2106], [-48.6027, -27.2179], [-48.60567021489483, -27.219756384309267], [-48.605806, -27.219611], [-48.608306, -27.219583], [-48.609194, -27.220472], [-48.610028, -27.220417], [-48.613806, -27.224222], [-48.613778, -27.225], [-48.614583, -27.225889], [-48.614611, -27.2275], [-48.615444, -27.228361], [-48.615417, -27.229167], [-48.616306, -27.230028], [-48.61625, -27.2325], [-48.617111, -27.233389], [-48.617111, -27.236694], [-48.617944, -27.237528], [-48.617917, -27.240833], [-48.618806, -27.241667], [-48.61875, -27.244167], [-48.619194, -27.244583], [-48.620028, -27.244611], [-48.620889, -27.24375], [-48.621639, -27.243778], [-48.622556, -27.242917], [-48.635056, -27.242917], [-48.635889, -27.243778], [-48.637556, -27.24375], [-48.638361, -27.244583], [-48.639194, -27.244583], [-48.64, -27.245444], [-48.640833, -27.245417], [-48.643361, -27.247917], [-48.644194, -27.247944], [-48.645889, -27.249611], [-48.646722, -27.249639], [-48.648778, -27.251667], [-48.648778, -27.252472], [-48.649583, -27.253361], [-48.649611, -27.255028], [-48.650444, -27.255833], [-48.650389, -27.2575], [-48.651278, -27.258361], [-48.65125, -27.259167], [-48.652083, -27.260056], [-48.651694, -27.260444], [-48.650028, -27.260417], [-48.649583, -27.26], [-48.650417, -27.259222], [-48.649611, -27.258333], [-48.649583, -27.256667], [-48.648778, -27.255861], [-48.648778, -27.255], [-48.647972, -27.254194], [-48.647944, -27.252528], [-48.645861, -27.250417], [-48.645028, -27.250472], [-48.643333, -27.248778], [-48.6425, -27.248778], [-48.64, -27.24625], [-48.639222, -27.24625], [-48.638333, -27.245417], [-48.636667, -27.245389], [-48.635861, -27.244639], [-48.622528, -27.244583], [-48.621667, -27.245444], [-48.620833, -27.245417], [-48.619611, -27.246667], [-48.619583, -27.256694], [-48.618778, -27.257528], [-48.618806, -27.269167], [-48.617944, -27.27], [-48.617944, -27.273389], [-48.617083, -27.274167], [-48.617083, -27.2775], [-48.616278, -27.278333], [-48.616278, -27.281667], [-48.615444, -27.282528], [-48.615417, -27.285833], [-48.614583, -27.286694], [-48.614583, -27.289194], [-48.613722, -27.29], [-48.613806, -27.292528], [-48.612889, -27.293361], [-48.612917, -27.295028], [-48.612056, -27.295861], [-48.612111, -27.296667], [-48.61125, -27.297528], [-48.61125, -27.298361], [-48.610472, -27.299222], [-48.610444, -27.300028], [-48.609583, -27.300861], [-48.609639, -27.301667], [-48.606306, -27.305], [-48.606278, -27.305861], [-48.605417, -27.306694], [-48.605417, -27.307556], [-48.604611, -27.308333], [-48.604611, -27.309139], [-48.599611, -27.314167], [-48.599611, -27.315028], [-48.597718710474425, -27.31689519046981], [-48.6271, -27.3249]]]}, "properties": {"codigo_ibge": "42015", "microrregiao": "Tijucas"}}, {"type": "Feature", "geometry": {"type": "Polygon", "coordinates": [[[-51.2059, -27.6175], [-51.2, -27.6122], [-51.2008, -27.6012], [-51.1946, -27.5939], [-51.1791, -27.5947], [-51.1768, -27.5999], [-51.185, -27.6087], [-51.1826, -27.6197], [-51.1678, -27.6258], [-51.1555, -27.6247], [-51.1461, -27.6149], [-51.1389, -27.6144], [-51.13, -27.6236], [-51.1205, -27.6209], [-51.1141, -27.623], [-51.1018, -27.6339], [-51.0858, -27.629], [-51.0825, -27.6388], [-51.0879, -27.6547], [-51.081, -27.6551], [-51.0689, -27.6462], [-51.0533, -27.652], [-51.0475, -27.6402], [-51.0264, -27.6429], [-51.0184, -27.6395], [-50.9968, -27.6396], [-50.9951, -27.6474], [-51.0032, -27.6548], [-51.0024, -27.6646], [-50.9916, -27.6587], [-50.976, -27.6606], [-50.9632, -27.6533], [-50.9589, -27.6457], [-50.9686, -27.6343], [-50.9916, -27.6192], [-50.993, -27.6098], [-50.9872, -27.6053], [-50.9634, -27.5981], [-50.955, -27.5975], [-50.9579, -27.5871], [-50.9708, -27.5776], [-50.9689, -27.5713], [-50.9547, -27.5692], [-50.9446, -27.5712], [-50.9349, -27.5796], [-50.9318, -27.5759], [-50.9406, -27.5653], [-50.9589, -27.559], [-50.9601, -27.5552], [-50.9515, -27.5508], [-50.9375, -27.5532], [-50.9304, -27.5583], [-50.9185, -27.561], [-50.9124, -27.5547], [-50.9153, -27.5388], [-50.906, -27.5334], [-50.902, -27.5388], [-50.9039, -27.5515], [-50.899, -27.5614], [-50.8922, -27.5568], [-50.8868, -27.5467], [-50.8871, -27.5368], [-50.8821, -27.5359], [-50.8729, -27.5456], [-50.8614, -27.5442], [-50.8665, -27.5322], [-50.8519, -27.5174], [-50.8467, -27.5087], [-50.8347, -27.516], [-50.8254, -27.5034], [-50.8023, -27.4949], [-50.8012, -27.4883], [-50.8082, -27.482], [-50.8208, -27.4809], [-50.8338, -27.4754], [-50.832, -27.4633], [-50.823, -27.4516], [-50.8177, -27.4541], [-50.8148, -27.4648], [-50.8011, -27.4554], [-50.7877, -27.4597], [-50.7813, -27.4481], [-50.7938, -27.4368], [-50.789, -27.4286], [-50.7821, -27.4309], [-50.7777, -27.4401], [-50.7676, -27.4414], [-50.7618, -27.4272], [-50.7541, -27.4223], [-50.7448, -27.4222], [-50.7421, -27.4277], [-50.753, -27.4309], [-50.75, -27.4491], [-50.7454, -27.4496], [-50.7394, -27.4393], [-50.7241, -27.4509], [-50.7153, -27.451], [-50.7135, -27.4424], [-50.7181, -27.4395], [-50.7185, -27.4265], [-50.7072, -27.4333], [-50.6909, -27.426], [-50.6879, -27.4304], [-50.6893, -27.4421], [-50.6797, -27.4368], [-50.6707, -27.453], [-50.6779, -27.4622], [-50.6697, -27.4708], [-50.6649, -27.4645], [-50.6465, -27.4567], [-50.6472, -27.4627], [-50.6345, -27.4676], [-50.64, -27.4559], [-50.6341, -27.4542], [-50.6145, -27.4617], [-50.6058, -27.4684], [-50.5906, -27.4619], [-50.5837, -27.4691], [-50.5746, -27.4645], [-50.5637, -27.4699], [-50.5714, -27.4828], [-50.5778, -27.503], [-50.5693, -27.5041], [-50.5595, -27.499], [-50.5416, -27.4847], [-50.5224, -27.4877], [-50.5255, -27.474], [-50.5331, -27.4682], [-50.514, -27.457], [-50.5053, -27.4601], [-50.499, -27.4667], [-50.4868, -27.4586], [-50.4859, -27.4627], [-50.4716, -27.4689], [-50.4723, -27.4796], [-50.4844, -27.4797], [-50.4924, -27.4828], [-50.4929, -27.4891], [-50.4791, -27.4842], [-50.4678, -27.4868], [-50.4597, -27.4933], [-50.4487, -27.4963], [-50.4529, -27.484], [-50.4479, -27.4778], [-50.4375, -27.4805], [-50.4019, -27.4754], [-50.3841, -27.4928], [-50.3863, -27.4976], [-50.3764, -27.5019], [-50.379, -27.5143], [-50.3835, -27.521], [-50.3922, -27.5249], [-50.3887, -27.536], [-50.3952, -27.5467], [-50.4073, -27.5497], [-50.3916, -27.5578], [-50.3882, -27.5538], [-50.375, -27.5619], [-50.3683, -27.5532], [-50.3738, -27.5458], [-50.3662, -27.5362], [-50.3585, -27.5403], [-50.3443, -27.5365], [-50.3378, -27.531], [-50.3258, -27.5261], [-50.3121, -27.529], [-50.2939, -27.5227], [-50.2864, -27.5255], [-50.2691, -27.5381], [-50.2629, -27.5334], [-50.2697, -27.525], [-50.2909, -27.5165], [-50.3006, -27.5025], [-50.2992, -27.4962], [-50.2726, -27.4958], [-50.2731, -27.49], [-50.2817, -27.4816], [-50.2769, -27.4679], [-50.268, -27.4612], [-50.2663, -27.4464], [-50.2506, -27.4551], [-50.2454, -27.4757], [-50.23, -27.4845], [-50.2227, -27.4837], [-50.2255, -27.4733], [-50.2234, -27.4679], [-50.2065, -27.4549], [-50.1938, -27.4597], [-50.1879, -27.4414], [-50.182, -27.4456], [-50.169, -27.444], [-50.1652, -27.435], [-50.1547, -27.4221], [-50.1564, -27.4086], [-50.1455, -27.4012], [-50.1466, -27.3898], [-50.145, -27.3773], [-50.1275, -27.3602], [-50.1276, -27.3518], [-50.111, -27.3459], [-50.1049, -27.339], [-50.0903, -27.3296], [-50.0903, -27.3178], [-50.0869, -27.308], [-50.0758, -27.3048], [-50.0647, -27.3109], [-50.0621, -27.3214], [-50.0453, -27.318], [-50.0412, -27.3216], [-50.0264, -27.325], [-50.0234, -27.3358], [-50.0278, -27.3441], [-50.0426, -27.3378], [-50.0442, -27.3474], [-50.0311, -27.3569], [-50.0323, -27.3715], [-50.0141, -27.3794], [-50.0096, -27.3876], [-50.0158, -27.3922], [-50.002, -27.4051], [-49.9961, -27.4135], [-49.9838, -27.4154], [-49.9841, -27.4052], [-49.9709, -27.4124], [-49.9645, -27.4111], [-49.9567, -27.4017], [-49.9417, -27.4197], [-49.9197, -27.4233], [-49.919, -27.4313], [-49.9074, -27.4321], [-49.9108, -27.4376], [-49.9008, -27.4514], [-49.8919, -27.4594], [-49.891, -27.4643], [-49.8937, -27.4902], [-49.8912, -27.4979], [-49.8802, -27.4952], [-49.8653, -27.4986], [-49.8502, -27.4936], [-49.8511, -27.5052], [-49.8399, -27.5245], [-49.8318, -27.5302], [-49.8284, -27.5442], [-49.8073, -27.5627], [-49.7903, -27.5712], [-49.7875, -27.5779], [-49.7787, -27.5861], [-49.7633, -27.581], [-49.763, -27.5895], [-49.7505, -27.5958], [-49.7465, -27.6037], [-49.7321, -27.6193], [-49.7385, -27.6305], [-49.7392, -27.6472], [-49.7307, -27.6556], [-49.7222, -27.6532], [-49.7137, -27.6443], [-49.696, -27.6477], [-49.6896, -27.6525], [-49.6729, -27.6482], [-49.6627, -27.6487], [-49.6504, -27.6424], [-49.6496, -27.6375], [-49.6367, -27.6289], [-49.6295, -27.6197], [-49.6205, -27.6188], [-49.6242, -27.6287], [-49.6401, -27.6481], [-49.6352, -27.6621], [-49.6277, -27.6631], [-49.6171, -27.6596], [-49.6092, -27.6509], [-49.5962, -27.6449], [-49.5884, -27.6445], [-49.5829, -27.6393], [-49.5804, -27.6296], [-49.5735, -27.6319], [-49.5685, -27.6257], [-49.5558, -27.6174], [-49.5066, -27.6007], [-49.505, -27.6119], [-49.5091, -27.6184], [-49.5099, -27.6367], [-49.5042, -27.6539], [-49.4956, -27.6587], [-49.4798, -27.673], [-49.4782, -27.6821], [-49.4685, -27.6874], [-49.4657, -27.701], [-49.4581, -27.7107], [-49.473, -27.73], [-49.4672, -27.7484], [-49.4593, -27.7573], [-49.4418, -27.7611], [-49.4355, -27.7581], [-49.4238, -27.7659], [-49.4303, -27.7732], [-49.4195, -27.7794], [-49.4224, -27.7841], [-49.4154, -27.7911], [-49.4097, -27.7895], [-49.3888, -27.8033], [-49.3775, -27.8145], [-49.3476, -27.8231], [-49.3426, -27.833], [-49.3357, -27.8373], [-49.328, -27.8303], [-49.3139, -27.8317], [-49.3061, -27.8479], [-49.3112, -27.8551], [-49.3033, -27.8581], [-49.2926, -27.8755], [-49.2807, -27.8734], [-49.2835, -27.8811], [-49.2994, -27.9017], [-49.3007, -27.9114], [-49.3058, -27.9164], [-49.3078, -27.941], [-49.3122, -27.959], [-49.3084, -27.9704], [-49.3167, -27.9826], [-49.3224, -27.9838], [-49.3388, -27.9873], [-49.3493, -27.9962], [-49.3471, -28.005], [-49.3545, -28.0137], [-49.3547, -28.0289], [-49.3711, -28.0457], [-49.366, -28.0521], [-49.3676, -28.0622], [-49.372, -28.066], [-49.389, -28.0685], [-49.3968, -28.0738], [-49.3965, -28.081], [-49.4042, -28.0823], [-49.3993, -28.0944], [-49.3886, -28.1034], [-49.3928, -28.1101], [-49.4121, -28.1162], [-49.4322, -28.1138], [-49.4418, -28.1282], [-49.4404, -28.1328], [-49.4534, -28.1392], [-49.4606, -28.1362], [-49.4753, -28.1351], [-49.4746, -28.1258], [-49.4859, -28.1277], [-49.4911, -28.1367], [-49.4905, -28.1457], [-49.5074, -28.1528], [-49.5098, -28.1679], [-49.5163, -28.1778], [-49.5297, -28.1873], [-49.5325, -28.2074], [-49.5296, -28.2135], [-49.5325, -28.2255], [-49.5413, -28.2351], [-49.5347, -28.2415], [-49.5318, -28.253], [-49.5422, -28.2582], [-49.5449, -28.2687], [-49.541, -28.2723], [-49.5295, -28.2666], [-49.523, -28.2755], [-49.5273, -28.2873], [-49.5217, -28.299], [-49.523, -28.307], [-49.5339, -28.3083], [-49.5388, -28.3388], [-49.531, -28.3468], [-49.5354, -28.3508], [-49.5497, -28.3523], [-49.5502, -28.3664], [-49.5583, -28.3719], [-49.5518, -28.3774], [-49.5509, -28.3847], [-49.5437, -28.3879], [-49.5524, -28.3997], [-49.5517, -28.4044], [-49.5668, -28.4163], [-49.5587, -28.4229], [-49.5579, -28.4311], [-49.5503, -28.437], [-49.5353, -28.4361], [-49.5466, -28.4427], [-49.5546, -28.4604], [-49.5625, -28.4675], [-49.5502, -28.4867], [-49.5571, -28.4956], [-49.5625, -28.4951], [-49.5695, -28.5026], [-49.5871, -28.5], [-49.5931, -28.5033], [-49.61, -28.5253], [-49.6205, -28.5325], [-49.6266, -28.5326], [-49.6495, -28.5469], [-49.6488, -28.5555], [-49.6561, -28.5655], [-49.6486, -28.5688], [-49.6468, -28.5897], [-49.6537, -28.6031], [-49.666, -28.6028], [-49.6708, -28.6155], [-49.6854, -28.6209], [-49.6912, -28.6261], [-49.7031, -28.6289], [-49.6914, -28.6214], [-49.7022, -28.6047], [-49.7102, -28.6043], [-49.7121, -28.5909], [-49.708, -28.5822], [-49.726, -28.5695], [-49.7311, -28.551], [-49.7461, -28.5498], [-49.7494, -28.5457], [-49.7467, -28.5354], [-49.7355, -28.5236], [-49.7269, -28.5189], [-49.7388, -28.5085], [-49.7393, -28.5003], [-49.7483, -28.494], [-49.7655, -28.5012], [-49.771, -28.4923], [-49.7652, -28.4843], [-49.7676, -28.4766], [-49.7643, -28.4627], [-49.781, -28.4718], [-49.778, -28.4773], [-49.786, -28.4877], [-49.7823, -28.4967], [-49.7909, -28.4964], [-49.7952, -28.4889], [-49.8038, -28.484], [-49.8088, -28.4692], [-49.8163, -28.469], [-49.8158, -28.4799], [-49.8242, -28.4788], [-49.8393, -28.4965], [-49.8521, -28.4881], [-49.8666, -28.4886], [-49.869, -28.4806], [-49.8629, -28.472], [-49.8636, -28.4628], [-49.8734, -28.4593], [-49.871, -28.4506], [-49.8605, -28.4502], [-49.8542, -28.4447], [-49.8702, -28.4416], [-49.8802, -28.4469], [-49.8929, -28.4403], [-49.898, -28.4456], [-49.8888, -28.4594], [-49.9004, -28.4647], [-49.9186, -28.4583], [-49.9285, -28.4512], [-49.9374, -28.4569], [-49.9289, -28.4668], [-49.9288, -28.4721], [-49.9423, -28.4824], [-49.9466, -28.48], [-49.9514, -28.4669], [-49.9522, -28.4508], [-49.9694, -28.4525], [-49.9708, -28.4402], [-49.981, -28.4406], [-49.9895, -28.4482], [-49.9894, -28.4572], [-50.0025, -28.458], [-50.0139, -28.4508], [-50.0239, -28.4594], [-50.0272, -28.4743], [-50.0395, -28.48], [-50.0514, -28.4761], [-50.0687, -28.4792], [-50.0728, -28.4808], [-50.082, -28.4734], [-50.0909, -28.4756], [-50.0972, -28.4844], [-50.1105, -28.4729], [-50.1222, -28.4763], [-50.1271, -28.4655], [-50.1135, -28.4518], [-50.1114, -28.4454], [-50.1158, -28.4371], [-50.1259, -28.4292], [-50.1294, -28.441], [-50.1392, -28.4432], [-50.1473, -28.4495], [-50.1466, -28.4572], [-50.1605, -28.4595], [-50.1592, -28.4647], [-50.1462, -28.4765], [-50.1394, -28.4933], [-50.1544, -28.4977], [-50.1626, -28.4953], [-50.1622, -28.4793], [-50.1651, -28.4709], [-50.1785, -28.4519], [-50.1883, -28.4535], [-50.1991, -28.4448], [-50.2158, -28.4603], [-50.2226, -28.4633], [-50.2357, -28.457], [-50.2424, -28.432], [-50.2468, -28.4283], [-50.2642, -28.4429], [-50.2503, -28.4471], [-50.2729, -28.4571], [-50.2921, -28.4515], [-50.3013, -28.4393], [-50.3146, -28.4378], [-50.3232, -28.4339], [-50.336, -28.4368], [-50.3404, -28.441], [-50.3368, -28.4558], [-50.3458, -28.4636], [-50.3521, -28.4573], [-50.352, -28.4492], [-50.3476, -28.4348], [-50.351, -28.4249], [-50.3611, -28.4196], [-50.3684, -28.4212], [-50.3769, -28.4349], [-50.3764, -28.4426], [-50.382, -28.447], [-50.3897, -28.4436], [-50.3945, -28.4334], [-50.4248, -28.4333], [-50.4359, -28.431], [-50.4493, -28.4215], [-50.4569, -28.4107], [-50.4704, -28.4149], [-50.5011, -28.4125], [-50.5136, -28.4046], [-50.5284, -28.4041], [-50.5316, -28.4078], [-50.5282, -28.4232], [-50.5309, -28.4286], [-50.5442, -28.4275], [-50.5506, -28.4201], [-50.5654, -28.4132], [-50.5694, -28.4034], [-50.5765, -28.3943], [-50.5932, -28.3816], [-50.6009, -28.3822], [-50.6046, -28.3881], [-50.6139, -28.3936], [-50.6257, -28.3921], [-50.6333, -28.3789], [-50.6288, -28.364], [-50.6455, -28.3483], [-50.6652, -28.3379], [-50.6586, -28.3258], [-50.6649, -28.3128], [-50.6776, -28.3], [-50.6952, -28.2885], [-50.6956, -28.2699], [-50.6993, -28.2663], [-50.7107, -28.2665], [-50.742, -28.2498], [-50.7491, -28.2485], [-50.7539, -28.2446], [-50.7529, -28.2332], [-50.7612, -28.195], [-50.7682, -28.189], [-50.7775, -28.2], [-50.7888, -28.1983], [-50.7892, -28.1892], [-50.7828, -28.176], [-50.7924, -28.1608], [-50.792, -28.1552], [-50.7847, -28.1465], [-50.7941, -28.1386], [-50.8182, -28.1413], [-50.8223, -28.1381], [-50.825, -28.124], [-50.8302, -28.1177], [-50.8368, -28.1194], [-50.859, -28.1397], [-50.872, -28.1374], [-50.8752, -28.1308], [-50.8692, -28.1164], [-50.8701, -28.1059], [-50.8759, -28.0951], [-50.8844, -28.0897], [-50.8994, -28.0897], [-50.9033, -28.0827], [-50.8985, -28.0755], [-50.8859, -28.0718], [-50.8754, -28.0544], [-50.8753, -28.0413], [-50.8897, -28.0229], [-50.908, -28.0149], [-50.9232, -28.012], [-50.9208, -28.0026], [-50.9279, -27.9906], [-50.9232, -27.9796], [-50.924, -27.9717], [-50.9309, -27.9676], [-50.947, -27.9672], [-50.9587, -27.96], [-50.9736, -27.9545], [-50.9784, -27.9482], [-50.986, -27.9405], [-50.9936, -27.946], [-51.0015, -27.9632], [-51.0092, -27.9644], [-51.019, -27.957], [-51.0216, -27.9452], [-51.0163, -27.9333], [-51.0199, -27.9225], [-51.0369, -27.9151], [-51.056, -27.9037], [-51.0583, -27.8968], [-51.0567, -27.8868], [-51.0534, -27.8689], [-51.0571, -27.866], [-51.0786, -27.8616], [-51.0766, -27.8418], [-51.0822, -27.8339], [-51.0983, -27.8274], [-51.121, -27.8326], [-51.1311, -27.8301], [-51.1293, -27.8229], [-51.1346, -27.8037], [-51.1543, -27.8038], [-51.1601, -27.8015], [-51.1878, -27.7777], [-51.1924, -27.7759], [-51.2094, -27.7775], [-51.2196, -27.77], [-51.2263, -27.7712], [-51.2317, -27.7779], [-51.2401, -27.779], [-51.2456, -27.7703], [-51.2455, -27.7614], [-51.2568, -27.7544], [-51.272, -27.7517], [-51.2746, -27.7485], [-51.2733, -27.7355], [-51.2742, -27.7258], [-51.2825, -27.723], [-51.2937, -27.7255], [-51.3088, -27.7195], [-51.3102, -27.7131], [-51.302, -27.7026], [-51.3113, -27.6958], [-51.3151, -27.6751], [-51.3271, -27.671], [-51.3401, -27.6742], [-51.3497, -27.6799], [-51.3601, -27.6788], [-51.3748, -27.6674], [-51.3779, -27.66], [-51.3698, -27.6405], [-51.3722, -27.6335], [-51.3813, -27.6255], [-51.3892, -27.6238], [-51.4053, -27.6319], [-51.4119, -27.6475], [-51.4192, -27.6546], [-51.4324, -27.6556], [-51.437, -27.6521], [-51.4366, -27.6298], [-51.4452, -27.6188], [-51.4573, -27.6075], [-51.4489, -27.5995], [-51.4468, -27.5921], [-51.4296, -27.5774], [-51.4226, -27.5663], [-51.4159, -27.5716], [-51.4077, -27.5943], [-51.384, -27.5958], [-51.3775, -27.5985], [-51.3752, -27.6113], [-51.3609, -27.614], [-51.3547, -27.608], [-51.3535, -27.5995], [-51.3428, -27.5936], [-51.3361, -27.6014], [-51.315, -27.6016], [-51.3114, -27.6138], [-51.2967, -27.6216], [-51.2856, -27.6299], [-51.2736, -27.6331], [-51.2542, -27.6315], [-51.25, -27.6272], [-51.2469, -27.6101], [-51.2327, -27.6007], [-51.2266, -27.5999], [-51.2195, -27.6058], [-51.2152, -27.6187], [-51.2059, -27.6175]]]}, "properties": {"codigo_ibge": "42010", "microrregiao": "Campos de Lages"}}, {"type": "Feature", "geometry": {"type": "MultiPolygon", "coordinates": [[[[-48.6365, -27.9562], [-48.6381, -27.9633], [-48.6498, -27.966], [-48.655, -27.9713], [-48.6604, -27.9843], [-48.6568, -27.9884], [-48.6716, -28.0038], [-48.6807, -28.0061], [-48.6872, -28.0191], [-48.6977, -28.0205], [-48.7089, -28.0298], [-48.7198, -28.0459], [-48.7216, -28.0608], [-48.7107, -28.0606], [-48.7044, -28.0789], [-48.707, -28.0826], [-48.7617, -28.0904], [-48.77, -28.0874], [-48.7878, -28.0914], [-48.7927, -28.0945], [-48.8075, -28.0935], [-48.8106, -28.0783], [-48.8179, -28.074], [-48.8259, -28.0762], [-48.8323, -28.0716], [-48.8647, -28.0783], [-48.869, -28.0804], [-48.8742, -28.0724], [-48.8887, -28.0824], [-48.8937, -28.08], [-48.8837, -28.0634], [-48.8808, -28.0504], [-48.8745, -28.0522], [-48.8638, -28.0468], [-48.8541, -28.0345], [-48.8536, -28.0211], [-48.849, -28.0171], [-48.8411, -27.9983], [-48.8434, -27.9904], [-48.8368, -27.9788], [-48.8384, -27.9634], [-48.8481, -27.9532], [-48.8405, -27.9434], [-48.8368, -27.9318], [-48.8457, -27.9228], [-48.8454, -27.9079], [-48.8422, -27.9012], [-48.8339, -27.9074], [-48.8238, -27.9059], [-48.824, -27.8926], [-48.837, -27.8873], [-48.8414, -27.8804], [-48.8439, -27.8668], [-48.842, -27.8615], [-48.8496, -27.8611], [-48.8531, -27.8699], [-48.8722, -27.8763], [-48.8763, -27.8718], [-48.876, -27.8614], [-48.8946, -27.8555], [-48.9008, -27.8436], [-48.911, -27.8438], [-48.9143, -27.8393], [-48.9016, -27.8204], [-48.8824, -27.8151], [-48.8771, -27.8131], [-48.8826, -27.795], [-48.8826, -27.7827], [-48.8691, -27.7631], [-48.8594, -27.7554], [-48.8658, -27.7399], [-48.8625, -27.7288], [-48.8676, -27.7157], [-48.856, -27.7143], [-48.8454, -27.7093], [-48.8391, -27.7161], [-48.8254, -27.7164], [-48.807, -27.7073], [-48.8119, -27.7039], [-48.8153, -27.6933], [-48.8295, -27.6924], [-48.8406, -27.6876], [-48.8413, -27.6791], [-48.8474, -27.6779], [-48.8631, -27.6599], [-48.8604, -27.6542], [-48.8405, -27.6317], [-48.8445, -27.6252], [-48.9501, -27.6266], [-48.9566, -27.6201], [-48.9579, -27.6122], [-48.9539, -27.6009], [-48.9483, -27.6015], [-48.934, -27.5928], [-48.935, -27.5853], [-48.9267, -27.5825], [-48.9206, -27.557], [-48.9193, -27.5481], [-48.9233, -27.5421], [-48.9127, -27.5198], [-48.9079, -27.5155], [-48.9048, -27.4984], [-48.8997, -27.4931], [-48.8977, -27.4781], [-48.9095, -27.4702], [-48.9206, -27.4674], [-48.9195, -27.4616], [-48.899, -27.446], [-48.8885, -27.4401], [-48.8839, -27.4326], [-48.8679, -27.4331], [-48.8549, -27.4219], [-48.8499, -27.4137], [-48.8352, -27.3965], [-48.8183, -27.3867], [-48.8144, -27.3751], [-48.8006, -27.3583], [-48.7936, -27.3532], [-48.7583, -27.3433], [-48.7517, -27.3463], [-48.7428, -27.3417], [-48.7296, -27.3409], [-48.7054, -27.3548], [-48.6946, -27.3512], [-48.6885, -27.3419], [-48.6722, -27.3422], [-48.6633, -27.3473], [-48.6559, -27.3358], [-48.6614, -27.3256], [-48.6539, -27.3207], [-48.6366, -27.3274], [-48.6271, -27.3249], [-48.597718710474425, -27.31689519046981], [-48.5975, -27.317111], [-48.596722, -27.317083], [-48.595417, -27.318389], [-48.595389, -27.319194], [-48.595, -27.319583], [-48.594167, -27.319611], [-48.593389, -27.320417], [-48.59, -27.320417], [-48.589194, -27.32125], [-48.588361, -27.32125], [-48.587111, -27.320028], [-48.58709571795187, -27.31911817234875], [-48.5851, -27.3199], [-48.579833314285715, -27.312944], [-48.57952923076921, -27.312944], [-48.579129045302686, -27.313009030138314], [-48.578333, -27.313806], [-48.577556, -27.313778], [-48.576639, -27.314611], [-48.574194, -27.314583], [-48.57351684448732, -27.31392101277081], [-48.5651620120299, -27.31527867304514], [-48.564222, -27.316306], [-48.5625, -27.316278], [-48.562111, -27.315861], [-48.56210109504209, -27.315271301255667], [-48.559664666885965, -27.31494332054234], [-48.559167, -27.315417], [-48.558333, -27.315389], [-48.55759971130217, -27.314665345752214], [-48.5534, -27.3141], [-48.5439, -27.3015], [-48.542091166689325, -27.30300225139361], [-48.542111, -27.304222], [-48.540472, -27.305861], [-48.540417, -27.308361], [-48.541278, -27.309194], [-48.541278, -27.312528], [-48.542917, -27.314194], [-48.542917, -27.316667], [-48.542139, -27.317528], [-48.542083, -27.320028], [-48.541278, -27.320889], [-48.541222, -27.323333], [-48.540444, -27.324194], [-48.540444, -27.326722], [-48.539611, -27.327556], [-48.539583, -27.328361], [-48.5325, -27.335389], [-48.53, -27.335472], [-48.528599984002135, -27.33402500359952], [-48.5256, -27.3347], [-48.52593751564225, -27.33625257195436], [-48.526694, -27.336278], [-48.527083, -27.336667], [-48.527083, -27.339194], [-48.527972, -27.34], [-48.527944, -27.340806], [-48.529583, -27.3425], [-48.529611, -27.343361], [-48.529167, -27.34375], [-48.52756152901757, -27.3437230334808], [-48.52806046218263, -27.34601812604008], [-48.52838056540712, -27.346342376475253], [-48.52990460248583, -27.347115768425645], [-48.530056, -27.347111], [-48.530221249887354, -27.347276455166714], [-48.5314835, -27.347917], [-48.531639, -27.347917], [-48.53182270697674, -27.34808913488372], [-48.533125, -27.34875], [-48.533361, -27.34875], [-48.53356210525825, -27.348971814608664], [-48.53479381470973, -27.349596861195984], [-48.535, -27.349583], [-48.537083, -27.351694], [-48.537111, -27.3525], [-48.53590265501747, -27.35369557577919], [-48.53681786519822, -27.357094927879093], [-48.537528, -27.357083], [-48.538722, -27.358361], [-48.538778, -27.361694], [-48.537917, -27.362528], [-48.537944, -27.364194], [-48.537111, -27.365056], [-48.537139, -27.366694], [-48.536667, -27.367083], [-48.535833, -27.367083], [-48.535444, -27.367528], [-48.535417, -27.369194], [-48.535, -27.369583], [-48.534167, -27.369639], [-48.533778, -27.370028], [-48.53375, -27.370833], [-48.534583, -27.371694], [-48.534556, -27.3725], [-48.532139, -27.375028], [-48.532111, -27.375833], [-48.5309697815126, -27.376974218487398], [-48.53321832080307, -27.381251927381463], [-48.533333, -27.38125], [-48.533778, -27.381667], [-48.53375810308123, -27.3822788302521], [-48.534043189189184, -27.38282118918919], [-48.535833, -27.384611], [-48.5375, -27.384583], [-48.537972, -27.384194], [-48.537944, -27.381667], [-48.53875, -27.380833], [-48.538778, -27.379167], [-48.539639, -27.378333], [-48.539611, -27.376722], [-48.540861, -27.375417], [-48.544194, -27.375417], [-48.545444, -27.374194], [-48.545472, -27.372528], [-48.544583, -27.371694], [-48.544583, -27.369194], [-48.545444, -27.368333], [-48.545444, -27.367528], [-48.545861, -27.367083], [-48.546694, -27.367111], [-48.547139, -27.366694], [-48.547083, -27.365833], [-48.547556, -27.365389], [-48.551667, -27.365417], [-48.552556, -27.366278], [-48.554139, -27.36625], [-48.555028, -27.367083], [-48.555861, -27.367083], [-48.556667, -27.367972], [-48.5575, -27.367917], [-48.557944, -27.368333], [-48.557944, -27.369194], [-48.558806, -27.37], [-48.558806, -27.370861], [-48.559611, -27.371694], [-48.559583, -27.373333], [-48.558778, -27.374194], [-48.558778, -27.375], [-48.557917, -27.375833], [-48.557972, -27.376694], [-48.559222, -27.377917], [-48.560056, -27.377944], [-48.56375, -27.381667], [-48.563778, -27.383333], [-48.564611, -27.384194], [-48.564639, -27.385], [-48.565472, -27.385833], [-48.564611, -27.386667], [-48.564583, -27.390861], [-48.565472, -27.391667], [-48.565444, -27.392528], [-48.56625, -27.393333], [-48.566306, -27.397528], [-48.567111, -27.398333], [-48.56625, -27.399194], [-48.566278, -27.400861], [-48.563333, -27.403778], [-48.5625, -27.40375], [-48.561694, -27.402944], [-48.560861, -27.402944], [-48.560444, -27.403389], [-48.560389, -27.405833], [-48.561278, -27.406667], [-48.561278, -27.407528], [-48.561694, -27.407917], [-48.562528, -27.407944], [-48.564194, -27.40625], [-48.565, -27.406278], [-48.568778, -27.410056], [-48.56875, -27.411667], [-48.569639, -27.412528], [-48.569583, -27.414194], [-48.568333, -27.415444], [-48.564167, -27.415417], [-48.563778, -27.415861], [-48.56375, -27.416667], [-48.564583, -27.417556], [-48.564611, -27.418361], [-48.565444, -27.419167], [-48.565417, -27.420028], [-48.567944, -27.422472], [-48.567917, -27.423333], [-48.568806, -27.424167], [-48.568778, -27.425028], [-48.569222, -27.425417], [-48.57, -27.425444], [-48.570861, -27.42625], [-48.571694, -27.426278], [-48.572083, -27.426667], [-48.572056, -27.427528], [-48.5725, -27.427944], [-48.574167, -27.427917], [-48.575056, -27.428778], [-48.576667, -27.42875], [-48.5825, -27.434583], [-48.5875, -27.434611], [-48.588361, -27.433778], [-48.591694, -27.433778], [-48.595056, -27.430444], [-48.595833, -27.430472], [-48.596278, -27.430028], [-48.596306, -27.429167], [-48.597472, -27.427917], [-48.598389, -27.427944], [-48.599167, -27.427083], [-48.600833, -27.427111], [-48.601694, -27.426278], [-48.602528, -27.426278], [-48.603306, -27.425444], [-48.608333, -27.425417], [-48.609194, -27.426278], [-48.610806, -27.42625], [-48.611694, -27.427139], [-48.613361, -27.427111], [-48.614167, -27.427917], [-48.615, -27.427944], [-48.615889, -27.42875], [-48.618333, -27.428806], [-48.619222, -27.429611], [-48.620889, -27.429583], [-48.621694, -27.430444], [-48.622528, -27.430417], [-48.623361, -27.431278], [-48.625028, -27.43125], [-48.625472, -27.431667], [-48.625444, -27.432528], [-48.62625, -27.433333], [-48.62625, -27.434194], [-48.627111, -27.435028], [-48.627083, -27.437528], [-48.627944, -27.438361], [-48.627972, -27.440889], [-48.628778, -27.441694], [-48.628722, -27.444167], [-48.629611, -27.445028], [-48.629611, -27.448361], [-48.630056, -27.44875], [-48.630889, -27.448778], [-48.631694, -27.449583], [-48.632528, -27.449611], [-48.633778, -27.450889], [-48.633778, -27.451694], [-48.637111, -27.455], [-48.637139, -27.456667], [-48.637944, -27.457556], [-48.637972, -27.46], [-48.638778, -27.460833], [-48.63875, -27.461694], [-48.639639, -27.4625], [-48.639611, -27.464222], [-48.640417, -27.464972], [-48.640472, -27.468361], [-48.639556, -27.469194], [-48.639611, -27.47], [-48.640056, -27.470417], [-48.640833, -27.470444], [-48.642139, -27.471667], [-48.642111, -27.476694], [-48.64125, -27.477556], [-48.641306, -27.478361], [-48.644194, -27.48125], [-48.645861, -27.481222], [-48.646667, -27.482111], [-48.6475, -27.482111], [-48.647944, -27.482528], [-48.647944, -27.483333], [-48.649639, -27.485028], [-48.649556, -27.488333], [-48.648778, -27.489194], [-48.64875, -27.490056], [-48.644611, -27.494222], [-48.644611, -27.495028], [-48.64375, -27.495861], [-48.643806, -27.496667], [-48.642944, -27.4975], [-48.642917, -27.499167], [-48.642111, -27.500028], [-48.642083, -27.504194], [-48.641306, -27.505], [-48.641278, -27.505861], [-48.640444, -27.506694], [-48.640417, -27.507556], [-48.640028, -27.507944], [-48.638361, -27.507917], [-48.637944, -27.508361], [-48.637944, -27.509167], [-48.63875, -27.51], [-48.638778, -27.511722], [-48.639611, -27.512528], [-48.63875, -27.513361], [-48.638806, -27.514167], [-48.637944, -27.515028], [-48.637917, -27.515833], [-48.637528, -27.516278], [-48.636694, -27.51625], [-48.634583, -27.518333], [-48.634556, -27.522528], [-48.635444, -27.523333], [-48.635417, -27.525], [-48.634611, -27.525861], [-48.634611, -27.526722], [-48.633806, -27.527556], [-48.633778, -27.530028], [-48.634583, -27.530833], [-48.634556, -27.531694], [-48.632917, -27.533389], [-48.632972, -27.534194], [-48.630861, -27.536278], [-48.630028, -27.53625], [-48.628389, -27.537944], [-48.6275, -27.537944], [-48.625056, -27.540472], [-48.623389, -27.540444], [-48.621278, -27.542528], [-48.621306, -27.544194], [-48.620861, -27.544583], [-48.620028, -27.544556], [-48.619167, -27.545417], [-48.6175, -27.545444], [-48.615444, -27.547528], [-48.615444, -27.550861], [-48.616694, -27.552083], [-48.618306, -27.552111], [-48.618806, -27.5525], [-48.618806, -27.553306], [-48.619611, -27.554194], [-48.619611, -27.555056], [-48.620472, -27.555861], [-48.620417, -27.558333], [-48.619639, -27.559167], [-48.619611, -27.560028], [-48.618778, -27.560861], [-48.618806, -27.561667], [-48.613361, -27.567083], [-48.612528, -27.567139], [-48.610806, -27.56875], [-48.610056, -27.56875], [-48.609583, -27.569194], [-48.609639, -27.57], [-48.609167, -27.570444], [-48.608333, -27.570444], [-48.606694, -27.572139], [-48.605861, -27.572111], [-48.605, -27.572944], [-48.604167, -27.572944], [-48.603389, -27.573778], [-48.600861, -27.57375], [-48.6, -27.574583], [-48.598333, -27.574611], [-48.5975, -27.575472], [-48.596722, -27.575444], [-48.595861, -27.576306], [-48.593361, -27.57625], [-48.5925, -27.577083], [-48.589167, -27.577083], [-48.588361, -27.577944], [-48.583361, -27.577917], [-48.582556, -27.57875], [-48.580833, -27.578778], [-48.580028, -27.579639], [-48.578361, -27.579611], [-48.577917, -27.580056], [-48.577944, -27.580861], [-48.579583, -27.582556], [-48.579639, -27.583333], [-48.580444, -27.584222], [-48.580444, -27.585028], [-48.579583, -27.585806], [-48.579556, -27.586667], [-48.577917, -27.588361], [-48.577972, -27.589167], [-48.575861, -27.59125], [-48.575028, -27.591222], [-48.572528, -27.593778], [-48.571694, -27.59375], [-48.571306, -27.594194], [-48.571278, -27.595], [-48.570417, -27.595861], [-48.570472, -27.596639], [-48.571278, -27.597528], [-48.571278, -27.598333], [-48.574972, -27.602111], [-48.576722, -27.602083], [-48.577083, -27.602556], [-48.577111, -27.604167], [-48.576667, -27.604611], [-48.575833, -27.604583], [-48.574639, -27.605833], [-48.574611, -27.606694], [-48.575806, -27.607917], [-48.576722, -27.607944], [-48.578778, -27.610028], [-48.578806, -27.612556], [-48.579167, -27.612972], [-48.582528, -27.612972], [-48.583361, -27.612111], [-48.584222, -27.612139], [-48.585472, -27.613361], [-48.584611, -27.614194], [-48.585889, -27.615417], [-48.587556, -27.615444], [-48.58875, -27.616667], [-48.587944, -27.617528], [-48.590833, -27.620444], [-48.593333, -27.617972], [-48.597528, -27.617917], [-48.598306, -27.617083], [-48.600056, -27.617111], [-48.60125, -27.615861], [-48.60125, -27.615], [-48.600444, -27.614194], [-48.600444, -27.613333], [-48.601306, -27.612472], [-48.601278, -27.610889], [-48.600833, -27.610417], [-48.6, -27.610389], [-48.59875, -27.609167], [-48.599139, -27.608778], [-48.600028, -27.608806], [-48.600444, -27.608333], [-48.600472, -27.606694], [-48.599583, -27.605861], [-48.599611, -27.605], [-48.600861, -27.603778], [-48.602528, -27.60375], [-48.603361, -27.604611], [-48.605028, -27.604583], [-48.606722, -27.602944], [-48.612528, -27.602944], [-48.613333, -27.60375], [-48.615833, -27.60375], [-48.616722, -27.604611], [-48.620833, -27.604583], [-48.621722, -27.605444], [-48.623333, -27.605417], [-48.624222, -27.606278], [-48.625, -27.606306], [-48.625806, -27.607056], [-48.627556, -27.607083], [-48.628806, -27.608306], [-48.628778, -27.609167], [-48.629611, -27.61], [-48.629556, -27.611722], [-48.628778, -27.612556], [-48.62875, -27.619139], [-48.629194, -27.619611], [-48.630028, -27.619639], [-48.631306, -27.620861], [-48.631278, -27.621722], [-48.630417, -27.622556], [-48.630417, -27.623361], [-48.632917, -27.625861], [-48.632917, -27.626722], [-48.633806, -27.627472], [-48.633778, -27.630861], [-48.632944, -27.631694], [-48.632917, -27.6325], [-48.632111, -27.633361], [-48.632111, -27.634167], [-48.63125, -27.635], [-48.631278, -27.636667], [-48.633361, -27.63875], [-48.634194, -27.638778], [-48.638361, -27.642972], [-48.639194, -27.642944], [-48.640444, -27.641694], [-48.640472, -27.640028], [-48.64375, -27.636694], [-48.643778, -27.635833], [-48.644167, -27.635389], [-48.647528, -27.638778], [-48.648361, -27.638722], [-48.649167, -27.639611], [-48.650833, -27.639583], [-48.651667, -27.640444], [-48.653389, -27.640417], [-48.655028, -27.642111], [-48.655861, -27.642139], [-48.656694, -27.642944], [-48.657528, -27.642944], [-48.658778, -27.644167], [-48.658778, -27.645028], [-48.659139, -27.645444], [-48.660056, -27.645417], [-48.660417, -27.645806], [-48.660472, -27.646667], [-48.662111, -27.648361], [-48.662083, -27.649222], [-48.660444, -27.650861], [-48.660417, -27.651667], [-48.658333, -27.653806], [-48.656639, -27.653778], [-48.65625, -27.654167], [-48.65625, -27.655028], [-48.657944, -27.656722], [-48.657917, -27.657528], [-48.657528, -27.657917], [-48.655861, -27.657944], [-48.655028, -27.657056], [-48.653361, -27.657083], [-48.65125, -27.659167], [-48.65125, -27.660028], [-48.649583, -27.661667], [-48.649639, -27.662528], [-48.647528, -27.664611], [-48.646694, -27.664611], [-48.645861, -27.665444], [-48.645, -27.665444], [-48.644167, -27.666278], [-48.643389, -27.666278], [-48.642528, -27.667111], [-48.640861, -27.667083], [-48.63875, -27.669167], [-48.638778, -27.677528], [-48.639139, -27.677944], [-48.640056, -27.677944], [-48.64125, -27.679167], [-48.641306, -27.682556], [-48.640833, -27.682944], [-48.639167, -27.682917], [-48.638778, -27.683389], [-48.63875, -27.684167], [-48.639583, -27.685], [-48.639611, -27.685861], [-48.639167, -27.686306], [-48.637556, -27.686278], [-48.637083, -27.686667], [-48.637111, -27.688333], [-48.637944, -27.689194], [-48.637556, -27.689611], [-48.636694, -27.689583], [-48.635861, -27.690444], [-48.635417, -27.690028], [-48.635417, -27.689167], [-48.636278, -27.688389], [-48.636278, -27.685861], [-48.635833, -27.685444], [-48.635056, -27.685444], [-48.634583, -27.685889], [-48.634639, -27.686694], [-48.632528, -27.688778], [-48.630861, -27.68875], [-48.629611, -27.689972], [-48.630444, -27.690861], [-48.630472, -27.691667], [-48.631667, -27.692944], [-48.6325, -27.692944], [-48.637556, -27.697972], [-48.639222, -27.697944], [-48.639611, -27.697556], [-48.639639, -27.696694], [-48.640417, -27.695833], [-48.640444, -27.694972], [-48.640833, -27.694583], [-48.643361, -27.694639], [-48.643806, -27.695028], [-48.643333, -27.695417], [-48.642556, -27.695417], [-48.64125, -27.696667], [-48.641278, -27.698361], [-48.642917, -27.7], [-48.642889, -27.700861], [-48.642111, -27.701722], [-48.642083, -27.7025], [-48.641306, -27.703361], [-48.641278, -27.705028], [-48.642972, -27.706722], [-48.642917, -27.708361], [-48.642528, -27.708778], [-48.641694, -27.70875], [-48.640833, -27.709583], [-48.64, -27.709583], [-48.637972, -27.711667], [-48.637944, -27.713333], [-48.637139, -27.714167], [-48.637083, -27.716694], [-48.637917, -27.7175], [-48.637944, -27.718306], [-48.638778, -27.719194], [-48.63875, -27.72], [-48.639583, -27.720861], [-48.639611, -27.722528], [-48.640417, -27.723333], [-48.640417, -27.726722], [-48.641306, -27.727472], [-48.641222, -27.733333], [-48.640444, -27.734167], [-48.640417, -27.735028], [-48.634639, -27.740833], [-48.634611, -27.741694], [-48.635, -27.742111], [-48.635833, -27.742111], [-48.636278, -27.742528], [-48.63625, -27.743333], [-48.634222, -27.745417], [-48.633361, -27.745389], [-48.631667, -27.747083], [-48.630833, -27.747083], [-48.629194, -27.74875], [-48.6275, -27.748722], [-48.626722, -27.749583], [-48.625806, -27.749556], [-48.625, -27.748806], [-48.624222, -27.748778], [-48.623361, -27.749639], [-48.622556, -27.74875], [-48.620028, -27.748778], [-48.618778, -27.750028], [-48.61875, -27.751667], [-48.619556, -27.7525], [-48.619583, -27.754222], [-48.620417, -27.755028], [-48.620472, -27.755833], [-48.621278, -27.756694], [-48.62125, -27.7575], [-48.620417, -27.758361], [-48.620444, -27.759222], [-48.619583, -27.760056], [-48.619556, -27.761667], [-48.618778, -27.7625], [-48.618722, -27.764167], [-48.617944, -27.765], [-48.617917, -27.772528], [-48.619167, -27.773806], [-48.620833, -27.773778], [-48.621694, -27.772917], [-48.622528, -27.772944], [-48.623333, -27.772083], [-48.626667, -27.772083], [-48.627528, -27.77125], [-48.629194, -27.771278], [-48.632917, -27.775], [-48.632889, -27.779194], [-48.632111, -27.780028], [-48.632083, -27.780833], [-48.632972, -27.781667], [-48.632944, -27.783389], [-48.63375, -27.784194], [-48.633778, -27.785861], [-48.634611, -27.786667], [-48.634583, -27.787528], [-48.635417, -27.788333], [-48.635417, -27.790806], [-48.63625, -27.791694], [-48.636278, -27.792556], [-48.632528, -27.79625], [-48.631694, -27.79625], [-48.630806, -27.795417], [-48.630028, -27.795417], [-48.622528, -27.787944], [-48.620028, -27.787917], [-48.617917, -27.79], [-48.617917, -27.792528], [-48.618806, -27.793389], [-48.618778, -27.795], [-48.619583, -27.795861], [-48.619583, -27.796667], [-48.620444, -27.797556], [-48.620444, -27.798333], [-48.62125, -27.799167], [-48.62125, -27.800028], [-48.622111, -27.800833], [-48.622111, -27.801694], [-48.623806, -27.803333], [-48.623778, -27.804194], [-48.624611, -27.805], [-48.624583, -27.805861], [-48.625472, -27.806694], [-48.625472, -27.81], [-48.626278, -27.810889], [-48.626278, -27.811694], [-48.625417, -27.812528], [-48.625444, -27.816722], [-48.624583, -27.817556], [-48.624639, -27.818361], [-48.623778, -27.819194], [-48.623778, -27.82], [-48.622917, -27.820861], [-48.622889, -27.821694], [-48.622111, -27.8225], [-48.622083, -27.823361], [-48.623333, -27.824583], [-48.625861, -27.824611], [-48.626306, -27.825028], [-48.625056, -27.826278], [-48.622528, -27.826278], [-48.621639, -27.825417], [-48.620889, -27.825444], [-48.618361, -27.822944], [-48.617528, -27.822944], [-48.616667, -27.823778], [-48.609194, -27.82375], [-48.608333, -27.824611], [-48.593389, -27.824583], [-48.592528, -27.825417], [-48.591694, -27.825417], [-48.589639, -27.8275], [-48.589611, -27.828361], [-48.588778, -27.829194], [-48.588778, -27.835028], [-48.589583, -27.835861], [-48.589611, -27.843361], [-48.587972, -27.845], [-48.587944, -27.845861], [-48.587556, -27.846306], [-48.586694, -27.846278], [-48.585861, -27.847139], [-48.58530901710549, -27.847129803022288], [-48.59453113043478, -27.850444], [-48.595, -27.850444], [-48.59530789658606, -27.850723150335615], [-48.5958, -27.8509], [-48.59603507020873, -27.851254909922982], [-48.596722, -27.851278], [-48.597472, -27.852083], [-48.598389, -27.852111], [-48.600472, -27.854139], [-48.600444, -27.855], [-48.602139, -27.856694], [-48.602139, -27.857556], [-48.602944, -27.858306], [-48.602917, -27.859167], [-48.603806, -27.86], [-48.603806, -27.863306], [-48.604611, -27.864194], [-48.604611, -27.8675], [-48.605444, -27.868333], [-48.605444, -27.874167], [-48.604639, -27.875028], [-48.604611, -27.875889], [-48.603778, -27.876667], [-48.603806, -27.877528], [-48.602111, -27.879222], [-48.602083, -27.880028], [-48.600444, -27.881639], [-48.600417, -27.8825], [-48.597528, -27.885444], [-48.596667, -27.885417], [-48.595889, -27.886278], [-48.594194, -27.886306], [-48.592111, -27.884194], [-48.592111, -27.884053106666666], [-48.5906, -27.885], [-48.58680751536094, -27.88199761632741], [-48.586694, -27.882111], [-48.585861, -27.882083], [-48.584194, -27.883778], [-48.582528, -27.88375], [-48.582083, -27.883333], [-48.582111, -27.882528], [-48.58207482701251, -27.882490611113774], [-48.577917, -27.883931118110237], [-48.577917, -27.885028], [-48.576278, -27.886667], [-48.57625, -27.890861], [-48.577056, -27.891667], [-48.577083, -27.893389], [-48.577917, -27.894139], [-48.577944, -27.895], [-48.580861, -27.897917], [-48.582528, -27.897944], [-48.584611, -27.900056], [-48.584570257517434, -27.901887189398366], [-48.587, -27.9044], [-48.58890361373635, -27.906259599545905], [-48.589194, -27.90625], [-48.590833, -27.904639], [-48.591667, -27.904583], [-48.592528, -27.903806], [-48.593361, -27.90375], [-48.594194, -27.904583], [-48.595028, -27.904583], [-48.596278, -27.905806], [-48.596278, -27.906667], [-48.595861, -27.907139], [-48.595028, -27.907111], [-48.594139, -27.906306], [-48.591694, -27.90625], [-48.590444, -27.907556], [-48.5904372329171, -27.907757759323633], [-48.59231997337919, -27.90959696821435], [-48.592528, -27.909583], [-48.593361, -27.910417], [-48.594194, -27.910417], [-48.596722, -27.912917], [-48.597472, -27.912944], [-48.597917, -27.913361], [-48.597972, -27.914222], [-48.602528, -27.91875], [-48.603361, -27.918778], [-48.605444, -27.920861], [-48.605417, -27.921667], [-48.607944, -27.924194], [-48.607917, -27.925028], [-48.608361, -27.925444], [-48.609194, -27.925417], [-48.611278, -27.9275], [-48.611278, -27.928361], [-48.611639, -27.928778], [-48.612556, -27.928778], [-48.61375, -27.93], [-48.613722, -27.930861], [-48.61625, -27.933333], [-48.616306, -27.934194], [-48.617944, -27.935861], [-48.617917, -27.936667], [-48.619556, -27.938361], [-48.619611, -27.939167], [-48.620444, -27.940028], [-48.620417, -27.940833], [-48.622111, -27.942528], [-48.622111, -27.943333], [-48.622917, -27.944194], [-48.622917, -27.945], [-48.623778, -27.945833], [-48.62311009665427, -27.946500903345726], [-48.6365, -27.9562]]], [[[-48.580997268292684, -27.845580268292682], [-48.580861, -27.845444], [-48.58061808695652, -27.845444], [-48.580997268292684, -27.845580268292682]]], [[[-48.56957592156863, -27.837111], [-48.570028, -27.837111], [-48.570833, -27.837944], [-48.572528, -27.837972], [-48.573778, -27.836667], [-48.57375, -27.832528], [-48.572917, -27.831667], [-48.572944, -27.830861], [-48.572111, -27.830056], [-48.572972, -27.829194], [-48.572917, -27.828333], [-48.572111, -27.827528], [-48.572139, -27.826667], [-48.571306, -27.825861], [-48.57125, -27.825056], [-48.56875, -27.822472], [-48.568778, -27.818361], [-48.5675, -27.817083], [-48.566667, -27.817111], [-48.565028, -27.815417], [-48.564194, -27.815472], [-48.563806, -27.815], [-48.563778, -27.814139], [-48.562944, -27.813389], [-48.56375, -27.812528], [-48.56375, -27.811667], [-48.566278, -27.809194], [-48.566306, -27.807472], [-48.567083, -27.806694], [-48.567111, -27.805833], [-48.568361, -27.804611], [-48.569194, -27.804611], [-48.570444, -27.803389], [-48.570389, -27.8], [-48.568333, -27.797889], [-48.567556, -27.797944], [-48.563778, -27.794194], [-48.563806, -27.7925], [-48.565833, -27.790472], [-48.566694, -27.790417], [-48.567528, -27.789583], [-48.568306, -27.789583], [-48.568778, -27.789194], [-48.568722, -27.788389], [-48.569194, -27.787944], [-48.570028, -27.787944], [-48.570833, -27.788778], [-48.571694, -27.788778], [-48.5725, -27.789611], [-48.573333, -27.789611], [-48.574583, -27.788333], [-48.573778, -27.7875], [-48.57375, -27.785056], [-48.575417, -27.783361], [-48.575417, -27.7825], [-48.575833, -27.782111], [-48.576722, -27.782111], [-48.577917, -27.780861], [-48.577917, -27.780028], [-48.578778, -27.779167], [-48.57875, -27.7775], [-48.577944, -27.776694], [-48.577889, -27.775833], [-48.577083, -27.775028], [-48.577111, -27.773361], [-48.576222, -27.772528], [-48.57625, -27.771667], [-48.576639, -27.771222], [-48.577556, -27.77125], [-48.577944, -27.770861], [-48.577111, -27.770028], [-48.577083, -27.769167], [-48.578389, -27.767944], [-48.579167, -27.767944], [-48.580028, -27.767111], [-48.580861, -27.767111], [-48.581722, -27.766278], [-48.5825, -27.766278], [-48.583333, -27.765444], [-48.584167, -27.765444], [-48.585444, -27.764167], [-48.585444, -27.763361], [-48.584194, -27.762083], [-48.58, -27.762111], [-48.579194, -27.76125], [-48.576667, -27.76125], [-48.575861, -27.760444], [-48.575028, -27.760417], [-48.574194, -27.759611], [-48.573361, -27.759583], [-48.572917, -27.759194], [-48.572944, -27.758389], [-48.571667, -27.757111], [-48.569167, -27.757111], [-48.564639, -27.7525], [-48.564639, -27.751694], [-48.563778, -27.750833], [-48.56375, -27.748306], [-48.562944, -27.747556], [-48.562917, -27.7425], [-48.566278, -27.739194], [-48.565389, -27.738361], [-48.565444, -27.735861], [-48.56625, -27.735], [-48.566278, -27.730833], [-48.567139, -27.729972], [-48.567111, -27.728361], [-48.567944, -27.727528], [-48.567972, -27.724139], [-48.56875, -27.723361], [-48.568806, -27.721694], [-48.569583, -27.720861], [-48.569639, -27.718333], [-48.567556, -27.716222], [-48.565889, -27.71625], [-48.565444, -27.715861], [-48.565472, -27.715], [-48.564583, -27.714167], [-48.564583, -27.710861], [-48.561694, -27.707944], [-48.560861, -27.707917], [-48.560417, -27.707528], [-48.560444, -27.706667], [-48.557528, -27.703806], [-48.556694, -27.703778], [-48.55625, -27.703306], [-48.556306, -27.701722], [-48.555417, -27.700833], [-48.555444, -27.699167], [-48.555833, -27.698778], [-48.556694, -27.698806], [-48.557944, -27.6975], [-48.557972, -27.695833], [-48.559167, -27.694611], [-48.560889, -27.694639], [-48.561722, -27.695444], [-48.565889, -27.695417], [-48.566722, -27.696278], [-48.568389, -27.69625], [-48.569194, -27.695417], [-48.570028, -27.695417], [-48.571278, -27.694194], [-48.571278, -27.693389], [-48.570417, -27.6925], [-48.570417, -27.691694], [-48.571667, -27.690472], [-48.5725, -27.690417], [-48.57375, -27.689194], [-48.573778, -27.688333], [-48.574639, -27.687472], [-48.574639, -27.684167], [-48.57375, -27.683333], [-48.573778, -27.682472], [-48.57125, -27.680028], [-48.571278, -27.679167], [-48.573333, -27.677083], [-48.574222, -27.677111], [-48.575472, -27.675861], [-48.575444, -27.674194], [-48.574194, -27.672917], [-48.5725, -27.672944], [-48.571694, -27.672083], [-48.570861, -27.672111], [-48.568778, -27.670028], [-48.568806, -27.669167], [-48.567917, -27.668333], [-48.567944, -27.667528], [-48.567111, -27.666667], [-48.567139, -27.665861], [-48.565444, -27.664167], [-48.565444, -27.663361], [-48.564583, -27.6625], [-48.564583, -27.661694], [-48.563778, -27.660833], [-48.563806, -27.659222], [-48.562917, -27.658333], [-48.562944, -27.657528], [-48.562139, -27.656667], [-48.562111, -27.655], [-48.561278, -27.654194], [-48.561306, -27.653333], [-48.558333, -27.650417], [-48.5575, -27.650389], [-48.555861, -27.64875], [-48.555028, -27.64875], [-48.554222, -27.647944], [-48.552528, -27.647917], [-48.551722, -27.647139], [-48.549222, -27.647111], [-48.548333, -27.646278], [-48.5475, -27.646278], [-48.546667, -27.645389], [-48.544222, -27.645472], [-48.543306, -27.64625], [-48.542528, -27.646306], [-48.541694, -27.647139], [-48.540861, -27.647111], [-48.54, -27.647972], [-48.539167, -27.647944], [-48.538361, -27.648806], [-48.535028, -27.648806], [-48.534167, -27.649583], [-48.531667, -27.649583], [-48.530861, -27.650444], [-48.530028, -27.650417], [-48.529167, -27.651278], [-48.528333, -27.65125], [-48.527972, -27.650833], [-48.527944, -27.645861], [-48.527139, -27.645056], [-48.527111, -27.643333], [-48.527944, -27.642472], [-48.527917, -27.638361], [-48.528778, -27.6375], [-48.528778, -27.629194], [-48.529611, -27.628361], [-48.529611, -27.625833], [-48.530472, -27.625], [-48.530444, -27.623389], [-48.531306, -27.622556], [-48.531306, -27.620028], [-48.532083, -27.619167], [-48.532139, -27.616722], [-48.532917, -27.615861], [-48.532972, -27.614222], [-48.533361, -27.61375], [-48.534194, -27.613778], [-48.535, -27.612917], [-48.535889, -27.612944], [-48.536667, -27.612111], [-48.5375, -27.612111], [-48.538361, -27.611278], [-48.540056, -27.61125], [-48.542944, -27.614167], [-48.542972, -27.615028], [-48.543361, -27.615417], [-48.544194, -27.615444], [-48.546639, -27.617944], [-48.549167, -27.617944], [-48.550472, -27.616694], [-48.550417, -27.615833], [-48.551667, -27.614611], [-48.5525, -27.614611], [-48.55375, -27.613361], [-48.552944, -27.6125], [-48.552972, -27.611694], [-48.552139, -27.610889], [-48.552111, -27.610028], [-48.551278, -27.609194], [-48.551278, -27.605889], [-48.552944, -27.604194], [-48.552917, -27.601667], [-48.553389, -27.601278], [-48.554167, -27.601278], [-48.555861, -27.599611], [-48.556694, -27.599611], [-48.558333, -27.597917], [-48.560861, -27.597972], [-48.561722, -27.597139], [-48.562556, -27.597139], [-48.563333, -27.596306], [-48.565833, -27.596278], [-48.56625, -27.595833], [-48.56625, -27.595028], [-48.567111, -27.594194], [-48.567056, -27.593333], [-48.56625, -27.5925], [-48.566278, -27.591694], [-48.564194, -27.589611], [-48.561694, -27.589611], [-48.560861, -27.58875], [-48.556694, -27.588778], [-48.555861, -27.587917], [-48.554194, -27.587944], [-48.553306, -27.587056], [-48.552528, -27.587111], [-48.551722, -27.586306], [-48.550833, -27.586278], [-48.54875, -27.584167], [-48.548778, -27.583389], [-48.54625, -27.580861], [-48.546306, -27.578361], [-48.545417, -27.577528], [-48.545444, -27.576667], [-48.544194, -27.575444], [-48.543361, -27.575444], [-48.542528, -27.574611], [-48.541694, -27.574611], [-48.54125, -27.574194], [-48.541278, -27.572528], [-48.540028, -27.571306], [-48.539194, -27.571278], [-48.537556, -27.572917], [-48.535806, -27.572944], [-48.535028, -27.573806], [-48.534194, -27.573778], [-48.533333, -27.574639], [-48.531722, -27.574583], [-48.530028, -27.572917], [-48.527528, -27.575444], [-48.526694, -27.575417], [-48.525833, -27.576278], [-48.5225, -27.576278], [-48.522111, -27.575861], [-48.522083, -27.575], [-48.519639, -27.5725], [-48.519583, -27.570833], [-48.520444, -27.569972], [-48.520472, -27.569194], [-48.523361, -27.56625], [-48.525028, -27.566278], [-48.527139, -27.564194], [-48.52625, -27.563333], [-48.526278, -27.562528], [-48.525833, -27.562111], [-48.524167, -27.562083], [-48.523389, -27.562944], [-48.522528, -27.562917], [-48.520472, -27.560861], [-48.520444, -27.559167], [-48.517917, -27.556694], [-48.517944, -27.555833], [-48.516694, -27.554611], [-48.515861, -27.554611], [-48.513333, -27.552083], [-48.512556, -27.552083], [-48.51125, -27.550861], [-48.51125, -27.55], [-48.513361, -27.547972], [-48.516694, -27.547917], [-48.5175, -27.547083], [-48.518333, -27.547083], [-48.519194, -27.54625], [-48.521694, -27.546278], [-48.5225, -27.547111], [-48.523333, -27.547111], [-48.524194, -27.546278], [-48.525028, -27.546278], [-48.525833, -27.545444], [-48.526667, -27.545444], [-48.527528, -27.544611], [-48.528361, -27.544639], [-48.529194, -27.543778], [-48.530028, -27.543806], [-48.531694, -27.542111], [-48.532528, -27.542111], [-48.534639, -27.539972], [-48.534639, -27.539194], [-48.531694, -27.536278], [-48.530861, -27.53625], [-48.529583, -27.535028], [-48.529611, -27.534167], [-48.528806, -27.533361], [-48.52875, -27.530028], [-48.53125, -27.5275], [-48.531278, -27.525833], [-48.530028, -27.524611], [-48.529194, -27.524583], [-48.527917, -27.523361], [-48.527944, -27.5225], [-48.5275, -27.522083], [-48.526722, -27.522083], [-48.525028, -27.520444], [-48.524194, -27.520444], [-48.523389, -27.519611], [-48.520889, -27.519639], [-48.519611, -27.518333], [-48.519583, -27.517556], [-48.51875, -27.516667], [-48.519611, -27.515833], [-48.519611, -27.513361], [-48.520444, -27.512528], [-48.520417, -27.511722], [-48.521278, -27.510861], [-48.521278, -27.51], [-48.523389, -27.507917], [-48.525, -27.507944], [-48.527111, -27.505806], [-48.527056, -27.501694], [-48.527972, -27.500833], [-48.527111, -27.500028], [-48.527111, -27.496694], [-48.528361, -27.495472], [-48.529194, -27.495417], [-48.530056, -27.494639], [-48.530889, -27.494583], [-48.531667, -27.493806], [-48.5325, -27.493778], [-48.534222, -27.492139], [-48.535, -27.492083], [-48.535833, -27.491306], [-48.536667, -27.492056], [-48.54, -27.492111], [-48.540889, -27.492944], [-48.541722, -27.492944], [-48.542111, -27.4925], [-48.542139, -27.491694], [-48.541306, -27.490889], [-48.541278, -27.489167], [-48.542139, -27.488389], [-48.542083, -27.487528], [-48.541278, -27.486639], [-48.541306, -27.482528], [-48.540417, -27.481694], [-48.540417, -27.479167], [-48.538333, -27.477083], [-48.537556, -27.477917], [-48.536306, -27.476694], [-48.536306, -27.473306], [-48.535056, -27.472083], [-48.534222, -27.472083], [-48.533361, -27.472917], [-48.532528, -27.472917], [-48.530444, -27.470861], [-48.530472, -27.47], [-48.529583, -27.469194], [-48.529611, -27.468333], [-48.528333, -27.467111], [-48.526667, -27.467083], [-48.525833, -27.467917], [-48.525, -27.467111], [-48.5225, -27.467111], [-48.521639, -27.467889], [-48.520889, -27.467944], [-48.520028, -27.468722], [-48.517528, -27.468806], [-48.516722, -27.469583], [-48.500028, -27.469583], [-48.499583, -27.469167], [-48.500833, -27.467944], [-48.516694, -27.467917], [-48.517556, -27.467083], [-48.519167, -27.467111], [-48.520028, -27.466278], [-48.520861, -27.466278], [-48.52125, -27.465833], [-48.521278, -27.465028], [-48.522111, -27.464194], [-48.522139, -27.460861], [-48.522917, -27.460028], [-48.522944, -27.459167], [-48.523806, -27.458306], [-48.52375, -27.4575], [-48.528333, -27.452944], [-48.530861, -27.452944], [-48.531722, -27.45375], [-48.5325, -27.453778], [-48.533306, -27.454583], [-48.539222, -27.454583], [-48.54, -27.453778], [-48.540861, -27.45375], [-48.542111, -27.455028], [-48.542083, -27.455833], [-48.542917, -27.456694], [-48.542944, -27.4575], [-48.543389, -27.457917], [-48.545, -27.457944], [-48.546694, -27.459583], [-48.547528, -27.459583], [-48.547917, -27.459194], [-48.547889, -27.457528], [-48.547083, -27.456667], [-48.547083, -27.455861], [-48.546722, -27.455444], [-48.545, -27.455417], [-48.544611, -27.455028], [-48.544639, -27.454167], [-48.54375, -27.453333], [-48.543778, -27.452472], [-48.543333, -27.452139], [-48.542556, -27.452111], [-48.542111, -27.451694], [-48.542083, -27.450833], [-48.541694, -27.450444], [-48.540861, -27.450417], [-48.539167, -27.448778], [-48.538389, -27.448778], [-48.5375, -27.447889], [-48.535833, -27.447917], [-48.535028, -27.447111], [-48.533361, -27.447083], [-48.532528, -27.446278], [-48.528361, -27.446306], [-48.527111, -27.445028], [-48.527139, -27.443361], [-48.526278, -27.442556], [-48.526278, -27.441694], [-48.525028, -27.440472], [-48.524194, -27.440444], [-48.52375, -27.440028], [-48.523778, -27.438389], [-48.522917, -27.4375], [-48.522944, -27.435833], [-48.522139, -27.435028], [-48.522111, -27.433361], [-48.521278, -27.432472], [-48.521306, -27.431694], [-48.520861, -27.431278], [-48.518361, -27.431222], [-48.517111, -27.432528], [-48.517083, -27.433389], [-48.515833, -27.434611], [-48.515, -27.434611], [-48.514222, -27.435444], [-48.511722, -27.435417], [-48.510861, -27.43625], [-48.510028, -27.43625], [-48.509167, -27.437083], [-48.505833, -27.437139], [-48.504972, -27.437917], [-48.490028, -27.437944], [-48.489167, -27.438778], [-48.488361, -27.437917], [-48.487528, -27.437889], [-48.486694, -27.437139], [-48.485028, -27.437111], [-48.482944, -27.435], [-48.482917, -27.433333], [-48.482111, -27.432528], [-48.482056, -27.429194], [-48.48, -27.427111], [-48.476722, -27.427111], [-48.475861, -27.427944], [-48.457556, -27.427889], [-48.456667, -27.427139], [-48.455, -27.427111], [-48.454194, -27.426278], [-48.450861, -27.426222], [-48.449972, -27.425472], [-48.448361, -27.425444], [-48.4475, -27.424611], [-48.445889, -27.424583], [-48.445, -27.423778], [-48.443333, -27.423806], [-48.441694, -27.422111], [-48.440861, -27.422083], [-48.44, -27.421278], [-48.438333, -27.421306], [-48.436694, -27.419611], [-48.435861, -27.419583], [-48.432972, -27.416667], [-48.432917, -27.415861], [-48.431306, -27.414194], [-48.431278, -27.412528], [-48.430444, -27.411694], [-48.430444, -27.409194], [-48.431306, -27.408333], [-48.431278, -27.403361], [-48.432139, -27.4025], [-48.432111, -27.401639], [-48.43375, -27.400028], [-48.43375, -27.399222], [-48.434167, -27.398778], [-48.435, -27.398778], [-48.436694, -27.397083], [-48.437528, -27.397111], [-48.438778, -27.395861], [-48.438722, -27.395], [-48.437917, -27.394194], [-48.437944, -27.393333], [-48.437056, -27.392528], [-48.437111, -27.390861], [-48.435417, -27.389167], [-48.435417, -27.388361], [-48.435056, -27.387944], [-48.431722, -27.387944], [-48.430861, -27.38875], [-48.428361, -27.388806], [-48.4275, -27.389583], [-48.424167, -27.389583], [-48.422083, -27.387556], [-48.422111, -27.384222], [-48.420028, -27.382111], [-48.418361, -27.382083], [-48.417528, -27.382944], [-48.416667, -27.382917], [-48.415028, -27.384611], [-48.414194, -27.384583], [-48.412944, -27.385833], [-48.412889, -27.388333], [-48.413778, -27.389222], [-48.413778, -27.391694], [-48.415417, -27.393389], [-48.415444, -27.394167], [-48.416278, -27.395], [-48.416306, -27.396667], [-48.415444, -27.3975], [-48.415417, -27.401694], [-48.414611, -27.402528], [-48.414611, -27.405056], [-48.413389, -27.406278], [-48.410861, -27.40625], [-48.410028, -27.407083], [-48.408361, -27.407111], [-48.407944, -27.4075], [-48.407944, -27.408361], [-48.407083, -27.409194], [-48.407139, -27.41], [-48.405417, -27.411694], [-48.405472, -27.415028], [-48.407111, -27.416667], [-48.40625, -27.4175], [-48.406222, -27.418361], [-48.405444, -27.419194], [-48.405389, -27.420861], [-48.404611, -27.421722], [-48.404583, -27.4225], [-48.402944, -27.424194], [-48.402917, -27.425], [-48.402139, -27.425833], [-48.402111, -27.426694], [-48.40125, -27.4275], [-48.401306, -27.428361], [-48.400444, -27.429194], [-48.400417, -27.430056], [-48.393389, -27.437083], [-48.3925, -27.437111], [-48.390056, -27.439611], [-48.389167, -27.439639], [-48.388361, -27.440417], [-48.387528, -27.440472], [-48.386694, -27.44125], [-48.385, -27.441278], [-48.384222, -27.442139], [-48.383333, -27.442111], [-48.382528, -27.442944], [-48.380028, -27.442917], [-48.379167, -27.44375], [-48.3725, -27.443806], [-48.372111, -27.443333], [-48.372108159828784, -27.443169588720338], [-48.3697, -27.443], [-48.366895614084505, -27.43458684225352], [-48.366667, -27.434583], [-48.365417, -27.435806], [-48.365472, -27.436667], [-48.363361, -27.43875], [-48.362528, -27.438806], [-48.361667, -27.439639], [-48.360833, -27.439611], [-48.359583, -27.440861], [-48.359611, -27.442528], [-48.360444, -27.443333], [-48.360472, -27.444194], [-48.362111, -27.445833], [-48.362111, -27.448355910112358], [-48.3707, -27.4499], [-48.37222708651452, -27.453455248291622], [-48.372944, -27.454167], [-48.372944, -27.455028], [-48.37375, -27.455861], [-48.373722, -27.456722], [-48.375417, -27.458333], [-48.375417, -27.459194], [-48.377111, -27.460833], [-48.377083, -27.461639], [-48.377972, -27.462528], [-48.377972, -27.465028], [-48.378778, -27.465861], [-48.377917, -27.466694], [-48.377917, -27.469167], [-48.377083, -27.47], [-48.377111, -27.470861], [-48.375417, -27.472556], [-48.375444, -27.473361], [-48.376278, -27.474167], [-48.37627199875998, -27.474893364371688], [-48.3818, -27.4815], [-48.38824225925926, -27.487111], [-48.388361, -27.487111], [-48.38913633595341, -27.487889711959426], [-48.3942, -27.4923], [-48.397435403469345, -27.496224915684124], [-48.401222, -27.500028], [-48.401277818260745, -27.500886205758935], [-48.40128892827709, -27.500899683483684], [-48.403778, -27.503333], [-48.403759659699965, -27.50389696422619], [-48.405127194029824, -27.50555594029848], [-48.406278, -27.506694], [-48.40626939966431, -27.50694156680589], [-48.4064, -27.5071], [-48.40726144578313, -27.508511445783128], [-48.408778, -27.510028], [-48.408806, -27.510833], [-48.41125, -27.513333], [-48.411306, -27.514194], [-48.414639, -27.517528], [-48.414611, -27.518389], [-48.415417, -27.519194], [-48.415417, -27.520056], [-48.416278, -27.520806], [-48.416278, -27.521667], [-48.417083, -27.5225], [-48.417056, -27.523361], [-48.41875, -27.525], [-48.41875, -27.525833], [-48.420444, -27.527528], [-48.420417, -27.528333], [-48.421306, -27.529167], [-48.421278, -27.530028], [-48.422972, -27.531722], [-48.422972, -27.5325], [-48.423778, -27.533333], [-48.42375, -27.535], [-48.424611, -27.535861], [-48.424583, -27.536722], [-48.425417, -27.5375], [-48.425444, -27.539194], [-48.42625, -27.540028], [-48.426306, -27.540889], [-48.427111, -27.541639], [-48.427139, -27.543361], [-48.427944, -27.544167], [-48.427917, -27.545833], [-48.428806, -27.546667], [-48.42875, -27.549167], [-48.429611, -27.550056], [-48.429639, -27.551667], [-48.430472, -27.552528], [-48.430389, -27.563361], [-48.429611, -27.564194], [-48.429611, -27.567528], [-48.42875, -27.568306], [-48.428778, -27.572556], [-48.427528, -27.573778], [-48.42135526315789, -27.573778], [-48.4208, -27.5742], [-48.4188893038674, -27.583445303867403], [-48.420444, -27.585], [-48.419583, -27.585861], [-48.419583, -27.589167], [-48.418979105392445, -27.589812904667212], [-48.4273, -27.5938], [-48.42960319961257, -27.59753931231218], [-48.430417, -27.598361], [-48.430417, -27.598860541176467], [-48.43227991274388, -27.601885034807715], [-48.434583, -27.604167], [-48.434583, -27.605028], [-48.435389, -27.605861], [-48.43539628087437, -27.606944550125455], [-48.4358, -27.6076], [-48.43540591334738, -27.608378068519272], [-48.435417, -27.610028], [-48.43625, -27.610861], [-48.436278, -27.611722], [-48.435417, -27.612556], [-48.435417, -27.613361], [-48.435028, -27.61375], [-48.434194, -27.612944], [-48.433361, -27.612917], [-48.432917, -27.613361], [-48.432934109654774, -27.615983846707188], [-48.43486244476793, -27.617259036056215], [-48.435056, -27.617083], [-48.435833, -27.617083], [-48.437528, -27.618778], [-48.438361, -27.618806], [-48.439639, -27.620028], [-48.43962618483161, -27.620409251259613], [-48.4443, -27.6235], [-48.44660664259928, -27.626278], [-48.446694, -27.626278], [-48.447056, -27.626694], [-48.44705668412961, -27.626820006538708], [-48.450779921104534, -27.631304078895464], [-48.450806, -27.631278], [-48.451722, -27.63125], [-48.452528, -27.632111], [-48.453361, -27.632139], [-48.455444, -27.634167], [-48.455417, -27.634972], [-48.457944, -27.637556], [-48.457917, -27.638361], [-48.46, -27.640444], [-48.460833, -27.640417], [-48.461278, -27.640861], [-48.46125, -27.641667], [-48.463778, -27.644194], [-48.46375, -27.645056], [-48.464556, -27.645861], [-48.464611, -27.646667], [-48.46625, -27.648361], [-48.466222, -27.649222], [-48.467917, -27.650861], [-48.467917, -27.651722], [-48.469611, -27.653333], [-48.469583, -27.654139], [-48.470472, -27.655028], [-48.470444, -27.655833], [-48.471278, -27.656694], [-48.47125, -27.657556], [-48.472139, -27.658333], [-48.472111, -27.659167], [-48.473806, -27.660861], [-48.473806, -27.661667], [-48.475417, -27.663361], [-48.475444, -27.665028], [-48.476278, -27.665833], [-48.47625, -27.666639], [-48.477139, -27.667528], [-48.477083, -27.669167], [-48.477917, -27.670056], [-48.477944, -27.671667], [-48.47875, -27.672528], [-48.478778, -27.674194], [-48.479611, -27.675], [-48.479639, -27.676667], [-48.480444, -27.6775], [-48.480417, -27.679222], [-48.481278, -27.680028], [-48.48125, -27.681694], [-48.482056, -27.6825], [-48.482083, -27.684167], [-48.482917, -27.684972], [-48.482944, -27.686694], [-48.48375, -27.687528], [-48.48375, -27.690833], [-48.484556, -27.691667], [-48.48461178307612, -27.693365359437895], [-48.49107011864555, -27.699561870592355], [-48.491722, -27.699583], [-48.494167, -27.702083], [-48.495, -27.702111], [-48.49625, -27.703389], [-48.496306, -27.705], [-48.497917, -27.706694], [-48.497917, -27.707556], [-48.499611, -27.709167], [-48.499583, -27.710028], [-48.502917, -27.713361], [-48.502972, -27.714167], [-48.504611, -27.715861], [-48.504583, -27.716667], [-48.505417, -27.717528], [-48.505444, -27.718333], [-48.504583, -27.719194], [-48.504556, -27.720833], [-48.505444, -27.721667], [-48.505417, -27.722528], [-48.50625, -27.723333], [-48.506278, -27.724194], [-48.506722, -27.724611], [-48.5075, -27.724611], [-48.507944, -27.725028], [-48.507917, -27.728361], [-48.50875, -27.729167], [-48.508778, -27.735806], [-48.509611, -27.736694], [-48.509611, -27.739222], [-48.50875, -27.740056], [-48.508778, -27.744194], [-48.507944, -27.745028], [-48.507917, -27.748361], [-48.505806, -27.750417], [-48.504194, -27.750444], [-48.503333, -27.749583], [-48.50306703960396, -27.74960216831683], [-48.50128665178571, -27.751731651785715], [-48.502083, -27.752528], [-48.502111, -27.754194], [-48.50125, -27.755056], [-48.50125, -27.755861], [-48.498333, -27.758778], [-48.4975, -27.75875], [-48.496694, -27.757944], [-48.495028, -27.757917], [-48.494194, -27.757083], [-48.493361, -27.757139], [-48.492556, -27.75625], [-48.490861, -27.756278], [-48.48875, -27.758306], [-48.488778, -27.760833], [-48.487528, -27.762083], [-48.486667, -27.762111], [-48.485833, -27.762889], [-48.484222, -27.762917], [-48.483333, -27.762111], [-48.481722, -27.762083], [-48.479611, -27.764167], [-48.479639, -27.768333], [-48.47945901754386, -27.768512982456137], [-48.4848, -27.7714], [-48.48554844762675, -27.77296293474997], [-48.486694, -27.772944], [-48.487944, -27.774167], [-48.487917, -27.775028], [-48.490444, -27.777528], [-48.490417, -27.778333], [-48.490028, -27.778778], [-48.489194, -27.778778], [-48.487944, -27.78], [-48.487917, -27.780806], [-48.487139, -27.781667], [-48.487111, -27.782528], [-48.48625, -27.783361], [-48.48625, -27.786694], [-48.489583, -27.79], [-48.489611, -27.790806], [-48.49048009916559, -27.79168678172758], [-48.49325383984894, -27.792942264352682], [-48.493361, -27.792944], [-48.493448181958904, -27.793030229728767], [-48.4978, -27.795], [-48.508, -27.7896], [-48.5067, -27.7835], [-48.5176, -27.7815], [-48.52055658729199, -27.78292069778966], [-48.521694, -27.782917], [-48.5225, -27.783778], [-48.523333, -27.783806], [-48.52428763177555, -27.784713537346693], [-48.5253, -27.7852], [-48.52550716981132, -27.785444], [-48.525833, -27.785444], [-48.532111, -27.791694], [-48.532111, -27.792556], [-48.537139, -27.797528], [-48.537111, -27.799167], [-48.536306, -27.800028], [-48.536278, -27.801694], [-48.538361, -27.803778], [-48.539194, -27.80375], [-48.539583, -27.804194], [-48.539611, -27.805861], [-48.537944, -27.8075], [-48.537917, -27.809167], [-48.538806, -27.810028], [-48.538778, -27.810833], [-48.539583, -27.811667], [-48.539583, -27.8125], [-48.540472, -27.813333], [-48.540444, -27.814194], [-48.54125, -27.815], [-48.54125, -27.815861], [-48.542139, -27.816694], [-48.542111, -27.817528], [-48.542917, -27.818361], [-48.542944, -27.823333], [-48.54375, -27.824222], [-48.543806, -27.828333], [-48.54415016114914, -27.82871307361688], [-48.5583, -27.8374], [-48.5662, -27.8338], [-48.56785748352831, -27.83542560884507], [-48.568389, -27.835417], [-48.56875, -27.835833], [-48.56875, -27.836300961538463], [-48.56957592156863, -27.837111]]], [[[-48.366, -27.2958], [-48.3709, -27.284], [-48.3771, -27.2835], [-48.371140171746056, -27.273513260763657], [-48.370472, -27.274167], [-48.370417, -27.275833], [-48.369194, -27.277056], [-48.367528, -27.277083], [-48.366694, -27.276278], [-48.365028, -27.27625], [-48.364167, -27.275417], [-48.363389, -27.275417], [-48.362139, -27.276694], [-48.362083, -27.281694], [-48.361306, -27.282528], [-48.36125, -27.285], [-48.362111, -27.285861], [-48.360417, -27.2875], [-48.360444, -27.289222], [-48.359583, -27.29], [-48.359556, -27.290806], [-48.360444, -27.291694], [-48.360429271424955, -27.293497432188982], [-48.366, -27.2958]]], [[[-48.579222, -27.84375], [-48.579611, -27.843361], [-48.578361, -27.842083], [-48.577528, -27.842056], [-48.576694, -27.841306], [-48.575444, -27.842528], [-48.576722, -27.843778], [-48.579222, -27.84375]]], [[[-48.57125, -27.493361], [-48.570444, -27.492472], [-48.570417, -27.490889], [-48.569167, -27.489583], [-48.567917, -27.490833], [-48.567944, -27.491694], [-48.567111, -27.492528], [-48.567139, -27.494139], [-48.569194, -27.49625], [-48.570889, -27.496278], [-48.571278, -27.495889], [-48.57125, -27.493361]]], [[[-48.570417, -27.700806], [-48.569583, -27.700056], [-48.570444, -27.699222], [-48.57, -27.69875], [-48.569167, -27.698722], [-48.568361, -27.697972], [-48.567528, -27.697944], [-48.565417, -27.700028], [-48.565444, -27.700833], [-48.569167, -27.704583], [-48.57, -27.704583], [-48.570417, -27.704194], [-48.570417, -27.700806]]], [[[-48.561694, -27.644639], [-48.562083, -27.644167], [-48.562111, -27.643361], [-48.561667, -27.642917], [-48.557472, -27.642944], [-48.556694, -27.643806], [-48.555833, -27.643778], [-48.554611, -27.645028], [-48.554639, -27.645889], [-48.555028, -27.646278], [-48.557528, -27.646278], [-48.558389, -27.645417], [-48.560056, -27.645444], [-48.560861, -27.644611], [-48.561694, -27.644639]]], [[[-48.553361, -27.555444], [-48.554194, -27.555444], [-48.555389, -27.554222], [-48.555417, -27.553361], [-48.555028, -27.552944], [-48.553361, -27.552917], [-48.552111, -27.554167], [-48.553361, -27.555444]]], [[[-48.563778, -27.48], [-48.565028, -27.481278], [-48.565861, -27.481222], [-48.566694, -27.482111], [-48.567944, -27.480861], [-48.567972, -27.479194], [-48.567083, -27.478333], [-48.567139, -27.476722], [-48.566306, -27.475861], [-48.566278, -27.474194], [-48.565028, -27.472917], [-48.564194, -27.472944], [-48.563722, -27.473333], [-48.56375, -27.475], [-48.562917, -27.475861], [-48.562944, -27.4775], [-48.56375, -27.478389], [-48.563778, -27.48]]], [[[-48.48, -27.417944], [-48.480389, -27.4175], [-48.480444, -27.415028], [-48.479194, -27.413806], [-48.478361, -27.413778], [-48.476278, -27.415861], [-48.478333, -27.417917], [-48.48, -27.417944]]]]}, "properties": {"codigo_ibge": "42016", "microrregiao": "Florianópolis"}}, {"type": "Feature", "geometry": {"type": "Polygon", "coordinates": [[[-49.2257, -27.1723], [-49.2345, -27.1732], [-49.2452, -27.1846], [-49.2482, -27.1982], [-49.2631, -27.211], [-49.2694, -27.2078], [-49.2852, -27.2107], [-49.2927, -27.2157], [-49.3096, -27.2143], [-49.3121, -27.2213], [-49.326, -27.2335], [-49.3322, -27.2328], [-49.3434, -27.2386], [-49.3616, -27.2303], [-49.374, -27.2277], [-49.3918, -27.2356], [-49.4029, -27.2319], [-49.4151, -27.2379], [-49.4219, -27.2508], [-49.4336, -27.256], [-49.4471, -27.2554], [-49.4503, -27.2446], [-49.4616, -27.2312], [-49.4627, -27.2236], [-49.4553, -27.204], [-49.4568, -27.1996], [-49.4408, -27.188], [-49.4449, -27.1808], [-49.4513, -27.1808], [-49.4632, -27.1699], [-49.4594, -27.1656], [-49.4563, -27.1529], [-49.4646, -27.1357], [-49.4681, -27.1221], [-49.4643, -27.1188], [-49.4674, -27.1051], [-49.4791, -27.094], [-49.4924, -27.0866], [-49.4956, -27.0788], [-49.4871, -27.0805], [-49.4731, -27.0885], [-49.47, -27.0933], [-49.4581, -27.1005], [-49.4595, -27.0801], [-49.4649, -27.0772], [-49.4716, -27.0636], [-49.4662, -27.0579], [-49.4691, -27.0504], [-49.4674, -27.0372], [-49.4687, -27.0245], [-49.4666, -27.0124], [-49.469, -27.0051], [-49.4609, -26.9835], [-49.4633, -26.9755], [-49.4597, -26.9646], [-49.4617, -26.949], [-49.4653, -26.9401], [-49.4753, -26.9371], [-49.4864, -26.9375], [-49.4944, -26.9275], [-49.5075, -26.9208], [-49.5099, -26.9098], [-49.5438, -26.892], [-49.5513, -26.8793], [-49.5528, -26.8672], [-49.5486, -26.8567], [-49.5523, -26.8543], [-49.5537, -26.8426], [-49.5604, -26.8345], [-49.5632, -26.8248], [-49.5602, -26.8128], [-49.566, -26.8032], [-49.5654, -26.7858], [-49.5798, -26.7765], [-49.5879, -26.7808], [-49.6075, -26.7847], [-49.6188, -26.785], [-49.6449, -26.7786], [-49.6459, -26.7668], [-49.6527, -26.7629], [-49.6528, -26.755], [-49.6584, -26.7496], [-49.6574, -26.7419], [-49.6686, -26.739], [-49.6775, -26.7214], [-49.6811, -26.7029], [-49.6711, -26.7003], [-49.6674, -26.694], [-49.6521, -26.6932], [-49.6393, -26.6923], [-49.6223, -26.7045], [-49.616, -26.7008], [-49.6142, -26.691], [-49.6232, -26.6644], [-49.6198, -26.6579], [-49.6188, -26.6429], [-49.6158, -26.6392], [-49.5989, -26.6345], [-49.5937, -26.627], [-49.586, -26.6249], [-49.5834, -26.6123], [-49.5842, -26.6033], [-49.5785, -26.5957], [-49.5802, -26.5797], [-49.5707, -26.5754], [-49.5646, -26.566], [-49.5621, -26.5485], [-49.5516, -26.5413], [-49.5471, -26.5261], [-49.5379, -26.5229], [-49.5205, -26.5255], [-49.5043, -26.5177], [-49.4919, -26.5084], [-49.4796, -26.5107], [-49.4625, -26.5015], [-49.4525, -26.5018], [-49.4414, -26.489], [-49.4241, -26.498], [-49.4172, -26.5101], [-49.4063, -26.5057], [-49.405, -26.5013], [-49.3771, -26.4885], [-49.3656, -26.4909], [-49.3542, -26.5031], [-49.3565, -26.5133], [-49.3381, -26.5268], [-49.3321, -26.5386], [-49.3195, -26.5421], [-49.2998, -26.5394], [-49.2914, -26.5471], [-49.2897, -26.5611], [-49.2989, -26.5709], [-49.2877, -26.5901], [-49.2894, -26.5986], [-49.2848, -26.6072], [-49.2756, -26.608], [-49.2721, -26.6137], [-49.2447, -26.614], [-49.2361, -26.6169], [-49.2239, -26.6119], [-49.2231, -26.6205], [-49.2078, -26.6171], [-49.1979, -26.6222], [-49.1832, -26.6141], [-49.1753, -26.6138], [-49.1667, -26.6299], [-49.1641, -26.6482], [-49.1536, -26.6462], [-49.13, -26.6355], [-49.1303, -26.6221], [-49.1142, -26.6131], [-49.1136, -26.626], [-49.1102, -26.6308], [-49.1139, -26.6423], [-49.1136, -26.6526], [-49.1018, -26.6596], [-49.0889, -26.6554], [-49.059, -26.6539], [-49.0493, -26.6506], [-49.032, -26.6616], [-49.0182, -26.6846], [-49.0251, -26.6853], [-49.0356, -26.6996], [-49.0492, -26.7093], [-49.0483, -26.7194], [-49.0401, -26.7285], [-49.0403, -26.7352], [-49.05, -26.7428], [-49.0435, -26.7549], [-49.0424, -26.7655], [-49.0362, -26.7725], [-49.0299, -26.7668], [-49.0146, -26.7635], [-49.013, -26.7457], [-48.9952, -26.7472], [-48.9895, -26.7368], [-48.9804, -26.7367], [-48.9369, -26.693], [-48.9378, -26.6844], [-48.9326, -26.6741], [-48.9239, -26.6677], [-48.9202, -26.6601], [-48.9195, -26.6467], [-48.91, -26.6517], [-48.9014, -26.6482], [-48.8984, -26.6585], [-48.8845, -26.657], [-48.8797, -26.6417], [-48.8701, -26.6371], [-48.8563, -26.6345], [-48.8451, -26.6311], [-48.8341, -26.6309], [-48.8301, -26.6404], [-48.817, -26.6391], [-48.8154, -26.6562], [-48.8089, -26.6618], [-48.8016, -26.6812], [-48.8067, -26.6996], [-48.8007, -26.7132], [-48.8091, -26.7215], [-48.8146, -26.7378], [-48.8178, -26.7409], [-48.8241, -26.7528], [-48.822, -26.7588], [-48.81, -26.7697], [-48.8111, -26.7896], [-48.7964, -26.8006], [-48.7953, -26.8066], [-48.8131, -26.8143], [-48.82, -26.8235], [-48.8256, -26.8169], [-48.8347, -26.8136], [-48.8445, -26.8027], [-48.8984, -26.7627], [-48.9091, -26.765], [-48.922, -26.772], [-48.9271, -26.7776], [-48.9462, -26.7823], [-48.9536, -26.7883], [-48.971, -26.7902], [-48.9872, -26.8088], [-48.9824, -26.8291], [-48.9608, -26.8398], [-48.9575, -26.8365], [-48.9426, -26.8433], [-48.9359, -26.8425], [-48.9331, -26.8502], [-48.9255, -26.8585], [-48.9045, -26.8744], [-48.8943, -26.8904], [-48.8745, -26.8962], [-48.8657, -26.9031], [-48.8648, -26.9099], [-48.851, -26.9082], [-48.854, -26.9207], [-48.8432, -26.9636], [-48.8559, -26.9916], [-48.8658, -27.0034], [-48.8685, -27.0119], [-48.8643, -27.0201], [-48.8536, -27.0254], [-48.8624, -27.0332], [-48.8627, -27.0437], [-48.8548, -27.0519], [-48.8439, -27.0677], [-48.8336, -27.0736], [-48.8218, -27.0744], [-48.8064, -27.0901], [-48.7891, -27.0971], [-48.7976, -27.1038], [-48.7985, -27.1159], [-48.8055, -27.1226], [-48.8025, -27.1275], [-48.8124, -27.1346], [-48.8241, -27.1391], [-48.8422, -27.1562], [-48.8494, -27.1571], [-48.86, -27.1637], [-48.87, -27.1754], [-48.877, -27.176], [-48.8819, -27.1845], [-48.8945, -27.1841], [-48.8996, -27.191], [-48.9098, -27.1919], [-48.912, -27.197], [-48.9305, -27.2016], [-48.9333, -27.212], [-48.9612, -27.2263], [-48.969, -27.2374], [-48.9898, -27.2486], [-49.0094, -27.2489], [-49.0193, -27.256], [-49.0289, -27.2662], [-49.0376, -27.2719], [-49.0514, -27.272], [-49.0739, -27.278], [-49.0766, -27.2723], [-49.0882, -27.2771], [-49.1069, -27.2759], [-49.1106, -27.2804], [-49.1222, -27.2756], [-49.1266, -27.2822], [-49.1345, -27.2801], [-49.1465, -27.2837], [-49.1519, -27.2899], [-49.1732, -27.2953], [-49.1773, -27.2916], [-49.1893, -27.2945], [-49.2007, -27.2932], [-49.2088, -27.301], [-49.2216, -27.3088], [-49.2275, -27.3008], [-49.2432, -27.2908], [-49.2477, -27.2793], [-49.238, -27.2699], [-49.2334, -27.261], [-49.2335, -27.251], [-49.2209, -27.2372], [-49.2219, -27.2314], [-49.2146, -27.2296], [-49.2097, -27.2225], [-49.2087, -27.214], [-49.1914, -27.2036], [-49.1971, -27.1967], [-49.196, -27.183], [-49.2032, -27.1631], [-49.211, -27.1577], [-49.2205, -27.1635], [-49.2257, -27.1723]]]}, "properties": {"codigo_ibge": "42012", "microrregiao": "Blumenau"}}, {"type": "Feature", "geometry": {"type": "MultiPolygon", "coordinates": [[[[-48.6789, -26.5771], [-48.689, -26.5718], [-48.6945, -26.5754], [-48.6972, -26.5865], [-48.7083, -26.5977], [-48.7234, -26.5982], [-48.7295, -26.5902], [-48.73, -26.5729], [-48.7412, -26.5598], [-48.7515, -26.54], [-48.767, -26.5314], [-48.7731, -26.5313], [-48.7894, -26.5236], [-48.7952, -26.5178], [-48.8071, -26.513], [-48.8135, -26.5168], [-48.8251, -26.515], [-48.8337, -26.5248], [-48.832, -26.5307], [-48.8328, -26.5458], [-48.8483, -26.544], [-48.8565, -26.5499], [-48.86, -26.5625], [-48.8571, -26.578], [-48.8624, -26.5833], [-48.8553, -26.5995], [-48.8555, -26.6173], [-48.8523, -26.6261], [-48.8563, -26.6345], [-48.8701, -26.6371], [-48.8797, -26.6417], [-48.8845, -26.657], [-48.8984, -26.6585], [-48.9014, -26.6482], [-48.91, -26.6517], [-48.9195, -26.6467], [-48.9202, -26.6601], [-48.9239, -26.6677], [-48.9326, -26.6741], [-48.9378, -26.6844], [-48.9369, -26.693], [-48.9804, -26.7367], [-48.9895, -26.7368], [-48.9952, -26.7472], [-49.013, -26.7457], [-49.0146, -26.7635], [-49.0299, -26.7668], [-49.0362, -26.7725], [-49.0424, -26.7655], [-49.0435, -26.7549], [-49.05, -26.7428], [-49.0403, -26.7352], [-49.0401, -26.7285], [-49.0483, -26.7194], [-49.0492, -26.7093], [-49.0356, -26.6996], [-49.0251, -26.6853], [-49.0182, -26.6846], [-49.032, -26.6616], [-49.0493, -26.6506], [-49.059, -26.6539], [-49.0889, -26.6554], [-49.1018, -26.6596], [-49.1136, -26.6526], [-49.1139, -26.6423], [-49.1102, -26.6308], [-49.1136, -26.626], [-49.1142, -26.6131], [-49.1303, -26.6221], [-49.13, -26.6355], [-49.1536, -26.6462], [-49.1641, -26.6482], [-49.1667, -26.6299], [-49.1753, -26.6138], [-49.1832, -26.6141], [-49.1979, -26.6222], [-49.2078, -26.6171], [-49.2231, -26.6205], [-49.2239, -26.6119], [-49.2361, -26.6169], [-49.2447, -26.614], [-49.2721, -26.6137], [-49.2756, -26.608], [-49.2848, -26.6072], [-49.2894, -26.5986], [-49.2877, -26.5901], [-49.2989, -26.5709], [-49.2897, -26.5611], [-49.2914, -26.5471], [-49.2998, -26.5394], [-49.3195, -26.5421], [-49.3321, -26.5386], [-49.3381, -26.5268], [-49.3565, -26.5133], [-49.3542, -26.5031], [-49.3656, -26.4909], [-49.3771, -26.4885], [-49.405, -26.5013], [-49.4063, -26.5057], [-49.4172, -26.5101], [-49.4241, -26.498], [-49.4414, -26.489], [-49.4615, -26.4775], [-49.4698, -26.4662], [-49.4724, -26.4545], [-49.4788, -26.447], [-49.4921, -26.4398], [-49.4938, -26.43], [-49.4836, -26.42], [-49.4754, -26.426], [-49.4605, -26.4224], [-49.4547, -26.4268], [-49.4457, -26.427], [-49.4399, -26.4188], [-49.4415, -26.405], [-49.4446, -26.4016], [-49.4434, -26.3909], [-49.4372, -26.3808], [-49.4335, -26.3688], [-49.4237, -26.3664], [-49.4152, -26.3545], [-49.4029, -26.3494], [-49.3924, -26.3534], [-49.3857, -26.3524], [-49.3799, -26.3577], [-49.3579, -26.3664], [-49.3568, -26.3767], [-49.3403, -26.3786], [-49.3278, -26.3876], [-49.3208, -26.3859], [-49.3257, -26.3751], [-49.3187, -26.3702], [-49.2905, -26.3708], [-49.2759, -26.3836], [-49.231, -26.3971], [-49.2207, -26.389], [-49.2084, -26.3855], [-49.1992, -26.38], [-49.1988, -26.3733], [-49.1857, -26.3719], [-49.1759, -26.3656], [-49.1785, -26.3576], [-49.1867, -26.3451], [-49.1864, -26.3307], [-49.1805, -26.3241], [-49.1774, -26.31], [-49.1689, -26.308], [-49.2525, -26.2685], [-49.2379, -26.2661], [-49.2278, -26.2676], [-49.2253, -26.2544], [-49.231, -26.246], [-49.2278, -26.2349], [-49.2199, -26.2295], [-49.2099, -26.2322], [-49.2048, -26.2291], [-49.2026, -26.2202], [-49.198, -26.2068], [-49.191, -26.2002], [-49.1829, -26.2014], [-49.1764, -26.2079], [-49.1696, -26.1999], [-49.1683, -26.1881], [-49.1721, -26.1691], [-49.1832, -26.166], [-49.1779, -26.1595], [-49.1891, -26.1454], [-49.1791, -26.1418], [-49.1695, -26.1326], [-49.1605, -26.1328], [-49.1589, -26.1144], [-49.1513, -26.1118], [-49.1408, -26.1175], [-49.1395, -26.1093], [-49.1268, -26.0997], [-49.1241, -26.103], [-49.1, -26.0885], [-49.091, -26.0897], [-49.0752, -26.0796], [-49.0733, -26.0749], [-49.0569, -26.076], [-49.0518, -26.0435], [-49.052, -26.028], [-49.0396, -26.0192], [-49.0396, -26.0143], [-49.0301, -26.0101], [-49.0236, -26.0165], [-49.0106, -26.0187], [-49.0035, -26.026], [-48.996, -26.0282], [-48.991, -26.0242], [-48.9772, -26.0261], [-48.9713, -26.0221], [-48.9561, -26.0188], [-48.9613, -26.0093], [-48.9602, -25.9965], [-48.9504, -25.99], [-48.9605, -25.9808], [-48.8193, -25.9823], [-48.6821, -25.9837], [-48.677, -25.978], [-48.6689, -25.9792], [-48.6444, -25.9558], [-48.6388, -25.9596], [-48.6404, -25.9674], [-48.6343, -25.9693], [-48.6341, -25.9777], [-48.624, -25.9775], [-48.6136, -25.9817], [-48.60442112977099, -25.98102287022901], [-48.604194, -25.98125], [-48.602528, -25.981278], [-48.602101769911506, -25.980851769911503], [-48.6014, -25.9808], [-48.59983634653466, -25.97977465346535], [-48.599583, -25.980028], [-48.599611, -25.9825], [-48.600028, -25.982972], [-48.601694, -25.982944], [-48.602111, -25.983333], [-48.602111, -25.984194], [-48.60125, -25.985056], [-48.60125, -25.985861], [-48.602111, -25.986667], [-48.602083, -25.987528], [-48.602889, -25.988333], [-48.602944, -25.989194], [-48.6025, -25.989611], [-48.60125, -25.988389], [-48.601278, -25.987528], [-48.600472, -25.986639], [-48.600444, -25.985028], [-48.59875, -25.983361], [-48.59875, -25.980028], [-48.597944, -25.979222], [-48.597944, -25.9785337704918], [-48.5953, -25.9768], [-48.597000786138565, -25.982421242322374], [-48.597111, -25.982528], [-48.59710683594522, -25.982771745920648], [-48.59770546032462, -25.98475025022543], [-48.597972, -25.985], [-48.59795346572104, -25.98556992907801], [-48.598083845588235, -25.986000845588237], [-48.59875, -25.986667], [-48.59875, -25.988202542372893], [-48.599178413128115, -25.989618484067492], [-48.601694, -25.992111], [-48.6025, -25.992111], [-48.60375, -25.993333], [-48.603806, -25.997528], [-48.603333, -25.997917], [-48.602917, -25.997528], [-48.602944, -25.995056], [-48.602083, -25.994167], [-48.602111, -25.993389], [-48.601667, -25.992972], [-48.600833, -25.992944], [-48.600444, -25.993361], [-48.60043997332278, -25.993788047422747], [-48.6012, -25.9963], [-48.6063, -26.0196], [-48.6104, -26.0509], [-48.61016832, -26.062252320000002], [-48.610472, -26.062556], [-48.610444, -26.063361], [-48.61013947916667, -26.063665520833332], [-48.6101, -26.0656], [-48.60889978902952, -26.066576171589325], [-48.608778, -26.066694], [-48.608778, -26.0675], [-48.607917, -26.068361], [-48.607972, -26.069222], [-48.606694, -26.070444], [-48.605861, -26.070444], [-48.603778, -26.072528], [-48.603778, -26.073333], [-48.602917, -26.074167], [-48.602944, -26.079167], [-48.6026, -26.079511], [-48.6026, -26.080473097560976], [-48.602972, -26.080833], [-48.602972, -26.085], [-48.6026, -26.085372], [-48.6026, -26.087211000000003], [-48.602917, -26.087528], [-48.602972, -26.103333], [-48.602111, -26.104194], [-48.602111, -26.105056], [-48.60177756837972, -26.105367016049172], [-48.601254304311915, -26.108654479431696], [-48.60125, -26.109167], [-48.60115685222277, -26.109266732774334], [-48.598778, -26.124212130434763], [-48.598778, -26.125], [-48.59862888981195, -26.12514893139886], [-48.598, -26.1291], [-48.595417, -26.136216989361706], [-48.595417, -26.136694], [-48.59514524848485, -26.13696575151515], [-48.594583, -26.138514925531915], [-48.594583, -26.140861], [-48.593219916144676, -26.1422706565801], [-48.5929355006805, -26.143054311954806], [-48.592917, -26.144139], [-48.59228998883617, -26.14483290310033], [-48.59213312738876, -26.1452651064501], [-48.592083, -26.147528], [-48.591306, -26.148361], [-48.59125, -26.150833], [-48.589583, -26.152528], [-48.589556, -26.153389], [-48.58897325193554, -26.15397157179463], [-48.5886, -26.155], [-48.58626142450742, -26.1577030288161], [-48.586278, -26.159167], [-48.585417, -26.16], [-48.585444, -26.165], [-48.584611, -26.165833], [-48.584583, -26.1725], [-48.585472, -26.173361], [-48.585444, -26.174167], [-48.588306, -26.177083], [-48.589194, -26.177111], [-48.59, -26.177917], [-48.590833, -26.177917], [-48.591694, -26.178806], [-48.593361, -26.178778], [-48.595028, -26.180472], [-48.597528, -26.180444], [-48.598333, -26.18125], [-48.600028, -26.181222], [-48.600833, -26.182111], [-48.601667, -26.182111], [-48.602472, -26.182944], [-48.603361, -26.182944], [-48.605056, -26.184583], [-48.606694, -26.184611], [-48.6075, -26.185417], [-48.608333, -26.185444], [-48.609194, -26.18625], [-48.624194, -26.186278], [-48.625056, -26.185417], [-48.627528, -26.185417], [-48.628333, -26.186278], [-48.633333, -26.18625], [-48.634583, -26.187472], [-48.634583, -26.188333], [-48.63625, -26.190028], [-48.63625, -26.190889], [-48.636667, -26.19125], [-48.638333, -26.191278], [-48.639194, -26.192139], [-48.640861, -26.192111], [-48.641667, -26.192917], [-48.643389, -26.192944], [-48.646667, -26.196278], [-48.6475, -26.196278], [-48.648306, -26.197111], [-48.649194, -26.197111], [-48.650889, -26.19875], [-48.651694, -26.19875], [-48.652944, -26.199972], [-48.652944, -26.200833], [-48.653361, -26.20125], [-48.654194, -26.201278], [-48.654639, -26.201667], [-48.654611, -26.202528], [-48.655, -26.202944], [-48.655806, -26.202944], [-48.65625, -26.203361], [-48.656278, -26.205833], [-48.657083, -26.206694], [-48.657111, -26.214139], [-48.657917, -26.215028], [-48.657972, -26.215833], [-48.659167, -26.217111], [-48.660861, -26.217083], [-48.662556, -26.218778], [-48.663306, -26.218778], [-48.664194, -26.219583], [-48.665833, -26.219611], [-48.666722, -26.220444], [-48.668361, -26.220472], [-48.669167, -26.221278], [-48.670056, -26.22125], [-48.670444, -26.221694], [-48.670417, -26.2225], [-48.672917, -26.225], [-48.672944, -26.225861], [-48.676694, -26.229611], [-48.677528, -26.229611], [-48.684194, -26.23625], [-48.685, -26.236278], [-48.6875, -26.238778], [-48.688333, -26.238778], [-48.688778, -26.239194], [-48.68875, -26.240056], [-48.690444, -26.241694], [-48.690417, -26.242556], [-48.691222, -26.243361], [-48.691278, -26.244222], [-48.693389, -26.24625], [-48.694222, -26.246278], [-48.695028, -26.247083], [-48.695861, -26.247111], [-48.696667, -26.247917], [-48.698389, -26.247944], [-48.699194, -26.24875], [-48.700028, -26.248778], [-48.700833, -26.249583], [-48.701722, -26.249611], [-48.702528, -26.250417], [-48.706667, -26.250417], [-48.7075, -26.249639], [-48.709222, -26.249611], [-48.71, -26.24875], [-48.710889, -26.248778], [-48.7125, -26.247139], [-48.713389, -26.247083], [-48.716694, -26.243778], [-48.717528, -26.243778], [-48.719222, -26.242083], [-48.720861, -26.242111], [-48.7225, -26.240417], [-48.723306, -26.240444], [-48.724222, -26.239583], [-48.725861, -26.239611], [-48.726722, -26.238778], [-48.727528, -26.238778], [-48.729222, -26.237083], [-48.73, -26.237111], [-48.730833, -26.23625], [-48.732556, -26.236278], [-48.733333, -26.235444], [-48.734222, -26.235444], [-48.736667, -26.232917], [-48.7375, -26.232917], [-48.738333, -26.232139], [-48.741722, -26.232139], [-48.7425, -26.231278], [-48.743361, -26.232083], [-48.744222, -26.231306], [-48.745861, -26.231278], [-48.746694, -26.230417], [-48.747528, -26.230444], [-48.748361, -26.229583], [-48.749194, -26.229611], [-48.750028, -26.22875], [-48.751694, -26.228778], [-48.756222, -26.224167], [-48.75625, -26.223361], [-48.758778, -26.220861], [-48.758778, -26.220028], [-48.760472, -26.218389], [-48.760444, -26.216667], [-48.761278, -26.215806], [-48.761222, -26.211694], [-48.760861, -26.211278], [-48.760028, -26.211278], [-48.759167, -26.210444], [-48.755861, -26.210389], [-48.754611, -26.209167], [-48.754639, -26.208306], [-48.75375, -26.207556], [-48.753778, -26.205833], [-48.752917, -26.205028], [-48.752917, -26.198306], [-48.75375, -26.197528], [-48.753778, -26.195861], [-48.754639, -26.195028], [-48.754583, -26.193361], [-48.757111, -26.190806], [-48.757083, -26.19], [-48.759611, -26.187528], [-48.759639, -26.185861], [-48.760417, -26.185028], [-48.760444, -26.183361], [-48.761278, -26.182528], [-48.761222, -26.181722], [-48.762139, -26.180861], [-48.762083, -26.18], [-48.762944, -26.179167], [-48.762944, -26.178361], [-48.763778, -26.1775], [-48.76375, -26.175833], [-48.764611, -26.175], [-48.764639, -26.173333], [-48.76625, -26.171694], [-48.766278, -26.169972], [-48.767111, -26.169194], [-48.767139, -26.168333], [-48.767917, -26.167556], [-48.767944, -26.166694], [-48.77, -26.164583], [-48.770833, -26.164611], [-48.771667, -26.16375], [-48.773333, -26.163722], [-48.774167, -26.162944], [-48.775056, -26.162889], [-48.775833, -26.162111], [-48.776667, -26.162056], [-48.777556, -26.161278], [-48.778333, -26.161222], [-48.779167, -26.160444], [-48.781639, -26.160417], [-48.782556, -26.159583], [-48.783361, -26.159583], [-48.784611, -26.160806], [-48.784611, -26.164194], [-48.782111, -26.166667], [-48.782083, -26.167472], [-48.78125, -26.168333], [-48.781278, -26.169194], [-48.779611, -26.170889], [-48.779583, -26.171667], [-48.77875, -26.172528], [-48.778722, -26.173389], [-48.777944, -26.174167], [-48.777944, -26.174972], [-48.771278, -26.181694], [-48.77125, -26.182556], [-48.768806, -26.184972], [-48.768778, -26.185833], [-48.767083, -26.187528], [-48.767139, -26.188333], [-48.765444, -26.190028], [-48.765444, -26.190889], [-48.764611, -26.191667], [-48.764583, -26.192472], [-48.763806, -26.193333], [-48.763778, -26.194194], [-48.762944, -26.195028], [-48.762972, -26.197556], [-48.762111, -26.198333], [-48.762111, -26.199139], [-48.763361, -26.200417], [-48.764167, -26.200444], [-48.766667, -26.202944], [-48.768389, -26.202972], [-48.769194, -26.203722], [-48.770028, -26.20375], [-48.77125, -26.2025], [-48.771278, -26.201694], [-48.771667, -26.201306], [-48.772083, -26.201722], [-48.772056, -26.203361], [-48.770444, -26.205], [-48.770444, -26.208333], [-48.769611, -26.209167], [-48.769583, -26.213361], [-48.770472, -26.214167], [-48.769611, -26.215028], [-48.770861, -26.21625], [-48.772528, -26.216278], [-48.773778, -26.2175], [-48.773306, -26.217944], [-48.77, -26.217944], [-48.768778, -26.219194], [-48.76875, -26.22], [-48.767917, -26.220833], [-48.767944, -26.2225], [-48.767111, -26.223361], [-48.767083, -26.225], [-48.766306, -26.225861], [-48.76625, -26.228389], [-48.765417, -26.229167], [-48.765444, -26.230833], [-48.766306, -26.231722], [-48.766306, -26.2325], [-48.767111, -26.233389], [-48.767083, -26.234194], [-48.767972, -26.235], [-48.767944, -26.235861], [-48.76875, -26.236667], [-48.76875, -26.237528], [-48.769611, -26.238361], [-48.769556, -26.240861], [-48.770444, -26.241694], [-48.770417, -26.245861], [-48.77125, -26.246694], [-48.771278, -26.247556], [-48.771722, -26.247944], [-48.7725, -26.247917], [-48.772917, -26.248306], [-48.772917, -26.249167], [-48.774222, -26.250389], [-48.775861, -26.250417], [-48.777556, -26.252111], [-48.778389, -26.252139], [-48.779194, -26.252944], [-48.781667, -26.252917], [-48.783778, -26.255028], [-48.783778, -26.255889], [-48.783389, -26.256278], [-48.781694, -26.254583], [-48.779222, -26.254611], [-48.778361, -26.253722], [-48.777528, -26.253778], [-48.775833, -26.252083], [-48.772528, -26.252083], [-48.771306, -26.253389], [-48.771278, -26.254194], [-48.770833, -26.254583], [-48.765, -26.254611], [-48.764167, -26.253806], [-48.760056, -26.253778], [-48.759194, -26.254583], [-48.758306, -26.254611], [-48.757917, -26.255028], [-48.757944, -26.257528], [-48.757083, -26.258333], [-48.757083, -26.261639], [-48.75625, -26.2625], [-48.75625, -26.265889], [-48.756694, -26.266278], [-48.758333, -26.26625], [-48.759222, -26.267139], [-48.770861, -26.267139], [-48.774222, -26.270444], [-48.776694, -26.270444], [-48.777528, -26.269583], [-48.781667, -26.269611], [-48.782111, -26.27], [-48.780889, -26.27125], [-48.780056, -26.271306], [-48.779139, -26.272083], [-48.776667, -26.272111], [-48.775861, -26.271222], [-48.773389, -26.271306], [-48.7725, -26.270444], [-48.771667, -26.270417], [-48.77, -26.268722], [-48.763389, -26.26875], [-48.762917, -26.269194], [-48.762917, -26.273389], [-48.762139, -26.274222], [-48.762111, -26.275028], [-48.761278, -26.275806], [-48.76125, -26.277528], [-48.760472, -26.278333], [-48.760417, -26.280056], [-48.759583, -26.280889], [-48.759611, -26.2825], [-48.758778, -26.283333], [-48.758778, -26.286667], [-48.757944, -26.2875], [-48.757944, -26.290833], [-48.758361, -26.29125], [-48.773389, -26.29125], [-48.774194, -26.292111], [-48.775833, -26.292083], [-48.776639, -26.292917], [-48.778361, -26.292944], [-48.779167, -26.29375], [-48.785861, -26.293722], [-48.789222, -26.290472], [-48.790056, -26.290417], [-48.790833, -26.289639], [-48.792556, -26.289583], [-48.794167, -26.287972], [-48.795806, -26.287917], [-48.7975, -26.286278], [-48.798333, -26.286306], [-48.799583, -26.287528], [-48.799639, -26.288389], [-48.800444, -26.289139], [-48.799583, -26.29], [-48.799556, -26.291722], [-48.800444, -26.292528], [-48.800417, -26.293389], [-48.802556, -26.295417], [-48.803361, -26.295444], [-48.803806, -26.295833], [-48.803778, -26.296694], [-48.806278, -26.299194], [-48.80625, -26.301667], [-48.807111, -26.3025], [-48.807111, -26.303333], [-48.810472, -26.306667], [-48.810444, -26.307528], [-48.812139, -26.309222], [-48.812139, -26.313333], [-48.811667, -26.313722], [-48.810056, -26.312111], [-48.809222, -26.312083], [-48.807528, -26.310389], [-48.798389, -26.310444], [-48.797528, -26.311278], [-48.795, -26.31125], [-48.794139, -26.312083], [-48.7925, -26.312056], [-48.792139, -26.311722], [-48.793806, -26.310028], [-48.793778, -26.308361], [-48.792528, -26.307083], [-48.791694, -26.307056], [-48.790833, -26.30625], [-48.789167, -26.306278], [-48.788361, -26.305417], [-48.786722, -26.305444], [-48.785833, -26.304556], [-48.782528, -26.304639], [-48.780833, -26.306278], [-48.780417, -26.305861], [-48.780444, -26.304194], [-48.778389, -26.302111], [-48.777556, -26.302083], [-48.777111, -26.301667], [-48.777083, -26.300028], [-48.775028, -26.297917], [-48.774194, -26.297972], [-48.773333, -26.297083], [-48.767556, -26.297056], [-48.766694, -26.297917], [-48.765861, -26.297889], [-48.760806, -26.302917], [-48.76, -26.302972], [-48.759222, -26.30375], [-48.756722, -26.303778], [-48.753806, -26.306639], [-48.753778, -26.308361], [-48.752111, -26.31], [-48.752083, -26.310861], [-48.751306, -26.311722], [-48.751278, -26.315833], [-48.752083, -26.316694], [-48.751694, -26.317111], [-48.749222, -26.317056], [-48.747528, -26.31875], [-48.746722, -26.31875], [-48.745417, -26.320028], [-48.745389, -26.320833], [-48.742944, -26.323333], [-48.742917, -26.324194], [-48.740833, -26.326278], [-48.740028, -26.32625], [-48.738333, -26.327889], [-48.7375, -26.327944], [-48.732972, -26.3325], [-48.732944, -26.333361], [-48.7325, -26.33375], [-48.731667, -26.33375], [-48.730444, -26.335], [-48.730417, -26.335861], [-48.728806, -26.337556], [-48.728778, -26.338333], [-48.72625, -26.340889], [-48.726222, -26.345], [-48.727111, -26.345889], [-48.727083, -26.346694], [-48.728778, -26.348389], [-48.728389, -26.348778], [-48.726667, -26.348806], [-48.725861, -26.347917], [-48.724167, -26.349611], [-48.722528, -26.349583], [-48.720889, -26.351278], [-48.718361, -26.35125], [-48.717528, -26.350444], [-48.715833, -26.350417], [-48.715056, -26.35125], [-48.713333, -26.351278], [-48.712083, -26.352528], [-48.712111, -26.355], [-48.712972, -26.355861], [-48.712528, -26.35625], [-48.710861, -26.356278], [-48.710417, -26.356667], [-48.710472, -26.357528], [-48.711639, -26.35875], [-48.712528, -26.358778], [-48.713361, -26.359583], [-48.715833, -26.359639], [-48.716694, -26.360444], [-48.717528, -26.360417], [-48.718333, -26.361278], [-48.72, -26.36125], [-48.720861, -26.362111], [-48.723361, -26.362111], [-48.725417, -26.364194], [-48.725417, -26.367528], [-48.727972, -26.370028], [-48.727944, -26.370833], [-48.729194, -26.372111], [-48.730028, -26.372111], [-48.730833, -26.372944], [-48.731667, -26.372944], [-48.732528, -26.373778], [-48.733361, -26.373778], [-48.734167, -26.374583], [-48.735, -26.374611], [-48.735889, -26.375417], [-48.736694, -26.375444], [-48.737528, -26.37625], [-48.738333, -26.376278], [-48.739167, -26.377083], [-48.740056, -26.377083], [-48.740417, -26.3775], [-48.740472, -26.378361], [-48.740833, -26.378778], [-48.741667, -26.378778], [-48.742556, -26.379583], [-48.744194, -26.379556], [-48.745, -26.380444], [-48.745833, -26.380444], [-48.749639, -26.384167], [-48.749194, -26.384583], [-48.747528, -26.384611], [-48.746667, -26.383722], [-48.745, -26.38375], [-48.744194, -26.382944], [-48.743361, -26.382944], [-48.7425, -26.382111], [-48.741667, -26.382111], [-48.740861, -26.381222], [-48.740028, -26.381278], [-48.738333, -26.379583], [-48.737528, -26.379583], [-48.735833, -26.377944], [-48.735, -26.377944], [-48.734194, -26.377111], [-48.732528, -26.377083], [-48.731667, -26.376278], [-48.730833, -26.37625], [-48.730028, -26.375444], [-48.729194, -26.375444], [-48.72875, -26.375028], [-48.728778, -26.374167], [-48.728333, -26.37375], [-48.7275, -26.37375], [-48.723778, -26.370028], [-48.723778, -26.369222], [-48.720861, -26.36625], [-48.720028, -26.366278], [-48.717528, -26.363778], [-48.715889, -26.36375], [-48.715444, -26.363361], [-48.715444, -26.362556], [-48.715028, -26.362083], [-48.714194, -26.362056], [-48.7125, -26.360444], [-48.711694, -26.360417], [-48.710861, -26.359611], [-48.710028, -26.359583], [-48.708361, -26.357972], [-48.706694, -26.357944], [-48.705889, -26.357111], [-48.705, -26.357917], [-48.704167, -26.357083], [-48.700861, -26.357111], [-48.700028, -26.357944], [-48.699194, -26.357944], [-48.698361, -26.358778], [-48.697528, -26.358778], [-48.696694, -26.359611], [-48.695028, -26.359583], [-48.694222, -26.358778], [-48.693333, -26.35875], [-48.692528, -26.357944], [-48.689139, -26.357944], [-48.687528, -26.359583], [-48.685861, -26.359611], [-48.684639, -26.360861], [-48.684611, -26.361694], [-48.684222, -26.362111], [-48.683333, -26.362083], [-48.6825, -26.362944], [-48.678361, -26.362917], [-48.677556, -26.362111], [-48.676694, -26.362944], [-48.675056, -26.362917], [-48.674139, -26.363778], [-48.672556, -26.36375], [-48.672111, -26.364194], [-48.672139, -26.365], [-48.671694, -26.365444], [-48.670861, -26.365444], [-48.668333, -26.367917], [-48.6675, -26.367972], [-48.666722, -26.36875], [-48.665833, -26.368806], [-48.665, -26.369583], [-48.664222, -26.369639], [-48.662556, -26.37125], [-48.661722, -26.37125], [-48.660806, -26.372083], [-48.658333, -26.372111], [-48.657556, -26.372972], [-48.652528, -26.372944], [-48.651667, -26.373778], [-48.650861, -26.373778], [-48.65, -26.374611], [-48.649167, -26.374611], [-48.648361, -26.373778], [-48.645056, -26.373778], [-48.64375, -26.375028], [-48.64375, -26.375833], [-48.644194, -26.376222], [-48.645, -26.37625], [-48.645444, -26.376722], [-48.645, -26.377111], [-48.643333, -26.377083], [-48.6425, -26.377917], [-48.641722, -26.377917], [-48.641222, -26.3775], [-48.642139, -26.376667], [-48.642083, -26.375861], [-48.641667, -26.375444], [-48.640056, -26.375417], [-48.638361, -26.377111], [-48.636667, -26.377083], [-48.635417, -26.378333], [-48.635417, -26.379194], [-48.635833, -26.379583], [-48.6375, -26.379556], [-48.637944, -26.380028], [-48.637556, -26.380417], [-48.636722, -26.380417], [-48.634583, -26.382556], [-48.634611, -26.383361], [-48.628778, -26.389167], [-48.62875, -26.390028], [-48.628361, -26.390417], [-48.627528, -26.390389], [-48.625472, -26.392556], [-48.625444, -26.394139], [-48.624583, -26.395], [-48.624611, -26.396667], [-48.622083, -26.399194], [-48.622056, -26.400056], [-48.621278, -26.400833], [-48.62125, -26.405028], [-48.620417, -26.405861], [-48.620417, -26.411722], [-48.621222, -26.412472], [-48.621278, -26.413333], [-48.622083, -26.414194], [-48.622083, -26.415], [-48.62375, -26.416694], [-48.62375, -26.4175], [-48.625417, -26.419194], [-48.625417, -26.420056], [-48.626278, -26.420861], [-48.626278, -26.421667], [-48.627083, -26.422556], [-48.627111, -26.427528], [-48.627917, -26.428333], [-48.627944, -26.433333], [-48.62875, -26.434194], [-48.62875, -26.436667], [-48.627917, -26.4375], [-48.627917, -26.443361], [-48.625444, -26.445833], [-48.625444, -26.446694], [-48.620028, -26.452111], [-48.619222, -26.452083], [-48.617528, -26.453778], [-48.616694, -26.453778], [-48.613389, -26.457111], [-48.6125, -26.457083], [-48.611694, -26.457944], [-48.609972, -26.457972], [-48.609194, -26.458806], [-48.608389, -26.458806], [-48.605, -26.462111], [-48.604167, -26.462111], [-48.603778, -26.4625], [-48.60375, -26.463361], [-48.603460444444444, -26.463650555555553], [-48.6099, -26.4717], [-48.6347, -26.5134], [-48.6507, -26.5473], [-48.65587743083342, -26.559637707517936], [-48.657111, -26.560861], [-48.65708328176965, -26.562511224642574], [-48.65709526664588, -26.56253978434763], [-48.659194, -26.564556], [-48.660028, -26.564583], [-48.660417, -26.564194], [-48.660417, -26.561667], [-48.659611, -26.560833], [-48.659611, -26.560028], [-48.65875, -26.559167], [-48.65875, -26.558361], [-48.657944, -26.5575], [-48.657972, -26.556694], [-48.657083, -26.555861], [-48.657111, -26.555028], [-48.656306, -26.554194], [-48.656306, -26.553333], [-48.655444, -26.552528], [-48.655444, -26.551667], [-48.654639, -26.550861], [-48.654583, -26.55], [-48.653778, -26.549167], [-48.653806, -26.548306], [-48.652917, -26.547556], [-48.652944, -26.546694], [-48.652139, -26.545833], [-48.652111, -26.544167], [-48.651222, -26.543333], [-48.65125, -26.542528], [-48.649611, -26.540861], [-48.649583, -26.54], [-48.647944, -26.538361], [-48.647917, -26.5375], [-48.648361, -26.537111], [-48.650417, -26.539139], [-48.650472, -26.54], [-48.652083, -26.541694], [-48.652139, -26.542556], [-48.65375, -26.544194], [-48.653806, -26.545], [-48.654611, -26.545861], [-48.654556, -26.548333], [-48.655444, -26.549194], [-48.655417, -26.55], [-48.656222, -26.550861], [-48.656278, -26.551667], [-48.657083, -26.5525], [-48.657083, -26.553361], [-48.65875, -26.555056], [-48.658806, -26.556639], [-48.659611, -26.557528], [-48.659583, -26.558333], [-48.660472, -26.559194], [-48.660444, -26.56], [-48.66125, -26.560806], [-48.661306, -26.561667], [-48.662111, -26.5625], [-48.662083, -26.564222], [-48.662944, -26.565028], [-48.662944, -26.565833], [-48.66375, -26.566694], [-48.663722, -26.5675], [-48.664611, -26.568389], [-48.664583, -26.569167], [-48.665417, -26.57], [-48.665417, -26.572528], [-48.666278, -26.573389], [-48.66625, -26.575861], [-48.667111, -26.576667], [-48.667111, -26.577528], [-48.667528, -26.577944], [-48.668361, -26.577944], [-48.669611, -26.579167], [-48.66903985383356, -26.579757344356914], [-48.6789, -26.5771]]], [[[-48.6648, -26.5809], [-48.66710190640451, -26.580279628061195], [-48.667111, -26.58], [-48.666306, -26.579167], [-48.66625, -26.578361], [-48.665444, -26.5775], [-48.665444, -26.574972], [-48.664611, -26.574222], [-48.664583, -26.573361], [-48.66375, -26.5725], [-48.663806, -26.570833], [-48.662917, -26.57], [-48.662944, -26.568361], [-48.661694, -26.567139], [-48.660861, -26.567111], [-48.660056, -26.566306], [-48.659167, -26.566278], [-48.658812672955975, -26.566632327044022], [-48.6648, -26.5809]]], [[[-48.59820035645265, -26.457075445565817], [-48.604222, -26.457056], [-48.605, -26.456278], [-48.605833, -26.456222], [-48.606722, -26.455444], [-48.6075, -26.455389], [-48.609639, -26.453361], [-48.609611, -26.451639], [-48.611694, -26.449611], [-48.612528, -26.449583], [-48.614194, -26.447944], [-48.615028, -26.447944], [-48.619583, -26.443333], [-48.619611, -26.442528], [-48.621278, -26.440833], [-48.62125, -26.439167], [-48.622111, -26.438389], [-48.622083, -26.436667], [-48.622917, -26.435833], [-48.622111, -26.435], [-48.622111, -26.431694], [-48.62125, -26.430861], [-48.621306, -26.428361], [-48.620472, -26.427528], [-48.620417, -26.425], [-48.619583, -26.424194], [-48.619611, -26.423333], [-48.61875, -26.422528], [-48.61875, -26.419194], [-48.617944, -26.418389], [-48.617917, -26.415861], [-48.617111, -26.414972], [-48.617111, -26.412528], [-48.616278, -26.411694], [-48.616306, -26.407528], [-48.615444, -26.406694], [-48.615472, -26.401667], [-48.61625, -26.400861], [-48.616278, -26.399167], [-48.617139, -26.398361], [-48.617111, -26.396694], [-48.617944, -26.395861], [-48.617972, -26.395], [-48.61875, -26.394222], [-48.61875, -26.393361], [-48.620444, -26.391667], [-48.620472, -26.390861], [-48.620861, -26.390417], [-48.621694, -26.390417], [-48.622917, -26.389167], [-48.622944, -26.388389], [-48.623778, -26.387528], [-48.62375, -26.385861], [-48.624611, -26.385028], [-48.624639, -26.383361], [-48.625417, -26.382528], [-48.625444, -26.381722], [-48.626278, -26.380861], [-48.626306, -26.38], [-48.627083, -26.379167], [-48.627083, -26.378361], [-48.627944, -26.3775], [-48.627944, -26.376667], [-48.628806, -26.375861], [-48.628806, -26.375], [-48.630444, -26.373361], [-48.630444, -26.3725], [-48.630833, -26.372056], [-48.631667, -26.372083], [-48.636667, -26.367111], [-48.637556, -26.367139], [-48.638333, -26.366278], [-48.650056, -26.366306], [-48.650833, -26.365444], [-48.651722, -26.365472], [-48.6525, -26.364611], [-48.653333, -26.364639], [-48.654167, -26.363806], [-48.655, -26.363806], [-48.655833, -26.362972], [-48.656722, -26.362917], [-48.6575, -26.362139], [-48.659222, -26.362111], [-48.66, -26.36125], [-48.661722, -26.361278], [-48.6625, -26.360444], [-48.664222, -26.360417], [-48.665, -26.359611], [-48.667556, -26.359611], [-48.669167, -26.357917], [-48.67, -26.357917], [-48.670833, -26.357083], [-48.671667, -26.357083], [-48.6725, -26.35625], [-48.673333, -26.35625], [-48.674194, -26.355417], [-48.675, -26.355417], [-48.675861, -26.354583], [-48.676694, -26.354583], [-48.677528, -26.35375], [-48.678361, -26.35375], [-48.67875, -26.353361], [-48.67875, -26.3525], [-48.680444, -26.350861], [-48.680472, -26.35], [-48.681306, -26.349167], [-48.68125, -26.348361], [-48.681722, -26.347972], [-48.682528, -26.348778], [-48.683361, -26.348806], [-48.68375, -26.348333], [-48.683778, -26.346667], [-48.682889, -26.345861], [-48.683806, -26.345028], [-48.683778, -26.343361], [-48.684611, -26.3425], [-48.684639, -26.341639], [-48.685417, -26.340861], [-48.685444, -26.340056], [-48.686278, -26.339222], [-48.686278, -26.338361], [-48.687972, -26.336667], [-48.687944, -26.335861], [-48.688778, -26.335], [-48.68875, -26.332556], [-48.689222, -26.332083], [-48.690028, -26.332111], [-48.691722, -26.330417], [-48.694194, -26.330444], [-48.695, -26.329611], [-48.698361, -26.329611], [-48.699194, -26.32875], [-48.700861, -26.328778], [-48.701694, -26.327944], [-48.703361, -26.327972], [-48.704194, -26.327111], [-48.705861, -26.327083], [-48.706667, -26.327917], [-48.710861, -26.327917], [-48.712556, -26.326278], [-48.713361, -26.326306], [-48.71375, -26.325833], [-48.713778, -26.325028], [-48.714611, -26.324194], [-48.714583, -26.322528], [-48.715444, -26.321694], [-48.715417, -26.319222], [-48.714611, -26.318361], [-48.714611, -26.311694], [-48.715444, -26.310861], [-48.715472, -26.31], [-48.714583, -26.309167], [-48.714583, -26.306667], [-48.713389, -26.305444], [-48.7125, -26.305417], [-48.71125, -26.304194], [-48.711278, -26.303333], [-48.709583, -26.301639], [-48.709611, -26.300861], [-48.7075, -26.29875], [-48.705889, -26.298778], [-48.705028, -26.297917], [-48.703306, -26.297944], [-48.7025, -26.297056], [-48.700833, -26.297083], [-48.700028, -26.296278], [-48.699139, -26.296278], [-48.698333, -26.295444], [-48.693361, -26.295417], [-48.6925, -26.294611], [-48.691667, -26.294611], [-48.690861, -26.293778], [-48.689222, -26.29375], [-48.687528, -26.292139], [-48.685861, -26.292111], [-48.685056, -26.291278], [-48.683361, -26.29125], [-48.682972, -26.290861], [-48.682917, -26.29], [-48.681306, -26.288361], [-48.68125, -26.287556], [-48.680444, -26.286694], [-48.680417, -26.285833], [-48.679583, -26.285], [-48.679556, -26.283333], [-48.678389, -26.282056], [-48.6775, -26.282111], [-48.674639, -26.279194], [-48.674639, -26.278333], [-48.672528, -26.27625], [-48.670861, -26.276278], [-48.67, -26.275444], [-48.669167, -26.275444], [-48.668361, -26.274611], [-48.666722, -26.274583], [-48.665833, -26.273778], [-48.662528, -26.273778], [-48.661667, -26.272972], [-48.660833, -26.272944], [-48.656278, -26.268361], [-48.656222, -26.267556], [-48.651694, -26.262944], [-48.650028, -26.262917], [-48.649583, -26.2625], [-48.649611, -26.261639], [-48.64875, -26.260833], [-48.648806, -26.258361], [-48.647917, -26.2575], [-48.647944, -26.255833], [-48.646278, -26.254194], [-48.646278, -26.253333], [-48.645417, -26.252528], [-48.645444, -26.251667], [-48.64375, -26.250028], [-48.643778, -26.248306], [-48.642111, -26.246694], [-48.642139, -26.245028], [-48.64125, -26.244139], [-48.641278, -26.243361], [-48.640472, -26.242528], [-48.640444, -26.240861], [-48.64, -26.240472], [-48.638361, -26.240444], [-48.637528, -26.239611], [-48.636722, -26.239611], [-48.635417, -26.238333], [-48.635417, -26.237528], [-48.636278, -26.236667], [-48.636306, -26.235028], [-48.637083, -26.234222], [-48.637083, -26.233361], [-48.636278, -26.2325], [-48.636306, -26.231694], [-48.635861, -26.231278], [-48.6325, -26.231278], [-48.631694, -26.230417], [-48.629139, -26.230417], [-48.628333, -26.229611], [-48.624194, -26.229611], [-48.623361, -26.230444], [-48.621722, -26.230417], [-48.620028, -26.228778], [-48.6175, -26.22875], [-48.616667, -26.227917], [-48.614194, -26.227944], [-48.613333, -26.227139], [-48.6125, -26.227111], [-48.610889, -26.225417], [-48.61, -26.225417], [-48.60875, -26.224194], [-48.608778, -26.223333], [-48.608333, -26.222917], [-48.6075, -26.222972], [-48.607139, -26.222556], [-48.607083, -26.221694], [-48.605833, -26.220472], [-48.605028, -26.220444], [-48.604194, -26.219583], [-48.603389, -26.219639], [-48.601694, -26.217944], [-48.600806, -26.217917], [-48.599194, -26.216278], [-48.597556, -26.21625], [-48.596667, -26.215444], [-48.594194, -26.215472], [-48.592111, -26.2175], [-48.592111, -26.218361], [-48.590861, -26.219583], [-48.589139, -26.219556], [-48.588333, -26.218806], [-48.585861, -26.21875], [-48.585472, -26.219167], [-48.585444, -26.220028], [-48.587139, -26.221694], [-48.587111, -26.2225], [-48.586722, -26.222944], [-48.583806, -26.219972], [-48.58375, -26.219194], [-48.585, -26.217944], [-48.59, -26.217972], [-48.592083, -26.215833], [-48.592111, -26.214222], [-48.590806, -26.212944], [-48.579194, -26.212972], [-48.578333, -26.21375], [-48.569194, -26.213778], [-48.568333, -26.212972], [-48.5675, -26.212944], [-48.566722, -26.213806], [-48.565833, -26.212917], [-48.565028, -26.212917], [-48.564639, -26.212556], [-48.564611, -26.211694], [-48.564167, -26.211222], [-48.563333, -26.211278], [-48.562083, -26.21], [-48.562111, -26.209194], [-48.560417, -26.2075], [-48.560444, -26.206694], [-48.558778, -26.205], [-48.558778, -26.204194], [-48.557972, -26.203333], [-48.557889, -26.200861], [-48.555833, -26.198778], [-48.555028, -26.19875], [-48.554583, -26.198333], [-48.555028, -26.197944], [-48.556694, -26.197917], [-48.5575, -26.19875], [-48.558333, -26.19875], [-48.558778, -26.198361], [-48.558778, -26.195833], [-48.560833, -26.19375], [-48.562556, -26.193778], [-48.564194, -26.192083], [-48.565, -26.192111], [-48.565861, -26.19125], [-48.568333, -26.191306], [-48.569167, -26.190444], [-48.571639, -26.190444], [-48.572528, -26.19125], [-48.574167, -26.191278], [-48.575861, -26.192917], [-48.5775, -26.192944], [-48.577889, -26.1925], [-48.577917, -26.190833], [-48.577111, -26.190028], [-48.5775, -26.189611], [-48.578333, -26.189583], [-48.580889, -26.192083], [-48.582111, -26.190833], [-48.582083, -26.189194], [-48.580833, -26.187972], [-48.579194, -26.187944], [-48.578333, -26.187111], [-48.577556, -26.187111], [-48.575889, -26.185417], [-48.574167, -26.185444], [-48.573361, -26.184556], [-48.571694, -26.184583], [-48.570833, -26.183778], [-48.568361, -26.183806], [-48.567556, -26.182917], [-48.566667, -26.182917], [-48.564972, -26.181278], [-48.564139, -26.18125], [-48.562917, -26.180028], [-48.562917, -26.179167], [-48.5625, -26.178778], [-48.561722, -26.17875], [-48.561222, -26.178333], [-48.56125, -26.177472], [-48.560444, -26.176667], [-48.560444, -26.175861], [-48.559583, -26.175], [-48.559611, -26.174194], [-48.555861, -26.170472], [-48.554167, -26.170444], [-48.55380089925974, -26.170078338229455], [-48.5471, -26.1711], [-48.5404, -26.1701], [-48.535864383561645, -26.16625], [-48.535, -26.16625], [-48.534639, -26.165861], [-48.53463171943314, -26.16520366882116], [-48.531951927121156, -26.162928961393547], [-48.53169492256906, -26.162930349218126], [-48.52459121158181, -26.17174254765801], [-48.524556, -26.173361], [-48.52423824642989, -26.173712652729904], [-48.52537763218391, -26.17746063218391], [-48.526306, -26.178389], [-48.526260711951295, -26.180365499839784], [-48.526466619177434, -26.181042826241562], [-48.527111, -26.181667], [-48.52711948528737, -26.183190412129502], [-48.5277, -26.1851], [-48.52747312610689, -26.18704016294801], [-48.527944, -26.187528], [-48.527944, -26.194222], [-48.527083, -26.195], [-48.527111, -26.200056], [-48.527917, -26.200861], [-48.527139, -26.201667], [-48.527083, -26.204167], [-48.526306, -26.205028], [-48.526278, -26.205889], [-48.525444, -26.206667], [-48.525472, -26.208333], [-48.524925000226624, -26.208831032544758], [-48.5248, -26.2099], [-48.523761756556404, -26.211332775952165], [-48.523722, -26.212556], [-48.522944, -26.213333], [-48.522944, -26.214194], [-48.522083, -26.214972], [-48.522083, -26.215833], [-48.521306, -26.216694], [-48.521278, -26.2175], [-48.519583, -26.219167], [-48.519611, -26.221639], [-48.520417, -26.222528], [-48.520028, -26.222972], [-48.5153464281203, -26.222945929193987], [-48.5148, -26.2237], [-48.51459886713548, -26.22373781985487], [-48.514583, -26.224194], [-48.514194, -26.224583], [-48.513361, -26.224639], [-48.512528, -26.225417], [-48.510889, -26.225444], [-48.510028, -26.226278], [-48.509222, -26.226278], [-48.508361, -26.227111], [-48.506639, -26.227083], [-48.505833, -26.226278], [-48.504194, -26.226306], [-48.50375, -26.225833], [-48.5037509310469, -26.22577760270913], [-48.5031, -26.2259], [-48.5041, -26.2373], [-48.5049282594299, -26.238654629908723], [-48.506306, -26.239972], [-48.506306, -26.240833], [-48.507111, -26.241722], [-48.50709391938375, -26.242196597122955], [-48.50761577784778, -26.24305010395665], [-48.507944, -26.243389], [-48.507944, -26.243586915887853], [-48.50887466716515, -26.245109035083196], [-48.509611, -26.245833], [-48.50960339657404, -26.246300882247265], [-48.5128316214612, -26.2515806893057], [-48.512917, -26.251667], [-48.51292080390778, -26.251726548447312], [-48.515413653311526, -26.255803638593616], [-48.515444, -26.255833], [-48.515444350102904, -26.25585384362624], [-48.52066755649592, -26.26439647090454], [-48.521278, -26.265], [-48.521278, -26.26539485981309], [-48.52203214150746, -26.266628268820615], [-48.522944, -26.267556], [-48.52293464755953, -26.26810433012073], [-48.5255, -26.2723], [-48.53498216551974, -26.2895485106121], [-48.535444, -26.29], [-48.53543788592168, -26.290377487724204], [-48.537037790697674, -26.293287790697672], [-48.537083, -26.293333], [-48.537081830832975, -26.29336790180093], [-48.5380548255814, -26.295137825581396], [-48.53875, -26.295833], [-48.5387325177279, -26.29637057986695], [-48.53911085979399, -26.297058802101446], [-48.539611, -26.297528], [-48.539596117902526, -26.2979415097084], [-48.540124400553495, -26.298902481006827], [-48.540389, -26.299194], [-48.540403787116354, -26.299410698468797], [-48.54113146126124, -26.30073437238949], [-48.54125, -26.300861], [-48.541257078204886, -26.30096287559174], [-48.54209034371701, -26.302478625237594], [-48.542111, -26.3025], [-48.5421115800017, -26.302517255050716], [-48.5465, -26.3105], [-48.549566607596525, -26.31748200836708], [-48.549611, -26.317528], [-48.54960928017842, -26.31757916469194], [-48.55021121582621, -26.31894964317574], [-48.550472, -26.319194], [-48.550460751940214, -26.319517783435305], [-48.55087456408, -26.320459945003574], [-48.55125, -26.320861], [-48.55128744878408, -26.32139999499947], [-48.551497709820545, -26.321878714323564], [-48.552111, -26.322556], [-48.552098773948686, -26.323247208543886], [-48.55281893010193, -26.32488684978564], [-48.55375, -26.325833], [-48.55376333610632, -26.32703705988493], [-48.55544198601398, -26.33085898601398], [-48.555444, -26.330861], [-48.555444045707034, -26.330863675493692], [-48.5577, -26.336], [-48.55870183621764, -26.339930280546135], [-48.558806, -26.340028], [-48.558799463324476, -26.340313279196025], [-48.559563950237994, -26.343312420164434], [-48.559611, -26.343361], [-48.559611, -26.343496999999996], [-48.56127496640183, -26.35002486819182], [-48.561278, -26.350028], [-48.56127773160683, -26.35003571630372], [-48.56155334456974, -26.351116967158195], [-48.562111, -26.351639], [-48.56209943046896, -26.352350526158855], [-48.5674, -26.3635], [-48.583, -26.3885], [-48.5901, -26.4023], [-48.592114614107125, -26.407504419776735], [-48.592139, -26.407528], [-48.59213776247431, -26.407564219725295], [-48.5931621144265, -26.410210462268452], [-48.593778, -26.410806], [-48.59376246553966, -26.4117613693108], [-48.5942346189889, -26.41298109905466], [-48.594611, -26.413333], [-48.5945923875, -26.413905334375006], [-48.59478063157894, -26.414391631578944], [-48.595417, -26.415028], [-48.59543404291308, -26.416079610858787], [-48.59581578947368, -26.417065789473682], [-48.59625, -26.4175], [-48.59625, -26.418187500000002], [-48.5973, -26.4209], [-48.59872149688127, -26.428330551879366], [-48.59875, -26.428361], [-48.59875068387339, -26.42848312024726], [-48.5995, -26.4324], [-48.599298313197444, -26.433881959549236], [-48.599583, -26.434167], [-48.599206568336996, -26.43455608482815], [-48.59900397004132, -26.43604474187028], [-48.599611, -26.436694], [-48.599611, -26.439222], [-48.598778, -26.44], [-48.59875, -26.446667], [-48.597917, -26.4475], [-48.597917, -26.450028], [-48.597083, -26.450861], [-48.597111, -26.452528], [-48.5956743806735, -26.453917975841875], [-48.59820035645265, -26.457075445565817]]], [[[-48.721667, -26.363722], [-48.721278, -26.364194], [-48.72125, -26.365056], [-48.7225, -26.366278], [-48.724222, -26.366306], [-48.724611, -26.365833], [-48.72375, -26.365028], [-48.72375, -26.364167], [-48.723333, -26.36375], [-48.721667, -26.363722]]], [[[-48.693389, -26.352917], [-48.692528, -26.35375], [-48.690889, -26.353778], [-48.690417, -26.354167], [-48.690472, -26.355833], [-48.690833, -26.35625], [-48.695861, -26.356278], [-48.697083, -26.355028], [-48.697056, -26.353361], [-48.696694, -26.352972], [-48.693389, -26.352917]]], [[[-48.689583, -26.351694], [-48.690028, -26.352111], [-48.6925, -26.352083], [-48.692889, -26.351694], [-48.692917, -26.350833], [-48.691722, -26.349611], [-48.690833, -26.349611], [-48.689611, -26.350833], [-48.689583, -26.351694]]], [[[-48.724583, -26.3475], [-48.724611, -26.346694], [-48.723361, -26.345417], [-48.722528, -26.345472], [-48.721667, -26.344583], [-48.720833, -26.344583], [-48.719611, -26.345833], [-48.720417, -26.346694], [-48.719639, -26.347556], [-48.720806, -26.348778], [-48.721694, -26.348778], [-48.722556, -26.347944], [-48.724194, -26.347972], [-48.724583, -26.3475]]], [[[-48.695861, -26.33375], [-48.695028, -26.334583], [-48.694194, -26.334583], [-48.689639, -26.339167], [-48.689639, -26.34], [-48.688778, -26.340861], [-48.688806, -26.343389], [-48.687889, -26.344167], [-48.687944, -26.3475], [-48.687111, -26.348333], [-48.687556, -26.34875], [-48.690028, -26.348778], [-48.69125, -26.347556], [-48.691278, -26.346694], [-48.6925, -26.345444], [-48.693333, -26.345389], [-48.694194, -26.344611], [-48.697556, -26.344611], [-48.698361, -26.345417], [-48.700833, -26.345472], [-48.701694, -26.344611], [-48.702528, -26.344639], [-48.702917, -26.344167], [-48.702917, -26.343333], [-48.70375, -26.342528], [-48.703778, -26.341667], [-48.704556, -26.340889], [-48.704583, -26.340028], [-48.705472, -26.339167], [-48.705444, -26.338389], [-48.710833, -26.332972], [-48.711722, -26.332917], [-48.712556, -26.332083], [-48.715028, -26.332111], [-48.715806, -26.33125], [-48.716694, -26.331278], [-48.717083, -26.330833], [-48.717111, -26.330028], [-48.716667, -26.329611], [-48.713361, -26.329611], [-48.712528, -26.330417], [-48.710056, -26.330417], [-48.70875, -26.331667], [-48.708722, -26.332528], [-48.7075, -26.333778], [-48.705833, -26.33375], [-48.705, -26.334583], [-48.703333, -26.334611], [-48.702528, -26.333806], [-48.695861, -26.33375]]], [[[-48.717528, -26.34125], [-48.717917, -26.340861], [-48.717944, -26.34], [-48.718333, -26.339611], [-48.719222, -26.339639], [-48.720833, -26.337944], [-48.721722, -26.337944], [-48.722111, -26.337556], [-48.722139, -26.335833], [-48.722917, -26.335056], [-48.722944, -26.334194], [-48.721694, -26.332972], [-48.715833, -26.332917], [-48.715, -26.333778], [-48.712528, -26.333778], [-48.710444, -26.335889], [-48.710472, -26.337528], [-48.709556, -26.338389], [-48.710444, -26.339194], [-48.710417, -26.34], [-48.711667, -26.341278], [-48.717528, -26.34125]]], [[[-48.740861, -26.292972], [-48.739611, -26.294167], [-48.739611, -26.295028], [-48.73875, -26.295861], [-48.73875, -26.296667], [-48.732917, -26.302528], [-48.732972, -26.303333], [-48.732111, -26.304194], [-48.732111, -26.305056], [-48.730028, -26.307083], [-48.729194, -26.307111], [-48.727889, -26.308361], [-48.727944, -26.309167], [-48.727111, -26.31], [-48.727083, -26.311667], [-48.727944, -26.312556], [-48.727944, -26.313333], [-48.728361, -26.31375], [-48.729194, -26.313778], [-48.73, -26.314639], [-48.730833, -26.314583], [-48.731278, -26.315], [-48.73125, -26.315861], [-48.731694, -26.316278], [-48.732528, -26.316278], [-48.733389, -26.317111], [-48.734972, -26.317139], [-48.735889, -26.316278], [-48.738361, -26.31625], [-48.739194, -26.315472], [-48.740861, -26.315444], [-48.741694, -26.314583], [-48.742528, -26.314611], [-48.74375, -26.313361], [-48.743778, -26.3125], [-48.744639, -26.311667], [-48.744583, -26.310056], [-48.745056, -26.309611], [-48.745806, -26.309611], [-48.748333, -26.307083], [-48.749222, -26.307083], [-48.752528, -26.30375], [-48.753361, -26.303778], [-48.754194, -26.302917], [-48.755028, -26.302944], [-48.757111, -26.300861], [-48.757083, -26.299194], [-48.756694, -26.298778], [-48.755861, -26.298778], [-48.755, -26.297889], [-48.753333, -26.297917], [-48.752528, -26.297111], [-48.750833, -26.297083], [-48.75, -26.296278], [-48.747528, -26.296222], [-48.745028, -26.293778], [-48.744222, -26.293778], [-48.743333, -26.292889], [-48.740861, -26.292972]]], [[[-48.716667, -26.275444], [-48.717111, -26.275], [-48.717111, -26.274194], [-48.717917, -26.273361], [-48.716722, -26.272139], [-48.714583, -26.274167], [-48.714639, -26.275028], [-48.715, -26.275444], [-48.716667, -26.275444]]], [[[-48.707111, -26.270028], [-48.70625, -26.270833], [-48.707056, -26.271694], [-48.707139, -26.274222], [-48.707528, -26.274611], [-48.708333, -26.274583], [-48.709194, -26.273778], [-48.710028, -26.27375], [-48.710833, -26.274611], [-48.711722, -26.274639], [-48.712111, -26.274194], [-48.712056, -26.27], [-48.710444, -26.268361], [-48.710417, -26.266694], [-48.709611, -26.265833], [-48.709639, -26.264167], [-48.709194, -26.26375], [-48.708361, -26.26375], [-48.707528, -26.264583], [-48.706694, -26.264583], [-48.70625, -26.264972], [-48.706278, -26.266694], [-48.707083, -26.2675], [-48.707111, -26.270028]]], [[[-48.679556, -26.264194], [-48.680861, -26.265417], [-48.682528, -26.265444], [-48.682917, -26.265], [-48.682944, -26.263333], [-48.682528, -26.262944], [-48.680028, -26.262944], [-48.679583, -26.263333], [-48.679556, -26.264194]]], [[[-48.693778, -26.258361], [-48.69375, -26.2575], [-48.6925, -26.256278], [-48.691667, -26.257111], [-48.69, -26.257083], [-48.689194, -26.256278], [-48.686722, -26.25625], [-48.68625, -26.256694], [-48.686278, -26.259167], [-48.686722, -26.259611], [-48.690833, -26.259583], [-48.691694, -26.258778], [-48.693333, -26.25875], [-48.693778, -26.258361]]], [[[-48.710472, -26.250889], [-48.710028, -26.250417], [-48.708361, -26.250444], [-48.707528, -26.25125], [-48.706694, -26.251222], [-48.70625, -26.251667], [-48.706278, -26.253333], [-48.706667, -26.25375], [-48.708361, -26.253778], [-48.709139, -26.252917], [-48.710028, -26.252944], [-48.710417, -26.2525], [-48.710472, -26.250889]]], [[[-48.679167, -26.255417], [-48.682528, -26.255417], [-48.683333, -26.256306], [-48.685, -26.256278], [-48.685444, -26.255861], [-48.685444, -26.253361], [-48.684556, -26.252528], [-48.684611, -26.25], [-48.684167, -26.249611], [-48.683361, -26.249583], [-48.680861, -26.247083], [-48.679139, -26.247111], [-48.67875, -26.2475], [-48.678778, -26.249167], [-48.677944, -26.250028], [-48.677917, -26.254194], [-48.679167, -26.255417]]], [[[-48.621306, -26.446694], [-48.621667, -26.447083], [-48.622556, -26.447111], [-48.623806, -26.445861], [-48.623778, -26.444139], [-48.623389, -26.44375], [-48.621667, -26.443778], [-48.621278, -26.444222], [-48.621306, -26.446694]]], [[[-48.622111, -26.441722], [-48.622528, -26.442056], [-48.623361, -26.442083], [-48.62375, -26.441694], [-48.623778, -26.440028], [-48.623361, -26.439611], [-48.622528, -26.439611], [-48.622139, -26.44], [-48.622111, -26.441722]]], [[[-48.623361, -26.42625], [-48.62375, -26.425861], [-48.623778, -26.4225], [-48.622528, -26.42125], [-48.621278, -26.4225], [-48.621278, -26.425833], [-48.621722, -26.426222], [-48.623361, -26.42625]]], [[[-48.62125, -26.418333], [-48.62125, -26.417528], [-48.620444, -26.416694], [-48.621306, -26.415861], [-48.621306, -26.415], [-48.620806, -26.414583], [-48.619222, -26.414611], [-48.618778, -26.415], [-48.618806, -26.416667], [-48.619611, -26.417556], [-48.619583, -26.418361], [-48.620028, -26.41875], [-48.620861, -26.418778], [-48.62125, -26.418333]]], [[[-48.633806, -26.376694], [-48.633361, -26.376222], [-48.632472, -26.376278], [-48.63125, -26.3775], [-48.63125, -26.379972], [-48.631694, -26.380444], [-48.633333, -26.380472], [-48.634639, -26.379167], [-48.634611, -26.378306], [-48.633778, -26.377556], [-48.633806, -26.376694]]], [[[-48.650889, -26.372111], [-48.652111, -26.370861], [-48.652056, -26.37], [-48.650889, -26.368778], [-48.646694, -26.368778], [-48.645, -26.370417], [-48.642528, -26.370417], [-48.641667, -26.371278], [-48.640861, -26.37125], [-48.640389, -26.371694], [-48.640417, -26.373361], [-48.641667, -26.374583], [-48.642556, -26.374611], [-48.645028, -26.372111], [-48.650889, -26.372111]]], [[[-48.660417, -26.270889], [-48.661667, -26.272111], [-48.662556, -26.272111], [-48.662944, -26.271667], [-48.662917, -26.27], [-48.661667, -26.268722], [-48.660861, -26.268778], [-48.660389, -26.269167], [-48.660417, -26.270889]]], [[[-48.662083, -26.267528], [-48.664194, -26.269639], [-48.665028, -26.269583], [-48.665417, -26.269194], [-48.665444, -26.268389], [-48.663306, -26.266278], [-48.662556, -26.266278], [-48.662111, -26.266667], [-48.662083, -26.267528]]], [[[-48.67125, -26.248361], [-48.672556, -26.249583], [-48.673361, -26.249611], [-48.674611, -26.248361], [-48.674611, -26.2475], [-48.674194, -26.247083], [-48.671694, -26.247111], [-48.67125, -26.2475], [-48.67125, -26.248361]]], [[[-48.665889, -26.229583], [-48.665, -26.229583], [-48.664611, -26.230028], [-48.665417, -26.230861], [-48.665472, -26.231639], [-48.665833, -26.232111], [-48.667556, -26.232083], [-48.667944, -26.231694], [-48.667972, -26.230028], [-48.666667, -26.22875], [-48.665889, -26.229583]]], [[[-48.574639, -26.199194], [-48.575417, -26.198361], [-48.575417, -26.195028], [-48.575, -26.194556], [-48.573333, -26.194583], [-48.5725, -26.195444], [-48.570833, -26.195472], [-48.569611, -26.196722], [-48.569583, -26.198361], [-48.570444, -26.199194], [-48.570444, -26.2], [-48.570861, -26.200444], [-48.574167, -26.200389], [-48.574639, -26.2], [-48.574639, -26.199194]]]]}, "properties": {"codigo_ibge": "42008", "microrregiao": "Joinville"}}, {"type": "Feature", "geometry": {"type": "Polygon", "coordinates": [[[-49.7308, -29.3291], [-49.7466, -29.3238], [-49.7394, -29.3148], [-49.7421, -29.2988], [-49.7494, -29.2974], [-49.7623, -29.3003], [-49.7769, -29.2965], [-49.7801, -29.2907], [-49.7918, -29.2856], [-49.7994, -29.2875], [-49.8157, -29.2859], [-49.8297, -29.276], [-49.8436, -29.2776], [-49.8435, -29.2593], [-49.8547, -29.2573], [-49.8526, -29.2444], [-49.8586, -29.2416], [-49.8571, -29.2331], [-49.8695, -29.2244], [-49.9016, -29.2153], [-49.9129, -29.2079], [-49.925, -29.2062], [-49.9332, -29.2084], [-49.9453, -29.2015], [-49.9576, -29.1995], [-49.9711, -29.2048], [-49.969, -29.2115], [-49.9968, -29.2283], [-50.0099, -29.2254], [-50.0348, -29.2328], [-50.0365, -29.2378], [-50.0501, -29.2418], [-50.0609, -29.2413], [-50.0706, -29.2482], [-50.0893, -29.2543], [-50.0953, -29.2516], [-50.1155, -29.2623], [-50.1085, -29.2801], [-50.0765, -29.3078], [-50.0651, -29.3105], [-50.0512, -29.3241], [-50.0511, -29.3293], [-50.034, -29.3496], [-50.041, -29.3551], [-50.0385, -29.3472], [-50.0468, -29.3404], [-50.0558, -29.3414], [-50.071, -29.3295], [-50.0723, -29.3247], [-50.0858, -29.318], [-50.0915, -29.3108], [-50.0992, -29.3114], [-50.1125, -29.304], [-50.1171, -29.2918], [-50.1304, -29.287], [-50.1283, -29.2979], [-50.1329, -29.3003], [-50.1408, -29.2865], [-50.1489, -29.282], [-50.1446, -29.2702], [-50.1455, -29.2574], [-50.1519, -29.2432], [-50.1411, -29.2383], [-50.1407, -29.2284], [-50.1512, -29.2302], [-50.1489, -29.2211], [-50.1399, -29.2155], [-50.1397, -29.2073], [-50.1456, -29.1978], [-50.1269, -29.1979], [-50.1244, -29.2016], [-50.1078, -29.211], [-50.084, -29.2138], [-50.085, -29.205], [-50.0904, -29.2013], [-50.0854, -29.1936], [-50.0893, -29.1754], [-50.0753, -29.1884], [-50.054, -29.1831], [-50.0434, -29.1837], [-50.0386, -29.1774], [-50.018, -29.1628], [-50.0049, -29.1406], [-50.0071, -29.1344], [-49.9984, -29.1309], [-49.9843, -29.1367], [-49.9918, -29.1173], [-49.9689, -29.116], [-49.9705, -29.1013], [-49.9652, -29.082], [-49.9562, -29.0849], [-49.9545, -29.0775], [-49.9576, -29.0682], [-49.9625, -29.0653], [-49.994, -29.0696], [-49.9898, -29.063], [-49.9772, -29.0588], [-49.961, -29.0508], [-49.9612, -29.0438], [-49.9563, -29.0352], [-49.9461, -29.0308], [-49.9414, -29.0213], [-49.966, -29.0217], [-49.9574, -29.0121], [-49.9463, -28.9951], [-49.9425, -28.9822], [-49.9309, -28.9759], [-49.9337, -28.9658], [-49.9542, -28.9618], [-49.9557, -28.9489], [-49.9598, -28.9356], [-49.9564, -28.929], [-49.9651, -28.9255], [-49.9583, -28.9024], [-49.9515, -28.9005], [-49.9509, -28.8935], [-49.9495, -28.8757], [-49.9568, -28.8704], [-49.9671, -28.8767], [-49.9687, -28.8697], [-49.9571, -28.8618], [-49.9621, -28.8535], [-49.9578, -28.8291], [-49.9647, -28.8284], [-49.9661, -28.8198], [-49.9575, -28.7988], [-49.9622, -28.7776], [-49.9613, -28.7722], [-49.9508, -28.7633], [-49.9534, -28.758], [-49.9457, -28.7519], [-49.937, -28.7567], [-49.9276, -28.7538], [-49.9217, -28.7455], [-49.9314, -28.7379], [-49.9347, -28.7257], [-49.926, -28.7183], [-49.9079, -28.7138], [-49.9049, -28.7185], [-49.8933, -28.7229], [-49.8811, -28.7223], [-49.8918, -28.7392], [-49.8833, -28.7377], [-49.868, -28.722], [-49.8727, -28.7154], [-49.8694, -28.701], [-49.8499, -28.7056], [-49.8402, -28.7131], [-49.8425, -28.7063], [-49.8341, -28.6933], [-49.838, -28.69], [-49.8369, -28.6809], [-49.8404, -28.6761], [-49.8392, -28.6665], [-49.8246, -28.6657], [-49.8108, -28.6519], [-49.8153, -28.6485], [-49.8166, -28.6381], [-49.8088, -28.6353], [-49.8075, -28.6284], [-49.7982, -28.624], [-49.7981, -28.6177], [-49.7826, -28.6098], [-49.7843, -28.6244], [-49.7789, -28.6295], [-49.7566, -28.616], [-49.757, -28.6273], [-49.7443, -28.6243], [-49.7159, -28.6238], [-49.7041, -28.63], [-49.7101, -28.6403], [-49.7076, -28.6485], [-49.7119, -28.6655], [-49.6971, -28.6838], [-49.6869, -28.6868], [-49.676, -28.6969], [-49.6737, -28.703], [-49.6749, -28.7189], [-49.6735, -28.7289], [-49.6814, -28.7355], [-49.6738, -28.7439], [-49.67, -28.7539], [-49.6495, -28.7491], [-49.6353, -28.7604], [-49.6281, -28.7509], [-49.6048, -28.7524], [-49.6056, -28.7598], [-49.5956, -28.7668], [-49.5955, -28.7758], [-49.5954, -28.802], [-49.5729, -28.8034], [-49.5652, -28.811], [-49.5589, -28.8127], [-49.5473, -28.8247], [-49.5331, -28.8325], [-49.5305, -28.8428], [-49.5169, -28.8578], [-49.5076, -28.8569], [-49.5065, -28.8491], [-49.4968, -28.8508], [-49.4821, -28.8479], [-49.475, -28.8433], [-49.4601, -28.8462], [-49.4458, -28.8412], [-49.4484, -28.8326], [-49.4249, -28.8145], [-49.3979, -28.8336], [-49.3515, -28.8552], [-49.3296, -28.8649], [-49.2901, -28.8832], [-49.29233784386617, -28.88543784386617], [-49.292528, -28.885444], [-49.294194, -28.887111], [-49.295056, -28.887083], [-49.297556, -28.889556], [-49.298333, -28.889583], [-49.300111320754716, -28.89136132075472], [-49.3061, -28.8939], [-49.3212, -28.9082], [-49.32969586751567, -28.915403538372445], [-49.333333, -28.915444], [-49.334167, -28.916278], [-49.336694, -28.916306], [-49.337972, -28.915], [-49.337917, -28.914194], [-49.338389, -28.91375], [-49.340444, -28.915833], [-49.340417, -28.916694], [-49.345861, -28.922083], [-49.346722, -28.922111], [-49.347556, -28.922972], [-49.348389, -28.922917], [-49.349167, -28.923722], [-49.35, -28.92375], [-49.350833, -28.924611], [-49.352528, -28.924583], [-49.353361, -28.925444], [-49.355, -28.925472], [-49.355889, -28.926278], [-49.363389, -28.92625], [-49.364194, -28.925417], [-49.365028, -28.925417], [-49.365889, -28.924611], [-49.366667, -28.924583], [-49.367528, -28.923778], [-49.368361, -28.923806], [-49.368778, -28.923333], [-49.368722, -28.921667], [-49.369583, -28.920833], [-49.369611, -28.920028], [-49.370472, -28.919167], [-49.370417, -28.917528], [-49.372083, -28.915861], [-49.372083, -28.915028], [-49.373361, -28.913778], [-49.374194, -28.913778], [-49.375861, -28.912139], [-49.376694, -28.912083], [-49.377083, -28.9125], [-49.372917, -28.916694], [-49.372889, -28.9175], [-49.372111, -28.918333], [-49.372083, -28.92], [-49.371278, -28.920861], [-49.371278, -28.921722], [-49.370417, -28.9225], [-49.370472, -28.923361], [-49.368333, -28.925444], [-49.3675, -28.925444], [-49.366694, -28.926306], [-49.365861, -28.926278], [-49.365056, -28.927139], [-49.364167, -28.927111], [-49.363361, -28.927972], [-49.351694, -28.927944], [-49.350861, -28.927139], [-49.349167, -28.927111], [-49.348333, -28.92625], [-49.3475, -28.926278], [-49.345833, -28.924611], [-49.345056, -28.924611], [-49.339222, -28.91875], [-49.338361, -28.918778], [-49.337528, -28.917917], [-49.334222, -28.917944], [-49.33375, -28.918333], [-49.33378496812662, -28.918870634946803], [-49.34740277408637, -28.930417], [-49.3475, -28.930417], [-49.34804194444446, -28.930958944444463], [-49.35329978405315, -28.935417], [-49.353333, -28.935417], [-49.35351844070899, -28.935602396206782], [-49.3567, -28.9383], [-49.358143095470474, -28.939603913673835], [-49.358361, -28.939611], [-49.36058750295356, -28.94181256612048], [-49.360887800382464, -28.94208390085319], [-49.361694, -28.942111], [-49.365806, -28.946278], [-49.366722, -28.946306], [-49.370444, -28.95], [-49.3704220913985, -28.950698640959054], [-49.372858309699524, -28.952899894043224], [-49.373333, -28.952917], [-49.37769865109327, -28.957294438351216], [-49.383841127516774, -28.962944], [-49.384194, -28.962944], [-49.38823846153854, -28.966988461538534], [-49.38927179140385, -28.96793886987145], [-49.390028, -28.967889], [-49.39848752435899, -28.976415068700557], [-49.404680416107375, -28.982111], [-49.405056, -28.982111], [-49.408333, -28.985417], [-49.409194, -28.985417], [-49.41941145515653, -28.995659918631624], [-49.420083463087245, -28.996278], [-49.420889, -28.996278], [-49.422472, -28.997972], [-49.423389, -28.997972], [-49.424167, -28.998778], [-49.425028, -28.998722], [-49.425861, -28.999611], [-49.426694, -28.999611], [-49.427083, -29.0], [-49.428806, -29.001667], [-49.428806, -29.0025], [-49.429639, -29.003389], [-49.429611, -29.004194], [-49.430389, -29.005056], [-49.430444, -29.005861], [-49.434611, -29.010028], [-49.434611, -29.010431668817205], [-49.4715, -29.0474], [-49.475713979646535, -29.051973825099502], [-49.478361, -29.054611], [-49.479222, -29.054611], [-49.482111, -29.0575], [-49.482083, -29.058361], [-49.482528, -29.058778], [-49.483389, -29.058778], [-49.486278, -29.061667], [-49.486278, -29.062472], [-49.487111, -29.063361], [-49.487083, -29.064222], [-49.487917, -29.065028], [-49.487917, -29.0652189011236], [-49.48966023809524, -29.067111], [-49.490056, -29.067111], [-49.490444, -29.067528], [-49.4904304205605, -29.067946950855557], [-49.49117592760334, -29.068756119173962], [-49.491667, -29.068722], [-49.493778, -29.070806], [-49.49375367515485, -29.0715539889883], [-49.494284475408854, -29.072130116005567], [-49.495056, -29.072083], [-49.495444, -29.0725], [-49.495444, -29.073361], [-49.495889, -29.07375], [-49.496667, -29.073778], [-49.497944, -29.075], [-49.497944, -29.075861], [-49.498333, -29.07625], [-49.499167, -29.076278], [-49.499639, -29.076667], [-49.499611, -29.077528], [-49.500833, -29.07875], [-49.501694, -29.07875], [-49.511278, -29.088389], [-49.51125, -29.089167], [-49.512083, -29.090056], [-49.512083, -29.090861], [-49.522944, -29.101694], [-49.522944, -29.102556], [-49.524167, -29.10375], [-49.525, -29.103778], [-49.527139, -29.105861], [-49.527111, -29.107528], [-49.531306, -29.111694], [-49.531278, -29.1125], [-49.533333, -29.114583], [-49.534194, -29.114583], [-49.535417, -29.115861], [-49.535389, -29.116667], [-49.536694, -29.117944], [-49.537528, -29.117944], [-49.540417, -29.120833], [-49.540417, -29.121694], [-49.54125, -29.122528], [-49.541306, -29.123361], [-49.54625, -29.128361], [-49.54626705939998, -29.128606533506893], [-49.55653314418605, -29.138778], [-49.556694, -29.138778], [-49.561639, -29.143778], [-49.562556, -29.143778], [-49.563778, -29.145], [-49.563778, -29.145861], [-49.567944, -29.150028], [-49.567944, -29.150889], [-49.579611, -29.162528], [-49.579583, -29.163333], [-49.586278, -29.17], [-49.586278, -29.170833], [-49.586667, -29.171306], [-49.5875, -29.17125], [-49.589639, -29.173333], [-49.589611, -29.174139], [-49.593806, -29.178306], [-49.593806, -29.179131097345135], [-49.5945605443422, -29.179925705988694], [-49.603778, -29.189194], [-49.603778, -29.190056], [-49.604222, -29.190472], [-49.605, -29.190417], [-49.606222, -29.191694], [-49.606278, -29.192556], [-49.610028, -29.196306], [-49.610861, -29.19625], [-49.61125, -29.196667], [-49.61125, -29.197528], [-49.612917, -29.199194], [-49.612917, -29.2], [-49.61375, -29.200861], [-49.61375, -29.201667], [-49.617917, -29.205833], [-49.617917, -29.206694], [-49.618361, -29.207111], [-49.619139, -29.207111], [-49.619611, -29.207528], [-49.619583, -29.208333], [-49.620056, -29.208778], [-49.620833, -29.208806], [-49.621278, -29.209194], [-49.621278, -29.21], [-49.621667, -29.210417], [-49.622583, -29.210417], [-49.622944, -29.210889], [-49.622944, -29.211694], [-49.626306, -29.215056], [-49.626278, -29.215833], [-49.63125, -29.220833], [-49.631306, -29.221694], [-49.635889, -29.22625], [-49.636667, -29.226278], [-49.637944, -29.227528], [-49.637944, -29.228333], [-49.638778, -29.229139], [-49.638778, -29.23], [-49.640444, -29.231694], [-49.640444, -29.232556], [-49.646306, -29.238333], [-49.646306, -29.239194], [-49.647139, -29.24], [-49.64711531976465, -29.240728167237137], [-49.64974743317997, -29.24376887587577], [-49.650028, -29.243778], [-49.650861, -29.244583], [-49.651722, -29.244583], [-49.655444, -29.248333], [-49.655444, -29.249194], [-49.657111, -29.250833], [-49.657111, -29.251694], [-49.6575, -29.252083], [-49.658333, -29.252111], [-49.658722, -29.2525], [-49.658778, -29.253361], [-49.660472, -29.255], [-49.660444, -29.255861], [-49.660833, -29.25625], [-49.661694, -29.25625], [-49.662917, -29.257528], [-49.662972, -29.258333], [-49.663361, -29.258806], [-49.664194, -29.25875], [-49.664583, -29.259167], [-49.664639, -29.260028], [-49.665417, -29.260889], [-49.665472, -29.261694], [-49.666694, -29.262972], [-49.667556, -29.262917], [-49.671278, -29.266667], [-49.671278, -29.267528], [-49.672111, -29.268333], [-49.672111, -29.269194], [-49.672944, -29.27], [-49.672944, -29.270578851063828], [-49.67749370509488, -29.276229681593904], [-49.68125, -29.28], [-49.681306, -29.280861], [-49.687944, -29.287528], [-49.687944, -29.288389], [-49.690444, -29.290861], [-49.690444, -29.291667], [-49.69625, -29.297528], [-49.696306, -29.298333], [-49.699611, -29.301667], [-49.699583, -29.302528], [-49.701278, -29.304222], [-49.70125, -29.305028], [-49.702944, -29.306694], [-49.702917, -29.3075], [-49.703306, -29.307972], [-49.704222, -29.307972], [-49.704611, -29.308361], [-49.704611, -29.309167], [-49.707139, -29.311667], [-49.707111, -29.312528], [-49.708806, -29.314194], [-49.708778, -29.315056], [-49.711222, -29.317556], [-49.711306, -29.318361], [-49.712972, -29.320028], [-49.712972, -29.320833], [-49.714639, -29.3225], [-49.714639, -29.323361], [-49.715472, -29.324167], [-49.715444, -29.325028], [-49.716222, -29.325861], [-49.7162484691499, -29.32625472860473], [-49.7308, -29.3291]], [[-49.733611, -29.244444], [-49.727222, -29.243333], [-49.721667, -29.241389], [-49.716944, -29.238611], [-49.713889, -29.234722], [-49.712222, -29.229167], [-49.710556, -29.223611], [-49.708611, -29.218333], [-49.706389, -29.213333], [-49.7025, -29.21], [-49.698889, -29.205833], [-49.695, -29.2025], [-49.691944, -29.198611], [-49.688611, -29.194444], [-49.685278, -29.190278], [-49.682222, -29.186389], [-49.678889, -29.182222], [-49.675, -29.178889], [-49.670833, -29.175556], [-49.665556, -29.173611], [-49.66, -29.171667], [-49.654167, -29.169444], [-49.651944, -29.164722], [-49.650278, -29.159167], [-49.648056, -29.154444], [-49.644444, -29.150556], [-49.64, -29.147778], [-49.635, -29.145], [-49.630278, -29.1425], [-49.627222, -29.138333], [-49.626944, -29.132778], [-49.630833, -29.129444], [-49.637222, -29.129167], [-49.643611, -29.130556], [-49.650556, -29.131111], [-49.658333, -29.131111], [-49.663889, -29.133056], [-49.668056, -29.136389], [-49.671944, -29.139722], [-49.675, -29.143889], [-49.678333, -29.148056], [-49.683056, -29.150556], [-49.688056, -29.153333], [-49.694722, -29.1525], [-49.701944, -29.153056], [-49.706111, -29.156389], [-49.709167, -29.160556], [-49.7125, -29.164722], [-49.715556, -29.168611], [-49.718889, -29.172778], [-49.721111, -29.1775], [-49.723889, -29.182222], [-49.723056, -29.188611], [-49.720833, -29.193333], [-49.717778, -29.1975], [-49.716944, -29.203611], [-49.720278, -29.207778], [-49.725, -29.210278], [-49.731389, -29.211667], [-49.738611, -29.212222], [-49.745, -29.213611], [-49.748889, -29.216944], [-49.752778, -29.220278], [-49.756111, -29.224444], [-49.757778, -29.229722], [-49.757778, -29.236667], [-49.755556, -29.241667], [-49.751667, -29.245], [-49.745278, -29.245], [-49.733611, -29.244444]], [[-49.596944, -29.074167], [-49.597222, -29.0825], [-49.593333, -29.086111], [-49.586111, -29.085556], [-49.580556, -29.083333], [-49.576667, -29.08], [-49.573611, -29.076111], [-49.570278, -29.071944], [-49.567222, -29.067778], [-49.563056, -29.064444], [-49.5575, -29.0625], [-49.551944, -29.060556], [-49.546389, -29.058611], [-49.541667, -29.055833], [-49.537778, -29.0525], [-49.533611, -29.049167], [-49.531389, -29.044167], [-49.530556, -29.038056], [-49.531944, -29.0325], [-49.535, -29.028611], [-49.538889, -29.025], [-49.545833, -29.024167], [-49.551389, -29.026111], [-49.554722, -29.030278], [-49.553889, -29.036389], [-49.556389, -29.041111], [-49.560278, -29.044722], [-49.565833, -29.046667], [-49.572222, -29.047778], [-49.576111, -29.051389], [-49.579444, -29.055278], [-49.581111, -29.060833], [-49.584167, -29.065], [-49.5875, -29.068889], [-49.592222, -29.071667], [-49.596944, -29.074167]]]}, "properties": {"codigo_ibge": "42020", "microrregiao": "Araranguá"}}, {"type": "Feature", "geometry": {"type": "MultiPolygon", "coordinates": [[[[-48.9746, -28.6715], [-49.0056, -28.6904], [-49.0247, -28.7005], [-49.08, -28.7334], [-49.1242, -28.7607], [-49.1879, -28.8022], [-49.1903, -28.7955], [-49.2078, -28.7851], [-49.205, -28.7766], [-49.2025, -28.7574], [-49.2036, -28.7497], [-49.1979, -28.7396], [-49.1894, -28.7344], [-49.1762, -28.7223], [-49.1787, -28.7108], [-49.1742, -28.6991], [-49.176, -28.6845], [-49.1748, -28.645], [-49.1816, -28.6412], [-49.1949, -28.6357], [-49.2041, -28.6142], [-49.21, -28.6136], [-49.2236, -28.6005], [-49.2327, -28.5972], [-49.234, -28.5918], [-49.2434, -28.5898], [-49.2453, -28.5906], [-49.2529, -28.5887], [-49.2605, -28.5781], [-49.2499, -28.5673], [-49.2512, -28.5578], [-49.2567, -28.5532], [-49.2516, -28.5436], [-49.2515, -28.5365], [-49.2664, -28.5327], [-49.2856, -28.5149], [-49.2887, -28.5051], [-49.2875, -28.4978], [-49.2806, -28.4915], [-49.279, -28.4845], [-49.2567, -28.4742], [-49.2552, -28.4624], [-49.2353, -28.4577], [-49.235, -28.4478], [-49.2213, -28.4328], [-49.2244, -28.4179], [-49.2382, -28.4133], [-49.2483, -28.4187], [-49.2598, -28.4213], [-49.2659, -28.4176], [-49.2793, -28.4165], [-49.2873, -28.413], [-49.2891, -28.3973], [-49.3018, -28.3998], [-49.309, -28.4069], [-49.316, -28.4036], [-49.3286, -28.4066], [-49.3294, -28.4138], [-49.3355, -28.4179], [-49.3427, -28.4097], [-49.3391, -28.4013], [-49.3391, -28.3742], [-49.3404, -28.3654], [-49.3561, -28.3655], [-49.3606, -28.3412], [-49.3853, -28.3365], [-49.3913, -28.3372], [-49.4165, -28.3268], [-49.4246, -28.3184], [-49.4349, -28.3164], [-49.4464, -28.3221], [-49.458, -28.3213], [-49.4706, -28.3101], [-49.4829, -28.3043], [-49.503, -28.3077], [-49.5135, -28.3038], [-49.523, -28.307], [-49.5217, -28.299], [-49.5273, -28.2873], [-49.523, -28.2755], [-49.5295, -28.2666], [-49.541, -28.2723], [-49.5449, -28.2687], [-49.5422, -28.2582], [-49.5318, -28.253], [-49.5347, -28.2415], [-49.5413, -28.2351], [-49.5325, -28.2255], [-49.5296, -28.2135], [-49.5325, -28.2074], [-49.5297, -28.1873], [-49.5163, -28.1778], [-49.5098, -28.1679], [-49.5074, -28.1528], [-49.4905, -28.1457], [-49.4911, -28.1367], [-49.4859, -28.1277], [-49.4746, -28.1258], [-49.4753, -28.1351], [-49.4606, -28.1362], [-49.4534, -28.1392], [-49.4404, -28.1328], [-49.4418, -28.1282], [-49.4322, -28.1138], [-49.4121, -28.1162], [-49.3928, -28.1101], [-49.3886, -28.1034], [-49.3993, -28.0944], [-49.4042, -28.0823], [-49.3965, -28.081], [-49.3968, -28.0738], [-49.389, -28.0685], [-49.372, -28.066], [-49.3676, -28.0622], [-49.366, -28.0521], [-49.3711, -28.0457], [-49.3547, -28.0289], [-49.3545, -28.0137], [-49.3471, -28.005], [-49.3493, -27.9962], [-49.3388, -27.9873], [-49.3224, -27.9838], [-49.3167, -27.9826], [-49.3084, -27.9704], [-49.3122, -27.959], [-49.3078, -27.941], [-49.2873, -27.9364], [-49.2703, -27.9478], [-49.257, -27.9526], [-49.2409, -27.9512], [-49.2283, -27.9602], [-49.2019, -27.9652], [-49.1934, -27.9692], [-49.186, -27.9802], [-49.1711, -27.9773], [-49.1567, -27.965], [-49.1529, -27.9781], [-49.1448, -27.9968], [-49.1363, -28.0013], [-49.1188, -28.006], [-49.1083, -28.0035], [-49.1035, -28.0065], [-49.052, -27.99], [-49.0449, -27.9939], [-49.0443, -28.0037], [-49.0375, -28.0067], [-49.0353, -28.0152], [-49.0387, -28.0199], [-49.0348, -28.0347], [-49.0222, -28.0425], [-49.0205, -28.0483], [-49.0049, -28.0543], [-48.9976, -28.0652], [-48.9748, -28.0788], [-48.9701, -28.0903], [-48.9695, -28.1081], [-48.9507, -28.108], [-48.9517, -28.098], [-48.9388, -28.0875], [-48.9368, -28.0729], [-48.9319, -28.0722], [-48.9017, -28.0609], [-48.8937, -28.08], [-48.8887, -28.0824], [-48.8742, -28.0724], [-48.869, -28.0804], [-48.8647, -28.0783], [-48.8323, -28.0716], [-48.8259, -28.0762], [-48.8179, -28.074], [-48.8106, -28.0783], [-48.8075, -28.0935], [-48.7927, -28.0945], [-48.7878, -28.0914], [-48.77, -28.0874], [-48.7617, -28.0904], [-48.707, -28.0826], [-48.7044, -28.0789], [-48.7107, -28.0606], [-48.7216, -28.0608], [-48.7198, -28.0459], [-48.7089, -28.0298], [-48.6977, -28.0205], [-48.6872, -28.0191], [-48.6807, -28.0061], [-48.6716, -28.0038], [-48.6568, -27.9884], [-48.6604, -27.9843], [-48.655, -27.9713], [-48.6498, -27.966], [-48.6381, -27.9633], [-48.6365, -27.9562], [-48.62311009665427, -27.946500903345726], [-48.622944, -27.946667], [-48.622972, -27.947528], [-48.624167, -27.94875], [-48.625028, -27.948778], [-48.625472, -27.949167], [-48.625417, -27.950833], [-48.62625, -27.951667], [-48.626278, -27.953361], [-48.627083, -27.954194], [-48.627083, -27.955], [-48.627889, -27.955861], [-48.627944, -27.959194], [-48.627556, -27.959583], [-48.625889, -27.959611], [-48.623778, -27.961694], [-48.623806, -27.9625], [-48.622944, -27.963333], [-48.622972, -27.965861], [-48.623778, -27.966694], [-48.623758625434455, -27.96782810403333], [-48.6283, -27.9745], [-48.62830416585085, -27.974527735796407], [-48.628389, -27.974611], [-48.629167, -27.974611], [-48.630417, -27.975861], [-48.630472, -27.976722], [-48.631306, -27.977528], [-48.631278, -27.984167], [-48.632111, -27.985], [-48.632139, -27.989167], [-48.632944, -27.99], [-48.632944, -27.999222], [-48.632083, -28.0], [-48.632111, -28.001667], [-48.63125422293431, -28.00249591439689], [-48.63125, -28.002509375], [-48.63125, -28.005028], [-48.630472, -28.005806], [-48.630417, -28.008333], [-48.629611, -28.009194], [-48.629583, -28.010833], [-48.628778, -28.011694], [-48.62875, -28.013361], [-48.627972, -28.014194], [-48.627944, -28.015], [-48.621667, -28.02125], [-48.620833, -28.021306], [-48.620028, -28.022083], [-48.618361, -28.022111], [-48.6175, -28.022944], [-48.61670005089601, -28.022930593031777], [-48.6162, -28.0233], [-48.60548232478951, -28.019110363326806], [-48.60512347231934, -28.019479129826742], [-48.6029, -28.0334], [-48.60397982461076, -28.034790459087834], [-48.604194, -28.034583], [-48.605028, -28.034583], [-48.606306, -28.035833], [-48.606278, -28.036667], [-48.607917, -28.038361], [-48.607972, -28.039167], [-48.609611, -28.040861], [-48.609611, -28.041667], [-48.610417, -28.042528], [-48.610444, -28.044194], [-48.609066954070656, -28.045559983674035], [-48.6063, -28.0523], [-48.60638719576103, -28.052641807383246], [-48.607083, -28.053361], [-48.607083, -28.055369360000014], [-48.60725191416076, -28.05603150351021], [-48.607972, -28.056639], [-48.607972, -28.058854239999985], [-48.60837380187894, -28.060429303365442], [-48.608778, -28.060833], [-48.60875939237714, -28.06194081811837], [-48.6088, -28.0621], [-48.60957017482517, -28.062947192307693], [-48.610028, -28.062917], [-48.610861, -28.06375], [-48.611694, -28.06375], [-48.612528, -28.064583], [-48.614194, -28.064611], [-48.615389, -28.065833], [-48.615444, -28.069167], [-48.61744462527294, -28.071176267974117], [-48.6252, -28.0745], [-48.62718694736842, -28.077630947368426], [-48.627917, -28.078361], [-48.627931865325074, -28.07880475748194], [-48.628617036989525, -28.079884421922888], [-48.628778, -28.080056], [-48.628775201756646, -28.080133651252904], [-48.6318, -28.0849], [-48.63194584021154, -28.086539243977743], [-48.632111, -28.086694], [-48.632111, -28.088395640000034], [-48.6328377386957, -28.096564182939655], [-48.632944, -28.096667], [-48.632944, -28.097758560000017], [-48.6330841796875, -28.0993341796875], [-48.63375, -28.1], [-48.633806, -28.101667], [-48.637139, -28.105056], [-48.637083, -28.107528], [-48.636694, -28.107972], [-48.635861, -28.107083], [-48.634194, -28.107111], [-48.6338102513649, -28.107495225341477], [-48.6343, -28.113], [-48.634327258565555, -28.113053136950573], [-48.635444, -28.114194], [-48.63542237589225, -28.115187922625392], [-48.6422, -28.1284], [-48.6423, -28.1364], [-48.64524103239141, -28.145615234826423], [-48.646306, -28.146694], [-48.646306, -28.1475], [-48.647111, -28.148361], [-48.647083, -28.150028], [-48.648778, -28.151667], [-48.648778, -28.152107125], [-48.6516, -28.1544], [-48.65169831494839, -28.15459229247258], [-48.652528, -28.154583], [-48.654972, -28.152111], [-48.655889, -28.152139], [-48.657556, -28.150444], [-48.658306, -28.150444], [-48.660444, -28.148306], [-48.660472, -28.146694], [-48.659583, -28.145833], [-48.659611, -28.141694], [-48.658778, -28.140833], [-48.659194, -28.140444], [-48.660861, -28.140417], [-48.66125, -28.140861], [-48.661278, -28.141667], [-48.663306, -28.143778], [-48.664222, -28.143722], [-48.665417, -28.145], [-48.665389, -28.145806], [-48.664611, -28.146667], [-48.664611, -28.1525], [-48.665806, -28.153722], [-48.666722, -28.15375], [-48.667528, -28.154611], [-48.669222, -28.154583], [-48.670417, -28.153361], [-48.670444, -28.149167], [-48.675056, -28.144611], [-48.675833, -28.144611], [-48.677083, -28.143389], [-48.677139, -28.138333], [-48.67625, -28.137528], [-48.677111, -28.136667], [-48.677139, -28.132556], [-48.675861, -28.131278], [-48.673333, -28.131278], [-48.672472, -28.132139], [-48.671694, -28.132111], [-48.669611, -28.130028], [-48.669583, -28.128361], [-48.668778, -28.127528], [-48.668778, -28.126667], [-48.667139, -28.125056], [-48.667111, -28.124194], [-48.664556, -28.121667], [-48.664583, -28.120889], [-48.659583, -28.115861], [-48.659611, -28.115], [-48.661667, -28.112917], [-48.662556, -28.112944], [-48.664222, -28.11125], [-48.666667, -28.111278], [-48.667528, -28.110444], [-48.668361, -28.110444], [-48.669222, -28.109611], [-48.675028, -28.109583], [-48.675861, -28.110417], [-48.676694, -28.110417], [-48.677139, -28.110889], [-48.677111, -28.1125], [-48.677917, -28.113361], [-48.677917, -28.116694], [-48.680833, -28.119611], [-48.681667, -28.119611], [-48.682111, -28.120028], [-48.682111, -28.120833], [-48.682917, -28.121694], [-48.682917, -28.125028], [-48.67875, -28.129194], [-48.67875, -28.131722], [-48.680861, -28.13375], [-48.681694, -28.133778], [-48.682528, -28.134583], [-48.683361, -28.134611], [-48.684167, -28.135417], [-48.685028, -28.135444], [-48.685833, -28.136306], [-48.686667, -28.136278], [-48.687944, -28.137556], [-48.687972, -28.139139], [-48.685861, -28.141306], [-48.685028, -28.141278], [-48.684222, -28.142111], [-48.683333, -28.142111], [-48.682528, -28.142944], [-48.680833, -28.142917], [-48.679583, -28.144167], [-48.679611, -28.146694], [-48.681694, -28.148778], [-48.682528, -28.148806], [-48.684611, -28.150833], [-48.684583, -28.1525], [-48.683778, -28.153333], [-48.683778, -28.154194], [-48.680861, -28.157083], [-48.680028, -28.157111], [-48.679167, -28.157917], [-48.678333, -28.157944], [-48.677528, -28.15875], [-48.675861, -28.158778], [-48.675, -28.159611], [-48.674222, -28.159611], [-48.670861, -28.162917], [-48.669167, -28.162889], [-48.668361, -28.16375], [-48.665861, -28.16375], [-48.662944, -28.160833], [-48.662972, -28.160028], [-48.662139, -28.159167], [-48.662083, -28.158361], [-48.661278, -28.157556], [-48.661278, -28.156694], [-48.662083, -28.155833], [-48.662111, -28.154194], [-48.660861, -28.152944], [-48.656722, -28.152944], [-48.655444, -28.154194], [-48.655444, -28.155056], [-48.654639, -28.155889], [-48.65459662638878, -28.16026104867217], [-48.656081103121885, -28.1631645105178], [-48.657111, -28.164194], [-48.657083, -28.165028], [-48.657917, -28.165861], [-48.657972, -28.166667], [-48.658778, -28.167528], [-48.65880409509658, -28.16908065824665], [-48.6588508636233, -28.169240450712948], [-48.660389, -28.170833], [-48.660417, -28.172556], [-48.66125, -28.173361], [-48.661278, -28.175028], [-48.662111, -28.175833], [-48.662111, -28.178361], [-48.662917, -28.179167], [-48.662917, -28.183133083333324], [-48.6632, -28.1841], [-48.662917, -28.18542563157896], [-48.662917, -28.189194], [-48.662111, -28.190056], [-48.662083, -28.190861], [-48.66167056474918, -28.191264196701205], [-48.6613, -28.193], [-48.6672, -28.2138], [-48.66625, -28.215842500000004], [-48.66625, -28.2225], [-48.664611, -28.224194], [-48.664583, -28.225028], [-48.663778, -28.225833], [-48.663778, -28.226694], [-48.662111, -28.228389], [-48.662111, -28.229194], [-48.659194, -28.232111], [-48.658361, -28.232083], [-48.6575, -28.232944], [-48.654194, -28.232944], [-48.652917, -28.231667], [-48.65291777015672, -28.231571899907813], [-48.6476, -28.2347], [-48.65597666666667, -28.240444], [-48.656667, -28.240444], [-48.65834356437679, -28.24206701557266], [-48.65840677539182, -28.242110360268676], [-48.659167, -28.242083], [-48.66087489902008, -28.243802787899483], [-48.6651, -28.2467], [-48.6754, -28.2565], [-48.68345656999368, -28.26891708468097], [-48.685389, -28.270889], [-48.685444, -28.271694], [-48.686278, -28.2725], [-48.686254291483756, -28.27322903687445], [-48.68652293057236, -28.27364307340791], [-48.687056, -28.274194], [-48.687075868731554, -28.274495282220276], [-48.6948, -28.2864], [-48.6959087593816, -28.28882284457461], [-48.69625, -28.289167], [-48.69625, -28.289568518518514], [-48.696618121962615, -28.290372933177572], [-48.697139, -28.290861], [-48.697119259769465, -28.29146801208884], [-48.69733442103341, -28.291938179295236], [-48.697944, -28.292528], [-48.697920805555555, -28.293219538065838], [-48.698017090124644, -28.29342993767978], [-48.698806, -28.294194], [-48.698778, -28.295], [-48.699611, -28.295889], [-48.69959356283648, -28.29687482249453], [-48.70010634375, -28.297995343750006], [-48.700472, -28.298361], [-48.70045800717519, -28.2987637934569], [-48.700820310412574, -28.299555493123776], [-48.701278, -28.300028], [-48.7012614781096, -28.300519526239494], [-48.7029, -28.3041], [-48.7092, -28.3234], [-48.708807728778964, -28.32583478688918], [-48.709639, -28.326694], [-48.709583, -28.328361], [-48.708806, -28.329222], [-48.708778, -28.33], [-48.70801349668874, -28.330764503311258], [-48.7079243946394, -28.33131755051407], [-48.707944, -28.332528], [-48.70768974690995, -28.33277398469688], [-48.7063, -28.3414], [-48.7172, -28.3518], [-48.73450312994975, -28.376570796559648], [-48.735417, -28.3775], [-48.735443652223644, -28.377917228446485], [-48.7362, -28.379], [-48.73624991733089, -28.37911280020227], [-48.736306, -28.379167], [-48.73630380269499, -28.379234567128954], [-48.73693655168339, -28.380664415492358], [-48.737111, -28.380833], [-48.737103732482744, -28.381042200675296], [-48.737622163273016, -28.38221371960397], [-48.737917, -28.382528], [-48.73792887931622, -28.382906818195114], [-48.738290086273466, -28.38372305209849], [-48.738778, -28.384194], [-48.7387588866182, -28.384782419111264], [-48.73896602665381, -28.38525050178914], [-48.739583, -28.385806], [-48.739583, -28.386644701298717], [-48.739602276817415, -28.386688261899106], [-48.740389, -28.387556], [-48.740444, -28.388361], [-48.741278, -28.389222], [-48.74130066737151, -28.390526183410962], [-48.74155366628712, -28.39109789524622], [-48.742111, -28.391694], [-48.742111, -28.392357324675334], [-48.742234340195836, -28.39263604148151], [-48.742917, -28.393389], [-48.742917, -28.394167], [-48.74375, -28.395], [-48.74375, -28.396061038961044], [-48.7439, -28.3964], [-48.74398652179391, -28.396950855421238], [-48.744583, -28.397528], [-48.744611, -28.399194], [-48.745444, -28.4], [-48.745444, -28.402528], [-48.746278, -28.403333], [-48.746278, -28.411539933333334], [-48.74645916380358, -28.412693342882818], [-48.747111, -28.413389], [-48.747083, -28.4175], [-48.74673651084493, -28.417870592748468], [-48.7461, -28.4271], [-48.756, -28.4404], [-48.756184926529684, -28.44079627113504], [-48.757889, -28.4425], [-48.757944, -28.443361], [-48.758778, -28.444167], [-48.75875, -28.445028], [-48.759583, -28.445833], [-48.759556, -28.446639], [-48.762111, -28.449222], [-48.762111, -28.451667], [-48.762944, -28.452556], [-48.762889, -28.454222], [-48.763778, -28.455028], [-48.763755938176196, -28.457019867520433], [-48.764229729202164, -28.458035134004643], [-48.764556, -28.458361], [-48.76456226340554, -28.458747707297594], [-48.7651, -28.4599], [-48.765109947252284, -28.46053662414639], [-48.765417, -28.460833], [-48.765417, -28.464222], [-48.766306, -28.464972], [-48.766306, -28.468361], [-48.767056, -28.469167], [-48.767083, -28.48], [-48.766222, -28.480861], [-48.766306, -28.486694], [-48.765444, -28.487472], [-48.765417, -28.489194], [-48.764611, -28.490056], [-48.764583, -28.491694], [-48.763778, -28.492556], [-48.76375, -28.493361], [-48.763361, -28.49375], [-48.76111577746119, -28.493762573246215], [-48.7603, -28.4953], [-48.7491, -28.4945], [-48.7488665757224, -28.495451652824045], [-48.7525, -28.495472], [-48.753389, -28.496278], [-48.76, -28.496278], [-48.760833, -28.497083], [-48.766667, -28.497139], [-48.767556, -28.497944], [-48.775, -28.497944], [-48.775833, -28.498778], [-48.779222, -28.498778], [-48.780417, -28.497528], [-48.780444, -28.495861], [-48.7825, -28.493778], [-48.789167, -28.493778], [-48.789639, -28.493389], [-48.789611, -28.491667], [-48.785472, -28.487528], [-48.785417, -28.485], [-48.78625, -28.484222], [-48.786278, -28.483361], [-48.787944, -28.481667], [-48.787917, -28.476667], [-48.788361, -28.476278], [-48.79, -28.47625], [-48.792111, -28.474167], [-48.792111, -28.471694], [-48.791278, -28.470833], [-48.791278, -28.470028], [-48.794139, -28.467083], [-48.795056, -28.467111], [-48.797111, -28.465028], [-48.797111, -28.464222], [-48.797528, -28.463778], [-48.798361, -28.463778], [-48.802528, -28.459611], [-48.803389, -28.459556], [-48.805028, -28.457944], [-48.805861, -28.457944], [-48.809194, -28.454611], [-48.810028, -28.454639], [-48.811667, -28.452944], [-48.812528, -28.452944], [-48.813306, -28.452111], [-48.814222, -28.452111], [-48.815028, -28.451278], [-48.815861, -28.451278], [-48.817528, -28.449583], [-48.818361, -28.449611], [-48.819222, -28.44875], [-48.82, -28.448778], [-48.820861, -28.447944], [-48.821694, -28.447944], [-48.8225, -28.447111], [-48.823333, -28.447111], [-48.824194, -28.446278], [-48.825889, -28.446306], [-48.826667, -28.445444], [-48.827528, -28.445472], [-48.828389, -28.444611], [-48.829167, -28.444639], [-48.832944, -28.440861], [-48.832944, -28.440056], [-48.831667, -28.438778], [-48.828361, -28.438778], [-48.8275, -28.439611], [-48.818361, -28.439639], [-48.817472, -28.438778], [-48.815861, -28.438806], [-48.814972, -28.437917], [-48.814194, -28.437917], [-48.812083, -28.435861], [-48.812139, -28.434222], [-48.811306, -28.433333], [-48.81125, -28.432528], [-48.809611, -28.430833], [-48.809639, -28.420028], [-48.80875, -28.419194], [-48.80875, -28.418333], [-48.807944, -28.417528], [-48.807944, -28.416667], [-48.806306, -28.415028], [-48.80625, -28.414167], [-48.803778, -28.411667], [-48.803806, -28.410861], [-48.803361, -28.410417], [-48.8025, -28.410444], [-48.801306, -28.409167], [-48.80125, -28.408361], [-48.800417, -28.407556], [-48.800472, -28.405833], [-48.797111, -28.4025], [-48.797111, -28.401722], [-48.795472, -28.400028], [-48.795417, -28.399222], [-48.794583, -28.398333], [-48.794611, -28.397556], [-48.792889, -28.395861], [-48.792917, -28.395056], [-48.792083, -28.394167], [-48.792111, -28.390056], [-48.792972, -28.389222], [-48.792944, -28.387556], [-48.794583, -28.385861], [-48.794611, -28.385], [-48.795417, -28.384139], [-48.795417, -28.383361], [-48.796278, -28.3825], [-48.796222, -28.381694], [-48.797083, -28.380861], [-48.797111, -28.38], [-48.800417, -28.376667], [-48.800444, -28.375], [-48.80125, -28.374222], [-48.801278, -28.373361], [-48.802111, -28.3725], [-48.802083, -28.371722], [-48.802944, -28.370861], [-48.802944, -28.37], [-48.80375, -28.369167], [-48.803778, -28.368361], [-48.804556, -28.3675], [-48.804583, -28.365861], [-48.805444, -28.365], [-48.805417, -28.363333], [-48.804611, -28.362528], [-48.804639, -28.360861], [-48.80375, -28.360056], [-48.80375, -28.359194], [-48.803389, -28.358778], [-48.800861, -28.358806], [-48.799611, -28.359972], [-48.799583, -28.360833], [-48.799194, -28.361306], [-48.7975, -28.361278], [-48.797111, -28.360861], [-48.797083, -28.360056], [-48.796694, -28.359583], [-48.795, -28.359611], [-48.79375, -28.360861], [-48.793722, -28.365056], [-48.792944, -28.365833], [-48.792917, -28.366694], [-48.79, -28.369639], [-48.789167, -28.369611], [-48.788361, -28.370444], [-48.787528, -28.370444], [-48.784167, -28.373778], [-48.783389, -28.37375], [-48.782528, -28.374611], [-48.781667, -28.374583], [-48.780889, -28.375444], [-48.780028, -28.375417], [-48.779167, -28.376278], [-48.778333, -28.37625], [-48.777556, -28.377111], [-48.775861, -28.377139], [-48.775, -28.377917], [-48.771694, -28.377917], [-48.770861, -28.377111], [-48.769194, -28.377139], [-48.760889, -28.36875], [-48.760028, -28.368778], [-48.750444, -28.359167], [-48.750472, -28.358333], [-48.745028, -28.352889], [-48.744167, -28.352944], [-48.742083, -28.350833], [-48.742083, -28.350056], [-48.740444, -28.348361], [-48.740417, -28.346694], [-48.738778, -28.345], [-48.738778, -28.344194], [-48.737972, -28.343333], [-48.73875, -28.342472], [-48.738778, -28.339167], [-48.739611, -28.338361], [-48.739639, -28.337528], [-48.740444, -28.336667], [-48.740444, -28.335861], [-48.742889, -28.333389], [-48.742917, -28.332528], [-48.743778, -28.331694], [-48.743722, -28.330889], [-48.74625, -28.328333], [-48.746306, -28.325889], [-48.742111, -28.321694], [-48.742111, -28.318361], [-48.740861, -28.317083], [-48.738333, -28.317083], [-48.737528, -28.317944], [-48.735, -28.317944], [-48.734194, -28.317083], [-48.7325, -28.317111], [-48.730417, -28.315028], [-48.730472, -28.311694], [-48.729583, -28.310889], [-48.729583, -28.308361], [-48.72875, -28.307528], [-48.728778, -28.306694], [-48.727944, -28.305861], [-48.727917, -28.304139], [-48.727083, -28.303389], [-48.727111, -28.302528], [-48.726278, -28.301722], [-48.72625, -28.300861], [-48.725472, -28.300028], [-48.725417, -28.297528], [-48.724583, -28.296694], [-48.724611, -28.294972], [-48.723722, -28.294222], [-48.72375, -28.293361], [-48.722111, -28.291667], [-48.722056, -28.29], [-48.720861, -28.288722], [-48.712528, -28.28875], [-48.708778, -28.285028], [-48.708806, -28.284167], [-48.707972, -28.283361], [-48.707917, -28.2825], [-48.707111, -28.281694], [-48.707083, -28.270861], [-48.707944, -28.27], [-48.707972, -28.268333], [-48.70875, -28.2675], [-48.708778, -28.263361], [-48.707889, -28.2625], [-48.707917, -28.261694], [-48.707083, -28.260833], [-48.707139, -28.259222], [-48.70625, -28.258361], [-48.70625, -28.257556], [-48.705444, -28.256667], [-48.705444, -28.253361], [-48.707083, -28.251667], [-48.707111, -28.248389], [-48.706278, -28.247528], [-48.706306, -28.246667], [-48.704583, -28.245028], [-48.704611, -28.244222], [-48.703778, -28.243361], [-48.703806, -28.241694], [-48.702917, -28.240806], [-48.702972, -28.239222], [-48.702139, -28.238333], [-48.702083, -28.237528], [-48.703361, -28.236306], [-48.704194, -28.23625], [-48.705, -28.235472], [-48.705889, -28.235417], [-48.706694, -28.234639], [-48.707528, -28.234583], [-48.709167, -28.232944], [-48.710861, -28.232917], [-48.711667, -28.232139], [-48.713333, -28.232111], [-48.714194, -28.231278], [-48.715028, -28.231278], [-48.715889, -28.230444], [-48.717528, -28.230417], [-48.718306, -28.229611], [-48.72, -28.229583], [-48.720861, -28.22875], [-48.722528, -28.228778], [-48.723333, -28.227917], [-48.725, -28.227944], [-48.725861, -28.227111], [-48.728389, -28.227083], [-48.729194, -28.22625], [-48.730028, -28.22625], [-48.730806, -28.225417], [-48.7325, -28.225444], [-48.733361, -28.224583], [-48.735028, -28.224611], [-48.735833, -28.223778], [-48.736667, -28.223778], [-48.737556, -28.224611], [-48.738333, -28.224556], [-48.740861, -28.222139], [-48.7425, -28.223778], [-48.743333, -28.223778], [-48.744167, -28.224611], [-48.745, -28.224611], [-48.745444, -28.225028], [-48.745417, -28.225833], [-48.74625, -28.226694], [-48.746306, -28.227556], [-48.747056, -28.228306], [-48.747111, -28.229167], [-48.747917, -28.23], [-48.747917, -28.230861], [-48.751722, -28.234583], [-48.7525, -28.234583], [-48.753306, -28.235417], [-48.754222, -28.235417], [-48.755056, -28.236306], [-48.755806, -28.236306], [-48.757528, -28.237944], [-48.758361, -28.237944], [-48.760389, -28.24], [-48.760444, -28.240861], [-48.76, -28.24125], [-48.759222, -28.241222], [-48.757083, -28.243389], [-48.757139, -28.244194], [-48.755833, -28.245417], [-48.755056, -28.245472], [-48.754194, -28.24625], [-48.751667, -28.246278], [-48.749194, -28.24375], [-48.748361, -28.24375], [-48.746694, -28.245444], [-48.744167, -28.245444], [-48.742972, -28.244167], [-48.742917, -28.243361], [-48.742111, -28.2425], [-48.742111, -28.241694], [-48.738306, -28.237917], [-48.735861, -28.237917], [-48.735389, -28.238389], [-48.735417, -28.243361], [-48.7375, -28.245472], [-48.738361, -28.245472], [-48.739611, -28.246694], [-48.739611, -28.247556], [-48.74125, -28.249194], [-48.741306, -28.25], [-48.740444, -28.250833], [-48.740472, -28.252556], [-48.741278, -28.253306], [-48.741278, -28.254167], [-48.74375, -28.256667], [-48.743778, -28.258333], [-48.744611, -28.259167], [-48.744583, -28.260028], [-48.750472, -28.265833], [-48.750444, -28.2675], [-48.749639, -28.268361], [-48.749639, -28.269222], [-48.747111, -28.271694], [-48.747111, -28.275], [-48.750028, -28.277917], [-48.751639, -28.277944], [-48.752528, -28.278778], [-48.753389, -28.278778], [-48.754194, -28.279611], [-48.755028, -28.279611], [-48.757139, -28.281722], [-48.757111, -28.2825], [-48.757944, -28.283333], [-48.757083, -28.284167], [-48.757111, -28.285833], [-48.759194, -28.287944], [-48.759972, -28.287944], [-48.760417, -28.288361], [-48.760472, -28.289222], [-48.758361, -28.29125], [-48.757528, -28.291278], [-48.755861, -28.292917], [-48.755028, -28.292917], [-48.754167, -28.29375], [-48.751694, -28.293778], [-48.750444, -28.295], [-48.750417, -28.296667], [-48.751222, -28.297472], [-48.751306, -28.300861], [-48.753389, -28.302972], [-48.755, -28.302944], [-48.757472, -28.305444], [-48.758389, -28.305444], [-48.760028, -28.307083], [-48.761722, -28.307111], [-48.762917, -28.305861], [-48.762917, -28.305], [-48.763333, -28.304611], [-48.764222, -28.304583], [-48.765028, -28.303778], [-48.765861, -28.30375], [-48.766694, -28.304611], [-48.767528, -28.304639], [-48.768361, -28.305444], [-48.774194, -28.305417], [-48.775056, -28.306306], [-48.775833, -28.30625], [-48.777111, -28.307528], [-48.777083, -28.308333], [-48.77875, -28.310028], [-48.777944, -28.310806], [-48.777944, -28.311667], [-48.777083, -28.312528], [-48.777111, -28.313389], [-48.776667, -28.313778], [-48.775889, -28.31375], [-48.775028, -28.314611], [-48.774194, -28.314583], [-48.770417, -28.318361], [-48.770389, -28.319167], [-48.769611, -28.320028], [-48.769583, -28.320806], [-48.768778, -28.321667], [-48.768778, -28.325056], [-48.769611, -28.325861], [-48.769583, -28.327528], [-48.768389, -28.328778], [-48.766694, -28.328806], [-48.764639, -28.330889], [-48.764583, -28.336667], [-48.765861, -28.337944], [-48.766694, -28.337972], [-48.767972, -28.339194], [-48.767917, -28.341694], [-48.766722, -28.342944], [-48.762528, -28.342944], [-48.762111, -28.343333], [-48.762111, -28.344194], [-48.766667, -28.348778], [-48.7675, -28.34875], [-48.768333, -28.349611], [-48.771694, -28.349611], [-48.7725, -28.348778], [-48.773333, -28.348778], [-48.774194, -28.347944], [-48.775056, -28.347889], [-48.776694, -28.34625], [-48.778389, -28.346222], [-48.779639, -28.3475], [-48.779611, -28.349167], [-48.784194, -28.353778], [-48.785861, -28.35375], [-48.787528, -28.352111], [-48.791667, -28.352111], [-48.792528, -28.351278], [-48.795889, -28.351278], [-48.796278, -28.350806], [-48.796306, -28.350028], [-48.796694, -28.349611], [-48.798361, -28.351306], [-48.800028, -28.351278], [-48.800444, -28.350833], [-48.800417, -28.349167], [-48.799639, -28.348361], [-48.799583, -28.347556], [-48.798778, -28.346667], [-48.798778, -28.345861], [-48.797972, -28.345], [-48.797917, -28.344194], [-48.797083, -28.343389], [-48.797111, -28.342528], [-48.796278, -28.341694], [-48.796306, -28.340861], [-48.795417, -28.340028], [-48.795444, -28.338361], [-48.796694, -28.337083], [-48.797556, -28.337083], [-48.798333, -28.33625], [-48.799194, -28.33625], [-48.801278, -28.338361], [-48.80125, -28.339222], [-48.802139, -28.340028], [-48.802083, -28.343361], [-48.805444, -28.346667], [-48.805417, -28.347528], [-48.807083, -28.349222], [-48.807056, -28.350028], [-48.810056, -28.352917], [-48.811667, -28.352944], [-48.812528, -28.352111], [-48.813361, -28.352139], [-48.81375, -28.352528], [-48.813778, -28.353333], [-48.814167, -28.353806], [-48.816694, -28.353778], [-48.817944, -28.352528], [-48.817944, -28.349222], [-48.81875, -28.348361], [-48.818778, -28.3475], [-48.822528, -28.343806], [-48.823306, -28.343806], [-48.824167, -28.342972], [-48.825, -28.342972], [-48.825861, -28.342111], [-48.826639, -28.342139], [-48.827972, -28.340833], [-48.827917, -28.334194], [-48.828778, -28.333361], [-48.828778, -28.332556], [-48.829194, -28.332083], [-48.830028, -28.332111], [-48.830889, -28.33125], [-48.831667, -28.331278], [-48.832528, -28.330417], [-48.835056, -28.330417], [-48.836306, -28.331694], [-48.836278, -28.334222], [-48.836722, -28.334611], [-48.842528, -28.334583], [-48.843333, -28.333806], [-48.844167, -28.33375], [-48.845444, -28.332528], [-48.845472, -28.330861], [-48.847111, -28.329167], [-48.847111, -28.323389], [-48.85, -28.320444], [-48.850861, -28.320417], [-48.851722, -28.319611], [-48.854167, -28.319583], [-48.855028, -28.31875], [-48.856639, -28.318778], [-48.8575, -28.317917], [-48.858361, -28.317944], [-48.859611, -28.316694], [-48.859639, -28.311722], [-48.860028, -28.311278], [-48.861667, -28.311278], [-48.862556, -28.312111], [-48.863333, -28.312111], [-48.865028, -28.31375], [-48.865889, -28.313778], [-48.867056, -28.312528], [-48.867111, -28.310861], [-48.868361, -28.309611], [-48.869194, -28.309639], [-48.869583, -28.310028], [-48.868778, -28.310833], [-48.868778, -28.314167], [-48.87125, -28.316722], [-48.87125, -28.317528], [-48.872139, -28.318333], [-48.872111, -28.3225], [-48.872944, -28.323333], [-48.872917, -28.324194], [-48.874194, -28.325417], [-48.875028, -28.325417], [-48.875861, -28.32625], [-48.876694, -28.32625], [-48.877528, -28.327139], [-48.878361, -28.327139], [-48.880472, -28.329167], [-48.880389, -28.335833], [-48.881278, -28.336694], [-48.88125, -28.338361], [-48.882083, -28.339167], [-48.882056, -28.340028], [-48.882944, -28.340833], [-48.882944, -28.344167], [-48.882083, -28.345028], [-48.882139, -28.346667], [-48.881278, -28.347528], [-48.881278, -28.350833], [-48.880417, -28.351694], [-48.880417, -28.354167], [-48.879639, -28.355], [-48.879556, -28.358333], [-48.878778, -28.359167], [-48.87875, -28.360028], [-48.877944, -28.360889], [-48.877917, -28.362528], [-48.876278, -28.364167], [-48.87625, -28.364972], [-48.874611, -28.366667], [-48.874583, -28.367528], [-48.873722, -28.368389], [-48.873778, -28.369194], [-48.872917, -28.370028], [-48.872944, -28.371694], [-48.871306, -28.373333], [-48.871278, -28.374194], [-48.869639, -28.375889], [-48.869611, -28.376667], [-48.86875, -28.377528], [-48.868806, -28.378389], [-48.867944, -28.379167], [-48.867917, -28.380028], [-48.867056, -28.380833], [-48.867111, -28.381694], [-48.86625, -28.382528], [-48.86625, -28.383333], [-48.865444, -28.384167], [-48.865444, -28.390889], [-48.866278, -28.391694], [-48.86625, -28.3925], [-48.868333, -28.394583], [-48.871639, -28.394583], [-48.873361, -28.392944], [-48.874222, -28.392917], [-48.875, -28.392111], [-48.876694, -28.392083], [-48.8775, -28.392972], [-48.878361, -28.392972], [-48.879639, -28.394194], [-48.879583, -28.396667], [-48.880472, -28.397528], [-48.880444, -28.399194], [-48.880889, -28.399611], [-48.884194, -28.399583], [-48.886278, -28.401694], [-48.886222, -28.404167], [-48.883778, -28.406694], [-48.883778, -28.4075], [-48.88125, -28.410028], [-48.88125, -28.410833], [-48.879583, -28.412528], [-48.879583, -28.413333], [-48.878778, -28.414194], [-48.87875, -28.415028], [-48.877972, -28.415833], [-48.877944, -28.416694], [-48.876222, -28.418389], [-48.876278, -28.419194], [-48.872972, -28.4225], [-48.872944, -28.423361], [-48.870056, -28.42625], [-48.868361, -28.426278], [-48.867528, -28.425472], [-48.864167, -28.425417], [-48.8625, -28.423778], [-48.861667, -28.423778], [-48.860833, -28.422944], [-48.86, -28.422944], [-48.859167, -28.422111], [-48.855861, -28.422083], [-48.855, -28.422917], [-48.853333, -28.422944], [-48.852556, -28.422139], [-48.851667, -28.422111], [-48.850861, -28.422972], [-48.850028, -28.422083], [-48.8475, -28.422111], [-48.846722, -28.422972], [-48.845861, -28.422944], [-48.844222, -28.42125], [-48.843306, -28.421306], [-48.8425, -28.420417], [-48.839167, -28.420444], [-48.837917, -28.421667], [-48.837972, -28.422528], [-48.838361, -28.422944], [-48.839194, -28.422944], [-48.840472, -28.424167], [-48.840444, -28.425833], [-48.844194, -28.429611], [-48.85, -28.429611], [-48.850833, -28.430417], [-48.851694, -28.430417], [-48.852056, -28.430833], [-48.852083, -28.4325], [-48.850028, -28.434583], [-48.849194, -28.434639], [-48.848333, -28.435472], [-48.8475, -28.435472], [-48.845444, -28.4375], [-48.845417, -28.441667], [-48.84625, -28.4425], [-48.846278, -28.444222], [-48.847944, -28.445833], [-48.847944, -28.449222], [-48.851222, -28.452528], [-48.851278, -28.453333], [-48.852111, -28.454167], [-48.852083, -28.455028], [-48.852917, -28.455833], [-48.852944, -28.457556], [-48.853778, -28.458361], [-48.85375, -28.460028], [-48.856278, -28.462528], [-48.856278, -28.463333], [-48.857083, -28.464194], [-48.857139, -28.465], [-48.857972, -28.465889], [-48.857111, -28.466667], [-48.857111, -28.47], [-48.85625, -28.470833], [-48.856278, -28.475889], [-48.857111, -28.476694], [-48.857111, -28.479167], [-48.857944, -28.480028], [-48.857917, -28.480833], [-48.85875, -28.481694], [-48.85875, -28.485028], [-48.8575, -28.486278], [-48.855861, -28.486306], [-48.855056, -28.485417], [-48.849222, -28.485389], [-48.848389, -28.484639], [-48.842556, -28.484611], [-48.841694, -28.485444], [-48.84, -28.485417], [-48.839194, -28.486278], [-48.838361, -28.48625], [-48.8375, -28.487111], [-48.836667, -28.487083], [-48.835861, -28.487944], [-48.835028, -28.487917], [-48.83375, -28.489222], [-48.833778, -28.491694], [-48.834611, -28.4925], [-48.834583, -28.493361], [-48.836694, -28.495444], [-48.837528, -28.495472], [-48.839167, -28.493778], [-48.841639, -28.49375], [-48.842917, -28.495028], [-48.842528, -28.495444], [-48.841667, -28.495417], [-48.840806, -28.49625], [-48.840028, -28.49625], [-48.839167, -28.497083], [-48.835861, -28.497111], [-48.834611, -28.495833], [-48.834611, -28.495028], [-48.833778, -28.494194], [-48.833806, -28.493333], [-48.833361, -28.492944], [-48.830889, -28.492944], [-48.826722, -28.497083], [-48.824194, -28.497083], [-48.823389, -28.497944], [-48.821722, -28.497972], [-48.820861, -28.49875], [-48.817556, -28.49875], [-48.816667, -28.497944], [-48.815889, -28.497917], [-48.814167, -28.496306], [-48.811694, -28.49625], [-48.810833, -28.497111], [-48.809222, -28.497083], [-48.8075, -28.498778], [-48.806722, -28.49875], [-48.805861, -28.499611], [-48.805, -28.499583], [-48.804139, -28.500444], [-48.799222, -28.500417], [-48.7975, -28.498778], [-48.793361, -28.498778], [-48.788306, -28.503778], [-48.785, -28.503778], [-48.784222, -28.504583], [-48.783361, -28.504611], [-48.7825, -28.505417], [-48.781667, -28.505444], [-48.780417, -28.506694], [-48.780444, -28.508361], [-48.779194, -28.509583], [-48.778333, -28.509639], [-48.776278, -28.511667], [-48.77625, -28.513389], [-48.775444, -28.514167], [-48.775389, -28.516694], [-48.776278, -28.5175], [-48.776278, -28.518361], [-48.778361, -28.520472], [-48.779222, -28.520417], [-48.779972, -28.52125], [-48.785806, -28.521278], [-48.786667, -28.520444], [-48.788361, -28.520444], [-48.789167, -28.519611], [-48.790833, -28.519639], [-48.791278, -28.520056], [-48.791278, -28.520861], [-48.790861, -28.52125], [-48.790028, -28.521222], [-48.789167, -28.522083], [-48.787556, -28.522111], [-48.786694, -28.522944], [-48.779167, -28.522944], [-48.77, -28.513806], [-48.769167, -28.513778], [-48.766306, -28.510861], [-48.766278, -28.506694], [-48.765444, -28.505861], [-48.765472, -28.505028], [-48.764194, -28.503778], [-48.763361, -28.503778], [-48.762972, -28.503361], [-48.763361, -28.502917], [-48.764222, -28.502944], [-48.765, -28.502083], [-48.765833, -28.502111], [-48.766667, -28.502917], [-48.767528, -28.502917], [-48.768333, -28.503806], [-48.7725, -28.50375], [-48.77375, -28.502528], [-48.773778, -28.501722], [-48.772556, -28.500444], [-48.770889, -28.500472], [-48.770056, -28.499583], [-48.766667, -28.499583], [-48.765861, -28.498778], [-48.760861, -28.49875], [-48.760028, -28.497944], [-48.753361, -28.497944], [-48.752528, -28.497056], [-48.748462086308336, -28.497100725050608], [-48.747947727272724, -28.499197727272726], [-48.750417, -28.501667], [-48.750444, -28.506667], [-48.750697985805665, -28.506925211219855], [-48.7534, -28.5081], [-48.75668507018576, -28.512083147600237], [-48.756694, -28.512083], [-48.759611, -28.515], [-48.75959126319906, -28.51560690662886], [-48.76059394851574, -28.516822662575333], [-48.761306, -28.5175], [-48.76130017989831, -28.517678968126706], [-48.7614, -28.5178], [-48.7614, -28.51847904561825], [-48.762111, -28.519167], [-48.762083, -28.523361], [-48.762917, -28.524167], [-48.762944, -28.525889], [-48.762556, -28.526278], [-48.761694, -28.526278], [-48.7614, -28.526565414399997], [-48.7614, -28.52960276470588], [-48.761694, -28.529583], [-48.762083, -28.53], [-48.762083, -28.532528], [-48.762917, -28.533333], [-48.762917, -28.535822522222222], [-48.7704, -28.5384], [-48.77654250113862, -28.543761674722692], [-48.776722, -28.54375], [-48.777827971238025, -28.544883737606074], [-48.78038423377017, -28.54711505151125], [-48.780861, -28.547083], [-48.782139, -28.548361], [-48.782129365213486, -28.54863834421177], [-48.7822, -28.5487], [-48.78263361578902, -28.54970273651209], [-48.785417, -28.552556], [-48.785472, -28.553361], [-48.787944, -28.555861], [-48.787917, -28.556722], [-48.78875, -28.557528], [-48.788722, -28.558333], [-48.789639, -28.559222], [-48.789611, -28.563333], [-48.78908343824525, -28.56387212022825], [-48.8038, -28.5752], [-48.80634344525026, -28.57842675889958], [-48.809222, -28.581306], [-48.81, -28.58125], [-48.813806, -28.585028], [-48.813806, -28.585833], [-48.816278, -28.588333], [-48.81625, -28.589194], [-48.817083, -28.590028], [-48.817083, -28.590889], [-48.817972, -28.591694], [-48.817944, -28.5925], [-48.81735528101015, -28.593069573656845], [-48.8202, -28.609], [-48.82323561538461, -28.608041384615387], [-48.823333, -28.607944], [-48.82355520876049, -28.607940460391426], [-48.8278, -28.6066], [-48.858, -28.6157], [-48.858065844835416, -28.615716059715957], [-48.858778, -28.614972], [-48.858806, -28.614167], [-48.859583, -28.613389], [-48.859611, -28.612528], [-48.861278, -28.610833], [-48.861278, -28.610028], [-48.862083, -28.609194], [-48.862083, -28.608333], [-48.862944, -28.607472], [-48.862917, -28.606667], [-48.862528, -28.606278], [-48.861694, -28.60625], [-48.860889, -28.607111], [-48.860056, -28.607083], [-48.858778, -28.605861], [-48.858778, -28.605], [-48.855417, -28.601694], [-48.855444, -28.600833], [-48.8525, -28.597917], [-48.851722, -28.597972], [-48.85, -28.596278], [-48.849222, -28.596278], [-48.847139, -28.594167], [-48.847917, -28.593333], [-48.847944, -28.591722], [-48.854583, -28.585], [-48.854611, -28.584194], [-48.855861, -28.582972], [-48.856306, -28.583306], [-48.856278, -28.584167], [-48.857111, -28.585056], [-48.857111, -28.585861], [-48.858361, -28.587139], [-48.862528, -28.587139], [-48.863306, -28.586278], [-48.867556, -28.58625], [-48.868361, -28.587111], [-48.869139, -28.587139], [-48.872528, -28.590444], [-48.874194, -28.590417], [-48.875028, -28.591278], [-48.881722, -28.591278], [-48.882528, -28.590417], [-48.883333, -28.59125], [-48.885028, -28.591278], [-48.885861, -28.592139], [-48.886694, -28.592111], [-48.887528, -28.592917], [-48.890833, -28.592917], [-48.891694, -28.592111], [-48.893333, -28.592083], [-48.894194, -28.59125], [-48.895861, -28.591278], [-48.896667, -28.590417], [-48.898361, -28.590444], [-48.899222, -28.589611], [-48.9, -28.589611], [-48.900861, -28.588778], [-48.902556, -28.588806], [-48.903333, -28.587944], [-48.904194, -28.587944], [-48.904972, -28.587111], [-48.9075, -28.587083], [-48.908361, -28.586306], [-48.923361, -28.58625], [-48.924194, -28.587111], [-48.930889, -28.587111], [-48.931639, -28.587917], [-48.934167, -28.587972], [-48.935056, -28.588778], [-48.935833, -28.588778], [-48.938778, -28.591694], [-48.938778, -28.595028], [-48.940056, -28.596306], [-48.942528, -28.596278], [-48.942972, -28.596694], [-48.942944, -28.597556], [-48.942556, -28.597944], [-48.939167, -28.597944], [-48.937972, -28.599194], [-48.937944, -28.600861], [-48.936694, -28.602083], [-48.935833, -28.602083], [-48.934194, -28.603778], [-48.933333, -28.60375], [-48.932472, -28.604611], [-48.931694, -28.604583], [-48.930056, -28.606278], [-48.929139, -28.606278], [-48.927944, -28.607528], [-48.927944, -28.608333], [-48.924167, -28.612111], [-48.923389, -28.612083], [-48.921722, -28.613778], [-48.920806, -28.613778], [-48.918361, -28.61625], [-48.917528, -28.61625], [-48.916667, -28.617083], [-48.915889, -28.617083], [-48.913361, -28.619611], [-48.912528, -28.619611], [-48.910056, -28.622083], [-48.908361, -28.622111], [-48.9075, -28.622972], [-48.905056, -28.622917], [-48.904222, -28.622111], [-48.903306, -28.622083], [-48.900833, -28.619583], [-48.900056, -28.619583], [-48.898333, -28.617944], [-48.896694, -28.617917], [-48.893778, -28.615], [-48.893778, -28.611694], [-48.893333, -28.611278], [-48.892556, -28.611278], [-48.890833, -28.612917], [-48.89, -28.612944], [-48.889611, -28.612528], [-48.889611, -28.611694], [-48.890417, -28.610833], [-48.890444, -28.610028], [-48.892944, -28.607556], [-48.892889, -28.606694], [-48.891694, -28.605472], [-48.889167, -28.605444], [-48.887972, -28.606667], [-48.887944, -28.607528], [-48.887083, -28.608389], [-48.887111, -28.610028], [-48.885861, -28.611278], [-48.8825, -28.611278], [-48.881667, -28.610472], [-48.880889, -28.610472], [-48.88, -28.609583], [-48.879222, -28.609639], [-48.878389, -28.60875], [-48.877472, -28.60875], [-48.876722, -28.607917], [-48.875861, -28.607972], [-48.874583, -28.606694], [-48.874583, -28.604167], [-48.875444, -28.603333], [-48.875417, -28.600861], [-48.875056, -28.600444], [-48.873361, -28.600417], [-48.871306, -28.602528], [-48.871278, -28.603306], [-48.869167, -28.605472], [-48.867556, -28.605444], [-48.866667, -28.606278], [-48.865833, -28.606278], [-48.862917, -28.609194], [-48.862972, -28.61], [-48.862111, -28.610861], [-48.862083, -28.611722], [-48.860444, -28.613333], [-48.860417, -28.614139], [-48.859611, -28.615], [-48.85959879256665, -28.6160899494065], [-48.8621, -28.6167], [-48.9034, -28.6352], [-48.934831619017146, -28.651224828234866], [-48.935, -28.651222], [-48.93515908662418, -28.651391781523287], [-48.936569785123964, -28.652111], [-48.936694, -28.652111], [-48.93681477882537, -28.652235905496642], [-48.9746, -28.6715]], [[-48.9525, -28.528611], [-48.948056, -28.529167], [-48.940833, -28.53], [-48.933889, -28.531389], [-48.927778, -28.532778], [-48.921389, -28.534444], [-48.914444, -28.535], [-48.906389, -28.535], [-48.898611, -28.535], [-48.8925, -28.535278], [-48.886111, -28.533889], [-48.879444, -28.533333], [-48.873056, -28.531944], [-48.865833, -28.532778], [-48.858056, -28.532778], [-48.851944, -28.531389], [-48.847222, -28.528611], [-48.841111, -28.5275], [-48.833889, -28.526667], [-48.8275, -28.528056], [-48.822222, -28.528889], [-48.816944, -28.526944], [-48.814444, -28.521944], [-48.815833, -28.516667], [-48.819722, -28.513056], [-48.8275, -28.513056], [-48.835556, -28.513056], [-48.841667, -28.514444], [-48.849444, -28.514167], [-48.857222, -28.514167], [-48.864167, -28.515], [-48.871389, -28.515556], [-48.876667, -28.5175], [-48.882222, -28.519444], [-48.888333, -28.520833], [-48.894167, -28.522778], [-48.901111, -28.523611], [-48.908889, -28.523333], [-48.916667, -28.523333], [-48.922778, -28.521944], [-48.928333, -28.519722], [-48.933889, -28.517778], [-48.939167, -28.515556], [-48.943056, -28.512222], [-48.945278, -28.5075], [-48.946667, -28.501944], [-48.949167, -28.497222], [-48.950556, -28.491667], [-48.952222, -28.486111], [-48.954444, -28.481389], [-48.958333, -28.477778], [-48.964722, -28.476389], [-48.969167, -28.479167], [-48.973056, -28.4825], [-48.975556, -28.487222], [-48.976944, -28.492778], [-48.977222, -28.499722], [-48.975833, -28.505], [-48.973333, -28.51], [-48.971944, -28.515278], [-48.971111, -28.521667], [-48.968889, -28.526389], [-48.965833, -28.529167], [-48.959722, -28.529167], [-48.9525, -28.528611]]], [[[-48.885, -28.602111], [-48.882944, -28.604194], [-48.882972, -28.606722], [-48.883361, -28.607111], [-48.885028, -28.607083], [-48.885833, -28.606306], [-48.886694, -28.60625], [-48.889583, -28.603361], [-48.889611, -28.602528], [-48.889222, -28.602111], [-48.885, -28.602111]]], [[[-48.879194, -28.60125], [-48.877139, -28.603361], [-48.877139, -28.606667], [-48.8775, -28.607139], [-48.880028, -28.607111], [-48.880444, -28.606667], [-48.880444, -28.605861], [-48.88125, -28.605028], [-48.88125, -28.601694], [-48.880861, -28.601222], [-48.879194, -28.60125]]], [[[-48.867917, -28.602528], [-48.867472, -28.602111], [-48.865861, -28.602139], [-48.865056, -28.602944], [-48.864139, -28.602917], [-48.862944, -28.604167], [-48.862944, -28.605028], [-48.863333, -28.605417], [-48.865, -28.605444], [-48.865861, -28.604611], [-48.866639, -28.604611], [-48.867972, -28.603389], [-48.867917, -28.602528]]], [[[-48.876278, -28.600806], [-48.876639, -28.601278], [-48.877556, -28.601306], [-48.877944, -28.600833], [-48.877917, -28.599194], [-48.877472, -28.598778], [-48.876694, -28.59875], [-48.876306, -28.599222], [-48.876278, -28.600806]]], [[[-48.774611, -28.505], [-48.774222, -28.504583], [-48.773306, -28.504583], [-48.772528, -28.505417], [-48.770833, -28.505444], [-48.770028, -28.506306], [-48.768361, -28.506278], [-48.767111, -28.5075], [-48.767111, -28.510028], [-48.769194, -28.512111], [-48.770833, -28.512083], [-48.774611, -28.508361], [-48.774611, -28.505]]], [[[-48.7775, -28.500389], [-48.776694, -28.50125], [-48.775861, -28.501222], [-48.775444, -28.501694], [-48.775417, -28.503333], [-48.776694, -28.504639], [-48.778389, -28.504583], [-48.780444, -28.5025], [-48.780444, -28.501639], [-48.779167, -28.500417], [-48.7775, -28.500389]]], [[[-48.797917, -28.497528], [-48.799194, -28.498806], [-48.800889, -28.498778], [-48.801278, -28.498389], [-48.80125, -28.496667], [-48.800861, -28.49625], [-48.798333, -28.496278], [-48.797944, -28.496722], [-48.797917, -28.497528]]], [[[-48.784167, -28.494611], [-48.782972, -28.495861], [-48.782944, -28.4975], [-48.783389, -28.497917], [-48.785, -28.497944], [-48.785861, -28.497111], [-48.786694, -28.497111], [-48.787889, -28.495861], [-48.787917, -28.495], [-48.787528, -28.494611], [-48.784167, -28.494611]]], [[[-48.800861, -28.492917], [-48.7975, -28.492944], [-48.796667, -28.492111], [-48.794194, -28.492083], [-48.79375, -28.492528], [-48.793778, -28.493389], [-48.792944, -28.494167], [-48.794194, -28.495444], [-48.801667, -28.495472], [-48.802111, -28.495], [-48.802083, -28.494222], [-48.800861, -28.492917]]], [[[-48.796722, -28.489611], [-48.797528, -28.488806], [-48.799194, -28.488778], [-48.799611, -28.488333], [-48.799611, -28.487528], [-48.798361, -28.48625], [-48.796667, -28.486278], [-48.796278, -28.485861], [-48.796278, -28.483333], [-48.795889, -28.482944], [-48.793361, -28.482944], [-48.792556, -28.48375], [-48.791639, -28.483778], [-48.790472, -28.485028], [-48.790417, -28.487556], [-48.7925, -28.489583], [-48.796722, -28.489611]]], [[[-48.819583, -28.370833], [-48.821694, -28.372944], [-48.824194, -28.372917], [-48.824611, -28.372528], [-48.824583, -28.37], [-48.823389, -28.368778], [-48.820028, -28.368722], [-48.819611, -28.369194], [-48.819583, -28.370833]]], [[[-48.782972, -28.355861], [-48.783361, -28.356278], [-48.785028, -28.35625], [-48.785444, -28.355861], [-48.785444, -28.355056], [-48.785, -28.354583], [-48.783389, -28.354611], [-48.782917, -28.355], [-48.782972, -28.355861]]], [[[-48.820417, -28.352528], [-48.820861, -28.352944], [-48.822556, -28.352972], [-48.823722, -28.351722], [-48.823778, -28.35], [-48.823333, -28.349583], [-48.821694, -28.349611], [-48.820444, -28.350861], [-48.820417, -28.352528]]], [[[-48.845861, -28.340444], [-48.844583, -28.341667], [-48.844639, -28.343333], [-48.845833, -28.344611], [-48.847528, -28.344583], [-48.848778, -28.343361], [-48.848778, -28.342556], [-48.849583, -28.341694], [-48.849611, -28.340833], [-48.849167, -28.340444], [-48.845861, -28.340444]]], [[[-48.874639, -28.339167], [-48.875, -28.339639], [-48.877528, -28.339611], [-48.879583, -28.337528], [-48.879611, -28.336667], [-48.878333, -28.335444], [-48.876722, -28.335417], [-48.874611, -28.3375], [-48.874639, -28.339167]]], [[[-48.737083, -28.315], [-48.737528, -28.315417], [-48.739194, -28.315444], [-48.739611, -28.315], [-48.739583, -28.313389], [-48.739194, -28.312917], [-48.738361, -28.312917], [-48.737083, -28.314222], [-48.737083, -28.315]]], [[[-48.742944, -28.281694], [-48.744167, -28.282917], [-48.745833, -28.282944], [-48.74625, -28.2825], [-48.746306, -28.280056], [-48.745028, -28.27875], [-48.743333, -28.278778], [-48.742944, -28.279194], [-48.742944, -28.281694]]], [[[-48.740833, -28.275417], [-48.741222, -28.275028], [-48.741278, -28.2725], [-48.740444, -28.271694], [-48.740472, -28.270833], [-48.738389, -28.26875], [-48.737528, -28.268778], [-48.737083, -28.269167], [-48.737083, -28.271694], [-48.737917, -28.2725], [-48.737944, -28.274167], [-48.738306, -28.274583], [-48.739222, -28.274583], [-48.740056, -28.275417], [-48.740833, -28.275417]]], [[[-48.659583, -28.151667], [-48.660028, -28.152083], [-48.662556, -28.152139], [-48.662944, -28.151667], [-48.662972, -28.150861], [-48.662528, -28.150417], [-48.66, -28.150472], [-48.659611, -28.150861], [-48.659583, -28.151667]]]]}, "properties": {"codigo_ibge": "42018", "microrregiao": "Tubarão"}}, {"type": "Feature", "geometry": {"type": "Polygon", "coordinates": [[[-48.62555846123072, -26.932074101384426], [-48.625833, -26.932083], [-48.627083, -26.933361], [-48.627111, -26.935028], [-48.627917, -26.935833], [-48.627944, -26.938361], [-48.629639, -26.940056], [-48.629611, -26.940861], [-48.63, -26.94125], [-48.633389, -26.94125], [-48.63375, -26.941667], [-48.6325, -26.942972], [-48.630861, -26.942944], [-48.630472, -26.943333], [-48.630444, -26.944194], [-48.629583, -26.945028], [-48.629611, -26.946694], [-48.630444, -26.9475], [-48.630444, -26.959194], [-48.629583, -26.96], [-48.629556, -26.961694], [-48.629167, -26.962111], [-48.628176517543864, -26.962111], [-48.62789810346471, -26.96664517214622], [-48.627917, -26.966667], [-48.627972, -26.970056], [-48.628806, -26.970861], [-48.628799698670896, -26.971611083210266], [-48.633, -26.972], [-48.63317817406954, -26.974605795767044], [-48.633333, -26.974611], [-48.634583, -26.975833], [-48.634611, -26.976694], [-48.635444, -26.9775], [-48.635444, -26.986667], [-48.629611, -26.992472], [-48.629611, -26.993333], [-48.62875, -26.994194], [-48.628806, -26.995056], [-48.624167, -26.999611], [-48.623333, -26.999583], [-48.622972, -27.0], [-48.619167, -27.00375], [-48.618333, -27.00375], [-48.6175, -27.004583], [-48.615889, -27.004611], [-48.615056, -27.005389], [-48.610889, -27.005444], [-48.610028, -27.006278], [-48.605889, -27.006278], [-48.604556, -27.0075], [-48.605889, -27.008806], [-48.607556, -27.008778], [-48.608333, -27.007917], [-48.609167, -27.007944], [-48.609611, -27.008333], [-48.609583, -27.009194], [-48.609194, -27.009611], [-48.608361, -27.009583], [-48.6075, -27.010417], [-48.605861, -27.010389], [-48.603778, -27.008361], [-48.60375, -27.006694], [-48.605444, -27.005], [-48.60541807298894, -27.003399247131657], [-48.6025, -27.0028], [-48.6025, -26.9967], [-48.594605492921495, -26.9967], [-48.594222, -26.997083], [-48.590833, -26.997083], [-48.590458775777414, -26.9967], [-48.5884, -26.9967], [-48.58393198240857, -26.99377267812975], [-48.5825182686609, -26.99374066520219], [-48.58222040506329, -26.996804405063294], [-48.582944, -26.997528], [-48.582917, -26.998333], [-48.583806, -26.999194], [-48.58375, -27.0], [-48.582972, -27.000833], [-48.582917, -27.005833], [-48.582139, -27.006667], [-48.582111, -27.007528], [-48.581278, -27.008389], [-48.58125, -27.009167], [-48.579167, -27.01125], [-48.578333, -27.01125], [-48.576694, -27.009611], [-48.575861, -27.009611], [-48.574972, -27.008778], [-48.574194, -27.009639], [-48.573389, -27.00875], [-48.57211629984052, -27.008770694311536], [-48.571588920454545, -27.008856079545456], [-48.57095779365079, -27.009487206349203], [-48.57590911770194, -27.01884475455595], [-48.577111, -27.02], [-48.577129725048096, -27.02115159045787], [-48.57776114681441, -27.022344919667592], [-48.577944, -27.022528], [-48.5778852532925, -27.02257946952527], [-48.5789549109117, -27.024601024291826], [-48.580028, -27.024583], [-48.580389, -27.025028], [-48.580444, -27.025833], [-48.58125, -27.026667], [-48.58125, -27.0275], [-48.582111, -27.028333], [-48.582111, -27.029194], [-48.5815812824042, -27.029707106242615], [-48.58148540142364, -27.03025575852028], [-48.582944, -27.031667], [-48.582944, -27.035056], [-48.58375, -27.035861], [-48.58375, -27.038333], [-48.582111, -27.040028], [-48.582111, -27.040889], [-48.582917, -27.041694], [-48.58290735731609, -27.04197157154406], [-48.5873, -27.0449], [-48.5873605673887, -27.04544174164337], [-48.5875, -27.045444], [-48.587944, -27.045861], [-48.587917, -27.046722], [-48.58875, -27.047528], [-48.588806, -27.050861], [-48.589611, -27.051667], [-48.588778, -27.0525], [-48.588806, -27.054167], [-48.58838326912108, -27.054589240471866], [-48.58859950338517, -27.05652333583399], [-48.590444, -27.058389], [-48.590417, -27.061722], [-48.590861, -27.062111], [-48.593361, -27.062111], [-48.594167, -27.062917], [-48.595, -27.062944], [-48.595444, -27.063333], [-48.595417, -27.065], [-48.596278, -27.065889], [-48.59625, -27.07], [-48.597083, -27.070889], [-48.597111, -27.072472], [-48.59625, -27.073333], [-48.596278, -27.078361], [-48.595417, -27.079167], [-48.595444, -27.080889], [-48.595056, -27.081278], [-48.594167, -27.08125], [-48.592528, -27.079611], [-48.59209380624771, -27.079606243573917], [-48.5918, -27.0806], [-48.59424461538461, -27.083778], [-48.595, -27.083778], [-48.59625, -27.085028], [-48.596306, -27.085861], [-48.596694, -27.086278], [-48.597528, -27.08625], [-48.598778, -27.087528], [-48.598778, -27.089671400000004], [-48.5998, -27.091], [-48.6093, -27.0919], [-48.61028953488372, -27.09375], [-48.611694, -27.09375], [-48.612944, -27.095028], [-48.612917, -27.096639], [-48.613806, -27.097528], [-48.613778, -27.098333], [-48.615417, -27.1], [-48.615417, -27.102528], [-48.614583, -27.103306], [-48.614611, -27.1075], [-48.61375, -27.108361], [-48.61375, -27.109194], [-48.612944, -27.11], [-48.612917, -27.112528], [-48.612111, -27.113361], [-48.612083, -27.115028], [-48.610444, -27.116667], [-48.610417, -27.118389], [-48.607917, -27.120861], [-48.607917, -27.121667], [-48.603778, -27.125833], [-48.60375, -27.126694], [-48.602139, -27.128389], [-48.602111, -27.129167], [-48.599611, -27.131667], [-48.599611, -27.132528], [-48.598361, -27.13375], [-48.597528, -27.133806], [-48.594583, -27.136667], [-48.594639, -27.137528], [-48.590833, -27.14125], [-48.59, -27.141306], [-48.5875, -27.143778], [-48.586694, -27.14375], [-48.58604799999998, -27.144396000000025], [-48.5856, -27.1449], [-48.58379503357611, -27.145828769130738], [-48.581722, -27.147972], [-48.580833, -27.147944], [-48.578806, -27.150028], [-48.579167, -27.150444], [-48.580833, -27.150417], [-48.581694, -27.149583], [-48.582139, -27.150028], [-48.582111, -27.150833], [-48.580861, -27.152083], [-48.579194, -27.152111], [-48.578389, -27.151222], [-48.575889, -27.151306], [-48.575028, -27.152083], [-48.574194, -27.152139], [-48.573361, -27.152917], [-48.572528, -27.152972], [-48.571667, -27.15375], [-48.57, -27.153778], [-48.569167, -27.154639], [-48.567556, -27.154611], [-48.566694, -27.155444], [-48.56512854741277, -27.155433854243913], [-48.565, -27.1555], [-48.564859984459815, -27.155432113677488], [-48.562528, -27.155417], [-48.561278, -27.154194], [-48.56129396313364, -27.153703133640555], [-48.55972825, -27.152944], [-48.558361, -27.152944], [-48.557111, -27.154194], [-48.557139, -27.155861], [-48.556694, -27.156306], [-48.555861, -27.156278], [-48.555, -27.157139], [-48.55358477810563, -27.157115221894365], [-48.5532, -27.1575], [-48.55228209828835, -27.157093334684713], [-48.551667, -27.157083], [-48.551210517675386, -27.156618583780237], [-48.5374, -27.1505], [-48.53744401776185, -27.148695271763984], [-48.53625, -27.147528], [-48.536278, -27.146667], [-48.535472, -27.145833], [-48.535472, -27.144972], [-48.535861, -27.144583], [-48.537528, -27.144611], [-48.53754326190476, -27.144626261904758], [-48.5376, -27.1423], [-48.5258, -27.1296], [-48.5241, -27.1224], [-48.5162, -27.1207], [-48.509611065169, -27.112504007893136], [-48.509639, -27.114222], [-48.509194, -27.114611], [-48.50729667132386, -27.114569258769126], [-48.506954295645414, -27.116550146622956], [-48.507528, -27.117111], [-48.508361, -27.117111], [-48.508806, -27.117528], [-48.50878798319328, -27.1186], [-48.5088, -27.1186], [-48.509220214360006, -27.119642454854624], [-48.510833, -27.121278], [-48.511667, -27.121306], [-48.512111, -27.121722], [-48.512083, -27.1225], [-48.512972, -27.123389], [-48.512944, -27.124194], [-48.51375, -27.125], [-48.513806, -27.125861], [-48.514611, -27.126694], [-48.514611, -27.127556], [-48.51375, -27.128389], [-48.51375, -27.130861], [-48.514639, -27.131667], [-48.514611, -27.135861], [-48.512972, -27.137528], [-48.512944, -27.138333], [-48.510861, -27.140417], [-48.510028, -27.140417], [-48.506694, -27.143778], [-48.505861, -27.143778], [-48.504222, -27.145417], [-48.503389, -27.145444], [-48.502528, -27.146306], [-48.501694, -27.146278], [-48.500833, -27.147111], [-48.499167, -27.147083], [-48.498333, -27.147944], [-48.497556, -27.147917], [-48.496639, -27.148778], [-48.495889, -27.14875], [-48.495028, -27.149611], [-48.491694, -27.149583], [-48.490833, -27.150444], [-48.4875, -27.150444], [-48.486694, -27.149611], [-48.48631653451676, -27.149606772386587], [-48.4817, -27.1533], [-48.483494759390375, -27.156262777406333], [-48.484167, -27.156278], [-48.485444, -27.1575], [-48.485417, -27.158361], [-48.486278, -27.159194], [-48.486306, -27.160833], [-48.48627894560385, -27.16085889433016], [-48.488, -27.1637], [-48.4965, -27.1657], [-48.49707282757216, -27.167923918809567], [-48.4975, -27.167917], [-48.498306, -27.16875], [-48.499222, -27.16875], [-48.500389, -27.169972], [-48.500444, -27.170833], [-48.50125, -27.171667], [-48.501306, -27.178361], [-48.502111, -27.179167], [-48.502111, -27.185833], [-48.501306, -27.186667], [-48.501306, -27.190056], [-48.500444, -27.190889], [-48.500444, -27.193361], [-48.499611, -27.194194], [-48.499639, -27.195861], [-48.498778, -27.196694], [-48.49875, -27.198361], [-48.498361, -27.19875], [-48.497528, -27.19875], [-48.496667, -27.199583], [-48.495056, -27.199611], [-48.494611, -27.2], [-48.494639, -27.201667], [-48.493333, -27.202972], [-48.49185162132266, -27.201423341030846], [-48.4915, -27.202], [-48.4838, -27.1989], [-48.478778, -27.20342687323944], [-48.478778, -27.205], [-48.481667, -27.207917], [-48.4825, -27.207944], [-48.483389, -27.208806], [-48.484167, -27.20875], [-48.484583, -27.209167], [-48.484639, -27.210028], [-48.485680680401416, -27.211098066825983], [-48.48808224373532, -27.211538224736053], [-48.489167, -27.210472], [-48.490833, -27.210444], [-48.491278, -27.210833], [-48.491278, -27.211694], [-48.491694, -27.212111], [-48.493306, -27.212083], [-48.494222, -27.211306], [-48.49586535246826, -27.21296471090254], [-48.5157, -27.2166], [-48.501, -27.206], [-48.5029, -27.1941], [-48.5142, -27.1842], [-48.52113198770555, -27.182663934542518], [-48.521667, -27.182111], [-48.523333, -27.182083], [-48.524167, -27.181222], [-48.525833, -27.18125], [-48.526694, -27.180417], [-48.531272, -27.180417], [-48.5318, -27.1803], [-48.532334130434776, -27.180417], [-48.536694, -27.180417], [-48.5375, -27.181278], [-48.540833, -27.181306], [-48.541639, -27.182111], [-48.543389, -27.182083], [-48.551639, -27.190417], [-48.552556, -27.190444], [-48.55375, -27.191667], [-48.553778, -27.192528], [-48.554611, -27.193333], [-48.554583, -27.194194], [-48.556278, -27.195833], [-48.55627413844506, -27.19595174281431], [-48.56019529542201, -27.197755055648628], [-48.561722, -27.196278], [-48.563389, -27.196306], [-48.564583, -27.197528], [-48.564611, -27.199194], [-48.56566308919581, -27.200269655993793], [-48.5660945401957, -27.200468077309253], [-48.567528, -27.200444], [-48.568361, -27.199583], [-48.569194, -27.200417], [-48.570028, -27.200417], [-48.570444, -27.200833], [-48.570444, -27.201694], [-48.571694, -27.202917], [-48.572528, -27.202944], [-48.573306, -27.202083], [-48.57625, -27.205], [-48.57625, -27.205861], [-48.577139, -27.206667], [-48.577083, -27.208333], [-48.578778, -27.210028], [-48.578778, -27.210833], [-48.57911945342041, -27.21118210197703], [-48.5827, -27.2096], [-48.583608467713866, -27.210169306434018], [-48.584167, -27.209611], [-48.585, -27.209611], [-48.585833, -27.210444], [-48.586722, -27.210444], [-48.587917, -27.211667], [-48.587889, -27.212528], [-48.58892984501108, -27.213504036206942], [-48.5893670212766, -27.213778], [-48.589972, -27.213778], [-48.590861, -27.214583], [-48.591694, -27.214611], [-48.5925, -27.215417], [-48.594167, -27.215444], [-48.595056, -27.216278], [-48.595833, -27.216278], [-48.596694, -27.217111], [-48.597528, -27.217111], [-48.59912184702372, -27.218687193654784], [-48.6027, -27.2179], [-48.6077, -27.2106], [-48.6223, -27.211], [-48.6586, -27.2152], [-48.667, -27.2129], [-48.6691, -27.201], [-48.6809, -27.1972], [-48.6902, -27.1843], [-48.6862, -27.1734], [-48.6803, -27.1655], [-48.6828, -27.1546], [-48.6912, -27.1487], [-48.69, -27.1414], [-48.6979, -27.1378], [-48.7165, -27.1439], [-48.7251, -27.1426], [-48.7369, -27.1478], [-48.7508, -27.1481], [-48.7563, -27.1345], [-48.7748, -27.1364], [-48.7732, -27.1462], [-48.7787, -27.1518], [-48.7888, -27.1511], [-48.7994, -27.1551], [-48.8003, -27.146], [-48.8124, -27.1346], [-48.8025, -27.1275], [-48.8055, -27.1226], [-48.7985, -27.1159], [-48.7976, -27.1038], [-48.7891, -27.0971], [-48.8064, -27.0901], [-48.8218, -27.0744], [-48.8336, -27.0736], [-48.8439, -27.0677], [-48.8548, -27.0519], [-48.8627, -27.0437], [-48.8624, -27.0332], [-48.8536, -27.0254], [-48.8643, -27.0201], [-48.8685, -27.0119], [-48.8658, -27.0034], [-48.8559, -26.9916], [-48.8432, -26.9636], [-48.854, -26.9207], [-48.851, -26.9082], [-48.8648, -26.9099], [-48.8657, -26.9031], [-48.8745, -26.8962], [-48.8943, -26.8904], [-48.9045, -26.8744], [-48.9255, -26.8585], [-48.9331, -26.8502], [-48.9359, -26.8425], [-48.9426, -26.8433], [-48.9575, -26.8365], [-48.9608, -26.8398], [-48.9824, -26.8291], [-48.9872, -26.8088], [-48.971, -26.7902], [-48.9536, -26.7883], [-48.9462, -26.7823], [-48.9271, -26.7776], [-48.922, -26.772], [-48.9091, -26.765], [-48.8984, -26.7627], [-48.8445, -26.8027], [-48.8347, -26.8136], [-48.8256, -26.8169], [-48.82, -26.8235], [-48.8131, -26.8143], [-48.7953, -26.8066], [-48.7964, -26.8006], [-48.8111, -26.7896], [-48.81, -26.7697], [-48.822, -26.7588], [-48.8241, -26.7528], [-48.8178, -26.7409], [-48.8146, -26.7378], [-48.8091, -26.7215], [-48.8007, -26.7132], [-48.8067, -26.6996], [-48.8016, -26.6812], [-48.8089, -26.6618], [-48.8154, -26.6562], [-48.817, -26.6391], [-48.8301, -26.6404], [-48.8341, -26.6309], [-48.8451, -26.6311], [-48.8563, -26.6345], [-48.8523, -26.6261], [-48.8555, -26.6173], [-48.8553, -26.5995], [-48.8624, -26.5833], [-48.8571, -26.578], [-48.86, -26.5625], [-48.8565, -26.5499], [-48.8483, -26.544], [-48.8328, -26.5458], [-48.832, -26.5307], [-48.8337, -26.5248], [-48.8251, -26.515], [-48.8135, -26.5168], [-48.8071, -26.513], [-48.7952, -26.5178], [-48.7894, -26.5236], [-48.7731, -26.5313], [-48.767, -26.5314], [-48.7515, -26.54], [-48.7412, -26.5598], [-48.73, -26.5729], [-48.7295, -26.5902], [-48.7234, -26.5982], [-48.7083, -26.5977], [-48.6972, -26.5865], [-48.6945, -26.5754], [-48.689, -26.5718], [-48.6789, -26.5771], [-48.66903985383356, -26.579757344356914], [-48.668778, -26.580028], [-48.670028, -26.58125], [-48.670861, -26.58125], [-48.671694, -26.580417], [-48.677556, -26.580444], [-48.678333, -26.579611], [-48.679167, -26.579611], [-48.682472, -26.576278], [-48.683389, -26.57625], [-48.684167, -26.575472], [-48.689194, -26.575417], [-48.689556, -26.575833], [-48.689611, -26.576694], [-48.689167, -26.577083], [-48.684194, -26.577111], [-48.680861, -26.580444], [-48.680056, -26.580444], [-48.679194, -26.581278], [-48.678361, -26.581278], [-48.677528, -26.582111], [-48.672556, -26.582083], [-48.671639, -26.582944], [-48.670889, -26.582917], [-48.670417, -26.583306], [-48.670444, -26.585833], [-48.671306, -26.586722], [-48.671278, -26.588306], [-48.672083, -26.589194], [-48.672111, -26.590861], [-48.672944, -26.591722], [-48.672972, -26.593333], [-48.673778, -26.594194], [-48.673806, -26.595861], [-48.674611, -26.596667], [-48.674611, -26.597472], [-48.675472, -26.598361], [-48.675417, -26.600861], [-48.676222, -26.601694], [-48.676278, -26.6025], [-48.677083, -26.603361], [-48.677083, -26.604167], [-48.677944, -26.605028], [-48.677917, -26.606639], [-48.678806, -26.607528], [-48.67875, -26.609167], [-48.679639, -26.610056], [-48.679611, -26.610861], [-48.680444, -26.611667], [-48.680389, -26.613333], [-48.681278, -26.614194], [-48.681306, -26.615861], [-48.682111, -26.616694], [-48.682111, -26.62], [-48.682917, -26.620833], [-48.682944, -26.622556], [-48.683778, -26.623361], [-48.683778, -26.625833], [-48.684583, -26.626694], [-48.684583, -26.634194], [-48.684167, -26.634611], [-48.68375, -26.634194], [-48.683806, -26.630806], [-48.682917, -26.630056], [-48.682944, -26.625861], [-48.682083, -26.625056], [-48.682083, -26.621667], [-48.681278, -26.620861], [-48.68125, -26.619194], [-48.680417, -26.618333], [-48.680472, -26.615861], [-48.679611, -26.615028], [-48.679611, -26.614167], [-48.678806, -26.613361], [-48.679583, -26.612528], [-48.678778, -26.611639], [-48.678722, -26.610833], [-48.677917, -26.610028], [-48.677944, -26.608361], [-48.677083, -26.6075], [-48.677111, -26.605889], [-48.676306, -26.605028], [-48.676306, -26.604222], [-48.675444, -26.603333], [-48.675444, -26.602472], [-48.674639, -26.601722], [-48.674556, -26.599194], [-48.67375, -26.598333], [-48.673778, -26.597528], [-48.672889, -26.596694], [-48.672917, -26.595861], [-48.672111, -26.595028], [-48.672083, -26.5925], [-48.671278, -26.591694], [-48.67125, -26.590028], [-48.670444, -26.589167], [-48.670389, -26.587556], [-48.669583, -26.586694], [-48.669611, -26.585028], [-48.66875, -26.584139], [-48.668778, -26.583333], [-48.667944, -26.582528], [-48.667972, -26.581667], [-48.667083, -26.580861], [-48.66710190640451, -26.580279628061195], [-48.6648, -26.5809], [-48.6653840855615, -26.582468085561494], [-48.665472, -26.582556], [-48.6654695793271, -26.58269760936465], [-48.6668719189435, -26.586462449055517], [-48.667111, -26.586694], [-48.66709796215111, -26.587069303793065], [-48.66737429629296, -26.587811173831565], [-48.667889, -26.588361], [-48.66791120303915, -26.589252599150136], [-48.67034345975231, -26.595782441497192], [-48.670417, -26.595861], [-48.67041901289896, -26.59598527787289], [-48.6759, -26.6107], [-48.6802, -26.6266], [-48.68268772069015, -26.640644600351965], [-48.682917, -26.640889], [-48.682758167806185, -26.641042314450115], [-48.6881, -26.6712], [-48.68764372926125, -26.679717053790064], [-48.687972, -26.680056], [-48.68760855406402, -26.68037365747161], [-48.6872, -26.688], [-48.68711017703504, -26.68811256295609], [-48.687111, -26.688333], [-48.686278, -26.689194], [-48.68625, -26.69], [-48.685472, -26.690833], [-48.685444, -26.691694], [-48.685056, -26.692083], [-48.68392721062572, -26.692101343646247], [-48.680444, -26.69646637974683], [-48.680444, -26.696722], [-48.67943185924542, -26.697734758667128], [-48.6793, -26.6979], [-48.679923266100424, -26.7028142134841], [-48.680056, -26.702944], [-48.680833, -26.702917], [-48.68125, -26.703306], [-48.68125, -26.713275], [-48.6819, -26.7184], [-48.6817, -26.7242], [-48.679583, -26.73344512658227], [-48.679583, -26.739167], [-48.678778, -26.74], [-48.67875, -26.741667], [-48.677917, -26.742528], [-48.677917, -26.745028], [-48.677083, -26.745833], [-48.677083, -26.748361], [-48.67625, -26.749194], [-48.67625, -26.751667], [-48.675417, -26.7525], [-48.675444, -26.753361], [-48.6748918753909, -26.753931683419488], [-48.67459306487928, -26.75523661540061], [-48.674583, -26.755806], [-48.67442177461684, -26.75598465515431], [-48.6738, -26.7587], [-48.67295830294787, -26.759997041359018], [-48.672917, -26.7625], [-48.668806, -26.766667], [-48.668778, -26.767528], [-48.666694, -26.769611], [-48.665861, -26.769611], [-48.662944, -26.772528], [-48.662917, -26.773333], [-48.662528, -26.773778], [-48.660833, -26.772083], [-48.66, -26.772083], [-48.659167, -26.772917], [-48.657556, -26.772889], [-48.656667, -26.77375], [-48.655889, -26.773722], [-48.655, -26.772972], [-48.653361, -26.772944], [-48.652972, -26.772472], [-48.65289901573297, -26.770298299902397], [-48.652502625000004, -26.769613625000005], [-48.652083, -26.769194], [-48.65208782674335, -26.76889715528396], [-48.65014503383509, -26.765541422078787], [-48.64771258837008, -26.763152761687206], [-48.64295756470089, -26.765886900296987], [-48.642944, -26.766694], [-48.642556, -26.767083], [-48.641667, -26.767083], [-48.6413908977215, -26.766787733810137], [-48.6405, -26.7673], [-48.6395094013919, -26.76904024079802], [-48.639639, -26.769167], [-48.639611, -26.770833], [-48.637917, -26.772528], [-48.637889, -26.773361], [-48.63625, -26.775], [-48.63625, -26.775806], [-48.635472, -26.776667], [-48.635417, -26.778389], [-48.630861, -26.782944], [-48.630028, -26.782917], [-48.6275, -26.785417], [-48.626667, -26.785444], [-48.625889, -26.78625], [-48.624972, -26.786278], [-48.622556, -26.78875], [-48.621667, -26.78875], [-48.620833, -26.789583], [-48.6175, -26.789583], [-48.616667, -26.790444], [-48.610861, -26.790444], [-48.610028, -26.789583], [-48.607472, -26.789583], [-48.60711091724138, -26.78922191724138], [-48.6055, -26.7892], [-48.605397353171604, -26.788322836193693], [-48.604583, -26.787472], [-48.604611, -26.785889], [-48.60375, -26.785], [-48.603778, -26.780889], [-48.604446569503146, -26.780197957572376], [-48.604402704751614, -26.779823113332], [-48.60125, -26.776722], [-48.60125, -26.77600568181818], [-48.6, -26.7745], [-48.59792352950123, -26.77731328261124], [-48.597944, -26.779167], [-48.597083, -26.780028], [-48.597111, -26.781694], [-48.595417, -26.783361], [-48.595472, -26.784167], [-48.594167, -26.785417], [-48.593333, -26.785389], [-48.592556, -26.78625], [-48.591327380952386, -26.78625], [-48.5876, -26.7913], [-48.59329348987543, -26.79875073983698], [-48.593361, -26.79875], [-48.593806, -26.799167], [-48.59380181585626, -26.799415956552632], [-48.5957, -26.8019], [-48.5958986971831, -26.8029536971831], [-48.596278, -26.803333], [-48.5962528275275, -26.804831661130667], [-48.596292605633806, -26.805042605633805], [-48.597111, -26.805861], [-48.597139, -26.808333], [-48.597944, -26.809194], [-48.597944, -26.813800000000004], [-48.59822736692205, -26.815302703374556], [-48.59875, -26.815861], [-48.59875, -26.818074242424274], [-48.599, -26.8194], [-48.599137499999976, -26.819581499999977], [-48.599556, -26.82], [-48.599558144168505, -26.82013675030243], [-48.60231666666667, -26.823778], [-48.602556, -26.823778], [-48.602917, -26.824194], [-48.602917, -26.82457044], [-48.604, -26.826], [-48.6212, -26.8262], [-48.6275, -26.8333], [-48.636, -26.8605], [-48.6393562473223, -26.87895936027264], [-48.639583, -26.879194], [-48.63960173760741, -26.880309556840714], [-48.63972305926623, -26.88097682596425], [-48.640444, -26.881722], [-48.640389, -26.883333], [-48.641278, -26.884194], [-48.641278, -26.886722], [-48.642111, -26.887472], [-48.64125, -26.888333], [-48.642139, -26.889194], [-48.642139, -26.892528], [-48.642944, -26.893333], [-48.642119538461536, -26.89415746153846], [-48.64213470503245, -26.894240877678463], [-48.642972, -26.895], [-48.642944, -26.896722], [-48.64375, -26.897528], [-48.643778, -26.908361], [-48.644583, -26.909194], [-48.644611, -26.910833], [-48.645444, -26.911722], [-48.645472, -26.912528], [-48.645861, -26.912917], [-48.647528, -26.912944], [-48.649611, -26.910806], [-48.649639, -26.91], [-48.655833, -26.90375], [-48.656667, -26.903778], [-48.6575, -26.902917], [-48.658333, -26.902944], [-48.659194, -26.902083], [-48.660028, -26.902111], [-48.660861, -26.90125], [-48.664194, -26.90125], [-48.665028, -26.900417], [-48.667528, -26.900444], [-48.668389, -26.899611], [-48.669222, -26.899611], [-48.669611, -26.899167], [-48.669611, -26.898361], [-48.670389, -26.897528], [-48.670444, -26.895], [-48.665444, -26.890056], [-48.665444, -26.886667], [-48.668389, -26.883778], [-48.669139, -26.88375], [-48.670056, -26.882944], [-48.671667, -26.882917], [-48.672528, -26.883806], [-48.674194, -26.883778], [-48.675, -26.884583], [-48.675833, -26.884611], [-48.676722, -26.885417], [-48.678306, -26.885444], [-48.679194, -26.88625], [-48.680028, -26.886278], [-48.680833, -26.887083], [-48.681667, -26.887111], [-48.682472, -26.887917], [-48.684194, -26.887944], [-48.685472, -26.889167], [-48.685444, -26.890028], [-48.685056, -26.890417], [-48.684167, -26.890417], [-48.683333, -26.889583], [-48.682528, -26.889639], [-48.681694, -26.888778], [-48.680028, -26.888806], [-48.679167, -26.887917], [-48.6775, -26.887889], [-48.675861, -26.88625], [-48.674222, -26.886278], [-48.673333, -26.885417], [-48.6725, -26.885417], [-48.671694, -26.884583], [-48.670028, -26.884611], [-48.667944, -26.886694], [-48.667972, -26.890833], [-48.670056, -26.892917], [-48.670889, -26.892944], [-48.672139, -26.894167], [-48.672111, -26.895028], [-48.672917, -26.895833], [-48.672917, -26.899167], [-48.672528, -26.899611], [-48.671694, -26.899611], [-48.67, -26.901306], [-48.669167, -26.901278], [-48.667528, -26.902972], [-48.664167, -26.902917], [-48.663361, -26.90375], [-48.659167, -26.90375], [-48.658361, -26.904583], [-48.657528, -26.904583], [-48.656694, -26.905417], [-48.655861, -26.905417], [-48.653778, -26.9075], [-48.653806, -26.908361], [-48.652917, -26.909139], [-48.652944, -26.91], [-48.648389, -26.914583], [-48.647556, -26.914611], [-48.646694, -26.915417], [-48.645028, -26.915444], [-48.644194, -26.916278], [-48.643361, -26.916278], [-48.642111, -26.9175], [-48.642083, -26.919167], [-48.641306, -26.92], [-48.641278, -26.920806], [-48.639972, -26.922111], [-48.639222, -26.922111], [-48.638361, -26.922944], [-48.637847209046186, -26.92244639143843], [-48.63460128957915, -26.925518422362586], [-48.634639, -26.926667], [-48.630861, -26.930444], [-48.628361, -26.930389], [-48.62668935101254, -26.92875412729026], [-48.62463839106227, -26.928406506959707], [-48.6246340741688, -26.928530617647063], [-48.624873351672136, -26.929447848076517], [-48.625444, -26.93], [-48.62510565517241, -26.930338344827586], [-48.62555846123072, -26.932074101384426]]]}, "properties": {"codigo_ibge": "42013", "microrregiao": "Itajaí"}}, {"type": "Feature", "geometry": {"type": "Polygon", "coordinates": [[[-50.6975, -26.1818], [-50.6906, -26.1722], [-50.6828, -26.1536], [-50.669, -26.1418], [-50.6502, -26.1325], [-50.6476, -26.1223], [-50.6565, -26.1069], [-50.6562, -26.1008], [-50.6443, -26.0896], [-50.6405, -26.0788], [-50.6285, -26.0628], [-50.6203, -26.0627], [-50.5948, -26.0704], [-50.5707, -26.0669], [-50.5535, -26.0594], [-50.5494, -26.0465], [-50.5552, -26.0416], [-50.5653, -26.0413], [-50.5757, -26.0466], [-50.5863, -26.0476], [-50.5917, -26.0403], [-50.5932, -26.0271], [-50.5889, -26.0189], [-50.5702, -26.002], [-50.5644, -26.0035], [-50.5557, -26.0182], [-50.5509, -26.0383], [-50.5302, -26.0356], [-50.5133, -26.0261], [-50.5067, -26.0317], [-50.4991, -26.0222], [-50.4937, -26.0264], [-50.4868, -26.024], [-50.4785, -26.0263], [-50.4609, -26.0263], [-50.4438, -26.0343], [-50.4499, -26.0413], [-50.4395, -26.0509], [-50.4371, -26.0576], [-50.4295, -26.063], [-50.4186, -26.061], [-50.4118, -26.0657], [-50.4081, -26.0585], [-50.3837, -26.0706], [-50.3717, -26.0792], [-50.3623, -26.0925], [-50.3657, -26.1121], [-50.3519, -26.1193], [-50.3339, -26.1347], [-50.3217, -26.1339], [-50.3215, -26.1265], [-50.3262, -26.1148], [-50.332, -26.1093], [-50.3331, -26.1004], [-50.3254, -26.0958], [-50.332, -26.0854], [-50.3226, -26.0814], [-50.3201, -26.0702], [-50.3091, -26.064], [-50.2988, -26.0547], [-50.2874, -26.0558], [-50.2727, -26.0489], [-50.2685, -26.0428], [-50.2551, -26.0516], [-50.2508, -26.0504], [-50.2552, -26.0384], [-50.2475, -26.0304], [-50.2363, -26.0355], [-50.2346, -26.0475], [-50.2223, -26.0602], [-50.2083, -26.0573], [-50.1898, -26.07], [-50.1782, -26.0787], [-50.1747, -26.0659], [-50.1682, -26.064], [-50.1545, -26.0474], [-50.1717, -26.0397], [-50.1778, -26.0282], [-50.1487, -26.0233], [-50.1402, -26.0266], [-50.1504, -26.0521], [-50.132, -26.0423], [-50.1242, -26.0508], [-50.1162, -26.051], [-50.1056, -26.0574], [-50.0892, -26.0416], [-50.0868, -26.0285], [-50.0789, -26.0251], [-50.08, -26.0386], [-50.0629, -26.0328], [-50.0547, -26.0359], [-50.0392, -26.0276], [-50.0296, -26.028], [-50.0216, -26.032], [-50.0056, -26.0461], [-50.0025, -26.0376], [-50.0111, -26.0263], [-50.0109, -26.0133], [-49.9992, -26.0156], [-49.9934, -26.0114], [-49.9775, -26.0137], [-49.9695, -26.0176], [-49.9631, -26.0276], [-49.9672, -26.0417], [-49.9763, -26.0499], [-49.9724, -26.0584], [-49.9579, -26.0428], [-49.9479, -26.0294], [-49.9541, -26.02], [-49.9443, -26.009], [-49.9341, -26.0189], [-49.9401, -26.0282], [-49.9308, -26.0302], [-49.9148, -26.0254], [-49.9057, -26.0262], [-49.8979, -26.0344], [-49.8911, -26.0294], [-49.8694, -26.0335], [-49.8711, -26.0431], [-49.8639, -26.0478], [-49.8638, -26.0547], [-49.8446, -26.0648], [-49.8385, -26.0636], [-49.8282, -26.0752], [-49.8308, -26.0831], [-49.8242, -26.0939], [-49.8084, -26.0941], [-49.8027, -26.11], [-49.7914, -26.1135], [-49.7852, -26.1059], [-49.78, -26.1185], [-49.7736, -26.1194], [-49.765, -26.1141], [-49.753, -26.1187], [-49.7486, -26.1246], [-49.7481, -26.1404], [-49.7288, -26.1418], [-49.7267, -26.149], [-49.7371, -26.1572], [-49.7275, -26.1714], [-49.7201, -26.1656], [-49.7128, -26.1547], [-49.7015, -26.1593], [-49.6908, -26.1769], [-49.6728, -26.1898], [-49.6694, -26.1858], [-49.654, -26.1869], [-49.6512, -26.2076], [-49.6427, -26.2098], [-49.6343, -26.2026], [-49.6221, -26.2159], [-49.6133, -26.2127], [-49.6033, -26.2147], [-49.6031, -26.2267], [-49.612, -26.2263], [-49.6176, -26.2342], [-49.615, -26.2413], [-49.6193, -26.2662], [-49.6269, -26.2716], [-49.6241, -26.2778], [-49.6275, -26.2956], [-49.6331, -26.3023], [-49.6188, -26.3145], [-49.6211, -26.3217], [-49.6135, -26.3288], [-49.6112, -26.3359], [-49.625, -26.342], [-49.644, -26.343], [-49.6526, -26.3521], [-49.6403, -26.3634], [-49.6351, -26.3766], [-49.6592, -26.3801], [-49.6766, -26.3932], [-49.6838, -26.3869], [-49.6881, -26.3946], [-49.6975, -26.3959], [-49.7088, -26.4067], [-49.7112, -26.4153], [-49.7201, -26.4168], [-49.7373, -26.4247], [-49.7438, -26.4418], [-49.75, -26.4471], [-49.7505, -26.457], [-49.7617, -26.4603], [-49.7528, -26.4676], [-49.7606, -26.4714], [-49.7614, -26.4799], [-49.7574, -26.4861], [-49.7566, -26.4965], [-49.7421, -26.5102], [-49.7345, -26.5228], [-49.7333, -26.5488], [-49.7249, -26.5589], [-49.7067, -26.5718], [-49.7006, -26.5683], [-49.6927, -26.574], [-49.6924, -26.5798], [-49.6858, -26.5938], [-49.6888, -26.6028], [-49.6863, -26.6145], [-49.6778, -26.627], [-49.6995, -26.6351], [-49.7024, -26.6454], [-49.7072, -26.6477], [-49.7042, -26.669], [-49.6944, -26.6797], [-49.6941, -26.6872], [-49.6859, -26.6927], [-49.6775, -26.6939], [-49.6629, -26.688], [-49.6521, -26.6932], [-49.6674, -26.694], [-49.6711, -26.7003], [-49.6811, -26.7029], [-49.6924, -26.6982], [-49.7013, -26.704], [-49.7097, -26.7195], [-49.7177, -26.7225], [-49.7233, -26.7389], [-49.7283, -26.7462], [-49.7265, -26.7609], [-49.7318, -26.7724], [-49.742, -26.7838], [-49.7503, -26.7851], [-49.7534, -26.7774], [-49.7713, -26.7742], [-49.7713, -26.7668], [-49.7825, -26.7508], [-49.7921, -26.7495], [-49.7953, -26.7379], [-49.8031, -26.7293], [-49.8105, -26.7124], [-49.8287, -26.7062], [-49.8444, -26.7093], [-49.8551, -26.7148], [-49.8657, -26.7255], [-49.8717, -26.728], [-49.8887, -26.7469], [-49.8955, -26.7591], [-49.8976, -26.7696], [-49.916, -26.7895], [-49.9261, -26.789], [-49.95, -26.8078], [-49.9522, -26.8016], [-49.9693, -26.8029], [-49.9784, -26.7952], [-49.997, -26.8042], [-50.0099, -26.8063], [-50.018, -26.8117], [-50.0456, -26.8134], [-50.0575, -26.8223], [-50.0635, -26.8327], [-50.0719, -26.8335], [-50.0712, -26.8183], [-50.0658, -26.8093], [-50.0718, -26.8067], [-50.086, -26.81], [-50.0977, -26.8173], [-50.1097, -26.8134], [-50.1231, -26.8023], [-50.1323, -26.804], [-50.1441, -26.7952], [-50.1554, -26.7962], [-50.1621, -26.789], [-50.1728, -26.7925], [-50.1838, -26.8047], [-50.2004, -26.814], [-50.2196, -26.8139], [-50.2293, -26.8307], [-50.2396, -26.8371], [-50.242, -26.8515], [-50.2507, -26.8513], [-50.2545, -26.8631], [-50.2596, -26.8539], [-50.2693, -26.8541], [-50.2723, -26.8474], [-50.289, -26.8357], [-50.3002, -26.8406], [-50.3082, -26.8366], [-50.3224, -26.8349], [-50.3417, -26.827], [-50.3414, -26.8095], [-50.3346, -26.7929], [-50.337, -26.7799], [-50.32, -26.7765], [-50.315, -26.773], [-50.3257, -26.7616], [-50.351, -26.7599], [-50.3549, -26.7499], [-50.3464, -26.7472], [-50.3455, -26.742], [-50.3536, -26.7367], [-50.3666, -26.7386], [-50.3715, -26.7354], [-50.3855, -26.7391], [-50.4125, -26.7296], [-50.4208, -26.7254], [-50.4322, -26.7151], [-50.4437, -26.7104], [-50.4542, -26.711], [-50.4728, -26.6962], [-50.469, -26.6624], [-50.4797, -26.6533], [-50.4896, -26.6526], [-50.4926, -26.6482], [-50.4999, -26.6578], [-50.5029, -26.668], [-50.5108, -26.6778], [-50.514, -26.6875], [-50.5122, -26.6958], [-50.5055, -26.6955], [-50.5164, -26.7154], [-50.5125, -26.729], [-50.5039, -26.7431], [-50.5001, -26.7559], [-50.4938, -26.7588], [-50.4997, -26.769], [-50.5132, -26.7717], [-50.5267, -26.781], [-50.5433, -26.7745], [-50.5489, -26.767], [-50.5592, -26.7714], [-50.5743, -26.7552], [-50.5841, -26.7552], [-50.5898, -26.7484], [-50.5923, -26.7389], [-50.6035, -26.7399], [-50.606, -26.7339], [-50.6263, -26.7194], [-50.6547, -26.7085], [-50.6491, -26.6997], [-50.6579, -26.6771], [-50.6731, -26.6715], [-50.6779, -26.6621], [-50.6945, -26.6583], [-50.7025, -26.6607], [-50.7039, -26.6744], [-50.7182, -26.6763], [-50.7168, -26.6844], [-50.7379, -26.686], [-50.75, -26.6816], [-50.7565, -26.6923], [-50.7831, -26.6824], [-50.8066, -26.6552], [-50.8089, -26.6526], [-50.856, -26.5606], [-50.8889, -26.5547], [-50.9023, -26.5563], [-50.9078, -26.5483], [-50.9155, -26.5462], [-50.9211, -26.5526], [-50.9425, -26.5503], [-50.9517, -26.5446], [-50.9573, -26.5307], [-50.9815, -26.5165], [-50.9828, -26.51], [-50.9918, -26.5084], [-51.0096, -26.4938], [-51.0057, -26.4852], [-50.9951, -26.4838], [-50.9984, -26.4722], [-51.0075, -26.4592], [-51.0, -26.457], [-50.9966, -26.4479], [-50.9888, -26.4487], [-50.9768, -26.4421], [-50.9807, -26.429], [-50.9714, -26.4263], [-50.9854, -26.4049], [-50.9979, -26.4033], [-51.0249, -26.4058], [-51.0322, -26.4035], [-51.0423, -26.3947], [-51.0529, -26.4004], [-51.0615, -26.3978], [-51.0742, -26.3983], [-51.0893, -26.3913], [-51.0999, -26.3937], [-51.1149, -26.3909], [-51.1208, -26.4003], [-51.1275, -26.3992], [-51.1315, -26.408], [-51.1405, -26.4163], [-51.1537, -26.4188], [-51.1569, -26.4298], [-51.1902, -26.4521], [-51.2021, -26.4428], [-51.2014, -26.4272], [-51.2156, -26.4214], [-51.2191, -26.4166], [-51.2343, -26.4065], [-51.253, -26.4033], [-51.2704, -26.3869], [-51.2533, -26.3763], [-51.26, -26.3646], [-51.2522, -26.3515], [-51.2565, -26.3441], [-51.248, -26.3299], [-51.2273, -26.324], [-51.2201, -26.3153], [-51.2136, -26.3124], [-51.2072, -26.2963], [-51.2029, -26.2982], [-51.1923, -26.3018], [-51.1809, -26.2991], [-51.1616, -26.2896], [-51.1632, -26.2836], [-51.1484, -26.2788], [-51.1429, -26.2845], [-51.136, -26.2803], [-51.12, -26.2796], [-51.1105, -26.2734], [-51.1018, -26.2727], [-51.0965, -26.2624], [-51.0973, -26.255], [-51.0883, -26.2472], [-51.0858, -26.2336], [-51.0774, -26.2312], [-51.0681, -26.2396], [-51.0568, -26.2439], [-51.0187, -26.236], [-51.0045, -26.2307], [-50.9915, -26.235], [-50.973, -26.2462], [-50.9713, -26.2613], [-50.966, -26.2673], [-50.9528, -26.2698], [-50.9471, -26.2817], [-50.9348, -26.2756], [-50.9316, -26.2685], [-50.9346, -26.2574], [-50.9436, -26.2438], [-50.9409, -26.2338], [-50.9325, -26.2345], [-50.9095, -26.2494], [-50.9066, -26.2572], [-50.9064, -26.2702], [-50.9093, -26.2837], [-50.8997, -26.2893], [-50.8946, -26.2883], [-50.882, -26.2793], [-50.8789, -26.2705], [-50.879, -26.2586], [-50.8732, -26.2459], [-50.8611, -26.2446], [-50.8469, -26.2664], [-50.8356, -26.2711], [-50.8312, -26.2661], [-50.8277, -26.2482], [-50.7999, -26.2313], [-50.7807, -26.2252], [-50.7627, -26.222], [-50.7477, -26.2266], [-50.7449, -26.2348], [-50.7459, -26.2468], [-50.7309, -26.2499], [-50.7156, -26.2446], [-50.7155, -26.2339], [-50.7312, -26.2091], [-50.7299, -26.2034], [-50.7033, -26.188], [-50.6975, -26.1818]]]}, "properties": {"codigo_ibge": "42006", "microrregiao": "Canoinhas"}}, {"type": "Feature", "geometry": {"type": "Polygon", "coordinates": [[[-49.2048, -26.2291], [-49.2099, -26.2322], [-49.2199, -26.2295], [-49.2278, -26.2349], [-49.231, -26.246], [-49.2253, -26.2544], [-49.2278, -26.2676], [-49.2379, -26.2661], [-49.2525, -26.2685], [-49.1689, -26.308], [-49.1774, -26.31], [-49.1805, -26.3241], [-49.1864, -26.3307], [-49.1867, -26.3451], [-49.1785, -26.3576], [-49.1759, -26.3656], [-49.1857, -26.3719], [-49.1988, -26.3733], [-49.1992, -26.38], [-49.2084, -26.3855], [-49.2207, -26.389], [-49.231, -26.3971], [-49.2759, -26.3836], [-49.2905, -26.3708], [-49.3187, -26.3702], [-49.3257, -26.3751], [-49.3208, -26.3859], [-49.3278, -26.3876], [-49.3403, -26.3786], [-49.3568, -26.3767], [-49.3579, -26.3664], [-49.3799, -26.3577], [-49.3857, -26.3524], [-49.3924, -26.3534], [-49.4029, -26.3494], [-49.4152, -26.3545], [-49.4237, -26.3664], [-49.4335, -26.3688], [-49.4372, -26.3808], [-49.4434, -26.3909], [-49.4446, -26.4016], [-49.4415, -26.405], [-49.4399, -26.4188], [-49.4457, -26.427], [-49.4547, -26.4268], [-49.4605, -26.4224], [-49.4754, -26.426], [-49.4836, -26.42], [-49.4938, -26.43], [-49.4921, -26.4398], [-49.4788, -26.447], [-49.4724, -26.4545], [-49.4698, -26.4662], [-49.4615, -26.4775], [-49.4414, -26.489], [-49.4525, -26.5018], [-49.4625, -26.5015], [-49.4796, -26.5107], [-49.4919, -26.5084], [-49.5043, -26.5177], [-49.5205, -26.5255], [-49.5379, -26.5229], [-49.5471, -26.5261], [-49.5516, -26.5413], [-49.5621, -26.5485], [-49.5646, -26.566], [-49.5707, -26.5754], [-49.5802, -26.5797], [-49.5785, -26.5957], [-49.5842, -26.6033], [-49.5834, -26.6123], [-49.586, -26.6249], [-49.5937, -26.627], [-49.5989, -26.6345], [-49.6158, -26.6392], [-49.6188, -26.6429], [-49.6198, -26.6579], [-49.6232, -26.6644], [-49.6142, -26.691], [-49.616, -26.7008], [-49.6223, -26.7045], [-49.6393, -26.6923], [-49.6521, -26.6932], [-49.6629, -26.688], [-49.6775, -26.6939], [-49.6859, -26.6927], [-49.6941, -26.6872], [-49.6944, -26.6797], [-49.7042, -26.669], [-49.7072, -26.6477], [-49.7024, -26.6454], [-49.6995, -26.6351], [-49.6778, -26.627], [-49.6863, -26.6145], [-49.6888, -26.6028], [-49.6858, -26.5938], [-49.6924, -26.5798], [-49.6927, -26.574], [-49.7006, -26.5683], [-49.7067, -26.5718], [-49.7249, -26.5589], [-49.7333, -26.5488], [-49.7345, -26.5228], [-49.7421, -26.5102], [-49.7566, -26.4965], [-49.7574, -26.4861], [-49.7614, -26.4799], [-49.7606, -26.4714], [-49.7528, -26.4676], [-49.7617, -26.4603], [-49.7505, -26.457], [-49.75, -26.4471], [-49.7438, -26.4418], [-49.7373, -26.4247], [-49.7201, -26.4168], [-49.7112, -26.4153], [-49.7088, -26.4067], [-49.6975, -26.3959], [-49.6881, -26.3946], [-49.6838, -26.3869], [-49.6766, -26.3932], [-49.6592, -26.3801], [-49.6351, -26.3766], [-49.6403, -26.3634], [-49.6526, -26.3521], [-49.644, -26.343], [-49.625, -26.342], [-49.6112, -26.3359], [-49.6135, -26.3288], [-49.6211, -26.3217], [-49.6188, -26.3145], [-49.6331, -26.3023], [-49.6275, -26.2956], [-49.6241, -26.2778], [-49.6269, -26.2716], [-49.6193, -26.2662], [-49.615, -26.2413], [-49.6176, -26.2342], [-49.612, -26.2263], [-49.6031, -26.2267], [-49.5983, -26.2209], [-49.583, -26.2299], [-49.5782, -26.2137], [-49.567, -26.2334], [-49.5596, -26.237], [-49.5498, -26.2334], [-49.5419, -26.2143], [-49.538, -26.2129], [-49.5225, -26.2213], [-49.5017, -26.2199], [-49.4912, -26.2144], [-49.5, -26.2031], [-49.4897, -26.1991], [-49.4872, -26.1942], [-49.486, -26.1852], [-49.4751, -26.1822], [-49.4622, -26.1712], [-49.4607, -26.1622], [-49.4398, -26.1639], [-49.4292, -26.17], [-49.4214, -26.1661], [-49.4177, -26.1557], [-49.3807, -26.1567], [-49.3608, -26.1374], [-49.3469, -26.1281], [-49.3349, -26.1255], [-49.3334, -26.1192], [-49.3217, -26.11], [-49.3002, -26.1113], [-49.2944, -26.0983], [-49.2946, -26.0892], [-49.2866, -26.0784], [-49.2773, -26.0817], [-49.2676, -26.0769], [-49.2644, -26.0669], [-49.2535, -26.0635], [-49.2532, -26.0499], [-49.2433, -26.044], [-49.2394, -26.0337], [-49.2345, -26.0307], [-49.2264, -26.0299], [-49.2083, -26.0221], [-49.2081, -26.0175], [-49.1974, -26.0153], [-49.1675, -26.0007], [-49.1577, -26.0091], [-49.1386, -26.0135], [-49.1256, -25.9961], [-49.1189, -26.0025], [-49.1059, -26.003], [-49.099, -26.0102], [-49.0915, -26.0101], [-49.0738, -26.0011], [-49.0693, -26.0089], [-49.0546, -26.021], [-49.046, -26.0179], [-49.043, -26.0045], [-49.0295, -26.0046], [-49.0202, -26.0157], [-48.9943, -26.0093], [-48.981, -25.9978], [-48.9791, -25.9889], [-48.9683, -25.9867], [-48.9621, -25.9841], [-48.9587, -25.9932], [-48.9504, -25.99], [-48.9602, -25.9965], [-48.9613, -26.0093], [-48.9561, -26.0188], [-48.9713, -26.0221], [-48.9772, -26.0261], [-48.991, -26.0242], [-48.996, -26.0282], [-49.0035, -26.026], [-49.0106, -26.0187], [-49.0236, -26.0165], [-49.0301, -26.0101], [-49.0396, -26.0143], [-49.0396, -26.0192], [-49.052, -26.028], [-49.0518, -26.0435], [-49.0569, -26.076], [-49.0733, -26.0749], [-49.0752, -26.0796], [-49.091, -26.0897], [-49.1, -26.0885], [-49.1241, -26.103], [-49.1268, -26.0997], [-49.1395, -26.1093], [-49.1408, -26.1175], [-49.1513, -26.1118], [-49.1589, -26.1144], [-49.1605, -26.1328], [-49.1695, -26.1326], [-49.1791, -26.1418], [-49.1891, -26.1454], [-49.1779, -26.1595], [-49.1832, -26.166], [-49.1721, -26.1691], [-49.1683, -26.1881], [-49.1696, -26.1999], [-49.1764, -26.2079], [-49.1829, -26.2014], [-49.191, -26.2002], [-49.198, -26.2068], [-49.2026, -26.2202], [-49.2048, -26.2291]]]}, "properties": {"codigo_ibge": "42007", "microrregiao": "São Bento do Sul"}}, {"type": "Feature", "geometry": {"type": "Polygon", "coordinates": [[[-49.2901, -28.8832], [-49.3296, -28.8649], [-49.3515, -28.8552], [-49.3979, -28.8336], [-49.4249, -28.8145], [-49.4484, -28.8326], [-49.4458, -28.8412], [-49.4601, -28.8462], [-49.475, -28.8433], [-49.4821, -28.8479], [-49.4968, -28.8508], [-49.5065, -28.8491], [-49.5076, -28.8569], [-49.5169, -28.8578], [-49.5305, -28.8428], [-49.5331, -28.8325], [-49.5473, -28.8247], [-49.5589, -28.8127], [-49.5652, -28.811], [-49.5729, -28.8034], [-49.5954, -28.802], [-49.5955, -28.7758], [-49.5956, -28.7668], [-49.6056, -28.7598], [-49.6048, -28.7524], [-49.6281, -28.7509], [-49.6353, -28.7604], [-49.6495, -28.7491], [-49.67, -28.7539], [-49.6738, -28.7439], [-49.6814, -28.7355], [-49.6735, -28.7289], [-49.6749, -28.7189], [-49.6737, -28.703], [-49.676, -28.6969], [-49.6869, -28.6868], [-49.6971, -28.6838], [-49.7119, -28.6655], [-49.7076, -28.6485], [-49.7101, -28.6403], [-49.7041, -28.63], [-49.7031, -28.6289], [-49.6912, -28.6261], [-49.6854, -28.6209], [-49.6708, -28.6155], [-49.666, -28.6028], [-49.6537, -28.6031], [-49.6468, -28.5897], [-49.6486, -28.5688], [-49.6561, -28.5655], [-49.6488, -28.5555], [-49.6495, -28.5469], [-49.6266, -28.5326], [-49.6205, -28.5325], [-49.61, -28.5253], [-49.5931, -28.5033], [-49.5871, -28.5], [-49.5695, -28.5026], [-49.5625, -28.4951], [-49.5571, -28.4956], [-49.5502, -28.4867], [-49.5625, -28.4675], [-49.5546, -28.4604], [-49.5466, -28.4427], [-49.5353, -28.4361], [-49.5503, -28.437], [-49.5579, -28.4311], [-49.5587, -28.4229], [-49.5668, -28.4163], [-49.5517, -28.4044], [-49.5524, -28.3997], [-49.5437, -28.3879], [-49.5509, -28.3847], [-49.5518, -28.3774], [-49.5583, -28.3719], [-49.5502, -28.3664], [-49.5497, -28.3523], [-49.5354, -28.3508], [-49.531, -28.3468], [-49.5388, -28.3388], [-49.5339, -28.3083], [-49.523, -28.307], [-49.5135, -28.3038], [-49.503, -28.3077], [-49.4829, -28.3043], [-49.4706, -28.3101], [-49.458, -28.3213], [-49.4464, -28.3221], [-49.4349, -28.3164], [-49.4246, -28.3184], [-49.4165, -28.3268], [-49.3913, -28.3372], [-49.3853, -28.3365], [-49.3606, -28.3412], [-49.3561, -28.3655], [-49.3404, -28.3654], [-49.3391, -28.3742], [-49.3391, -28.4013], [-49.3427, -28.4097], [-49.3355, -28.4179], [-49.3294, -28.4138], [-49.3286, -28.4066], [-49.316, -28.4036], [-49.309, -28.4069], [-49.3018, -28.3998], [-49.2891, -28.3973], [-49.2873, -28.413], [-49.2793, -28.4165], [-49.2659, -28.4176], [-49.2598, -28.4213], [-49.2483, -28.4187], [-49.2382, -28.4133], [-49.2244, -28.4179], [-49.2213, -28.4328], [-49.235, -28.4478], [-49.2353, -28.4577], [-49.2552, -28.4624], [-49.2567, -28.4742], [-49.279, -28.4845], [-49.2806, -28.4915], [-49.2875, -28.4978], [-49.2887, -28.5051], [-49.2856, -28.5149], [-49.2664, -28.5327], [-49.2515, -28.5365], [-49.2516, -28.5436], [-49.2567, -28.5532], [-49.2512, -28.5578], [-49.2499, -28.5673], [-49.2605, -28.5781], [-49.2529, -28.5887], [-49.2453, -28.5906], [-49.2434, -28.5898], [-49.234, -28.5918], [-49.2327, -28.5972], [-49.2236, -28.6005], [-49.21, -28.6136], [-49.2041, -28.6142], [-49.1949, -28.6357], [-49.1816, -28.6412], [-49.1748, -28.645], [-49.176, -28.6845], [-49.1742, -28.6991], [-49.1787, -28.7108], [-49.1762, -28.7223], [-49.1894, -28.7344], [-49.1979, -28.7396], [-49.2036, -28.7497], [-49.2025, -28.7574], [-49.205, -28.7766], [-49.2078, -28.7851], [-49.1903, -28.7955], [-49.1879, -28.8022], [-49.1903, -28.8054], [-49.2463, -28.8468], [-49.26666257046666, -28.863722318835304], [-49.266667, -28.863722], [-49.26669062095531, -28.863745630200306], [-49.269761162316186, -28.8662974042993], [-49.27, -28.866306], [-49.27140289106548, -28.86766176335122], [-49.271711703320534, -28.867918401846286], [-49.272528, -28.867944], [-49.273806, -28.869139], [-49.27378953862281, -28.869645187348635], [-49.27471825824176, -28.870417], [-49.275, -28.870417], [-49.275472, -28.870833], [-49.27546533786373, -28.871037860690404], [-49.2807635537274, -28.875440944193542], [-49.280861, -28.875444], [-49.281311009627636, -28.87589590754442], [-49.2901, -28.8832]]]}, "properties": {"codigo_ibge": "42019", "microrregiao": "Criciúma"}}]}