codigo_ibge,microrregiao,atividade,producao_estimada_r_milhao,diretas_gg_co2,insumos_gg_co2,totais_gg_co2
42001,São Miguel do Oeste,0191,764.380177769609,26.20732038067231,34.73217487900163,60.93949525967395
42001,São Miguel do Oeste,0192,1012.687433181759,44.847586326620764,58.809672951689585,103.65725927831035
42001,São Miguel do Oeste,0280,27.51758861415189,4.9138551096699805,0.8364132251922456,5.750268334862226
42001,São Miguel do Oeste,0580,4.468304618015881,0.33831449250691675,0.2504801972287048,0.5887946897356215
42001,São Miguel do Oeste,0680,18.080816389432467,0.1808081638943247,0.8903383570649166,1.0711465209592412
42001,São Miguel do Oeste,0791,48.56117847455747,0.9712235694911494,2.5167495113854566,3.487973080876606
42001,São Miguel do Oeste,0792,15.009613613711096,1.6939421078331096,1.0464331795719517,2.7403752874050613
42001,São Miguel do Oeste,1091,811.917095006504,95.11028827219049,81.47749154165344,176.58777981384392
42001,São Miguel do Oeste,1092,137.22710171294486,70.18186059033465,10.946585988174718,81.12844657850937
42001,São Miguel do Oeste,1093,322.7193492101305,35.96015605484311,29.06712177177468,65.02727782661779
42001,São Miguel do Oeste,1100,32.544320855177205,12.785268907391046,4.756053812193752,17.541322719584798
42001,São Miguel do Oeste,1200,6.894082534478517,0.3840988840638031,0.46994701113989445,0.8540458952036976
42001,São Miguel do Oeste,1300,7.853879625684007,0.5946508859446463,0.5466906161685058,1.141341502113152
42001,São Miguel do Oeste,1400,21.897447602366853,1.4389751281555359,1.2441121842084437,2.6830873123639796
42001,São Miguel do Oeste,1500,7.9212385236851475,0.4413261463196011,0.602575853945771,1.043902000265372
42001,São Miguel do Oeste,1600,9.178265750805494,0.5506959450483296,0.7543255256414015,1.3050214706897312
42001,São Miguel do Oeste,1700,21.170413628890138,0.9375468892794204,1.62363018842637,2.5611770777057905
42001,São Miguel do Oeste,1800,11.80700553613407,2.108393845738227,0.6970142067370406,2.8054080524752676
42001,São Miguel do Oeste,1991,62.96622190286089,1.5291796747837647,4.384487086964813,5.913666761748578
42001,São Miguel do Oeste,1992,134.65163338409997,5.193705859100999,10.946209289319782,16.13991514842078
42001,São Miguel do Oeste,2091,38.756068314858275,2.2699982870131277,2.6501061050981582,4.920104392111286
42001,São Miguel do Oeste,2092,27.73911855579482,1.228446678899485,1.955067693086281,3.183514371985766
42001,São Miguel do Oeste,2093,24.700713623501457,2.046630557375835,2.159701418901743,4.206331976277578
42001,São Miguel do Oeste,2100,18.121439429116137,1.5014906955553375,1.0621106436138301,2.5636013391691677
42001,São Miguel do Oeste,2200,26.529918327492666,1.7054947496245287,1.884881243305635,3.5903759929301637
42001,São Miguel do Oeste,2300,20.815219097264077,1.159705063990427,1.7225225880279393,2.8822276520183663
42001,São Miguel do Oeste,2491,13.703266246108482,0.5481306498443393,1.299964769318382,1.8480954191627212
42001,São Miguel do Oeste,2492,5.353740830460071,0.23709423677751743,0.5417316064807663,0.7788258432582837
42001,São Miguel do Oeste,2500,28.47937260690706,1.423968630345353,1.818264249421034,3.242232879766387
42001,São Miguel do Oeste,2600,9.42992797356471,1.077706054121681,0.47967821645558595,1.557384270577267
42001,São Miguel do Oeste,2700,5.718293164202837,0.4002805214941986,0.4003621808783741,0.8006427023725727
42001,São Miguel do Oeste,2800,20.959516763476724,1.1677445053937032,1.1778816393866656,2.345626144780369
42001,São Miguel do Oeste,2991,1.4251643441859325,0.014251643441859327,0.1051384118790765,0.11939005532093581
42001,São Miguel do Oeste,2992,6.60268477878562,0.26410739115142484,0.47229074920471475,0.7363981403561396
42001,São Miguel do Oeste,3000,4.768329545856903,0.2656640746977418,0.28219806643477274,0.5478621411325145
42001,São Miguel do Oeste,3180,28.943483859087053,2.150087372389324,1.5524208793960734,3.7025082517853973
42001,São Miguel do Oeste,3300,35.37249903797301,1.5664963859673762,1.6759669905329333,3.2424633765003095
42001,São Miguel do Oeste,3500,166.90576569991885,36.242394837696665,24.517373864120884,60.75976870181755
42001,São Miguel do Oeste,3680,48.3894702823672,39.88674907560839,2.9129589057496617,42.799707981358054
42001,São Miguel do Oeste,4180,457.10307828843753,28.079189094861164,23.247699133440804,51.32688822830197
42001,São Miguel do Oeste,4580,551.5536241134462,13.394873728469408,23.63381463251877,37.02868836098818
42001,São Miguel do Oeste,4900,145.9076428185835,2.2928343871491697,6.812883120910649,9.105717508059818
42001,São Miguel do Oeste,5000,0.188187766014944,0.028497004567977234,0.00936029588116695,0.037857300449144184
42001,São Miguel do Oeste,5100,0.29863413329802324,0.022184249902138874,0.017761776559895207,0.03994602646203408
42001,São Miguel do Oeste,5280,7.503928137399512,0.267997433478554,0.41321029820448063,0.6812077316830346
42001,São Miguel do Oeste,5500,4.9533784148955124,1.5001660342254979,0.382872477931014,1.8830385121565119
42001,São Miguel do Oeste,5600,97.49727048475002,3.342763559477144,9.997040627452717,13.339804186929861
42001,São Miguel do Oeste,5800,6.187719364864968,1.7767594176255121,0.4008241179135732,2.1775835355390853
42001,São Miguel do Oeste,5980,6.999330645169849,1.979810668205186,0.6998593655610317,2.6796700337662176
42001,São Miguel do Oeste,6100,65.40889459586057,4.672063899704327,4.920985817876769,9.593049717581096
42001,São Miguel do Oeste,6280,13.230696954318772,1.228564717186743,0.44779334568522366,1.6763580628719668
42001,São Miguel do Oeste,6480,163.7117296203216,4.677477989152046,6.351547175656145,11.029025164808191
42001,São Miguel do Oeste,6800,218.79412091193092,7.501512716980489,1.535204213819311,9.0367169307998
42001,São Miguel do Oeste,6980,42.163714169622246,2.891226114488383,1.5593675907539915,4.450593705242374
42001,São Miguel do Oeste,7180,15.509834763304388,2.747456443785349,0.5929952962490308,3.34045174003438
42001,São Miguel do Oeste,7380,36.584675416731535,4.5992163381033935,6.320536958720974,10.919753296824368
42001,São Miguel do Oeste,7700,18.065372840381002,4.955073693361646,0.6207940013496414,5.575867694711287
42001,São Miguel do Oeste,7880,85.79000000257057,5.51507142873668,4.082254275379147,9.597325704115827
42001,São Miguel do Oeste,8000,17.03981292063032,5.6474808536946215,0.2841620735706796,5.931642927265301
42001,São Miguel do Oeste,8400,461.02973611353275,15.806733809606838,20.245499665095835,36.052233474702675
42001,São Miguel do Oeste,8591,234.19300861841626,4.683860172368325,6.295465137584928,10.979325309953254
42001,São Miguel do Oeste,8592,31.70675747095556,1.2229749310225717,1.3416030574976903,2.564577988520262
42001,São Miguel do Oeste,8691,124.76150208580451,2.4952300417160904,5.780105195851541,8.275335237567631
42001,São Miguel do Oeste,8692,67.16188479864495,1.918910994246999,2.581565905875417,4.500476900122416
42001,São Miguel do Oeste,9080,9.808644763226617,2.97061812829149,0.5970974717533686,3.5677156000448584
42001,São Miguel do Oeste,9480,77.35392639971016,5.414774847979713,5.226056584247939,10.640831432227651
42001,São Miguel do Oeste,9700,29.93635250027657,5.046413707189479,0.0,5.046413707189479
42002,Chapecó,0191,1213.625964759147,41.61003307745648,55.14516267115542,96.7551957486119
42002,Chapecó,0192,1607.8697470686047,71.20566022732393,93.3736223791463,164.57928260647023
42002,Chapecó,0280,43.690379474703334,7.8018534776255954,1.3279946771032147,9.12984815472881
42002,Chapecó,0580,14.438492527193917,1.0932001484875395,0.8093800143604846,1.9025801628480241
42002,Chapecó,0680,58.42478403818128,0.5842478403818129,2.8769622517061384,3.4612100920879514
42002,Chapecó,0791,156.91638606948175,3.1383277213896346,8.13240638662937,11.270734108019004
42002,Chapecó,0792,48.50076539630976,5.473657809012102,3.381353541237842,8.855011350249944
42002,Chapecó,1091,3498.0781037731654,409.7748635848566,351.0390788236057,760.8139424084623
42002,Chapecó,1092,443.4237707568468,226.77958561564446,35.371849840158916,262.1514354558034
42002,Chapecó,1093,1564.2110297821657,174.2978004614413,140.8874695326264,315.1852699940677
42002,Chapecó,1100,105.16089963417242,41.31321057056773,15.368300350298007,56.68151092086574
42002,Chapecó,1200,22.27694118135712,1.2411438658184681,1.5185460680461529,2.759689933864621
42002,Chapecó,1300,25.37834637050165,1.921503368052268,1.7665287063040502,3.688032074356318
42002,Chapecó,1400,70.75751556790357,4.649779594462235,4.020116355151476,8.66989594961371
42002,Chapecó,1500,25.596004079313214,1.426063084418879,1.9471114232419562,3.3731745076608353
42002,Chapecó,1600,29.657852985513266,1.779471179130796,2.437462168790367,4.216933347921163
42002,Chapecó,1700,68.40824095696156,3.0295078138082983,5.2464579626019745,8.275965776410272
42002,Chapecó,1800,57.22820256524073,10.21932188665013,3.378407005224343,13.597728891874473
42002,Chapecó,1991,203.46359573259952,4.941258753505989,14.167651817084483,19.10891057059047
42002,Chapecó,1992,580.1355006257611,22.3766550241365,47.16084347747501,69.53749850161151
42002,Chapecó,2091,125.23300235425206,7.335075852177621,8.563323333072443,15.898399185250064
42002,Chapecó,2092,89.63378511929514,3.9694961981402135,6.317436408200626,10.286932606340839
42002,Chapecó,2093,79.81574658794115,6.613304717286552,6.978672105759304,13.591976823045856
42002,Chapecó,2100,58.55604981011182,4.8517869842664085,3.432012340662875,8.283799324929284
42002,Chapecó,2200,85.72648023461288,5.5109880150822566,6.090641993472897,11.601630008555153
42002,Chapecó,2300,67.26049611210355,3.7473704976743405,5.566010297258506,9.313380794932847
42002,Chapecó,2491,44.279547659944875,1.7711819063977952,4.200593561088344,5.97177546748614
42002,Chapecó,2492,17.299614413364502,0.766125781163285,1.750504591916231,2.516630373079516
42002,Chapecó,2500,262.93079412591857,13.146539706295927,16.786804598184588,29.933344304480517
42002,Chapecó,2600,203.14034996529122,23.21603999603328,10.333270946997416,33.5493109430307
42002,Chapecó,2700,18.47759724947053,1.2934318074629374,1.2936956745241575,2.587127481987095
42002,Chapecó,2800,406.3606025554707,22.640090713804796,22.83662825443855,45.47671896824335
42002,Chapecó,2991,4.6051526233430735,0.04605152623343074,0.33973515774113827,0.385786683974569
42002,Chapecó,2992,21.335343712588035,0.8534137485035214,1.5261194202294772,2.3795331687329986
42002,Chapecó,3000,15.407967092812955,0.8584438808852932,0.9118703897175877,1.770314270602881
42002,Chapecó,3180,311.751556153567,23.15868702855069,16.72119456362778,39.87988159217847
42002,Chapecó,3300,228.59925931134543,10.123681483788156,10.831149143711952,20.954830627500108
42002,Chapecó,3500,1078.6496699833065,234.2210711963751,158.4466367383508,392.6677079347259
42002,Chapecó,3680,156.36154308948406,128.88658623233187,9.412683106499003,138.29926933883087
42002,Chapecó,4180,1477.0432958878193,90.73265960453747,75.12060141541684,165.85326101995432
42002,Chapecó,4580,2771.9963362980666,67.31991102438161,118.77874554698724,186.09865657136885
42002,Chapecó,4900,977.7361829048194,15.36442573136145,45.653553224063515,61.017978955424965
42002,Chapecó,5000,0.6305289581081553,0.09548009937066353,0.03136196222802061,0.12684206159868414
42002,Chapecó,5100,80.04663551146331,5.946321495137275,4.760910745949869,10.707232241087144
42002,Chapecó,5280,167.61429609677745,5.986224860599195,9.229826299680635,15.216051160279829
42002,Chapecó,5500,16.596448309033416,5.0263529164501195,1.282826135355469,6.309179051805589
42002,Chapecó,5600,326.6676345595001,11.200033184897146,33.49539528776863,44.695428472665775
42002,Chapecó,5800,38.87277378744572,11.162039330395128,2.5180756180830475,13.680114948478176
42002,Chapecó,5980,93.80589934423195,26.53366867165418,9.379602211854515,35.913270883508694
42002,Chapecó,6100,219.15453397357973,15.653895283827122,16.48791590609802,32.14181118992514
42002,Chapecó,6280,177.319445196855,16.46537705399368,6.0013820809212,22.46675913491488
42002,Chapecó,6480,1028.4773204191872,29.38506629769107,39.901980358309146,69.28704665600021
42002,Chapecó,6800,733.0765013057993,25.134051473341692,5.143749426016736,30.27780089935843
42002,Chapecó,6980,302.72321698748965,20.75816345057072,11.19580622428142,31.95396967485214
42002,Chapecó,7180,111.35610718741313,19.72593898748461,4.257533931113933,23.983472918598544
42002,Chapecó,7380,159.35151944375843,20.032762444358205,27.530302144268717,47.56306458862692
42002,Chapecó,7700,90.79288964493256,24.903192588324355,3.1199843897373647,28.02317697806172
42002,Chapecó,7880,287.4420609968021,18.478418206937278,13.677719808751945,32.15613801568922
42002,Chapecó,8000,57.09242271545818,18.922060099980428,0.9520938580467835,19.87415395802721
42002,Chapecó,8400,1118.3450662050882,38.34325941274588,49.11061671245656,87.45387612520244
42002,Chapecó,8591,681.7137599913101,13.634275199826202,18.32550525378811,31.95978045361431
42002,Chapecó,8592,265.5861905438902,10.24403877812148,11.237706838652302,21.481745616773782
42002,Chapecó,8691,453.96120699132854,9.07922413982657,21.031676337473094,30.110900477299662
42002,Chapecó,8692,562.5699553087146,16.073427294534707,21.624041979300383,37.69746927383509
42002,Chapecó,9080,32.864169090137196,9.953148353012978,2.000593634358614,11.953741987371592
42002,Chapecó,9480,311.0120810797725,21.770845675584077,21.012077986951276,42.78292366253535
42002,Chapecó,9700,100.30267934664218,16.908165947005397,0.0,16.908165947005397
42003,Xanxerê,0191,2064.0656606116668,70.76796550668573,93.78774014691194,164.55570565359767
42003,Xanxerê,0192,546.9145895076995,24.220503249626695,31.76090379674193,55.98140704636862
42003,Xanxerê,0280,24.768699910142075,4.422982126811085,0.7528591427886395,5.175841269599725
42003,Xanxerê,0580,4.003351453234919,0.30311089574492966,0.22441627133903264,0.5275271670839623
42003,Xanxerê,0680,16.199401955824968,0.16199401955824969,0.797693456541766,0.9596874761000157
42003,Xanxerê,0791,43.5081045354614,0.8701620907092279,2.2548670413404275,3.1250291320496553
42003,Xanxerê,0792,13.447775747130446,1.5176775486047218,0.937545702068274,2.455223250672996
42003,Xanxerê,1091,363.7161921655057,42.606753939387815,36.49964159270472,79.10639553209253
42003,Xanxerê,1092,30.73695529008477,15.719757134071923,2.4518824627034697,18.171639596775393
42003,Xanxerê,1093,289.13851809438364,32.218292016231324,26.04251816610971,58.26081018234103
42003,Xanxerê,1100,29.15789439798083,11.45488708492104,4.261158664953326,15.716045749874366
42003,Xanxerê,1200,6.176713024856703,0.3441311542420163,0.42104628283505635,0.7651774370770726
42003,Xanxerê,1300,7.036637629011004,0.5327739919108332,0.48980426801785737,1.0225782599286906
42003,Xanxerê,1400,19.61889042381292,1.2892413707077062,1.1146550529605006,2.4038964236682068
42003,Xanxerê,1500,7.0969874406854165,0.39540358598104464,0.5398743207550718,0.9352779067361164
42003,Xanxerê,1600,32.89285460397218,1.973571276238331,2.703334215051465,4.676905491289796
42003,Xanxerê,1700,18.967508576985843,0.8399896655522302,1.4546819946306737,2.294671660182904
42003,Xanxerê,1800,10.578417724891796,1.8890031651592492,0.6244858119599668,2.513488977119216
42003,Xanxerê,1991,56.41421915219893,1.3700596079819742,3.9282556253034606,5.298315233285435
42003,Xanxerê,1992,120.64034533707705,4.653270463001544,9.807192349672556,14.4604628126741
42003,Xanxerê,2091,34.723273293496895,2.0337917214762467,2.374347103439521,4.408138824915768
42003,Xanxerê,2092,24.85270143267618,1.1006196348756596,1.751631493236253,2.8522511281119125
42003,Xanxerê,2093,22.13046026044965,1.8336667072943995,1.9349718859930864,3.768638593287486
42003,Xanxerê,2100,16.235797931223946,1.3452518285871273,0.951591834510104,2.2968436630972313
42003,Xanxerê,2200,23.769325542924296,1.528028070616562,1.6887483530416805,3.2167764236582426
42003,Xanxerê,2300,18.649274108674746,1.0390309860547358,1.5432840630891642,2.5823150491439
42003,Xanxerê,2491,12.277361444704535,0.49109445778818145,1.164695850730928,1.6557903085191095
42003,Xanxerê,2492,4.796652861904159,0.21242319817004132,0.48536127222030745,0.6977844703903487
42003,Xanxerê,2500,25.515927730931363,1.2757963865465682,1.6290632460320151,2.9048596325785834
42003,Xanxerê,2600,8.44868895120989,0.9655644515668445,0.4297648994632126,1.395329351030057
42003,Xanxerê,2700,5.123271398425811,0.3586289978898068,0.35870216013863626,0.717331158028443
42003,Xanxerê,2800,18.77855676084704,1.0462338766757637,1.055316182734025,2.1015500594097887
42003,Xanxerê,2991,1.2768676793859233,0.012768676793859233,0.09419814671762745,0.10696682351148669
42003,Xanxerê,2992,5.915636905735584,0.2366254762294234,0.42314614128024153,0.659771617509665
42003,Xanxerê,3000,4.272157036908934,0.23802017777064063,0.25283371120373255,0.49085388897437315
42003,Xanxerê,3180,25.931745499573672,1.9263582371111871,1.3908824296590097,3.317240666770197
42003,Xanxerê,3300,31.69178414051374,1.4034932976513228,1.5015728471312393,2.905066144782562
42003,Xanxerê,3500,149.53824700625682,32.471162207072915,21.966198072685486,54.4373602797584
42003,Xanxerê,3680,43.354263582459744,35.73630012439896,2.6098485366301603,38.34614866102912
42003,Xanxerê,4180,409.5388361317104,25.157385648090784,20.828640405352413,45.9860260534432
42003,Xanxerê,4580,493.37030691365493,11.98185031076019,21.14068672384951,33.1225370346097
42003,Xanxerê,4900,195.77379797158028,3.0764453966962617,9.14128950308334,12.217734899779602
42003,Xanxerê,5000,0.16833586403394013,0.02549085941085379,0.00837287953481761,0.0338637389456714
42003,Xanxerê,5100,0.26713125897226275,0.019844036380796664,0.015888089153204107,0.03573212553400077
42003,Xanxerê,5280,6.712339773231765,0.23972642047256298,0.3696207997413056,0.6093472202138686
42003,Xanxerê,5500,4.430847195945194,1.3419137222005444,0.3424833120247297,1.684397034225274
42003,Xanxerê,5600,87.21229660964181,2.990135883759148,8.94245416394932,11.932590047708468
42003,Xanxerê,5800,5.5349776860700555,1.5893293070001158,0.3585412359338236,1.9478705429339394
42003,Xanxerê,5980,6.2609722022011685,1.7709607086226162,0.6260312957570582,2.3969920043796744
42003,Xanxerê,6100,58.508919152718725,4.17920851090848,4.401871689604255,8.581080200512735
42003,Xanxerê,6280,11.83499252230673,1.0989635913570535,0.40055568622130866,1.4995192775783621
42003,Xanxerê,6480,146.44180140774506,4.184051468792716,5.681523323261644,9.86557479205436
42003,Xanxerê,6800,195.7135586929254,6.710179155186014,1.3732557289685756,8.08343488415459
42003,Xanxerê,6980,37.71586966529918,2.5862310627633724,1.3948701145389646,3.981101177302337
42003,Xanxerê,7180,13.87370439211844,2.4576276351752666,0.5304403026614173,2.988067937836684
42003,Xanxerê,7380,32.725362955781634,4.114045628726835,5.653784369916252,9.767829998643087
42003,Xanxerê,7700,16.15965910312853,4.432363639715253,0.5553065261212584,4.987670165836511
42003,Xanxerê,7880,76.74002450700031,4.933287289735734,3.6516178240705894,8.584905113806323
42003,Xanxerê,8000,15.242285360586198,5.051728862365712,0.25418585486794054,5.3059147172336525
42003,Xanxerê,8400,418.0993805639725,14.334835905050486,18.360270945950848,32.695106851001334
42003,Xanxerê,8591,212.38532824628956,4.2477065649257915,5.709241439771591,9.956948004697383
42003,Xanxerê,8592,28.362015914276007,1.0939634709792174,1.2000775324391473,2.2940410034183647
42003,Xanxerê,8691,113.14390950144721,2.2628781900289443,5.2418709958982,7.504749185927144
42003,Xanxerê,8692,60.076986656136086,1.7164853330324599,2.309236867669658,4.025722200702118
42003,Xanxerê,9080,8.77393215395637,2.6572480237696428,0.534109740226699,3.1913577639963417
42003,Xanxerê,9480,69.19387116736904,4.843570981715834,4.674760582097452,9.518331563813286
42003,Xanxerê,9700,26.778370724473582,4.514068207839832,0.0,4.514068207839832
42004,Joaçaba,0191,1121.5692324776155,38.4538022563754,50.96225655011875,89.41605880649415
42004,Joaçaba,0192,1188.7268667667956,52.64361838538667,69.03278936107287,121.67640774645953
42004,Joaçaba,0280,242.25809333515804,43.26037380984965,7.363576656974047,50.6239504668237
42004,Joaçaba,0580,13.696630911683387,1.0370306261703137,0.7677934038549554,1.8048240300252691
42004,Joaçaba,0680,55.42287060498973,0.5542287060498974,2.729141566146776,3.2833702721966733
42004,Joaçaba,0791,148.8538931568505,2.97707786313701,7.714556661070413,10.691634524207423
42004,Joaçaba,0792,46.008756199183665,5.192416771050729,3.207616816576982,8.40003358762771
42004,Joaçaba,1091,2903.5509782417116,340.130257451172,291.3771020778341,631.5073595290061
42004,Joaçaba,1092,105.16007322240493,53.78186601945851,8.388603779301548,62.17046979876006
42004,Joaçaba,1093,1483.8405811797231,165.34223618859772,133.6485555285633,298.990791717161
42004,Joaçaba,1100,249.39411540315558,97.97625962266827,36.44666111117127,134.42292073383953
42004,Joaçaba,1200,21.132333630235813,1.1773728736845668,1.440521922717539,2.6178947964021058
42004,Joaçaba,1300,24.07438607118741,1.8227749453899038,1.6757630091624562,3.49853795455236
42004,Joaçaba,1400,67.12193625033626,4.410870096450668,3.813559472003468,8.224429568454136
42004,Joaçaba,1500,24.280860347990185,1.352790790816596,1.8470672376523112,3.199858028468907
42004,Joaçaba,1600,281.34008118262244,16.880404870957346,23.122233587914078,40.002638458871424
42004,Joaçaba,1700,865.2449240023273,38.317989491531634,66.35854186031355,104.67653135184518
42004,Joaçaba,1800,36.19184698120239,6.462829818071854,2.1365477840040787,8.599377602075933
42004,Joaçaba,1991,193.00946892237474,4.687372816686245,13.439706219909613,18.12707903659586
42004,Joaçaba,1992,275.16383084557305,10.613462046900674,22.368840285024675,32.98230233192535
42004,Joaçaba,2091,118.79842774289438,6.958193624940956,8.123332740560993,15.08152636550195
42004,Joaçaba,2092,85.02832755454705,3.765540220272798,5.992841332167186,9.758381552439984
42004,Joaçaba,2093,75.71474791405694,6.273507684307575,6.620102196002731,12.893609880310306
42004,Joaçaba,2100,55.547391833648724,4.602498180502323,3.2556727252424364,7.8581709057447595
42004,Joaçaba,2200,81.32178320692105,5.227828920444925,5.777699800909235,11.00552872135416
42004,Joaçaba,2300,63.80459652897286,3.5548275208999165,5.2800241125307465,8.834851633430663
42004,Joaçaba,2491,42.00442810025311,1.6801771240101244,3.984763610734256,5.6649407347443805
42004,Joaçaba,2492,16.410746003297724,0.7267616087174706,1.6605622269448392,2.38732383566231
42004,Joaçaba,2500,87.29741782159891,4.364870891079946,5.573499672295711,9.938370563375656
42004,Joaçaba,2600,28.90542476824825,3.303477116371228,1.4703508486590335,4.773827965030262
42004,Joaçaba,2700,17.52820311289932,1.2269742179029526,1.2272245272576499,2.4541987451606024
42004,Joaçaba,2800,256.98764049265276,14.317882827447798,14.442175680933277,28.760058508381075
42004,Joaçaba,2991,174.74144383176557,1.7474144383176557,12.891171442001632,14.638585880319287
42004,Joaçaba,2992,20.23911621347188,0.8095646485388752,1.447706149839852,2.2572707983787272
42004,Joaçaba,3000,14.61629307714417,0.8143363285837467,0.8650177394718642,1.679354068055611
42004,Joaçaba,3180,443.6002573748116,32.95316197641458,23.793068761413828,56.746230737828405
42004,Joaçaba,3300,108.42682072157461,4.8017592033840195,5.137317898368218,9.939077101752238
42004,Joaçaba,3500,1534.8416448197274,333.27990001799793,225.45827743256797,558.7381774505659
42004,Joaçaba,3680,148.32755846528534,122.26428747781377,8.929051710595004,131.19333918840877
42004,Joaçaba,4180,1401.1515971109184,86.07074096538499,71.26084316023876,157.33158412562375
42004,Joaçaba,4580,1599.6448238167004,38.84851714983415,68.54403196918526,107.3925491190194
42004,Joaçaba,4900,651.0292587393966,10.23045978019052,30.398587506477718,40.62904728666824
42004,Joaçaba,5000,0.4198400421178205,0.06357577780641281,0.02088247870837856,0.08445825651479137
42004,Joaçaba,5100,13.324837183274132,0.9898450479003642,0.7925175134287477,1.7823625613291119
42004,Joaçaba,5280,16.74098998021333,0.5978924992933332,0.9218571040792845,1.5197496033726177
42004,Joaçaba,5500,11.050806576714937,3.346815706090809,0.8541745335748678,4.200990239665677
42004,Joaçaba,5600,217.5128543873541,7.457583578994999,22.30303301304939,29.76061659204439
42004,Joaçaba,5800,13.804576215394714,3.963885456134768,0.8942239876172899,4.858109443752058
42004,Joaçaba,5980,15.615251379472278,4.416885390193587,1.5613607182645532,5.978246108458141
42004,Joaçaba,6100,145.9248581537733,10.423204153840949,10.978539874236652,21.4017440280776
42004,Joaçaba,6280,29.517202335608825,2.7408830740208194,0.9990106216449521,3.7398936956657716
42004,Joaçaba,6480,365.23489764748564,10.435282789928161,14.170070085900496,24.605352875828657
42004,Joaçaba,6800,488.12170357292024,16.735601265357268,3.424984606800489,20.160585872157757
42004,Joaçaba,6980,94.06570845531068,6.450220008364162,3.4788922194194685,9.92911222778363
42004,Joaçaba,7180,34.601875659382976,6.1294751168049855,1.3229508773332919,7.452425994138277
42004,Joaçaba,7380,81.61907648453428,10.260683900912882,14.100887422968453,24.361571323881336
42004,Joaçaba,7700,40.303187899990256,11.054588681140185,1.3849687744974162,12.439557455637601
42004,Joaçaba,7880,191.39436094643287,12.303923203699256,9.107360394377249,21.411283598076505
42004,Joaçaba,8000,38.015201124759166,12.599323801348755,0.633955221758292,13.233279023107047
42004,Joaçaba,8400,896.2537113238817,30.72869867396166,39.35777411108283,70.08647278504449
42004,Joaçaba,8591,546.3327070651403,10.926654141302807,14.686256140357402,25.61291028166021
42004,Joaçaba,8592,70.73661946211962,2.7284124649674713,2.9930674883536197,5.721479953321091
42004,Joaçaba,8691,339.5554141568249,6.791108283136498,15.731343249599263,22.52245153273576
42004,Joaçaba,8692,149.83571535854338,4.281020438815525,5.759379377332087,10.040399816147612
42004,Joaçaba,9080,21.88272871141255,6.627340695456371,1.3321026812628798,7.959443376719251
42004,Joaçaba,9480,172.57378843135933,12.080165190195155,11.659141627020185,23.73930681721534
42004,Joaçaba,9700,66.78691054535379,11.258364920502494,0.0,11.258364920502494
42005,Concórdia,0191,584.1923770257106,20.029452926595795,26.544738327780536,46.57419125437633
42005,Concórdia,0192,928.7592158667914,41.13076527410077,53.93571989373187,95.06648516783264
42005,Concórdia,0280,21.030850838419234,3.755509078289149,0.639245030694759,4.394754108983908
42005,Concórdia,0580,7.8270119723012614,0.5926166207599527,0.43875959007557663,1.0313762108355293
42005,Concórdia,0680,31.67169171467749,0.3167169171467749,1.5595823418235375,1.8762992589703125
42005,Concórdia,0791,85.0633423193505,1.7012668463870098,4.408524091547803,6.109790937934813
42005,Concórdia,0792,26.29194638621104,2.9672339493009607,1.833009547222824,4.800243496523785
42005,Concórdia,1091,2370.3564574617153,277.6703278740867,237.86997391894232,515.540301793029
42005,Concórdia,1092,60.094278470900164,30.733930989403223,4.793711872273494,35.52764286167672
42005,Concórdia,1093,565.2990173894149,62.990461937677665,50.91611462448651,113.90657656216418
42005,Concórdia,1100,57.007033033704474,22.3956201203839,8.331054686571338,30.726674806955238
42005,Concórdia,1200,12.07618350768506,0.6728159382853105,0.8231938502376461,1.4960097885229566
42005,Concórdia,1300,13.757434891835565,1.0416343560961214,0.9576236097787993,1.9992579658749208
42005,Concórdia,1400,38.35718448011052,2.520614980121548,2.1792786734869716,4.69989365360852
42005,Concórdia,1500,13.875425706286805,0.7730594322074078,1.0555163146301954,1.8285757468376032
42005,Concórdia,1600,16.077327321613218,0.964639639296793,1.32133223334925,2.285971872646043
42005,Concórdia,1700,37.083658142687526,1.6422762891761622,2.844070404726777,4.486346693902939
42005,Concórdia,1800,20.682021837934634,3.6932181853454704,1.2209414996011123,4.914159684946583
42005,Concórdia,1991,110.2962789728313,2.6786239179116174,7.680191002132771,10.358814920044388
42005,Concórdia,1992,235.8657335800119,9.09767829522903,19.17418763559255,28.27186593082158
42005,Concórdia,2091,67.88798809209635,3.9762964453942153,4.642121338111114,8.618417783505329
42005,Concórdia,2092,48.58988623154753,2.1518378188256766,3.424640786294606,5.576478605120283
42005,Concórdia,2093,43.26759202495437,3.5850290534962195,3.7830923151891254,7.368121368685345
42005,Concórdia,2100,31.742850027535887,2.6301218594244027,1.8604713496828342,4.490593209107237
42005,Concórdia,2200,46.471761915297805,2.9874704088405735,3.3016970235727237,6.289167432413297
42005,Concórdia,2300,36.46147320025457,2.0314249354427543,3.0172976266422755,5.04872256208503
42005,Concórdia,2491,24.003651974727937,0.9601460789891175,2.2771141815176628,3.23726026050678
42005,Concórdia,2492,9.37800735600165,0.4153117543372159,0.9489370426096323,1.3642487969468482
42005,Concórdia,2500,49.88656983213267,2.4943284916066335,3.1850057830983842,5.679334274705018
42005,Concórdia,2600,16.518157434799857,1.8877894211199835,0.8402397472885639,2.7280291684085474
42005,Concórdia,2700,10.016584114898183,0.7011608880428729,0.7013039286437789,1.4024648166866518
42005,Concórdia,2800,36.714235636474285,2.045507414032139,2.0632643656973926,4.108771779729532
42005,Concórdia,2991,2.4964229921713277,0.024964229921713276,0.18416819775633028,0.20913242767804355
42005,Concórdia,2992,11.565749703930027,0.46262998815720113,0.827299314717244,1.2899293028744452
42005,Concórdia,3000,8.352557767172167,0.46535678988530643,0.4943189494376998,0.9596757393230062
42005,Concórdia,3180,50.69954133650283,3.766251642140211,2.7193349262922464,6.485586568432457
42005,Concórdia,3300,61.961078558553545,2.7439906218787997,2.935747407907892,5.679738029786692
42005,Concórdia,3500,292.36445096249054,63.48485220899794,42.94644057841138,106.43129278740932
42005,Concórdia,3680,84.76256558389771,69.86857191701283,5.102553693004097,74.97112561001693
42005,Concórdia,4180,800.6954700255051,49.185578872995315,40.72238466290977,89.90796353590508
42005,Concórdia,4580,566.3016504269573,13.753040081797533,24.26576065707673,38.01880073887426
42005,Concórdia,4900,149.80907626322758,2.3541426269935766,6.995053222139825,9.349195849133402
42005,Concórdia,5000,0.19321973027686026,0.029258987727638838,0.009610581409033057,0.038869569136671896
42005,Concórdia,5100,0.30661932977474143,0.022777435926123652,0.018236709796896584,0.041014145723020236
42005,Concórdia,5280,7.704576133871205,0.275163433352543,0.42425915380891766,0.6994225871614607
42005,Concórdia,5500,5.085827105303593,1.5402790661776595,0.3931101286913039,1.9333891948689634
42005,Concórdia,5600,100.10425600300464,3.4321459201030162,10.264352112293194,13.69649803239621
42005,Concórdia,5800,6.353173173930831,1.8242682970858526,0.4115417786806128,2.2358100757664654
42005,Concórdia,5980,7.18648617822949,2.0327489475563416,0.7185729482260754,2.751321895782417
42005,Concórdia,6100,67.15786705558828,4.796990503970591,5.052568360638803,9.849558864609394
42005,Concórdia,6280,13.584473374774763,1.2614153848005136,0.45976691952547566,1.7211823043259893
42005,Concórdia,6480,168.08922763812865,4.80254936108939,6.52138158664139,11.32393094773078
42005,Concórdia,6800,224.64447038182573,7.702096127376882,1.5762541338128822,9.278350261189765
42005,Concórdia,6980,43.29113231876135,2.968534787572207,1.6010636167711207,4.569598404343328
42005,Concórdia,7180,15.924553189957994,2.820920850792559,0.6088514339852775,3.4297722847778367
42005,Concórdia,7380,37.56291530516392,4.722195066934893,6.489542185606335,11.211737252541228
42005,Concórdia,7700,18.54842395701826,5.087567713925009,0.6373934503730982,5.724961164298107
42005,Concórdia,7880,88.08394409460281,5.662539263224467,4.191409923786873,9.85394918701134
42005,Concórdia,8000,17.495441527431158,5.798489191948613,0.2917603007513252,6.090249492699938
42005,Concórdia,8400,393.46923963778414,13.490373930438315,17.278671494089004,30.769045424527317
42005,Concórdia,8591,199.87375609733138,3.9974751219466276,5.372911304449393,9.37038642639602
42005,Concórdia,8592,32.55456641110965,1.2556761329999435,1.3774762642526388,2.6331523972525823
42005,Concórdia,8691,106.47862711762376,2.1295725423524754,4.933073548813446,7.062646091165921
42005,Concórdia,8692,68.95773057133394,1.9702208734666842,2.650594555575818,4.620815429042502
42005,Concórdia,9080,10.0709187194543,3.0500496693204444,0.6130632978129911,3.6631129671334355
42005,Concórdia,9480,79.42229780027897,5.5595608460195285,5.3657964330147285,10.925357279034257
42005,Concórdia,9700,30.73682247291845,5.181350074006253,0.0,5.181350074006253
42006,Canoinhas,0191,1006.7229176855567,34.51621432064766,45.74382937791526,80.26004369856292
42006,Canoinhas,0192,133.3754690514126,5.906627915133987,7.745497236049889,13.652125151183876
42006,Canoinhas,0280,362.4189624872724,64.71767187272721,11.015936662739065,75.73360853546627
42006,Canoinhas,0580,5.9772343315791145,0.4525620279624187,0.33506642054339925,0.7876284485058179
42006,Canoinhas,0680,24.18664028189806,0.2418664028189806,1.1910022815170673,1.4328686843360479
42006,Canoinhas,0791,64.96010634318708,1.2992021268637415,3.3666463836832006,4.665848510546942
42006,Canoinhas,0792,26.10179499939367,2.945774007074429,1.8197526623070424,4.7655266693814715
42006,Canoinhas,1091,72.40656355584825,8.481911730827939,7.266142326556825,15.748054057384763
42006,Canoinhas,1092,45.89204484149148,23.470502933219926,3.6608017567944344,27.13130469001436
42006,Canoinhas,1093,215.8502316276957,24.05188295280038,19.441489896853856,43.493372849654236
42006,Canoinhas,1100,43.534415968235564,17.1028062732354,6.362155349584356,23.464961622819757
42006,Canoinhas,1200,92.22188353873435,5.138076368586628,6.286463545217467,11.424539913804095
42006,Canoinhas,1300,10.506105323583226,0.7954622602141587,0.7313059871834632,1.5267682473976218
42006,Canoinhas,1400,29.29213354324553,1.924911632841849,1.664244203451072,3.589155836292921
42006,Canoinhas,1500,10.596211068846522,0.590360330978592,0.8060634601909907,1.3964237911695827
42006,Canoinhas,1600,171.8882434747803,10.313294608486817,14.126817977493385,24.440112585980202
42006,Canoinhas,1700,1132.7833169308133,50.16611832122173,86.87696058071994,137.04307890194167
42006,Canoinhas,1800,15.794187029948455,2.820390541062224,0.9323932905803098,3.752783831642534
42006,Canoinhas,1991,84.22967891896558,2.04557791660345,5.86511193460406,7.9106898512075094
42006,Canoinhas,1992,24.01639800538135,0.9263467802075664,1.9523604158042762,2.8787071960118427
42006,Canoinhas,2091,51.84384725127822,3.0365681961462956,3.5450369990114723,6.581605195157768
42006,Canoinhas,2092,37.1065148716436,1.6432885157442163,2.6152867216258713,4.258575237370088
42006,Canoinhas,2093,33.04205198759618,2.737770021829398,2.889024489281976,5.626794511111374
42006,Canoinhas,2100,24.24098156974835,2.0085384729220066,1.4207814250952242,3.429319898017231
42006,Canoinhas,2200,35.488972260690105,2.281433931044364,2.521398570950322,4.802832501994686
42006,Canoinhas,2300,185.62960353518412,10.34222076838883,15.36141337748654,25.70363414587537
42006,Canoinhas,2491,18.33080787078912,0.7332323148315648,1.7389579971079625,2.4721903119395274
42006,Canoinhas,2492,7.161679032619856,0.3171600714445936,0.7246723385202367,1.0418324099648304
42006,Canoinhas,2500,38.096749939897144,1.904837496994857,2.4322852680416127,4.33712276503647
42006,Canoinhas,2600,12.614379288433044,1.4416433472494905,0.6416637513809662,2.0833070986304567
42006,Canoinhas,2700,7.649339322412749,0.5354537525688925,0.535562988020885,1.0710167405897775
42006,Canoinhas,2800,28.037466977260536,1.5620874458759442,1.5756478520045345,3.1377352978804787
42006,Canoinhas,2991,1.906436998915527,0.01906436998915527,0.14064325930633936,0.15970762929549462
42006,Canoinhas,2992,8.832386668811482,0.3532954667524593,0.6317815641421449,0.9850770308946042
42006,Canoinhas,3000,6.378576552472106,0.3553778364948745,0.3774952952397778,0.7328731317346523
42006,Canoinhas,3180,258.11726547694707,19.174425435430354,13.844450592399117,33.01887602782947
42006,Canoinhas,3300,47.31765931782093,2.095496341217784,2.2419347584353013,4.337431099653085
42006,Canoinhas,3500,223.26921688769,48.48131566704126,32.79679907898861,81.27811474602987
42006,Canoinhas,3680,64.73041293839212,53.35635466493179,3.8966542047568495,57.25300886968864
42006,Canoinhas,4180,611.4650737105213,37.561425956503456,31.09835995298083,68.65978590948428
42006,Canoinhas,4580,661.1758034193518,16.057126654469972,28.331073705909656,44.38820036037963
42006,Canoinhas,4900,174.90702399184713,2.7485389484433123,8.16695471507541,10.91549366351872
42006,Canoinhas,5000,0.22559039039698378,0.034160830545828975,0.011220669902080933,0.04538150044790991
42006,Canoinhas,5100,0.35798815270072437,0.02659340562919667,0.0212919585217488,0.04788536415094547
42006,Canoinhas,5280,8.995346051838677,0.32126235899423844,0.49533651661819805,0.8165988756124365
42006,Canoinhas,5500,5.937870426239801,1.798326471946911,0.4589690052532911,2.257295477200202
42006,Canoinhas,5600,116.8750114688566,4.007143250360798,11.983968701676801,15.991111952037599
42006,Canoinhas,5800,7.417538646353968,2.1298932398816395,0.4804885628615687,2.610381802743208
42006,Canoinhas,5980,8.390458987839049,2.3733012565601883,0.8389575520406636,3.212258808600852
42006,Canoinhas,6100,78.40901871455134,5.600644193896524,5.899039747911595,11.499683941808119
42006,Canoinhas,6280,15.860319479598582,1.472743951677011,0.536793000998159,2.00953695267517
42006,Canoinhas,6480,196.24970198477754,5.607134342422215,7.613927500830991,13.221061843253207
42006,Canoinhas,6800,262.27980807832034,8.99245056268527,1.8403285466872017,10.832779109372472
42006,Canoinhas,6980,50.543820895119154,3.465862004236742,1.8692944340635949,5.335156438300337
42006,Canoinhas,7180,18.59243963270547,3.2935178777935405,0.7108540752525379,4.004371953046078
42006,Canoinhas,7380,43.85593912173876,5.5133180610185875,7.576753952874929,13.090072013893517
42006,Canoinhas,7700,21.6558950564565,5.93990264405664,0.744177818176821,6.684080462233461
42006,Canoinhas,7880,102.84090194896241,6.6112008395761555,4.893608948040797,11.504809787616953
42006,Canoinhas,8000,20.42650343567663,6.769926852967112,0.34063974757921134,7.110566600546323
42006,Canoinhas,8400,604.1062347113675,20.7122137615326,26.528511318236195,47.240725079768794
42006,Canoinhas,8591,306.87273628996064,6.137454725799214,8.249207029644953,14.386661755444166
42006,Canoinhas,8592,38.00852705551193,1.4660431864268888,1.6082488458609865,3.0742920322878753
42006,Canoinhas,8691,163.4801301481114,3.269602602962228,7.573909690809183,10.843512293771411
42006,Canoinhas,8692,80.51041856950691,2.3002976734144838,3.094656325830086,5.39495399924457
42006,Canoinhas,9080,11.758128853210946,3.5610333098296008,0.7157715648061731,4.276804874635774
42006,Canoinhas,9480,92.72814500526268,6.490970150368388,6.264743824971068,12.755713975339456
42006,Canoinhas,9700,35.88625121923616,6.04939663409981,0.0,6.04939663409981
42007,São Bento do Sul,0191,137.37210752684578,4.709900829491856,6.241962050927905,10.95186288041976
42007,São Bento do Sul,0192,18.199714096204698,0.8059873385462081,1.05690976182969,1.862897100375898
42007,São Bento do Sul,0280,29.67226978344395,5.29861960418642,0.9019060215029562,6.200525625689377
42007,São Bento do Sul,0580,6.156497900560635,0.4661348410424481,0.3451154162930112,0.8112502573354593
42007,São Bento do Sul,0680,24.912023162689323,0.24912023162689326,1.2267216975222082,1.4758419291491014
42007,São Bento do Sul,0791,66.90832852396653,1.3381665704793306,3.467615663580638,4.8057822340599685
42007,São Bento do Sul,0792,20.680473378753486,2.333939138459322,1.4417915124086593,3.7757306508679815
42007,São Bento do Sul,1091,74.57811285116921,8.736293219708394,7.484061607269073,16.220354826977466
42007,São Bento do Sul,1092,47.26839572381875,24.174408098753016,3.7705930669309105,27.945001165683927
42007,São Bento do Sul,1093,222.32380799103802,24.77322431900138,20.024560707180854,44.79778502618223
42007,São Bento do Sul,1100,44.840059071227365,17.615737492267893,6.552963106334975,24.168700598602868
42007,São Bento do Sul,1200,9.498771520339055,0.5292172704188902,0.6475001224831944,1.1767173929020847
42007,São Bento do Sul,1300,10.821194515661753,0.8193190133286756,0.7532386259270123,1.572557639255688
42007,São Bento do Sul,1400,30.17063555784838,1.9826417652300363,1.7141566443924052,3.6967984096224416
42007,São Bento do Sul,1500,10.914002627368388,0.6080658606676674,0.830238154486648,1.4383040151543154
42007,São Bento do Sul,1600,126.4595381384555,7.58757228830733,10.39321154655907,17.9807838348664
42007,São Bento do Sul,1700,194.45944745240908,8.61177553003526,14.913748727024512,23.52552425705977
42007,São Bento do Sul,1800,16.26787137610027,2.9049770314464767,0.9603567498813432,3.86533378132782
42007,São Bento do Sul,1991,86.75581592808504,2.106926958253494,6.041012834509967,8.147939792763461
42007,São Bento do Sul,1992,24.73667514054061,0.954128898277995,2.0109137661767487,2.9650426644547436
42007,São Bento do Sul,2091,53.39869897239882,3.127638082669074,3.651356401825724,6.778994484494798
42007,São Bento do Sul,2092,38.21937843351092,1.6925724734840548,2.693721931895565,4.38629440537962
42007,São Bento do Sul,2093,34.03301801589386,2.819878635602634,2.9756693842441044,5.795548019846739
42007,São Bento do Sul,2100,24.967994203141348,2.068776662545998,1.4633921602406765,3.5321688227866743
42007,São Bento do Sul,2200,36.55332401168743,2.3498565436084777,2.5970179764445107,4.9468745200529884
42007,São Bento do Sul,2300,28.679524702798687,1.597859233441641,2.373317757725127,3.971176991166768
42007,São Bento do Sul,2491,18.880568154382363,0.7552227261752946,1.7911111836115572,2.546333909786852
42007,São Bento do Sul,2492,7.376465348843865,0.3266720368773712,0.7464060271358883,1.0730780640132596
42007,São Bento do Sul,2500,39.239311697053196,1.9619655848526598,2.5052320714865974,4.467197656339257
42007,São Bento do Sul,2600,12.992697842849445,1.4848797534685079,0.6609079248193255,2.1457876782878333
42007,São Bento do Sul,2700,7.878751085649433,0.5515125759954603,0.551625087534,1.1031376635294603
42007,São Bento do Sul,2800,28.87834021674376,1.6089360977900093,1.6229031948168648,3.231839292606874
42007,São Bento do Sul,2991,1.9636130575248494,0.019636130575248493,0.1448612991585242,0.16449742973377268
42007,São Bento do Sul,2992,9.09727927114947,0.36389117084597883,0.6507293603505842,1.014620531196563
42007,São Bento do Sul,3000,6.569876798436515,0.3660359930557487,0.38881677774229456,0.7548527707980432
42007,São Bento do Sul,3180,996.9692805573778,74.0605751271195,53.4737260652137,127.5343011923332
42007,São Bento do Sul,3300,48.73676588360341,2.1583424891310083,2.309172749105589,4.467515238236597
42007,São Bento do Sul,3500,229.96529645270564,49.935321515444656,33.780409713593954,83.71573122903861
42007,São Bento do Sul,3680,66.6717463714279,54.95656808044843,4.013518978844942,58.97008705929337
42007,São Bento do Sul,4180,629.8035569186808,38.687932782147534,32.031032604810854,70.71896538695839
42007,São Bento do Sul,4580,414.4091024969536,10.0642210606403,17.75723607325438,27.82145713389468
42007,São Bento do Sul,4900,109.62751882028869,1.722718152890251,5.1188509260389,6.841569078929151
42007,São Bento do Sul,5000,0.14139463472933134,0.02141118754472732,0.007032846210475587,0.028444033755202908
42007,São Bento do Sul,5100,0.22437837001599423,0.01666810748690243,0.013345287858037222,0.03001339534493965
42007,São Bento do Sul,5280,5.638066705879808,0.20135952520999315,0.3104650234084878,0.5118245486184809
42007,São Bento do Sul,5500,3.721714468913394,1.127147810585199,0.28767074136302107,1.4148185519482201
42007,São Bento do Sul,5600,73.2544481462378,2.511581079299582,7.51126355249211,10.022844631791692
42007,São Bento do Sul,5800,4.649134946068787,1.3349658916568945,0.3011586828582449,1.6361245745151394
42007,São Bento do Sul,5980,5.258938032374624,1.4875281863002507,0.5258384296221761,2.013366615922427
42007,São Bento do Sul,6100,49.1448884020262,3.5103491715732997,3.697376333016526,7.207725504589826
42007,São Bento do Sul,6280,9.940867053609761,0.9230805121209064,0.336448951428434,1.2595294635493404
42007,São Bento do Sul,6480,123.00459642384111,3.5144170406811743,4.772226759930296,8.28664380061147
42007,São Bento do Sul,6800,164.3906799170514,5.636251882870334,1.153473701529962,6.789725584400296
42007,São Bento do Sul,6980,31.679652137282122,2.1723190036993456,1.171628823554392,3.3439478272537375
42007,São Bento do Sul,7180,11.653294300202077,2.0642978474643683,0.4455462492853286,2.509844096749697
42007,São Bento do Sul,7380,27.48784858219277,3.4556152503328055,4.7489272735222485,8.204542523855054
42007,São Bento do Sul,7700,13.573394530928297,3.7229882141974757,0.4664327704279252,4.189420984625401
42007,São Bento do Sul,7880,64.45820560317155,4.143741788775314,3.0671964727699113,7.210938261545225
42007,São Bento do Sul,8000,12.802841410941339,4.243227439054845,0.21350480664755267,4.456732245702398
42007,São Bento do Sul,8400,352.06550971213596,12.070817475844661,15.46048248222664,27.5312999580713
42007,São Bento do Sul,8591,178.8415681064811,3.576831362129622,4.807534024210984,8.384365386340606
42007,São Bento do Sul,8592,23.82283123920633,0.9188806335122441,1.008011722991474,1.9268923565037182
42007,São Bento do Sul,8691,95.27416212795816,1.9054832425591632,4.413979235096686,6.31946247765585
42007,São Bento do Sul,8692,50.46199532483812,1.4417712949953752,1.9396562062486236,3.3814275012439987
42007,São Bento do Sul,9080,7.369712563440831,2.2319700906420796,0.4486284135477252,2.680598504189805
42007,São Bento do Sul,9480,58.11977260678071,4.06838408247465,3.926590858971541,7.994974941446191
42007,São Bento do Sul,9700,22.492639753048454,3.791616415513882,0.0,3.791616415513882
42008,Joinville,0191,313.8432536029647,10.76034012353022,14.260519942497158,25.020860066027378
42008,Joinville,0192,41.579455898500996,1.8413759040764728,2.4146386365408388,4.256014540617311
42008,Joinville,0280,11.298316980397097,2.0175566036423387,0.3434189629522342,2.360975566594573
42008,Joinville,0580,57.00534322171911,4.316118843930162,3.195554205435209,7.5116730493653705
42008,Joinville,0680,4613.396946361988,46.13396946361988,227.17360595027665,273.30757541389653
42008,Joinville,0791,681.4824796266416,13.629649592532832,35.31876184834968,48.94841144088251
42008,Joinville,0792,191.48832696525608,21.610825471793188,13.350093079952575,34.96091855174576
42008,Joinville,1091,690.5469616942215,80.89264408418025,69.2977578333964,150.19040191757665
42008,Joinville,1092,437.6759588484471,223.8399903824915,34.91334771839317,258.75333810088466
42008,Joinville,1093,2058.580248965014,229.38465631324445,185.41498339064563,414.7996397038901
42008,Joinville,1100,1037.977677700785,407.77694481102276,151.69091138724752,559.4678561982703
42008,Joinville,1200,87.95271913473877,4.90022292322116,5.995448599909113,10.895671523130273
42008,Joinville,1300,500.9876697741652,37.93192356861537,34.872607034362225,72.8045306029776
42008,Joinville,1400,279.3613289522814,18.358030188292773,15.872024879677284,34.230055067970056
42008,Joinville,1500,101.05687937280432,5.630311850770527,7.687489172694779,13.317801023465305
42008,Joinville,1600,117.09367064977418,7.025620238986451,9.623467772702092,16.649088011688544
42008,Joinville,1700,270.08603894076606,11.960953153091069,20.71380625734696,32.67475941043803
42008,Joinville,1800,301.2607512452581,53.79656272236752,17.78461294928575,71.58117567165327
42008,Joinville,1991,4016.5246080977395,97.54416905380225,279.68011652102655,377.2242855748288
42008,Joinville,1992,229.04623364238827,8.83464044049212,18.619811341078577,27.454451781570697
42008,Joinville,2091,3955.5100470189777,231.67987418254012,270.4743226072629,502.154196789803
42008,Joinville,2092,1516.6615040703512,67.16643803740126,106.89510201960445,174.06154005700571
42008,Joinville,2093,630.2491787385517,52.22064623833714,55.105697200919906,107.32634343925704
42008,Joinville,2100,924.7524174276764,76.62234315829319,54.20040660122443,130.82274975951762
42008,Joinville,2200,2820.508800670582,181.3184229002517,200.38976635119164,381.70818925144334
42008,Joinville,2300,265.55456942004827,14.79518315340269,21.975447005512898,36.77063015891559
42008,Joinville,2491,4079.1875493291423,163.1675019731657,386.97344168409404,550.1409436572598
42008,Joinville,2492,2276.7161123408073,100.82599926080718,230.37519299062546,331.20119225143264
42008,Joinville,2500,2595.225944550203,129.76129722751014,165.69208245132214,295.4533796788323
42008,Joinville,2600,2005.071746607421,229.15105675513382,101.99327523755812,331.14433199269195
42008,Joinville,2700,2918.0934813932995,204.26654369753098,204.3082151735841,408.5747588711151
42008,Joinville,2800,3743.536684729149,208.56847243490972,210.37904533164732,418.94751776655704
42008,Joinville,2991,7272.734473841688,72.72734473841687,536.5302294555354,609.2575741939522
42008,Joinville,2992,2807.8383501572707,112.31353400629082,200.84497783421517,313.158511840506
42008,Joinville,3000,1216.6594965789802,67.78531480940033,72.00403288871088,139.78934769811121
42008,Joinville,3180,369.25262990511726,27.43019536438014,19.805338404576432,47.23553376895657
42008,Joinville,3300,1353.8164610395058,59.954728988892406,64.14451230902762,124.09924129792002
42008,Joinville,3500,2129.335681601887,462.37003371926687,312.78559353010723,775.1556272493741
42008,Joinville,3680,864.2744925890369,712.4091174626776,52.02776689863663,764.4368843613142
42008,Joinville,4180,7581.0662255697935,465.6940681421445,385.5636837595856,851.2577519017301
42008,Joinville,4580,7728.8546701905825,187.70075627605698,331.1778050421991,518.8785613182561
42008,Joinville,4900,2726.1150256605765,42.83895040323763,127.29081688391399,170.12976728715162
42008,Joinville,5000,281.28560597292835,42.594677475900575,13.990901506375664,56.58557898227624
42008,Joinville,5100,167.38896926141874,12.434609145133964,9.955745640252859,22.390354785386823
42008,Joinville,5280,1168.351593952997,41.72684264117846,64.33629183345349,106.06313447463195
42008,Joinville,5500,46.27406441422394,14.014430936879249,3.5767640229011253,17.591194959780374
42008,Joinville,5600,910.8116918859521,31.22782943608979,93.3915528349794,124.61938227106918
42008,Joinville,5800,144.5129467626906,41.49586042757259,9.361167014482184,50.85702744205477
42008,Joinville,5980,261.5487451207568,73.98093076272835,26.152120553101113,100.13305131582946
42008,Joinville,6100,1099.8803779744312,78.5628841410308,82.74861966121118,161.311503802242
42008,Joinville,6280,988.8008899431328,91.81722549471947,33.46599655731893,125.2832220520384
42008,Joinville,6480,3823.454664312466,109.24156183749903,148.33911247950476,257.5806743170038
42008,Joinville,6800,2043.9571533817004,70.07853097308688,14.341754804283681,84.42028577737057
42008,Joinville,6980,1688.1001744132848,115.75544053119668,62.432087726815666,178.18752825801235
42008,Joinville,7180,620.9641461785372,109.99936303734088,23.741633837027194,133.74099687436808
42008,Joinville,7380,683.5422150330587,85.93102131844168,118.09190005787474,204.02292137631642
42008,Joinville,7700,421.9131653503985,115.72475392468073,14.49851959625775,130.22327352093848
42008,Joinville,7880,1602.886617455801,103.04271112215864,76.27218495000466,179.3148960721633
42008,Joinville,8000,318.3691350228511,105.51662760757353,5.309238663029319,110.82586627060284
42008,Joinville,8400,2816.5318570775603,96.5668065283735,123.68420147882456,220.25100800719807
42008,Joinville,8591,1300.6695423697704,26.013390847395407,34.96398038444059,60.977371231835996
42008,Joinville,8592,740.5049719021533,28.562334630511632,31.332870770725005,59.89520540123664
42008,Joinville,8691,692.9049111270002,13.858098222540004,32.10175583075096,45.95985405329097
42008,Joinville,8692,1568.5523712500078,44.81578203571451,60.29195480947488,105.1077368451894
42008,Joinville,9080,91.63157376082748,27.751276624707746,5.578036756973372,33.32931338168112
42008,Joinville,9480,1011.687858736786,70.81815011157502,68.34996284525889,139.1681129568339
42008,Joinville,9700,363.5619095215267,61.286150462200204,0.0,61.286150462200204
42009,Curitibanos,0191,1514.9665943266225,51.9417118054842,68.8375839932591,120.7792957987433
42009,Curitibanos,0192,267.6133642016301,11.85144898607219,15.541078037031914,27.392527023104105
42009,Curitibanos,0280,181.79534529752434,32.46345451741506,5.52577601247517,37.98923052989023
42009,Curitibanos,0580,16.60586566593526,1.2573012575636695,0.9308766663728067,2.1881779239364763
42009,Curitibanos,0680,20.158491895300468,0.2015849189530047,0.9926475756624625,1.1942324946154672
42009,Curitibanos,0791,54.14136738193676,1.0828273476387351,2.8059504358120204,3.8887777834507555
42009,Curitibanos,0792,16.734375697793595,1.8885938287509916,1.1666793310120456,3.055273159763037
42009,Curitibanos,1091,60.347659186858415,7.069297219031987,6.056007345080537,13.125304564112524
42009,Curitibanos,1092,38.24898386934511,19.56162317889364,3.051115892266914,22.612739071160554
42009,Curitibanos,1093,179.9015941921541,20.046177638554315,16.203619516829345,36.24979715538366
42009,Curitibanos,1100,36.284004774285535,14.254430447040747,5.302574295414882,19.55700474245563
42009,Curitibanos,1200,7.686284949945226,0.4282358757826626,0.5239488533726326,0.9521847291552953
42009,Curitibanos,1300,8.756372797057429,0.6629825117772054,0.6095111038078277,1.272493615585033
42009,Curitibanos,1400,24.413694078441694,1.6043284680118826,1.3870737273162306,2.991402195328113
42009,Curitibanos,1500,8.831471939163976,0.49203915089627864,0.6718181417498963,1.163857292646175
42009,Curitibanos,1600,163.72711653322332,9.8236269919934,13.456087085932971,23.27971407792637
42009,Curitibanos,1700,393.38527122367407,17.421347725619853,30.17003886827397,47.59138659389382
42009,Curitibanos,1800,13.16375435055216,2.350670419741457,0.7771084521177949,3.127778871859252
42009,Curitibanos,1991,70.20170143690918,1.7048984634677944,4.888310655003783,6.593209118471577
42009,Curitibanos,1992,100.08301254393932,3.8603447695519453,8.136029055707985,11.99637382525993
42009,Curitibanos,2091,43.209547190324905,2.5308449068618875,2.954631101310818,5.485476008172705
42009,Curitibanos,2092,30.926634314841394,1.369608091085833,2.1797254834620134,3.5493335745478465
42009,Curitibanos,2093,27.539084777085186,2.2818098815299157,2.407873771377104,4.68968365290702
42009,Curitibanos,2100,20.203782948458027,1.6740277300150939,1.184158300159245,2.858186030174339
42009,Curitibanos,2200,29.57848429345901,1.9014739902937936,2.1014738742100114,4.002947864503805
42009,Curitibanos,2300,23.20710616343316,1.292967343391276,1.9204585059847032,3.2134258493759793
42009,Curitibanos,2491,15.277915311543802,0.6111166124617522,1.4493443604569067,2.060460972918659
42009,Curitibanos,2492,5.9689418229724165,0.264338852160207,0.6039822518773674,0.8683211040375745
42009,Curitibanos,2500,31.751951323122668,1.5875975661561332,2.027201888787004,3.614799454943137
42009,Curitibanos,2600,10.513525635904,1.201545786960457,0.5347982762782555,1.7363440632387126
42009,Curitibanos,2700,6.37538504472105,0.44627695313047355,0.4463679960346555,0.892644949165129
42009,Curitibanos,2800,23.367985145455147,1.3019306009610725,1.3132325980079615,2.615163198969034
42009,Curitibanos,2991,1.5889306800623455,0.015889306800623455,0.11721991850920246,0.1331092253098259
42009,Curitibanos,2992,7.361402534797356,0.2944561013918942,0.5265619115314446,0.8210180129233389
42009,Curitibanos,3000,5.316260639672106,0.29619166421030313,0.3146255850714598,0.610817249281763
42009,Curitibanos,3180,161.34696913801255,11.985774850252362,8.65405163167615,20.639826481928512
42009,Curitibanos,3300,39.43717030334185,1.7465032562908536,1.8685531818792906,3.615056438170144
42009,Curitibanos,3500,744.3399573721002,161.62810502937035,109.3387094230529,270.96681445242325
42009,Curitibanos,3680,53.94992811691289,44.470155033512484,3.247688446591276,47.71784348010376
42009,Curitibanos,4180,509.6290178788545,31.30578252684392,25.919103677185234,57.224886204029154
42009,Curitibanos,4580,404.3361734876979,9.819592784701234,17.325615779953026,27.14520856465426
42009,Curitibanos,4900,106.96283262521236,1.6808445126819087,4.994428412932226,6.675272925614135
42009,Curitibanos,5000,0.13795779391348884,0.020890751649756883,0.006861900736101857,0.02775265238585874
42009,Curitibanos,5100,0.21892446618336728,0.016262960345050145,0.013020907586483995,0.02928386793153414
42009,Curitibanos,5280,5.501023756447507,0.19646513415883954,0.30291863477511166,0.4993837689339512
42009,Curitibanos,5500,3.6312517705503438,1.0997505362238182,0.28067840712535563,1.3804289433491739
42009,Curitibanos,5600,71.4738722579592,2.4505327631300298,7.328689318291696,9.779222081421725
42009,Curitibanos,5800,4.536129691155149,1.3025172398888354,0.2938385009059812,1.5963557407948166
42009,Curitibanos,5980,5.131110460188095,1.451371244453204,0.5130570183548848,1.964428262808089
42009,Curitibanos,6100,47.95033700569184,3.4250240718351317,3.6075052150836107,7.032529286918742
42009,Curitibanos,6280,9.699237109870298,0.9006434459165277,0.3282709785447374,1.228914424461265
42009,Curitibanos,6480,120.0147572525391,3.4289930643582602,4.656229545874889,8.08522261023315
42009,Curitibanos,6800,160.39488050383773,5.499253045845866,1.125436530918729,6.624689576764595
42009,Curitibanos,6980,30.909623474557225,2.1195170382553528,1.1431503613445813,3.262667399599934
42009,Curitibanos,7180,11.37004085450644,2.0141215227982836,0.43471647814287584,2.4488380009411594
42009,Curitibanos,7380,26.819708945014714,3.3716205530875643,4.633496393727181,8.005116946814745
42009,Curitibanos,7700,13.24346973270149,3.6324945552552657,0.45509531631361666,4.087589871568882
42009,Curitibanos,7880,62.891437582892536,4.043020987471664,2.992642964795559,7.035663952267223
42009,Curitibanos,8000,12.491646237205702,4.140088467188176,0.20831520355356403,4.34840367074174
42009,Curitibanos,8400,335.1630941720524,11.49130608589894,14.718235678276878,26.209541764175817
42009,Curitibanos,8591,170.25551120347026,3.4051102240694058,4.576727723796196,7.9818379478656025
42009,Curitibanos,8592,23.243776178817622,0.8965456526115368,0.9835102570125377,1.8800559096240745
42009,Curitibanos,8691,90.70011714457779,1.8140023428915557,4.2020672211141,6.016069564005655
42009,Curitibanos,8692,49.23542936981974,1.4067265534234215,1.8925095119550346,3.299236065378456
42009,Curitibanos,9080,7.190578970518112,2.1777182024997708,0.43772372507931845,2.615441927579089
42009,Curitibanos,9480,56.70707114830711,3.969494980381498,3.8311482860828265,7.800643266464324
42009,Curitibanos,9700,21.945917294255732,3.699454629603109,0.0,3.699454629603109
42010,Campos de Lages,0191,1537.501657628608,52.71434254726656,69.86154011127064,122.5758826585372
42010,Campos de Lages,0192,407.3911523241804,18.04160817435656,23.658376362311273,41.699984536667834
42010,Campos de Lages,0280,221.39945194106144,39.535616418046686,6.7295660332164005,46.26518245126309
42010,Campos de Lages,0580,26.044131747954484,1.9719128323451254,1.4599584886347214,3.431871320979847
42010,Campos de Lages,0680,31.61596205359337,0.31615962053593377,1.5568380932331687,1.8729977137691025
42010,Campos de Lages,0791,84.91366445304497,1.6982732890608994,4.400766831351018,6.099040120411917
42010,Campos de Lages,0792,28.870251245972216,3.2582140691882935,2.0127625922872947,5.270976661475588
42010,Campos de Lages,1091,94.64742267350366,11.087269513181859,9.498056670746557,20.585326183928416
42010,Campos de Lages,1092,59.98853628944525,30.679851416601995,4.785276833804968,35.46512825040696
42010,Campos de Lages,1093,282.15215725964504,31.439811808931875,25.413261192141665,56.85307300107354
42010,Campos de Lages,1100,142.26680796042675,55.890531698739075,20.790988306679786,76.68152000541886
42010,Campos de Lages,1200,12.054934197097682,0.6716320481240137,0.8217453543791504,1.493377402503164
42010,Campos de Lages,1300,13.733227243225702,1.0398014912728033,0.9559385706687984,1.9957400619416017
42010,Campos de Lages,1400,38.28969099379867,2.516179693878198,2.1754440042506267,4.691623698128825
42010,Campos de Lages,1500,13.851010440472294,0.7716991531120279,1.0536590230458676,1.8253581761578954
42010,Campos de Lages,1600,192.58845094950095,11.555307056970056,15.82808652954902,27.383393586519077
42010,Campos de Lages,1700,616.973425990746,27.32310886530447,47.317766079374145,74.64087494467861
42010,Campos de Lages,1800,20.64562965282669,3.6867195808619084,1.2187931250656026,4.905512705927511
42010,Campos de Lages,1991,110.10220110981815,2.6739105983812985,7.6666769011031795,10.340587499484478
42010,Campos de Lages,1992,31.393427080089925,1.21088933023204,2.552059819039977,3.762949149272017
42010,Campos de Lages,2091,67.76853206170371,3.969299735042646,4.6339530390756565,8.603252774118303
42010,Campos de Lages,2092,48.504387234013876,2.148051434649186,3.418614771894289,5.566666206543475
42010,Campos de Lages,2093,43.19145816190724,3.5787208191294573,3.7764355677543904,7.355156386883848
42010,Campos de Lages,2100,31.686995155942192,2.6254938843494964,1.8571976553469405,4.482691539696437
42010,Campos de Lages,2200,46.389989979499354,2.982213641539244,3.2958873416086605,6.278100983147905
42010,Campos de Lages,2300,36.397315416629255,2.0278504303550586,3.0119883752250307,5.039838805580089
42010,Campos de Lages,2491,23.961415033254028,0.9584566013301611,2.273107360450792,3.231563961780953
42010,Campos de Lages,2492,9.361505769149181,0.41458096977660663,0.9472672884250052,1.3618482582016118
42010,Campos de Lages,2500,49.79878918389828,2.4899394591949138,3.1794014316023516,5.669340890797265
42010,Campos de Lages,2600,16.489092005524135,1.8844676577741866,0.8387612573876253,2.723228915161812
42010,Campos de Lages,2700,9.998958885309165,0.6999271219716416,0.700069910877618,1.3999970328492597
42010,Campos de Lages,2800,36.6496330908504,2.0419081293473793,2.059633835795071,4.1015419651424505
42010,Campos de Lages,2991,2.4920302742663405,0.02492030274266341,0.18384413450969683,0.20876443725236024
42010,Campos de Lages,2992,11.545398555118958,0.4618159422047583,0.8258435948637022,1.2876595370684605
42010,Campos de Lages,3000,8.337860566348686,0.46453794583942687,0.49344914343656177,0.9579870892759886
42010,Campos de Lages,3180,253.0516508984946,18.798122638173883,13.572749857378792,32.370872495552675
42010,Campos de Lages,3300,61.852051546684955,2.7391622827817623,2.930581652647794,5.6697439354295565
42010,Campos de Lages,3500,875.5500152048528,190.11943187305374,128.612615444983,318.73204731803673
42010,Campos de Lages,3680,84.61341696578263,69.74563084179512,5.093575214982266,74.83920605677739
42010,Campos de Lages,4180,799.2865624250492,49.09903169182445,40.65072935897949,89.74976105080394
42010,Campos de Lages,4580,950.1875801690402,23.075984089819546,40.715093064491754,63.7910771543113
42010,Campos de Lages,4900,251.3620144927965,3.949974513458231,11.73687678516837,15.686851298626602
42010,Campos de Lages,5000,0.3241999874347266,0.04909314095440146,0.016125425532808914,0.06521856648721037
42010,Campos de Lages,5100,0.5144711811665342,0.03821785917237112,0.0305990546541648,0.06881691382653592
42010,Campos de Lages,5280,12.92737280096532,0.46169188574876135,0.7118569730784425,1.1735488588272038
42010,Campos de Lages,5500,24.38119959920467,7.384020450044843,1.8845502046455378,9.26857065469038
42010,Campos de Lages,5600,218.35212190486322,7.486358465309597,22.389088668024392,29.87544713333399
42010,Campos de Lages,5800,10.659877540496101,3.060907693771023,0.6905187130006989,3.751426406771722
42010,Campos de Lages,5980,12.058078775616933,3.410713710817361,1.2056809128758381,4.616394623693199
42010,Campos de Lages,6100,112.68300408228143,8.048786005877243,8.47761559694283,16.526401602820073
42010,Campos de Lages,6280,22.79314897655037,2.1165066906796772,0.7714348287283213,2.8879415194079985
42010,Campos de Lages,6480,282.0339590067237,8.05811311447782,10.942111478039848,19.000224592517668
42010,Campos de Lages,6800,376.9270062157348,12.923211641682338,2.644769090836844,15.567980732519182
42010,Campos de Lages,6980,72.63742959203545,4.980852314882431,2.6863964859884595,7.66724880087089
42010,Campos de Lages,7180,26.71952774538315,4.733173486325016,1.0215811137134239,5.7547546000384395
42010,Campos de Lages,7380,63.02615500237168,7.923288057441012,10.888688706976545,18.811976764417558
42010,Campos de Lages,7700,31.122074361571855,8.536340396316852,1.0694712610655301,9.605811657382382
42010,Campos de Lages,7880,147.7945007363015,9.501075047333668,7.032693000235636,16.533768047569303
42010,Campos de Lages,8000,29.35529366090544,9.72918304190009,0.48953947768169215,10.218722519581782
42010,Campos de Lages,8400,737.6445904995509,25.290671674270317,32.39266828168495,57.68333995595526
42010,Campos de Lages,8591,449.648755578702,8.99297511157404,12.08724411374919,21.08021922532323
42010,Campos de Lages,8592,54.62273447075957,2.106876901015012,2.311243199244965,4.418120100259977
42010,Campos de Lages,8691,279.46463290806173,5.589292658161234,12.947383204938387,18.53667586309962
42010,Campos de Lages,8692,115.7029634226286,3.305798954932246,4.447385990969611,7.753184945901857
42010,Campos de Lages,9080,31.68340764448171,9.595546315185889,1.928715236173785,11.524261551359674
42010,Campos de Lages,9480,133.26127674432007,9.328289372102406,9.003175471097355,18.33146484319976
42010,Campos de Lages,9700,51.57277388403934,8.693696169023774,0.0,8.693696169023774
42011,Rio do Sul,0191,498.7480874932488,17.09993442833996,22.662290701897707,39.76222513023767
42011,Rio do Sul,0192,66.07653301549688,2.926246462114862,3.8372543877765644,6.763500849891426
42011,Rio do Sul,0280,17.95486734595948,3.2062263117784786,0.5457487105904888,3.7519750223689674
42011,Rio do Sul,0580,6.064759528237456,0.45918893570940744,0.3399728292141665,0.7991617649235739
42011,Rio do Sul,0680,24.540807498664755,0.24540807498664757,1.2084422383813274,1.453850313367975
42011,Rio do Sul,0791,65.91132320490448,1.3182264640980894,3.4159444989091967,4.734170963007286
42011,Rio do Sul,0792,20.372312311003114,2.2991609608132086,1.4203072840837048,3.7194682448969134
42011,Rio do Sul,1091,73.46681958113044,8.606113150932424,7.372541122521609,15.978654273454033
42011,Rio do Sul,1092,186.25618524091297,95.25673473749548,14.857628865717885,110.11436360321336
42011,Rio do Sul,1093,438.0218931756307,48.808153810998846,39.452346872914646,88.26050068391349
42011,Rio do Sul,1100,44.17189445872989,17.353244251643883,6.455316980407719,23.808561232051602
42011,Rio do Sul,1200,124.76306284298607,6.9510849298235104,8.50468908523956,15.45577401506307
42011,Rio do Sul,1300,106.59947198194313,8.071102878632837,7.420145685766149,15.491248564398987
42011,Rio do Sul,1400,169.83463412189775,11.160561670867565,9.649222203815103,20.80978387468267
42011,Rio do Sul,1500,107.51372370242092,5.990050320563451,8.178667221945537,14.168717542508988
42011,Rio do Sul,1600,12.457515640375101,0.7474509384225061,1.023834163092002,1.7712851015145081
42011,Rio do Sul,1700,28.734269202432255,1.2725176361077144,2.203727699291294,3.4762453353990086
42011,Rio do Sul,1800,16.025462775413445,2.861689781323829,0.9460464120063525,3.8077361933301814
42011,Rio do Sul,1991,85.46306191900997,2.075531503747385,5.950995312605032,8.026526816352417
42011,Rio do Sul,1992,24.368072348704388,0.9399113620214551,1.9809490104388265,2.9208603724602815
42011,Rio do Sul,2091,52.6030015146839,3.0810329458600574,3.5969473045620335,6.677980250422091
42011,Rio do Sul,2092,37.64986901024373,1.6673513418822223,2.653582607637719,4.320933949519941
42011,Rio do Sul,2093,33.52588981923854,2.777859442165479,2.931328742812616,5.709188184978095
42011,Rio do Sul,2100,24.59594451103275,2.0379496880569996,1.4415860592690906,3.47953574732609
42011,Rio do Sul,2200,36.008640572823815,2.314841179681531,2.5583196440644467,4.873160823745978
42011,Rio do Sul,2300,28.25216925531327,1.574049429938882,2.3379527967333313,3.912002226672213
42011,Rio do Sul,2491,18.59922759047798,0.7439691036191193,1.7644217203341626,2.508390823953282
42011,Rio do Sul,2492,96.88730883844508,4.2907236771311394,9.803783770410597,14.094507447541735
42011,Rio do Sul,2500,165.66258935330634,8.283129467665317,10.576720486271546,18.859849953936862
42011,Rio do Sul,2600,12.799092814237099,1.46275346448424,0.6510596932016564,2.1138131576858963
42011,Rio do Sul,2700,7.7613493075263325,0.5432944515268433,0.5434052865236899,1.0866997380505332
42011,Rio do Sul,2800,227.58417765168818,12.679689897736912,12.789761677042124,25.469451574779036
42011,Rio do Sul,2991,1.934353132697543,0.01934353132697543,0.14270271159590775,0.1620462429228832
42011,Rio do Sul,2992,119.48960167915507,4.779584067166203,8.547104002381367,13.32668806954757
42011,Rio do Sul,3000,6.471978640492287,0.3605816671131417,0.3830229938576653,0.743604660970807
42011,Rio do Sul,3180,39.28453508004797,2.9182797488035632,2.107076424957974,5.025356173761537
42011,Rio do Sul,3300,72.01580428732352,3.189271332724328,3.4121454255370782,6.601416758261406
42011,Rio do Sul,3500,226.5385687370237,49.19123206861086,33.277045649544974,82.46827771815583
42011,Rio do Sul,3680,65.67826637828088,54.137656714668665,3.9537132736608456,58.09136998832951
42011,Rio do Sul,4180,620.4188134933956,38.111441400308586,31.553736121898318,69.6651775222069
42011,Rio do Sul,4580,736.4253625849228,17.884615948490982,31.555482094770248,49.44009804326123
42011,Rio do Sul,4900,194.813494226059,3.0613549092666417,9.096449924755397,12.15780483402204
42011,Rio do Sul,5000,0.2512652220250785,0.03804873362094046,0.012497713706931812,0.05054644732787227
42011,Rio do Sul,5100,0.3987314021328892,0.02962004701558606,0.023715233064233853,0.05333528007981991
42011,Rio do Sul,5280,10.01912190909475,0.3578257824676696,0.5517116203672502,0.9095374028349198
42011,Rio do Sul,5500,6.613669706319366,2.002997111056722,0.511205059775186,2.5142021708319082
42011,Rio do Sul,5600,130.17675821309493,4.463203138734683,13.347884860119791,17.811087998854475
42011,Rio do Sul,5800,8.261741519999822,2.37230006502852,0.5351737953707496,2.9074738603992696
42011,Rio do Sul,5980,9.345391604499309,2.6434107681298045,0.934440758811383,3.5778515269411875
42011,Rio do Sul,6100,87.33288444339556,6.2380631745282535,6.570419641481269,12.808482816009523
42011,Rio do Sul,6280,70.66163923768444,6.561437929213555,2.3915453551006207,8.952983284314175
42011,Rio do Sul,6480,218.58521923201528,6.24529197805758,8.480481728909357,14.725773706966937
42011,Rio do Sul,6800,292.130325646953,10.015896879324103,2.0497795144053814,12.065676393729484
42011,Rio do Sul,6980,56.29630037369586,3.860317739910573,2.0820420594099582,5.942359799320531
42011,Rio do Sul,7180,20.708477271920483,3.6683588310259148,0.7917576042642849,4.4601164352902
42011,Rio do Sul,7380,48.847259234537624,6.1407983037704446,8.439077395310736,14.57987569908118
42011,Rio do Sul,7700,24.12058984399495,6.6159332143529,0.828873979876926,7.444807194229826
42011,Rio do Sul,7880,114.54540247034767,7.363633015950922,5.450559027224512,12.814192043175433
42011,Rio do Sul,8000,22.75127904131655,7.540423910836344,0.37940854508668576,7.9198324559230295
42011,Rio do Sul,8400,556.493314467835,19.079770781754345,24.43765407989248,43.51742486164682
42011,Rio do Sul,8591,282.6864156093449,5.653728312186899,7.599041853709415,13.252770165896314
42011,Rio do Sul,8592,42.33434311028657,1.6328960913967678,1.7912864223326415,3.4241825137294093
42011,Rio do Sul,8691,150.59536592801808,3.011907318560362,6.97696839585216,9.988875714412522
42011,Rio do Sul,8692,89.6734482421891,2.562098521205403,3.4468645026619305,6.0089630238673335
42011,Rio do Sul,9080,13.096341788772541,3.9663206560282545,0.7972347617900377,4.763555417818292
42011,Rio do Sul,9480,103.28169520749461,7.229718664524623,6.977745130639399,14.207463795164022
42011,Rio do Sul,9700,39.9705273987135,6.737888904354561,0.0,6.737888904354561
42012,Blumenau,0191,207.9421933786635,7.1294466301256065,9.448550387877507,16.577997018003114
42012,Blumenau,0192,27.549176729998152,1.2200349694713468,1.5998599572714354,2.819894926742782
42012,Blumenau,0280,7.485892360022926,1.3367664928612368,0.22753808337219894,1.5643045762334358
42012,Blumenau,0580,39.101975345232944,2.960578133281923,2.191943328352349,5.152521461634272
42012,Blumenau,0680,158.22458339807824,1.5822458339807826,7.791319407029699,9.373565241010482
42012,Blumenau,0791,424.95715171065666,8.499143034213132,22.02398577472531,30.52312880893844
42012,Blumenau,0792,131.34859675825217,14.82362734843132,9.157299666428148,23.980927014859468
42012,Blumenau,1091,473.6705148124653,55.48711744946023,47.53377604871605,103.02089349817628
42012,Blumenau,1092,300.2173758612283,153.53974365474244,23.94829650256395,177.4880401573064
42012,Blumenau,1093,2824.1055870196024,314.68605112504144,254.36535241894683,569.0514035439883
42012,Blumenau,1100,1423.9709917892244,559.4171753457667,208.10029172494103,767.5174670707078
42012,Blumenau,1200,60.32987191703183,3.3612357210917736,4.112489638478975,7.473725359570748
42012,Blumenau,1300,1546.4030005068284,117.08479860980273,107.64157963756372,224.72637824736645
42012,Blumenau,1400,1642.4896103335882,107.93503153620722,93.31869968401816,201.25373122022538
42012,Blumenau,1500,693.1847757380115,38.62029464826064,52.731199412010355,91.351494060271
42012,Blumenau,1600,80.31867828638643,4.819120697183186,6.60107593985105,11.420196637034236
42012,Blumenau,1700,185.26153933811847,8.204439599259533,14.208330233719572,22.412769832979105
42012,Blumenau,1800,206.6453739583886,36.90095963542653,12.199093238728693,49.100052874155224
42012,Blumenau,1991,551.0151762037683,13.381797136377232,38.36849110169171,51.75028823806894
42012,Blumenau,1992,157.11088951729744,6.059991452810044,12.771985270923642,18.831976723733685
42012,Blumenau,2091,1356.6119208754142,79.45869822270284,92.76393839935933,172.22263662206217
42012,Blumenau,2092,693.5544095525851,30.714552423043052,48.88208025739619,79.59663268043924
42012,Blumenau,2093,432.3101389379717,35.8199829405748,37.798941144016865,73.61892408459167
42012,Blumenau,2100,634.3202967143033,52.55796744204228,37.17797039445253,89.73593783649481
42012,Blumenau,2200,773.8745833412611,49.7490803576525,54.981763185426445,104.73084354307895
42012,Blumenau,2300,182.15324458077245,10.148537912357321,15.073734117658121,25.222272030015443
42012,Blumenau,2491,119.91679724432616,4.796671889773047,11.37594562255472,16.17261751232777
42012,Blumenau,2492,312.33597505619986,13.832021752488851,31.604493920635193,45.43651567312404
42012,Blumenau,2500,712.062800881076,35.603140044053795,45.46161715201067,81.06475719606446
42012,Blumenau,2600,825.2096547826258,94.30967483230008,41.97647071300226,136.28614554530233
42012,Blumenau,2700,500.40580810437206,35.02840656730605,35.035552551073266,70.06395911837932
42012,Blumenau,2800,1100.4959300613427,61.313344674846235,61.845602876580216,123.15894755142645
42012,Blumenau,2991,12.471562664858887,0.12471562664858886,0.9200625160059274,1.0447781426545162
42012,Blumenau,2992,385.19906989848016,15.407962795939206,27.553330714778227,42.96129351071743
42012,Blumenau,3000,41.727482855194125,2.324816901932244,2.469505277620191,4.794322179552435
42012,Blumenau,3180,253.28340142703024,18.815338391722246,13.585180094217645,32.40051848593989
42012,Blumenau,3300,309.54348539833154,13.708354353354684,14.6663277340171,28.374682087371784
42012,Blumenau,3500,1460.5864401146023,317.15591271059935,214.55066973263052,531.7065824432299
42012,Blumenau,3680,550.4909012284942,453.76178572691595,33.138560184900996,486.90034591181694
42012,Blumenau,4180,4000.0928373144857,245.71998857788984,203.43979116465076,449.1597797425406
42012,Blumenau,4580,3897.8566356673164,94.66223258049196,167.02133240365885,261.6835649841508
42012,Blumenau,4900,1031.136500406738,16.203573577820173,48.146980674004844,64.35055425182502
42012,Blumenau,5000,1.3299322141012386,0.20138973527818754,0.06614967215719286,0.2675394074353804
42012,Blumenau,5100,2.1104621331851385,0.1567771870366103,0.12552335003964654,0.28230053707625685
42012,Blumenau,5280,53.03062985207988,1.8939510661457097,2.920177535541171,4.814128601686881
42012,Blumenau,5500,35.005769302134894,10.601747274360854,2.7057786649786024,13.307525939339456
42012,Blumenau,5600,689.0180140313386,23.62347476678875,70.64957865046573,94.27305341725447
42012,Blumenau,5800,109.3222940233332,31.391115855271387,7.081609472951115,38.4727253282225
42012,Blumenau,5980,197.8584580555186,55.96567813570383,19.783762468940914,75.74944060464475
42012,Blumenau,6100,785.8213971693316,56.13009979780939,59.12064367923311,115.2507434770425
42012,Blumenau,6280,935.0198722887428,86.82327385538326,31.645776359322923,118.46905021470619
42012,Blumenau,6480,2892.3971475250946,82.63991850071699,112.21674204924216,194.85666054995914
42012,Blumenau,6800,1546.228832078444,53.01355995697523,10.849363815818585,63.86292377279381
42012,Blumenau,6980,851.3515581922209,58.378392561752285,31.486078831720583,89.86447139347287
42012,Blumenau,7180,313.16790404001944,55.475457287089164,11.973505641160948,67.44896292825011
42012,Blumenau,7380,465.3822665364621,58.50519922172667,80.40158295983686,138.90678218156353
42012,Blumenau,7700,127.66887991148371,35.01774991857839,4.3871817929446735,39.40493171152306
42012,Blumenau,7880,909.423235106343,58.462922256836336,43.27423813417373,101.73716039101006
42012,Blumenau,8000,168.58967640355152,55.87543560803422,2.8114623237114174,58.68689793174564
42012,Blumenau,8400,1914.5422529437376,65.64144867235672,84.07454336359567,149.71599203595238
42012,Blumenau,8591,972.5455327973881,19.450910655947762,26.143506727888077,45.59441738383584
42012,Blumenau,8592,560.1830429557567,21.607060228293477,23.702937264280074,45.30999749257355
42012,Blumenau,8691,518.1036028122475,10.36207205624495,24.003344593790473,34.36541665003542
42012,Blumenau,8692,1186.5908720440045,33.90259634411442,45.61013361485629,79.51272995897071
42012,Blumenau,9080,173.29543949013407,52.483761674154884,10.549293127005797,63.03305480116068
42012,Blumenau,9480,710.6632116427159,49.746424814990114,48.01263916710655,97.75906398209666
42012,Blumenau,9700,253.87401363580489,42.79590515574996,0.0,42.79590515574996
42013,Itajaí,0191,289.32007502630984,9.91954542947348,13.146227144640111,23.06577257411359
42013,Itajaí,0192,38.330507863412656,1.6974939196654175,2.225962876261816,3.9234567959272337
42013,Itajaí,0280,83.32388551069087,14.879265269766227,2.5326783095995626,17.41194357936579
42013,Itajaí,0580,18.512532601416016,1.4016631826786412,1.0377588847701587,2.4394220674488
42013,Itajaí,0680,2247.3067403686746,22.473067403686745,110.6622260823458,133.13529348603254
42013,Itajaí,0791,201.19272890410434,4.023854578082086,10.427088428856866,14.450943006938951
42013,Itajaí,0792,62.18599337165798,7.018133537658544,4.335453826026578,11.353587363685122
42013,Itajaí,1091,1121.278499407615,131.34976707346348,112.52252232796008,243.87228940142356
42013,Itajaí,1092,142.13563148850287,72.69222296126289,11.33813869600688,84.03036165726976
42013,Itajaí,1093,668.525647207684,74.49285783171335,60.21366999686005,134.7065278285734
42013,Itajaí,1100,337.0841137336878,132.42590182394878,49.26174957797653,181.6876514019253
42013,Itajaí,1200,28.562718656602723,1.5913514680107232,1.9470269170073828,3.538378385018106
42013,Itajaí,1300,32.53923244889108,2.463684742558896,2.2649816249997894,4.728666367558685
42013,Itajaí,1400,90.72282381826962,5.961785565200574,5.154453274540791,11.116238839741365
42013,Itajaí,1500,32.81830558777552,1.8284484541760648,2.4965184996609677,4.324966953837032
42013,Itajaí,1600,38.026266886812074,2.281576013208724,3.125229159447403,5.406805172656127
42013,Itajaí,1700,87.7106656762177,3.8843294799467842,6.726825802049554,10.611155281996338
42013,Itajaí,1800,48.91733970676313,8.735239233350558,2.887783920067495,11.623023153418053
42013,Itajaí,1991,1304.3697055308553,31.677549991463632,90.8263503462368,122.50390033770043
42013,Itajaí,1992,74.38295478801243,2.869056827537622,6.046799212193879,8.915856039731501
42013,Itajaí,2091,160.56939701217345,9.404778967855874,10.979595139962973,20.384374107818847
42013,Itajaí,2092,114.92531966782539,5.089549871003696,8.099997090687683,13.189546961691379
42013,Itajaí,2093,102.33697236970386,8.479349139204034,8.94781048846586,17.427159627669894
42013,Itajaí,2100,75.07852908315434,6.220792409747075,4.400406775521699,10.621199185268773
42013,Itajaí,2200,109.91550933443246,7.065997028642087,7.809209185471227,14.875206214113314
42013,Itajaí,2300,86.23906718222517,4.804748028723973,7.136544683854271,11.941292712578244
42013,Itajaí,2491,56.77369490525307,2.270947796210123,5.385854866668643,7.656802662878766
42013,Itajaí,2492,22.18096350544556,0.9822998123840176,2.2444360632346245,3.226735875618642
42013,Itajaí,2500,117.99224961689201,5.8996124808446,7.533209812884892,13.432822293729492
42013,Itajaí,2600,39.06892299503497,4.465019770861138,1.9873440553984105,6.452363826259549
42013,Itajaí,2700,23.691332099413984,1.658393246958979,1.6587315681212524,3.3171248150802315
42013,Itajaí,2800,86.8369036053059,4.838056058009901,4.880054990395349,9.71811104840525
42013,Itajaí,2991,5.904566416027632,0.059045664160276325,0.43559659512130205,0.4946422592815784
42013,Itajaí,2992,27.355435153483008,1.0942174061393204,1.956737205594071,3.0509546117333914
42013,Itajaí,3000,987.777957394146,55.033343340531,58.458423849021976,113.49176718955297
42013,Itajaí,3180,119.91509853189757,8.90797874808382,6.431800111627167,15.339778859710988
42013,Itajaí,3300,293.10201412579903,12.98023205414253,13.887322465009138,26.867554519151668
42013,Itajaí,3500,691.5035327775115,150.1550528316882,101.57738152646013,251.73243435814834
42013,Itajaí,3680,300.72199281883996,247.88084265210094,18.102922020529576,265.9837646726305
42013,Itajaí,4180,5681.440521022401,349.00277486280464,288.9510619176439,637.9538367804486
42013,Itajaí,4580,9546.627190176107,231.8466603328483,409.0685066951503,640.9151670279986
42013,Itajaí,4900,3156.8233107554775,49.60722345472894,147.40193066023556,197.0091541149645
42013,Itajaí,5000,390.8722630807493,59.189228409370614,19.44164656211821,78.63087497148882
42013,Itajaí,5100,413.5153663711492,30.718284358999657,24.59453465836008,55.312819017359736
42013,Itajaí,5280,2164.7095663869377,77.31105594239062,119.20160602215213,196.51266196454276
42013,Itajaí,5500,306.2003596456581,92.73496606411359,23.66782438594967,116.40279045006326
42013,Itajaí,5600,2109.427924786475,72.3232431355363,216.2936106818717,288.616853817408
42013,Itajaí,5800,53.55041409504813,15.376618904435249,3.4688543917218606,18.84547329615711
42013,Itajaí,5980,60.574346109697125,17.133886471028617,6.056796797685536,23.190683268714153
42013,Itajaí,6100,792.4959841254498,56.6068560089607,59.62280088513278,116.22965689409348
42013,Itajaí,6280,114.50249419728232,10.632374461176216,3.8753404407140657,14.507714901890282
42013,Itajaí,6480,2656.5212468964605,75.90060705418459,103.06543130371584,178.96603835790043
42013,Itajaí,6800,5680.533530459303,194.76114961574754,39.85837908420447,234.619528699952
42013,Itajaí,6980,1042.564759753563,71.49015495453004,38.55783888206955,110.04799383659959
42013,Itajaí,7180,134.22684920663784,23.77732757374728,5.131962488613009,28.909290062360288
42013,Itajaí,7380,474.9224397335741,59.70453528079218,82.04978720377468,141.75432248456687
42013,Itajaí,7700,390.85814148140105,107.20680452061285,13.431352441724954,120.6381569623378
42013,Itajaí,7880,1336.4151730261542,85.91240398025278,63.59233656141873,149.5047405416715
42013,Itajaí,8000,294.93549535655717,97.75004988960181,4.918450825750895,102.6685007153527
42013,Itajaí,8400,1943.4348720183862,66.6320527549161,85.34332380003913,151.97537655495523
42013,Itajaí,8591,987.2223504903176,19.74444700980635,26.53804196470668,46.28248897451303
42013,Itajaí,8592,617.3999267160469,23.813997173333238,26.123946295670688,49.937943469003926
42013,Itajaí,8691,525.9223751659215,10.51844750331843,24.365582351040057,34.88402985435849
42013,Itajaí,8692,1089.8240117735938,31.13782890781697,41.89061281758195,73.02844172539892
42013,Itajaí,9080,318.32628336652505,96.407388676719,19.377989883311173,115.78537856003017
42013,Itajaí,9480,803.3334182742631,56.233339279198425,54.27346865658712,110.50680793578555
42013,Itajaí,9700,466.3410153308112,78.61177115576531,0.0,78.61177115576531
42014,Ituporanga,0191,1121.293643798168,38.44435350165148,50.94973425494729,89.39408775659876
42014,Ituporanga,0192,37.13858675974339,1.6447088422172076,2.1567445883733507,3.8014534305905583
42014,Ituporanga,0280,10.091606932997095,1.8020726666066242,0.3067403041943717,2.108812970800996
42014,Ituporanga,0580,1.3003311530627062,0.09845364444617634,0.0728927930223351,0.17134643746851144
42014,Ituporanga,0680,5.2617381387094655,0.05261738138709466,0.2590993232176418,0.31171670460473644
42014,Ituporanga,0791,14.131895337955838,0.28263790675911676,0.7324048098500122,1.015042716609129
42014,Ituporanga,0792,4.367980665116165,0.492957817920253,0.30452482078092596,0.797482638701179
42014,Ituporanga,1091,15.75185195274255,1.845216943035556,1.5807295992883081,3.425946542323864
42014,Ituporanga,1092,59.90214096496028,30.635666379222542,4.778385091309161,35.4140514705317
42014,Ituporanga,1093,46.957633750179966,5.232422046448624,4.229443513912587,9.461865560361211
42014,Ituporanga,1100,9.470794379736454,3.7206692206107497,1.3840696788448459,5.104738899455596
42014,Ituporanga,1200,33.43770198366861,1.8629576819472513,2.279338552740466,4.142296234687717
42014,Ituporanga,1300,11.427873906027733,0.8652533100278141,0.7954681921469076,1.6607215021747217
42014,Ituporanga,1400,27.310390204608552,1.7946827848742761,1.5516506684262095,3.3463334533004856
42014,Ituporanga,1500,2.305177042240684,0.12843129235340953,0.17535692437123465,0.3037882167246442
42014,Ituporanga,1600,2.6709872999125137,0.16025923799475084,0.21951793004154346,0.3797771680362943
42014,Ituporanga,1700,6.160848625645625,0.2728375819928777,0.4724961916319324,0.7453337736248101
42014,Ituporanga,1800,3.4359826456586506,0.6135683295819019,0.2028396370948231,0.816407966676725
42014,Ituporanga,1991,18.323938703916337,0.44500993995225396,1.275939229029805,1.720949168982059
42014,Ituporanga,1992,5.224702392168053,0.20152423512648207,0.4247307249214137,0.6262549600478958
42014,Ituporanga,2091,11.278488668128125,0.660597193418933,0.7712132054485992,1.4318103988675321
42014,Ituporanga,2092,8.072421891553232,0.35749296948307163,0.5689485487216829,0.9264415182047545
42014,Ituporanga,2093,7.188208990501101,0.5955944592129484,0.628499459277842,1.2240939184907904
42014,Ituporanga,2100,5.2735599388212595,0.4369521092166187,0.3090871540678019,0.7460392632844206
42014,Ituporanga,2200,7.720529873983034,0.49631977761319507,0.5485234356251698,1.044843213238365
42014,Ituporanga,2300,6.057482683894777,0.3374883209598518,0.5012750863126062,0.838763407272458
42014,Ituporanga,2491,3.987817644903496,0.15951270579613985,0.37830560625011067,0.5378183120462505
42014,Ituporanga,2492,1.558003892394046,0.06899731523459347,0.15765050611487724,0.22664782134947073
42014,Ituporanga,2500,8.287844850847698,0.4143922425423849,0.5291370777384958,0.9435293202808808
42014,Ituporanga,2600,2.7442240767838557,0.31362560877529777,0.13959221262307803,0.4532178213983758
42014,Ituporanga,2700,1.6640930687174647,0.11648651481022254,0.11651027868718722,0.23299679349740976
42014,Ituporanga,2800,6.099475065061902,0.3398278964820202,0.3427779261377139,0.6826058226197341
42014,Ituporanga,2991,0.4147402098566062,0.004147402098566062,0.03059656044905203,0.03474396254761809
42014,Ituporanga,2992,1.9214618173279987,0.07685847269311995,0.13744236953274647,0.2143008422258664
42014,Ituporanga,3000,1.3876420670935197,0.0773114865952104,0.0821230798902283,0.1594345664854387
42014,Ituporanga,3180,8.422906886963885,0.6257016544601742,0.45177341401582616,1.0774750684760004
42014,Ituporanga,3300,10.293828732111171,0.45586955813635194,0.48772683950594914,0.9435963976423011
42014,Ituporanga,3500,48.57161391600943,10.546979021762048,7.134854883944364,17.681833905706412
42014,Ituporanga,3680,14.081926159345938,11.607530562775151,0.8477065770013894,12.455237139776541
42014,Ituporanga,4180,133.02257202044768,8.171386566970357,6.765364048448703,14.93675061541906
42014,Ituporanga,4580,165.64950361916257,4.022916516465377,7.09800369600834,11.120920212473717
42014,Ituporanga,4900,43.82081369874042,0.6886127866944924,2.0461305263078,2.7347433130022925
42014,Ituporanga,5000,0.05651891070008224,0.008558577906012454,0.002811201483692686,0.01136977938970514
42014,Ituporanga,5100,0.08968954926925012,0.0066626522314300095,0.0053344395574779985,0.011997091788908008
42014,Ituporanga,5280,2.2536738348009213,0.08048835124289004,0.12410050046887124,0.20458885171176128
42014,Ituporanga,5500,1.487660745560701,0.4505486829412408,0.11498906569720252,0.5655377486384433
42014,Ituporanga,5600,29.281603372621817,1.0039406870613194,3.0024366538429796,4.006377340904299
42014,Ituporanga,5800,1.8583735044296197,0.5336186777005051,0.12038052741960659,0.6539992051201117
42014,Ituporanga,5980,2.1021267857725108,0.5946015765470817,0.21019054438224782,0.8047921209293295
42014,Ituporanga,6100,19.64441977785617,1.4031728412754407,1.477932194459772,2.881105035735213
42014,Ituporanga,6280,3.973608888059232,0.3689779681769287,0.13448691513169048,0.5034648833086192
42014,Ituporanga,6480,49.167960398829536,1.4047988685379869,1.907576327781916,3.312375196319903
42014,Ituporanga,6800,65.71099515864614,2.2529484054392963,0.46107178858987785,2.714020194029174
42014,Ituporanga,6980,12.663135582083658,0.8683292970571651,0.4683288370798159,1.336658134136981
42014,Ituporanga,7180,4.658108146576441,0.8251505859649696,0.17809578647958613,1.0032463724445557
42014,Ituporanga,7380,10.987568674924091,1.381294347704743,1.8982629504096054,3.2795572981143484
42014,Ituporanga,7700,5.425619401040683,1.488169892856873,0.18644464232941083,1.6746145351862838
42014,Ituporanga,7880,25.76552903401967,1.6563554379012648,1.2260338157521942,2.882389253653459
42014,Ituporanga,8000,5.117610380319488,1.6961222974773162,0.08534311874033351,1.7814654162176498
42014,Ituporanga,8400,151.95432759298527,5.2098626603309235,6.672869551381947,11.88273221171287
42014,Ituporanga,8591,77.18947036168207,1.5437894072336416,2.0749706514185045,3.618760058652146
42014,Ituporanga,8592,9.522571164098933,0.36729917347238744,0.402927060602058,0.7702262340744455
42014,Ituporanga,8691,41.121100601351806,0.8224220120270361,1.905109214551942,2.727531226578978
42014,Ituporanga,8692,20.17089978677143,0.5763114224791838,0.7753282585275131,1.3516396810066968
42014,Ituporanga,9080,2.945855244477537,0.8921733026131968,0.17932780328873044,1.0715011059019273
42014,Ituporanga,9480,23.23190157929169,1.6262331105504186,1.5695548741209389,3.1957879846713575
42014,Ituporanga,9700,8.99086093362177,1.5156022716676698,0.0,1.5156022716676698
42015,Tijucas,0191,128.2810522204201,4.3982075047001175,5.828879488192188,10.227086992892305
42015,Tijucas,0192,16.99528759079202,0.752648450449361,0.9869652492814113,1.7396136997307723
42015,Tijucas,0280,4.618101469208984,0.8246609766444615,0.14036989935010646,0.9650308759945679
42015,Tijucas,0580,37.503593259922575,2.839557775394138,2.102342664520896,4.941900439915034
42015,Tijucas,0680,15.175679405172705,0.15175679405172707,0.7472831523714989,0.8990399464232259
42015,Tijucas,0791,40.75860625950362,0.8151721251900724,2.1123705315780588,2.9275426567681313
42015,Tijucas,0792,12.597942443037281,1.421767789999922,0.878297423638509,2.300065213638431
42015,Tijucas,1091,45.43081562990792,5.321895545217785,4.559072495186946,9.880968040404731
42015,Tijucas,1092,28.794530850302564,14.726345777726166,2.2969355470418265,17.023281324767993
42015,Tijucas,1093,135.43319272688663,15.091127189567366,12.198379534935757,27.289506724503124
42015,Tijucas,1100,27.31525884228879,10.730994545184883,3.9918743895760223,14.722868934760905
42015,Tijucas,1200,5.7863751327729975,0.32238375739735275,0.3944382280573571,0.7168219854547099
42015,Tijucas,1300,6.59195673022038,0.49910529528811454,0.4588510466617255,0.95795634194984
42015,Tijucas,1400,52.51163718775262,3.4507647294808863,2.9834695268755804,6.434234256356467
42015,Tijucas,1500,831.0615913173552,46.30200294482408,63.21961478274147,109.52161772756556
42015,Tijucas,1600,7.7035469820438225,0.46221281892262933,0.633124196259349,1.0953370151819783
42015,Tijucas,1700,17.7688552987413,0.7869064489442577,1.3627532452859639,2.1496596942302215
42015,Tijucas,1800,9.90991373908278,1.7696274534076395,0.5850213792599723,2.354648832667612
42015,Tijucas,1991,52.849117892224456,1.283478577382594,3.680009185137581,4.963487762520175
42015,Tijucas,1992,15.068862493873207,0.5812275533351094,1.2249901353918127,1.8062176887269221
42015,Tijucas,2091,32.52893315674683,1.9052660848951715,2.224300041239617,4.1295661261347885
42015,Tijucas,2092,23.282132903625648,1.031065885731993,1.6409369956894562,2.672002881421449
42015,Tijucas,2093,20.73192398814056,1.7177879875887894,1.8126911771143877,3.530479164703177
42015,Tijucas,2100,15.209775333886599,1.2602385276648898,0.8914559095752792,2.151694437240169
42015,Tijucas,2200,22.267221043113626,1.4314642099144474,1.582027760756853,3.0134919706713004
42015,Tijucas,2300,698.8292673623533,38.93477346733111,57.83024394707856,96.76501741440967
42015,Tijucas,2491,11.501492569561695,0.4600597027824678,1.0910927998099258,1.5511525025923936
42015,Tijucas,2492,4.49352798632094,0.1989990965370702,0.45468882635223423,0.6536879228893044
42015,Tijucas,2500,23.903446560935137,1.1951723280467568,1.5261144590366977,2.7212867870834545
42015,Tijucas,2600,7.914773351955922,0.9045455259378196,0.4026058709843191,1.3071513969221387
42015,Tijucas,2700,4.799505837327777,0.33596540861294444,0.3360339473673888,0.6719993559803332
42015,Tijucas,2800,17.5918443083006,0.9801170400338908,0.988625389007247,1.9687424290411377
42015,Tijucas,2991,1.1961759204462443,0.011961759204462444,0.08824528702024767,0.10020704622471012
42015,Tijucas,2992,5.541797740661056,0.22167190962644226,0.39640538577387496,0.6180772954003172
42015,Tijucas,3000,4.002177718503368,0.22297847288804482,0.23685586384676313,0.45983433673480795
42015,Tijucas,3180,24.292986691187956,1.8046218684882482,1.3029854991160927,3.107607367604341
42015,Tijucas,3300,29.689019212307144,1.3147994222593165,1.4066808264722528,2.7214802487315692
42015,Tijucas,3500,140.0881650796048,30.41914441728562,20.57804236296089,50.99718678024651
42015,Tijucas,3680,40.614487298290996,33.47794167301986,2.4449189418203687,35.92286061484023
42015,Tijucas,4180,767.3159908063893,47.13512514953534,39.02474549359469,86.15987064313003
42015,Tijucas,4580,322.8657491945567,7.841025337582091,13.834646232120416,21.67567156970251
42015,Tijucas,4900,85.41069871049243,1.3421681225934525,3.988092031021325,5.330260153614778
42015,Tijucas,5000,0.11016042938948682,0.016681436450408007,0.005479283990225559,0.022160720440633566
42015,Tijucas,5100,0.1748129809450795,0.012986107155920194,0.010397301450524688,0.023383408606444882
42015,Tijucas,5280,4.392612565782511,0.15687902020651823,0.241883013132473,0.39876203333899124
42015,Tijucas,5500,6.21339494365325,1.8817710400778414,0.4802657336428704,2.3620367737207117
42015,Tijucas,5600,57.07247292605679,1.9567705003219473,5.85201849974075,7.808789000062697
42015,Tijucas,5800,3.6221367446438486,1.0400706938191622,0.23463245180090597,1.2747031456200681
42015,Tijucas,5980,4.097233766246394,1.1589318367382657,0.40968023509208784,1.5686120718303536
42015,Tijucas,6100,38.28873718602673,2.734909799001909,2.880622487828629,5.615532286830538
42015,Tijucas,6280,7.744920344578569,0.7191711748537243,0.26212706746580916,0.9812982423195334
42015,Tijucas,6480,95.83276752240137,2.738079072068611,3.7180374631914215,6.4561165352600325
42015,Tijucas,6800,256.1532539329855,8.78239727770236,1.797340592070741,10.579737869773101
42015,Tijucas,6980,24.68158773515773,1.6924517304108158,0.912814934844745,2.6052666652555607
42015,Tijucas,7180,9.07907083157533,1.6082925473076297,0.3471246715131935,1.9554172188208232
42015,Tijucas,7380,21.41575745504153,2.6922666514909355,3.69988485483978,6.392151506330715
42015,Tijucas,7700,10.575019148797967,2.900576680813157,0.36339734085404585,3.263974021667203
42015,Tijucas,7880,50.219328480985155,3.228385402349046,2.389649940459595,5.618035342808641
42015,Tijucas,8000,9.97468192435049,3.305894580641877,0.16634139776263268,3.47223597840451
42015,Tijucas,8400,264.6296296549556,9.073015873884192,11.620853621542736,20.693869495426927
42015,Tijucas,8591,134.4260560303849,2.688521120607698,3.613577340821513,6.302098461429211
42015,Tijucas,8592,18.560345826473213,0.715899053306824,0.7853410028389295,1.5012400561457535
42015,Tijucas,8691,71.61271281649398,1.4322542563298795,3.3177623427053806,4.75001659903526
42015,Tijucas,8692,39.31489397370525,1.1232826849630075,1.5111843596990908,2.6344670446620984
42015,Tijucas,9080,5.741736254843373,1.7389258371811356,0.34952598284473346,2.088451820025869
42015,Tijucas,9480,45.281061184807044,3.169674282936493,3.0592033134013135,6.2288775963378065
42015,Tijucas,9700,22.781193327842114,3.840258303836242,0.0,3.840258303836242
42016,Florianópolis,0191,160.06156791162883,5.487825185541561,7.272933717793907,12.760758903335468
42016,Florianópolis,0192,53.01430592838164,2.3477764053997583,3.078693278155217,5.426469683554975
42016,Florianópolis,0280,86.43293952716606,15.434453486993938,2.6271798276533467,18.061633314647285
42016,Florianópolis,0580,18.154948892262137,1.3745889875569905,1.0177137791537008,2.3923027667106913
42016,Florianópolis,0680,734.6327646441479,7.346327646441479,36.174900216430906,43.52122786287239
42016,Florianópolis,0791,197.30653765165422,3.946130753033084,10.225681250468917,14.171812003502
42016,Florianópolis,0792,60.984823405018446,6.882572927137797,4.251711223468925,11.134284150606723
42016,Florianópolis,1091,219.9240297265491,25.762529196538612,22.06981277036383,47.83234196690244
42016,Florianópolis,1092,139.39017318709787,71.2881171442586,11.119133885746123,82.40725103000473
42016,Florianópolis,1093,655.6125636366799,73.05397137665861,59.05059696288748,132.1045683395461
42016,Florianópolis,1100,132.22923062964344,51.94719774735992,19.32408850128202,71.27128624864194
42016,Florianópolis,1200,28.011007926328812,1.5606132987526053,1.9094186047469255,3.470031903499531
42016,Florianópolis,1300,31.91071231700999,2.416096789716471,2.22123177466484,4.637328564381311
42016,Florianópolis,1400,88.9704431719085,5.846629122725415,5.0548910719910625,10.901520194716477
42016,Florianópolis,1500,32.18439494502939,1.7931305755087803,2.4482963377179945,4.241426913226775
42016,Florianópolis,1600,37.29176049314762,2.237505629588857,3.0648629708306387,5.302368600419496
42016,Florianópolis,1700,86.01646716539597,3.8093006887532503,6.596892022975753,10.406192711729004
42016,Florianópolis,1800,143.91739176525962,25.699534243796364,8.496012502910311,34.195546746706675
42016,Florianópolis,1991,255.83496164880603,6.2131347828995755,17.81439400118055,24.027528784080125
42016,Florianópolis,1992,72.94619119420308,2.813638803204976,5.9300006661840445,8.74363946938902
42016,Florianópolis,2091,157.46787644789242,9.22311847766227,10.767515872383152,19.990634350045422
42016,Florianópolis,2092,112.70544932553774,4.991241327273814,7.943539459190941,12.934780786464755
42016,Florianópolis,2093,301.08076671563094,24.946692099295138,26.324930080607007,51.271622179902145
42016,Florianópolis,2100,736.2832994047634,61.006330522108975,43.154095571261685,104.16042609337066
42016,Florianópolis,2200,107.79240730579171,6.9295118982294674,7.658368344500298,14.587880242729765
42016,Florianópolis,2300,84.57329372048757,4.71194065014145,6.998696871588981,11.710637521730431
42016,Florianópolis,2491,55.67706761801533,2.227082704720613,5.281822965596364,7.5089056703169765
42016,Florianópolis,2492,21.752521251019633,0.9633259411165839,2.201083066120184,3.164409007236768
42016,Florianópolis,2500,115.7131391797716,5.78565695898858,7.387700110634873,13.173357069623453
42016,Florianópolis,2600,1149.4283070642603,131.3632350930583,58.46870960433478,189.83194469739308
42016,Florianópolis,2700,154.89143947870605,10.842400763509424,10.844612671713268,21.687013435222692
42016,Florianópolis,2800,85.15958247636172,4.744605309397295,4.785793000320204,9.5303983097175
42016,Florianópolis,2991,5.790515205129178,0.05790515205129178,0.42718271412879205,0.4850878661800838
42016,Florianópolis,2992,26.827044026330974,1.073081761053239,1.91894133169175,2.992023092744989
42016,Florianópolis,3000,193.73965431420348,10.79406645464848,11.465850947049923,22.259917401698402
42016,Florianópolis,3180,117.59884679909526,8.735914333647077,6.307564979137727,15.043479312784804
42016,Florianópolis,3300,143.7202624093139,6.364754478126758,6.809539111448207,13.174293589574965
42016,Florianópolis,3500,1017.2199206904436,220.88203992135348,149.42300520904726,370.30504513040074
42016,Florianópolis,3680,353.8959813626575,291.711401780362,21.303900303182672,313.01530208354467
42016,Florianópolis,4180,3714.466104823109,228.17434643913384,188.91316761555862,417.08751405469246
42016,Florianópolis,4580,7388.806099587487,179.44243384712468,316.60688295533134,496.049316802456
42016,Florianópolis,4900,1503.5615676567147,23.627396063176946,70.2059811786207,93.83337724179765
42016,Florianópolis,5000,38.78506800840539,5.873167441272816,1.9291355650665842,7.8023030063394
42016,Florianópolis,5100,738.5737392945255,54.86547777616476,43.92793812776957,98.79341590393433
42016,Florianópolis,5280,515.5141401276768,18.41121929027417,28.387232349563035,46.798451639837204
42016,Florianópolis,5500,364.5999850524551,110.42170975874353,28.18183632222832,138.60354608097185
42016,Florianópolis,5600,2511.745547054213,86.11699018471589,257.54590005319164,343.6628902379075
42016,Florianópolis,5800,318.81870095125777,91.5465127017183,20.65223340747417,112.19874610919247
42016,Florianópolis,5980,865.5276190419451,244.8206693861502,86.54364839247381,331.364317778624
42016,Florianópolis,6100,2022.0935284286372,144.43525203061694,152.13058770217248,296.5658397327894
42016,Florianópolis,6280,2181.453096716632,202.56350183797295,73.83134720769729,276.39484904567024
42016,Florianópolis,6480,8435.153226955292,241.0043779130083,327.259835194144,568.2642131071523
42016,Florianópolis,6800,6313.015481691035,216.44624508654982,44.29629063616278,260.7425357227126
42016,Florianópolis,6980,2482.8128632000808,170.25002490514842,91.82345504966733,262.07347995481575
42016,Florianópolis,7180,1141.6219495489754,202.23017392010425,43.6482049298738,245.87837884997805
42016,Florianópolis,7380,1131.0026848323591,142.18319466463944,195.39723090248546,337.5804255671249
42016,Florianópolis,7700,372.32320094375143,102.12293511600039,12.79442233223807,114.91735744823846
42016,Florianópolis,7880,2210.1403394871663,142.08045039560355,105.16790826190771,247.24835865751126
42016,Florianópolis,8000,351.1866456423477,116.39328827003526,5.856515320965713,122.24980359100097
42016,Florianópolis,8400,7758.608281879426,266.00942680729463,340.7088286680886,606.7182554753832
42016,Florianópolis,8591,1970.601540306772,39.41203080613544,52.972773910966716,92.38480471710216
42016,Florianópolis,8592,1225.254407019383,47.25981284217621,51.84399761393147,99.10381045610768
42016,Florianópolis,8691,1259.7568627602811,25.195137255205623,58.36357422935225,83.55871148455788
42016,Florianópolis,8692,2595.3582736629114,74.15309353322606,99.7602799996916,173.91337353291766
42016,Florianópolis,9080,505.3848109629825,153.0593998916461,30.7651056973628,183.8245055890089
42016,Florianópolis,9480,1275.3973798240213,89.2778165876815,86.16626439775486,175.44408098543636
42016,Florianópolis,9700,616.9813756940086,104.0054319027043,0.0,104.0054319027043
42017,Tabuleiro,0191,313.2035844662652,10.738408610271952,14.231454431686329,24.96986304195828
42017,Tabuleiro,0192,20.747354735307407,0.9188114239921853,1.2048585838204264,2.1236700078126116
42017,Tabuleiro,0280,5.637644486653724,1.0067222297595935,0.17135950659369437,1.1780817363532878
42017,Tabuleiro,0580,0.212283577302117,0.016072899424303146,0.011900001646409746,0.027972901070712892
42017,Tabuleiro,0680,0.8589970272429237,0.008589970272429238,0.042298864469754074,0.05088883474218331
42017,Tabuleiro,0791,2.307080999585731,0.04614161999171462,0.11956762913972863,0.16570924913144325
42017,Tabuleiro,0792,0.7130880153054556,0.08047707601304428,0.049714734727687934,0.13019181074073222
42017,Tabuleiro,1091,2.5715445436999946,0.3012380751191423,0.2580595975832027,0.559297672702345
42017,Tabuleiro,1092,6.519488384245575,3.334252630799879,0.5200586422522866,3.854311273052166
42017,Tabuleiro,1093,7.6659968121598325,0.8542110733549527,0.6904713441771267,1.5446824175320795
42017,Tabuleiro,1100,1.5461400783084103,0.6074121736211612,0.2259541824930863,0.8333663561142475
42017,Tabuleiro,1200,0.32752925947224293,0.018248058742024963,0.022326596146775967,0.04057465488880093
42017,Tabuleiro,1300,0.37312802173741283,0.02825112164583269,0.025972589068755478,0.05422371071458817
42017,Tabuleiro,1400,1.0403204141619644,0.06836391293064338,0.059106217594044094,0.12747013052468747
42017,Tabuleiro,1500,0.37632815893780813,0.020966854569392165,0.028627626987590388,0.04959448155698255
42017,Tabuleiro,1600,0.43604795410650893,0.026162877246390534,0.03583706455191533,0.06199994179830586
42017,Tabuleiro,1700,1.0057799372017473,0.04454168293322024,0.07713664445015128,0.12167832738337152
42017,Tabuleiro,1800,0.560936101431107,0.10016716096984052,0.033114275298052304,0.13328143626789282
42017,Tabuleiro,1991,2.991446639704167,0.0726494183928155,0.20830151098094193,0.28095092937375743
42017,Tabuleiro,1992,0.8529508129802355,0.032899531357809084,0.06933876610129262,0.1022382974591017
42017,Tabuleiro,2091,1.8412524497259115,0.1078447863410891,0.1259032345181122,0.2337480208592013
42017,Tabuleiro,2092,1.3178509125115176,0.058361968982652924,0.09288282676225498,0.1512447957449079
42017,Tabuleiro,2093,1.173500085193473,0.0972328642017449,0.1026047197544244,0.1998375839561693
42017,Tabuleiro,2100,0.8609269771729636,0.07133394953718843,0.05045955148355921,0.12179350102074764
42017,Tabuleiro,2200,1.2604033183829642,0.08102592761033342,0.08954835610474934,0.17057428371508276
42017,Tabuleiro,2300,0.9889050881801038,0.055096140627177215,0.08183489896726018,0.1369310395944374
42017,Tabuleiro,2491,0.6510250817991393,0.02604100327196557,0.06175970422539502,0.08780070749736059
42017,Tabuleiro,2492,0.25434954699734197,0.011264051367025144,0.0257369927058431,0.03700104407286824
42017,Tabuleiro,2500,1.3530194588655189,0.06765097294327593,0.08638346584325773,0.15403443878653367
42017,Tabuleiro,2600,0.4480041123110611,0.05120046997840698,0.022788913569707983,0.07398938354811496
42017,Tabuleiro,2700,0.27166897352182845,0.01901682814652799,0.01902070768198382,0.03803753582851181
42017,Tabuleiro,2800,0.995760490261793,0.055478084457442754,0.055959687045355054,0.11143777150279781
42017,Tabuleiro,2991,0.06770777981595075,0.0006770777981595076,0.004994994767269114,0.005672072565428622
42017,Tabuleiro,2992,0.3136853156760018,0.012547412627040072,0.022437944217955613,0.03498535684499569
42017,Tabuleiro,3000,0.2265373872830002,0.01262136872005287,0.013406878038031983,0.026028246758084853
42017,Tabuleiro,3180,1.3750688053853817,0.10214796840005692,0.07375357902591535,0.17590154742597228
42017,Tabuleiro,3300,1.68050329505756,0.07442228878112052,0.07962310061765125,0.15404538939877177
42017,Tabuleiro,3500,7.929484680223253,1.7218309591341923,1.1647898419781617,2.886620801112354
42017,Tabuleiro,3680,2.298923357614935,1.894969681919739,0.1383910431158526,2.0333607250355916
42017,Tabuleiro,4180,21.71639692236718,1.3340072395168412,1.104469179695617,2.438476419212458
42017,Tabuleiro,4580,49.322698106507595,1.1978369540151845,2.113454527832314,3.3112914818474986
42017,Tabuleiro,4900,13.047794998610891,0.20503677854959973,0.6092422617070521,0.8142790402566518
42017,Tabuleiro,5000,0.016828696186001354,0.0025483454224516336,0.0008370447183199442,0.003385390140771578
42017,Tabuleiro,5100,0.02670536563807861,0.0019838271616858397,0.0015883473606163137,0.0035721745223021534
42017,Tabuleiro,5280,0.6710389814386518,0.023965677908523275,0.036951342356962895,0.06091702026548617
42017,Tabuleiro,5500,1.265588576828315,0.38329254041086114,0.09782394839738157,0.4811164888082427
42017,Tabuleiro,5600,8.718696112381515,0.29892672385308056,0.8939856348852897,1.1929123587383703
42017,Tabuleiro,5800,0.5533369755145546,0.15888676011203637,0.0358437078415281,0.19473046795356447
42017,Tabuleiro,5980,0.6259153367258662,0.17704462381674502,0.06258494314141011,0.23962956695815513
42017,Tabuleiro,6100,5.849192210127585,0.4177994435805418,0.4400592930046966,0.8578587365852384
42017,Tabuleiro,6280,1.1831554414414107,0.109864433848131,0.04004393233538514,0.14990836618351613
42017,Tabuleiro,6480,14.639925953775398,0.4182835986792971,0.5679872820302475,0.9862708807095446
42017,Tabuleiro,6800,19.565670320023564,0.6708229824008081,0.13728567932403557,0.8081086617248436
42017,Tabuleiro,6980,3.7704913069515196,0.2585479753338185,0.1394464899754,0.3979944653092185
42017,Tabuleiro,7180,1.3869674031095351,0.24569136855083196,0.05302862078457504,0.298719989335407
42017,Tabuleiro,7380,3.2715856120145275,0.41128504836754065,0.5652141925222793,0.97649924088982
42017,Tabuleiro,7700,1.6154964664040392,0.4431076022136793,0.055514520757824426,0.4986221229715037
42017,Tabuleiro,7880,7.671773125388333,0.49318541520353565,0.3650557015959548,0.8582411167994904
42017,Tabuleiro,8000,1.5237857421869627,0.5050261316962507,0.025411201296291375,0.530437332992542
42017,Tabuleiro,8400,65.89695375552154,2.259324128760739,2.893775933923076,5.153100062683815
42017,Tabuleiro,8591,33.47420925359534,0.6694841850719069,0.899837781697385,1.569321966769292
42017,Tabuleiro,8592,2.83537766466481,0.10936456706564268,0.11997289055998603,0.2293374576256287
42017,Tabuleiro,8691,17.83269557127454,0.35665391142549085,0.82617517907626,1.182829090501751
42017,Tabuleiro,8692,6.005953407544387,0.1715986687869825,0.23085660260543633,0.4024552713924188
42017,Tabuleiro,9080,0.8771383295109947,0.2656476083661869,0.05339545794262218,0.3190430663088091
42017,Tabuleiro,9480,6.917377009893716,0.4842163906925602,0.46734025473354424,0.9515566454261044
42017,Tabuleiro,9700,2.6770591511468935,0.45127568547904773,0.0,0.45127568547904773
42018,Tubarão,0191,714.7725299113692,24.506486739818378,32.47808515917686,56.984571898995235
42018,Tubarão,0192,94.69648476977495,4.193701468375749,5.499297331544523,9.692998799920272
42018,Tubarão,0280,102.92687854983072,18.3797997410412,3.1285227660740595,21.50832250711526
42018,Tubarão,0580,158.21845415462695,11.979397243136042,8.869267650661968,20.84866489379801
42018,Tubarão,0680,768.2695957984877,7.682695957984878,37.83125025847484,45.513946216459715
42018,Tubarão,0791,103.17033300540459,2.0634066601080914,5.346943656173143,7.410350316281234
42018,Tubarão,0792,31.888576090062436,3.598853587307047,2.2231927435802707,5.822046330887318
42018,Tubarão,1091,114.99687568810948,13.471062580607112,11.540164659446488,25.0112272400536
42018,Tubarão,1092,72.8862345695991,37.27610282273782,5.814124353798313,43.09022717653613
42018,Tubarão,1093,342.8156376264716,38.199456764092545,30.877181391652456,69.076638155745
42018,Tubarão,1100,69.14182327396583,27.16285914334372,10.104442911177212,37.26730205452093
42018,Tubarão,1200,146.46777800533474,8.160347631725793,9.984228381030723,18.144576012756517
42018,Tubarão,1300,16.68590841119544,1.263361636847655,1.1614679604735139,2.424829597321169
42018,Tubarão,1400,46.52207858357939,3.0571651640637887,2.643170375449503,5.700335539513292
42018,Tubarão,1500,16.829015315845535,0.9376165675971084,1.280198575600317,2.2178151431974253
42018,Tubarão,1600,19.49962426094792,1.1699774556568752,1.6025973446191055,2.7725748002759807
42018,Tubarão,1700,44.9774633269885,1.9918590901952051,3.449472860411321,5.441331950606526
42018,Tubarão,1800,25.084496118598537,4.479374306892596,1.4808369581935636,5.960211265086159
42018,Tubarão,1991,2675.489469520975,64.97617283122368,186.30066527609256,251.27683810731622
42018,Tubarão,1992,38.14309919253072,1.4712338259976137,3.100759613615112,4.571993439612726
42018,Tubarão,2091,329.35580227889653,19.29083984776394,22.521062128332083,41.811901976096024
42018,Tubarão,2092,168.37989219116983,7.45682379703752,11.867503530300064,19.324327327337585
42018,Tubarão,2093,78.71660851505938,6.522233276962063,6.882569212063427,13.40480248902549
42018,Tubarão,2100,230.99871121357316,19.13989321483892,13.53900118148507,32.67889439632399
42018,Tubarão,2200,281.8198192912109,18.116988383006415,20.022560371899573,38.13954875490599
42018,Tubarão,2300,589.6378282143854,32.85125042908719,48.79432078562721,81.6455712147144
42018,Tubarão,2491,194.08789576134993,7.763515830453998,18.41221079044165,26.17572662089565
42018,Tubarão,2492,11.374254943021755,0.503717004619535,1.150932328989011,1.654649333608546
42018,Tubarão,2500,60.505664152673226,3.025283207633661,3.862981377251257,6.888264584884918
42018,Tubarão,2600,20.03429158457047,2.289633323950911,1.0190972064874777,3.3087305304383885
42018,Tubarão,2700,12.148762211000106,0.8504133547700076,0.8505868436787004,1.701000198448708
42018,Tubarão,2800,44.52940377575874,2.4809239246494155,2.5024607061408757,4.983384630790291
42018,Tubarão,2991,3.0278235536258085,0.030278235536258084,0.22337112290029854,0.2536493584365566
42018,Tubarão,2992,14.027690611213826,0.561107624448553,1.0034022114259757,1.5645098358745289
42018,Tubarão,3000,101.30523240561644,5.644148662598631,5.995420498868383,11.639569161467014
42018,Tubarão,3180,61.49168866738003,4.567954015291088,3.2981855902807258,7.866139605571814
42018,Tubarão,3300,75.15041066997676,3.3280896153846853,3.5606646698234647,6.88875428520815
42018,Tubarão,3500,1772.9927453062683,384.9927104093611,260.4411286378285,645.4338390471896
42018,Tubarão,3680,102.80553149266315,84.74113095895234,6.188707724519247,90.92983868347159
42018,Tubarão,4180,1165.3624138348725,71.58654827842788,59.26889593414218,130.85544421257006
42018,Tubarão,4580,1396.8019717695006,33.92233360011644,59.85231070179149,93.77464430190793
42018,Tubarão,4900,554.2636498295896,8.70985735446498,25.88029928736121,34.59015664182619
42018,Tubarão,5000,47.65829307260697,7.216827236709056,2.3704820658509007,9.587309302559957
42018,Tubarão,5100,0.7562868377464544,0.056181307946879484,0.0449814549960929,0.10116276294297238
42018,Tubarão,5280,190.03594863842991,6.78699816565821,10.464494004825287,17.2514921704835
42018,Tubarão,5500,35.841036428003264,10.854713889623845,2.770340821839838,13.625054711463683
42018,Tubarão,5600,320.98364657903466,11.005153596995475,32.91257836905751,43.91773196605299
42018,Tubarão,5800,15.670314239149977,4.499618802955922,1.015081569148193,5.514700372104115
42018,Tubarão,5980,17.725708650640687,5.013843304038366,1.7723842234711364,6.786227527509502
42018,Tubarão,6100,165.6471264958445,11.831937606846035,12.462328943098774,24.29426654994481
42018,Tubarão,6280,33.50655817624724,3.111323259222958,1.1340304928714073,4.245353752094365
42018,Tubarão,6480,414.59770498838395,11.845648713953828,16.085205918107977,27.930854632061806
42018,Tubarão,6800,775.730345330665,26.596468982765664,5.443036997408676,32.03950598017434
42018,Tubarão,6980,106.77902657954489,7.321990394025936,3.94907698953062,11.271067383556556
42018,Tubarão,7180,39.27844334995564,6.9578956791349995,1.5017524368225654,8.459648115957565
42018,Tubarão,7380,92.65018762369145,11.647452158406926,16.006672969965948,27.654125128372876
42018,Tubarão,7700,45.750308403385944,12.54865601921443,1.5721522753869195,14.12080829460135
42018,Tubarão,7880,217.26199579290315,13.966842586686631,10.338252840382442,24.305095427069073
42018,Tubarão,8000,43.15309200329774,14.302167635378684,0.7196365454104878,15.021804180789172
42018,Tubarão,8400,968.2932639004431,33.19862619087234,42.521293995629414,75.71992018650175
42018,Tubarão,8591,491.8717708090468,9.837435416180936,13.2222631391013,23.059698555282235
42018,Tubarão,8592,180.66808681808615,6.968626205840467,7.644580430194891,14.613206636035358
42018,Tubarão,8691,262.03455569303264,5.2406911138606525,12.139861027100274,17.380552140960926
42018,Tubarão,8692,170.0865500889315,4.859615716826615,6.53778017210166,11.397395888928274
42018,Tubarão,9080,24.840258039612653,7.5230495777112605,1.5121411399014626,9.035190717612723
42018,Tubarão,9480,195.8977553504465,13.712842874531256,13.234916465629192,26.94775934016045
42018,Tubarão,9700,75.81340122129701,12.779973348732923,0.0,12.779973348732923
42019,Criciúma,0191,265.52758570066743,9.103802938308599,12.06513566150374,21.16893859981234
42019,Criciúma,0192,35.17836503646307,1.5578990230433647,2.0429088729475993,3.600807895990964
42019,Criciúma,0280,9.558959116836524,1.7069569851493793,0.2905501618075004,1.9975071469568797
42019,Criciúma,0580,555.680778119286,42.072973200460225,31.149852751382895,73.22282595184312
42019,Criciúma,0680,67.45620305161609,0.6745620305161609,3.3216887835836513,3.9962508140998123
42019,Criciúma,0791,217.4073987623745,4.34814797524749,11.267435877682853,15.615583852930344
42019,Criciúma,0792,67.19773190625787,7.583744029420531,4.68485985505013,12.26860388447066
42019,Criciúma,1091,201.94089780830646,23.65593374325876,20.26516979908938,43.92110354234814
42019,Criciúma,1092,127.99227421422509,65.45890595527511,10.20992513883202,75.66883109410713
42019,Criciúma,1093,602.0032912265881,67.08036673667696,54.22204468347098,121.30241142014795
42019,Criciúma,1100,121.41688010652297,47.699488613276884,17.743962704431,65.44345131770788
42019,Criciúma,1200,25.72055493977505,1.43300234664461,1.7532859315733509,3.186288278217961
42019,Criciúma,1300,29.30138149529212,2.218533170357832,2.039602217974482,4.258135388332314
42019,Criciúma,1400,350.12294008093437,23.008078919604255,19.89237392573968,42.900452845343935
42019,Criciúma,1500,29.55268516449777,1.6465067448791615,2.248099769517253,3.8946065143964144
42019,Criciúma,1600,34.242422732077905,2.0545453639246745,2.8142499060176895,4.868795269942364
42019,Criciúma,1700,78.9829225450112,3.497815141279068,6.057465841820914,9.555280983099982
42019,Criciúma,1800,44.0497677606257,7.8660299572545895,2.600431907875304,10.466461865129894
42019,Criciúma,1991,9396.616078807097,228.20353334245812,654.3086215694284,882.5121549118866
42019,Criciúma,1992,66.98139971230006,2.583568274617288,5.44510602148401,8.028674296101299
42019,Criciúma,2091,867.5506096917271,50.81367856765831,59.32235304540031,110.13603161305862
42019,Criciúma,2092,739.2110959208111,32.73649139077878,52.09998757165886,84.83647896243764
42019,Criciúma,2093,92.15382302541232,7.635602479248449,8.05744908340791,15.69305156265636
42019,Criciúma,2100,67.60776014696258,5.601785840748329,3.962539616340081,9.56432545708841
42019,Criciúma,2200,659.8549973617683,42.41924983039939,46.88097009856994,89.30021992896933
42019,Criciúma,2300,2070.8735206736546,115.37723900896077,171.37107227366022,286.748311282621
42019,Criciúma,2491,511.2436797423094,20.449747189692374,48.499296464478164,68.94904365417054
42019,Criciúma,2492,133.1588208433318,5.897033494490409,13.474007094651178,19.371040589141586
42019,Criciúma,2500,303.5751578557782,15.178757892788907,19.38174215283231,34.56050004562122
42019,Criciúma,2600,35.18132823464076,4.020723226816086,1.7895912702026342,5.81031449701872
42019,Criciúma,2700,21.33390088616693,1.4933730620316852,1.4936777181866598,2.987050780218345
42019,Criciúma,2800,78.19610509883708,4.356640141220923,4.394459925143422,8.751100066364344
42019,Criciúma,2991,106.34052502133409,1.0634052502133409,7.84504184709775,8.908447097311091
42019,Criciúma,2992,164.22268977629128,6.5689075910516515,11.74686658373584,18.315774174787492
42019,Criciúma,3000,17.789761210690546,0.9911438388813305,1.0528291234306921,2.0439729623120226
42019,Criciúma,3180,107.98281903691368,8.02158084274216,5.791796996695069,13.81337783943723
42019,Criciúma,3300,263.93658628635615,11.688620249824345,12.505449664017538,24.194069913841883
42019,Criciúma,3500,622.6947378393562,135.21371450226022,91.46981607739426,226.68353057965447
42019,Criciúma,3680,180.5322205934951,148.81013040349526,10.867714332971588,159.67784473646685
42019,Criciúma,4180,1705.3675785660394,104.75829411191386,86.7328929983944,191.49118711030826
42019,Criciúma,4580,1666.1065897004864,40.46258860701181,71.39188752914471,111.85447613615652
42019,Criciúma,4900,440.75077120281117,6.926083547472747,20.58002878841337,27.506112335886115
42019,Criciúma,5000,0.5684685284454244,0.08608237716459283,0.0282751304086271,0.11435750757321993
42019,Criciúma,5100,0.9020995885886705,0.06701311229515838,0.05365391809145688,0.12066703038661526
42019,Criciúma,5280,22.667504249394035,0.8095537231926441,1.2482057422380093,2.0577594654306535
42019,Criciúma,5500,14.96292664489877,4.531629212455056,1.1565627177614344,5.68819193021649
42019,Criciúma,5600,294.51505298973643,10.097658959648108,30.19857823194458,40.29623719159269
42019,Criciúma,5800,18.69156426193357,5.3671491666409255,1.210790166124136,6.5779393327650615
42019,Criciúma,5980,63.42972143545242,17.941549777456544,6.34230426478895,24.283854042245494
42019,Criciúma,6100,197.58403452856777,14.113145323469126,14.865076649919246,28.978221973388372
42019,Criciúma,6280,119.89995397466518,11.133567154790338,4.058017633023784,15.191584787814122
42019,Criciúma,6480,494.5324980324657,14.129499943784735,19.186447412369077,33.31594735615381
42019,Criciúma,6800,660.9227293629639,22.660207863873048,4.637470855697263,27.29767871957031
42019,Criciúma,6980,127.36611446832991,8.73367642068548,4.710462419491261,13.444138840176741
42019,Criciúma,7180,133.86103117013138,23.712525521566132,5.117975984034338,28.83050150560047
42019,Criciúma,7380,110.51322324614532,13.893090922372556,19.09277324448236,32.98586416685492
42019,Criciúma,7700,54.57100709497669,14.968047660336463,1.8752645822202538,16.843312242556717
42019,Criciúma,7880,259.1502948864459,16.65966181412867,12.33147685317941,28.99113866730808
42019,Criciúma,8000,66.91495868955096,22.177529165679747,1.1158980150009654,23.293427180680712
42019,Criciúma,8400,970.4030318845695,33.27096109318524,42.613941613928695,75.88490270711394
42019,Criciúma,8591,492.9434867375127,9.858869734750256,13.251072497266405,23.10994223201666
42019,Criciúma,8592,215.50104888158464,8.31218331400398,9.118462092452495,17.430645406456474
42019,Criciúma,8691,341.387137366212,6.82774274732424,15.81620558824487,22.64394833556911
42019,Criciúma,8692,431.1186884441751,12.317676812690719,16.571323315447863,28.889000128138584
42019,Criciúma,9080,29.629481090458185,8.973499987395906,1.803683248352959,10.777183235748865
42019,Criciúma,9480,233.6670105666007,16.35669073966205,15.786619709296254,32.1433104489583
42019,Criciúma,9700,90.43028998763037,15.243963169343406,0.0,15.243963169343406
42020,Araranguá,0191,955.0774306013101,32.745511906330634,43.39714360388682,76.14265551021745
42020,Araranguá,0192,63.266613905900584,2.801807187261312,3.6740743003759913,6.475881487637303
42020,Araranguá,0280,68.76533064118654,12.27952332878331,2.0901625062243365,14.369685835007646
42020,Araranguá,0580,33.56114940933714,2.5410584552783835,1.8813406967328916,4.422399152011275
42020,Araranguá,0680,13.580385228032764,0.13580385228032765,0.6687274297692748,0.8045312820496024
42020,Araranguá,0791,36.473989703096755,0.7294797940619351,1.8903144167236656,2.6197942107856007
42020,Araranguá,0792,11.273624520475527,1.2723090530250956,0.785969249833655,2.0582783028587506
42020,Araranguá,1091,40.65504818634906,4.762448501829462,4.0798147558430635,8.842263257672526
42020,Araranguá,1092,25.767598996213273,13.178286343777643,2.055477632333071,15.233763976110714
42020,Araranguá,1093,242.39243341772402,27.009442580832104,21.832128739582256,48.84157132041436
42020,Araranguá,1100,24.443830669964555,9.602933477486076,3.572241515189255,13.17517499267533
42020,Araranguá,1200,51.78101176160967,2.88494208386111,3.5297418604242004,6.4146839442853105
42020,Araranguá,1300,5.898998615666738,0.44663846661476736,0.4106158155810985,0.8572542821958659
42020,Araranguá,1400,93.9830425939676,6.1760285133178705,5.339683899391908,11.515712412709778
42020,Araranguá,1500,118.99182903892584,6.6295447607401545,9.051817185065987,15.681361945806142
42020,Araranguá,1600,6.893736540239841,0.41362419241439047,0.5665690644110395,0.9801932568254299
42020,Araranguá,1700,15.900961899328676,0.7041854555416985,1.2194982213071208,1.9236836768488192
42020,Araranguá,1800,8.868166133467891,1.5836010952621233,0.5235229003505082,2.1071239956126315
42020,Araranguá,1991,47.293525434748666,1.1485570462724677,3.293160130928486,4.441717177200954
42020,Araranguá,1992,13.48479709879083,0.5201278880962178,1.096217012431774,1.616344900527992
42020,Araranguá,2091,29.109434347629623,1.704981154646878,1.9904776989732014,3.6954588536200794
42020,Araranguá,2092,20.834674041263792,0.9226784218273965,1.4684388053689212,2.3911172271963177
42020,Araranguá,2093,18.552547583554993,1.5372110854945567,1.6221378844019803,3.159348969896537
42020,Araranguá,2100,13.610896932601612,1.1277600315584195,0.7977444925274406,1.9255045240858601
42020,Araranguá,2200,19.926451505042138,1.2809861681812802,1.415722213082401,2.696708381263681
42020,Araranguá,2300,156.34177564679285,8.710470357464173,12.937756683973307,21.64822704143748
42020,Araranguá,2491,10.292435390982527,0.4116974156393011,0.9763952008567747,1.3880926164960758
42020,Araranguá,2492,4.021160401318469,0.17807996062981793,0.40689113520945286,0.5849710958392708
42020,Araranguá,2500,21.39067411140396,1.0695337055701981,1.365686616226545,2.435220321796743
42020,Araranguá,2600,7.082758421708127,0.8094581053380716,0.3602832319435447,1.1697413372816163
42020,Araranguá,2700,4.2949733211210654,0.30064813247847466,0.30070946631820294,0.6013575987966776
42020,Araranguá,2800,15.742558616312502,0.8770854086231251,0.8846993449503074,1.7617847535734326
42020,Araranguá,2991,1.0704317985670968,0.01070431798567097,0.07896878685278504,0.089673104838456
42020,Araranguá,2992,4.95923419075169,0.19836936763006763,0.35473455267124476,0.5531039203013124
42020,Araranguá,3000,3.5814617400127178,0.19953858265785143,0.21195715781008986,0.4114957404679413
42020,Araranguá,3180,21.739265096319485,1.6149168357265904,1.1660133659983385,2.780930201724929
42020,Araranguá,3300,26.568057164423763,1.1765853887101951,1.2588080577050975,2.4353934464152927
42020,Araranguá,3500,125.36185016012006,27.221430320483215,18.41484226614144,45.636272586624656
42020,Araranguá,3680,36.3450207812003,29.958681415360815,2.1879047517251493,32.146586167085964
42020,Araranguá,4180,343.32719045278964,21.090098842099938,17.461197719039465,38.5512965611394
42020,Araranguá,4580,544.6315379985082,13.226765922820912,23.337206482452245,36.563972405273155
42020,Araranguá,4900,144.07647858674423,2.2640589492202667,6.727380349118052,8.99143929833832
42020,Araranguá,5000,0.1858259794810832,0.028139362607135458,0.00924282267218408,0.03738218527931954
42020,Araranguá,5100,0.2948862272066227,0.021905834021063407,0.01753886342592839,0.0394446974469918
42020,Araranguá,5280,7.409752640228447,0.26463402286530163,0.40802444293546997,0.6726584658007716
42020,Araranguá,5500,13.974893497977662,4.2323963165303775,1.0801924775831173,5.312588794113495
42020,Araranguá,5600,125.15576340950177,4.2910547454686325,12.833049021206733,17.124103766675365
42020,Araranguá,5800,6.110062498105164,1.7544608030273399,0.3957937111863912,2.150254514213731
42020,Araranguá,5980,6.911487927155497,1.9549637279668406,0.6910760186932705,2.646039746660111
42020,Araranguá,6100,64.58800251704736,4.6134287512176675,4.859226659542013,9.47265541075968
42020,Araranguá,6280,13.064649593419544,1.213146033674672,0.44217346764433185,1.6553195013190038
42020,Araranguá,6480,161.65712125421967,4.618774892977705,6.271834243692996,10.890609136670701
42020,Araranguá,6800,280.86268565361223,9.629577793838134,1.970718302314868,11.600296096153002
42020,Araranguá,6980,41.634552819487176,2.854940764764835,1.5397972783199232,4.394738043084758
42020,Araranguá,7180,15.315183858720776,2.712975426401966,0.5855531105268592,3.298528536928825
42020,Araranguá,7380,36.1255318944154,4.5414954381550805,6.2412132099354585,10.782708648090539
42020,Araranguá,7700,17.83864952458268,4.892886726742678,0.6130029374365238,5.505889664179202
42020,Araranguá,7880,84.71332179422252,5.445856401057163,4.031021331922978,9.47687773298014
42020,Araranguá,8000,16.825960545698273,5.576604066574285,0.2805957941413366,5.857199860715622
42020,Araranguá,8400,460.06384823407427,15.77361765373969,20.203084000316935,35.976701654056626
42020,Araranguá,8591,233.70235873022176,4.674047174604436,6.282275720513468,10.956322895117903
42020,Araranguá,8592,31.308832598297542,1.2076264002200483,1.32476572475241,2.5323921249724584
42020,Araranguá,8691,124.50011846290946,2.490002369258189,5.767995492044294,8.257997861302483
42020,Araranguá,8692,66.31899241267789,1.8948283546479399,2.5491668412503206,4.44399519589826
42020,Araranguá,9080,9.685544704132589,2.9333363961087264,0.5896038030731345,3.522940199181861
42020,Araranguá,9480,76.38312226307153,5.346818558415007,5.160468739048209,10.507287297463217
42020,Araranguá,9700,29.56064649289217,4.983080408801823,0.0,4.983080408801823
