codigo_ibge,microrregiao,atividade,descricao,grupo_vab,variavel_sidra,ano,vab_micro_mil_reais,vab_sc_mil_reais,vab_brasil_mil_reais,peso_micro_brasil,peso_micro_sc,peso_sc_brasil,peso_micro_brasil_vab,peso_micro_sc_vab,fator_setorial_estimado,natureza,confianca_quantitativa,fontes_contexto,justificativa,urls_contexto,data_cenario
42001,São Miguel do Oeste,0191,"Agricultura, inclusive o apoio à agricultura e a pós-colheita",agropecuaria,513,2015,906976.0,12485693.0,258967000.0,0.0024713149254920255,0.05125779270463289,0.04821344804550388,0.003502284074804898,0.07264122223732396,1.0,estimativa_julgamental,baixa,ITUPORANGA;VAB;HIPOTESE,Reforço agrícola rural; escolha dos multiplicadores é hipótese.,https://cimamavi.sc.gov.br/municipios-associados/perfil/ituporanga ; https://sidra.ibge.gov.br/tabela/5938,2026-09-18
42001,São Miguel do Oeste,0192,"Pecuária, inclusive o apoio à pecuária",agropecuaria,513,2015,906976.0,12485693.0,258967000.0,0.007390908006114226,0.15329557013094527,0.04821344804550388,0.003502284074804898,0.07264122223732396,5.0,estimativa_julgamental,baixa,ITAPIRANGA;FIESC_OESTE,Maior concentração pecuária no Oeste; magnitudes estimadas.,https://servicos.itapiranga.sc.gov.br/pagina-4919/ ; https://fiesc.com.br/imprensa/muito-mais-do-que-aves-e-suinos,2026-09-18
42001,São Miguel do Oeste,0280,Produção florestal; pesca e aquicultura,agropecuaria,513,2015,906976.0,12485693.0,258967000.0,0.0008490200430147756,0.017609610542964487,0.04821344804550388,0.003502284074804898,0.07264122223732396,0.5,estimativa_julgamental,baixa,FIESC_MADEIRA;HIPOTESE,Combinação estimada de florestas interiores e pesca costeira.,https://fiesc.com.br/imprensa/portas-abertas-para-o-futuro,2026-09-18
42001,São Miguel do Oeste,0580,Extração de carvão mineral e de minerais não metálicos,industria,517,2015,1108280.0,60267845.0,1160787000.0,0.00022643818061196378,0.004361305779546711,0.051919813023405675,0.0009547660337340097,0.018389242223610287,0.3,estimativa_julgamental,baixa,FIESC_HISTORIA;TIJUCAS,Carvão no Sul e minerais para construção; distribuição estimada.,https://fiesc.com.br/pt-br/imprensa/superar-desafios-e-historia-da-industria ; https://cincatarina.sc.gov.br/noticias.aspx?id=3670&s=43,2026-09-18
42001,São Miguel do Oeste,0680,"Extração de petróleo e gás, inclusive as atividades de apoio",industria,517,2015,1108280.0,60267845.0,1160787000.0,0.00010513080512973571,0.0020248687159628693,0.051919813023405675,0.0009547660337340097,0.018389242223610287,0.1,estimativa_julgamental,muito_baixa,HIPOTESE,Localização hipotética de apoio costeiro; não comprova extração local ou offshore.,,2026-09-18
42001,São Miguel do Oeste,0791,"Extração de minério de ferro, inclusive beneficiamentos e a aglomeração",industria,517,2015,1108280.0,60267845.0,1160787000.0,0.000920538708216736,0.017730008153183315,0.051919813023405675,0.0009547660337340097,0.018389242223610287,1.0,estimativa_julgamental,muito_baixa,HIPOTESE,Sem evidência de polo de extração de ferro; prior quase VAB e confiança muito baixa.,,2026-09-18
42001,São Miguel do Oeste,0792,"Extração de minerais metálicos não ferrosos, inclusive beneficiamentos",industria,517,2015,1108280.0,60267845.0,1160787000.0,0.0009321004541831395,0.017952692814262344,0.051919813023405675,0.0009547660337340097,0.018389242223610287,1.0,estimativa_julgamental,muito_baixa,HIPOTESE,Sem dados de extração metálica; pequenas diferenças apenas como hipótese.,,2026-09-18
42001,São Miguel do Oeste,1091,"Abate e produtos de carne, inclusive os produtos do laticínio e da pesca",industria,517,2015,1108280.0,60267845.0,1160787000.0,0.003181518252519628,0.06127753678707175,0.051919813023405675,0.0009547660337340097,0.018389242223610287,6.0,estimativa_julgamental,baixa,FIESC_OESTE;ITAPIRANGA;HIPOTESE,Carnes e laticínios no Oeste; pesca incorporada de modo aproximado.,https://fiesc.com.br/imprensa/muito-mais-do-que-aves-e-suinos ; https://servicos.itapiranga.sc.gov.br/pagina-4919/,2026-09-18
42001,São Miguel do Oeste,1092,Fabricação e refino de açúcar,industria,517,2015,1108280.0,60267845.0,1160787000.0,0.0028549723653506606,0.05498810953081874,0.051919813023405675,0.0009547660337340097,0.018389242223610287,2.0,estimativa_julgamental,muito_baixa,HIPOTESE,Açúcar: produção dispersa presumida; nenhuma usina identificada por esta pesquisa.,,2026-09-18
42001,São Miguel do Oeste,1093,Outros produtos alimentares,industria,517,2015,1108280.0,60267845.0,1160787000.0,0.0012744220592119768,0.024545967810736563,0.051919813023405675,0.0009547660337340097,0.018389242223610287,2.0,estimativa_julgamental,baixa,FIESC_OESTE;HIPOTESE,Alimentos diversos: extensão qualitativa da agroindústria.,https://fiesc.com.br/imprensa/muito-mais-do-que-aves-e-suinos,2026-09-18
42001,São Miguel do Oeste,1100,Fabricação de bebidas,industria,517,2015,1108280.0,60267845.0,1160787000.0,0.0004257276026264613,0.008199713709187309,0.051919813023405675,0.0009547660337340097,0.018389242223610287,0.8,estimativa_julgamental,baixa,HIPOTESE,Bebidas: hipótese de polos urbanos e produção regional.,,2026-09-18
42001,São Miguel do Oeste,1200,Fabricação de produtos do fumo,industria,517,2015,1108280.0,60267845.0,1160787000.0,0.00045704604444964976,0.00880292161768016,0.051919813023405675,0.0009547660337340097,0.018389242223610287,0.3,estimativa_julgamental,baixa,HIPOTESE,Beneficiamento de fumo presumido próximo a áreas rurais; cultivo não equivale a fabricação.,,2026-09-18
42001,São Miguel do Oeste,1300,Fabricação de produtos têxteis,industria,517,2015,1108280.0,60267845.0,1160787000.0,0.00016915527946767192,0.0032580101818050844,0.051919813023405675,0.0009547660337340097,0.018389242223610287,0.4,estimativa_julgamental,baixa,FIESC_HISTORIA,Têxteis no Vale; intensidade relativa estimada.,https://fiesc.com.br/pt-br/imprensa/superar-desafios-e-historia-da-industria,2026-09-18
42001,São Miguel do Oeste,1400,Confecção de artefatos do vestuário e acessórios,industria,517,2015,1108280.0,60267845.0,1160787000.0,0.0003572060879313375,0.006879957132555687,0.051919813023405675,0.0009547660337340097,0.018389242223610287,0.7,estimativa_julgamental,baixa,FIESC_HISTORIA;HIPOTESE,Vestuário no Vale e extensões presumidas ao Sul.,https://fiesc.com.br/pt-br/imprensa/superar-desafios-e-historia-da-industria,2026-09-18
42001,São Miguel do Oeste,1500,Fabricação de calçados e de artefatos de couro,industria,517,2015,1108280.0,60267845.0,1160787000.0,0.00019688900685238485,0.003792174805476022,0.051919813023405675,0.0009547660337340097,0.018389242223610287,0.2,estimativa_julgamental,baixa,FIESC_CALCADOS;HIPOTESE,São João Batista ancora o fator de Tijucas; demais polos são hipóteses.,https://fiesc.com.br/sites/default/files/2018-04/IC_FIESC15_REVISAO_FINAL_0.pdf,2026-09-18
42001,São Miguel do Oeste,1600,Fabricação de produtos da madeira,industria,517,2015,1108280.0,60267845.0,1160787000.0,0.0003452033154357415,0.006648778093251652,0.051919813023405675,0.0009547660337340097,0.018389242223610287,0.5,estimativa_julgamental,baixa,FIESC_MADEIRA;FIESC_OESTE,Distribuição estimada da base madeireira.,https://fiesc.com.br/imprensa/portas-abertas-para-o-futuro ; https://fiesc.com.br/imprensa/muito-mais-do-que-aves-e-suinos,2026-09-18
42001,São Miguel do Oeste,1700,"Fabricação de celulose, papel e produtos de papel",industria,517,2015,1108280.0,60267845.0,1160787000.0,0.00026352009197368756,0.005075520820055564,0.051919813023405675,0.0009547660337340097,0.018389242223610287,0.3,estimativa_julgamental,baixa,FIESC_MADEIRA;HIPOTESE,Papel e celulose próximos da base florestal; fatores inferidos.,https://fiesc.com.br/imprensa/portas-abertas-para-o-futuro,2026-09-18
42001,São Miguel do Oeste,1800,Impressão e reprodução de gravações,industria,517,2015,1108280.0,60267845.0,1160787000.0,0.0006063269930742089,0.011678142846948892,0.051919813023405675,0.0009547660337340097,0.018389242223610287,1.0,estimativa_julgamental,baixa,HIPOTESE,Impressão: demanda urbana e empresarial presumida.,,2026-09-18
42001,São Miguel do Oeste,1991,Refino de petróleo e coquerias,industria,517,2015,1108280.0,60267845.0,1160787000.0,0.00016865244557467916,0.003248325364705183,0.051919813023405675,0.0009547660337340097,0.018389242223610287,0.2,estimativa_julgamental,muito_baixa,HIPOTESE,Hipótese de coquerias no Sul; terminais de petróleo não tratados como refinarias.,,2026-09-18
42001,São Miguel do Oeste,1992,Fabricação de biocombustíveis,industria,517,2015,1108280.0,60267845.0,1160787000.0,0.003143055329803225,0.06053672281882684,0.051919813023405675,0.0009547660337340097,0.018389242223610287,3.0,estimativa_julgamental,muito_baixa,HIPOTESE,Biocombustíveis: proximidade presumida de insumos agropecuários; baixa confiança.,,2026-09-18
42001,São Miguel do Oeste,2091,"Fabricação de químicos orgânicos e inorgânicos, resinas e elastômeros",industria,517,2015,1108280.0,60267845.0,1160787000.0,0.0002663043317657045,0.005129146586981223,0.051919813023405675,0.0009547660337340097,0.018389242223610287,0.5,estimativa_julgamental,baixa,HIPOTESE,Química básica: proximidade industrial presumida.,,2026-09-18
42001,São Miguel do Oeste,2092,"Fabricação de defensivos, desinfestantes, tintas e químicos diversos",industria,517,2015,1108280.0,60267845.0,1160787000.0,0.00037241714402817816,0.007172929221842361,0.051919813023405675,0.0009547660337340097,0.018389242223610287,0.7,estimativa_julgamental,baixa,HIPOTESE,Tintas e químicos: hipótese de integração com manufaturas.,,2026-09-18
42001,São Miguel do Oeste,2093,"Fabricação de produtos de limpeza, cosméticos/perfumaria e higiene pessoal",industria,517,2015,1108280.0,60267845.0,1160787000.0,0.0006102708739592701,0.011754103846332369,0.051919813023405675,0.0009547660337340097,0.018389242223610287,1.0,estimativa_julgamental,baixa,HIPOTESE,Limpeza e cosméticos: mercados urbanos presumidos.,,2026-09-18
42001,São Miguel do Oeste,2100,Fabricação de produtos farmoquímicos e farmacêuticos,industria,517,2015,1108280.0,60267845.0,1160787000.0,0.0003125895161304792,0.006020620990864556,0.051919813023405675,0.0009547660337340097,0.018389242223610287,0.5,estimativa_julgamental,baixa,HIPOTESE,Fármacos: hipótese de infraestrutura técnica e urbana; não inventário de fábricas.,,2026-09-18
42001,São Miguel do Oeste,2200,Fabricação de produtos de borracha e de material plástico,industria,517,2015,1108280.0,60267845.0,1160787000.0,0.00026222848768414533,0.005050643914413397,0.051919813023405675,0.0009547660337340097,0.018389242223610287,0.6,estimativa_julgamental,baixa,FIESC_HISTORIA;HIPOTESE,"Plásticos dispersos, com reforço industrial estimado.",https://fiesc.com.br/pt-br/imprensa/superar-desafios-e-historia-da-industria,2026-09-18
42001,São Miguel do Oeste,2300,Fabricação de produtos de minerais não metálicos,industria,517,2015,1108280.0,60267845.0,1160787000.0,0.00023239311700771556,0.00447600065321791,0.051919813023405675,0.0009547660337340097,0.018389242223610287,0.3,estimativa_julgamental,baixa,FIESC_HISTORIA;TIJUCAS,Cerâmica Sul e Tijucas; demais minerais agregados por hipótese.,https://fiesc.com.br/pt-br/imprensa/superar-desafios-e-historia-da-industria ; https://cincatarina.sc.gov.br/noticias.aspx?id=3670&s=43,2026-09-18
42001,São Miguel do Oeste,2491,"Produção de ferro gusa/ferroligas, siderurgia e tubos de aço sem costura",industria,517,2015,1108280.0,60267845.0,1160787000.0,0.00013488528866552958,0.0025979540528145335,0.051919813023405675,0.0009547660337340097,0.018389242223610287,0.3,estimativa_julgamental,baixa,HIPOTESE,Siderurgia presumida nos polos metalúrgicos; peso não observado.,,2026-09-18
42001,São Miguel do Oeste,2492,Metalurgia de metais não ferosos e a fundição de metais,industria,517,2015,1108280.0,60267845.0,1160787000.0,9.36590887383239e-05,0.0018039180668101016,0.051919813023405675,0.0009547660337340097,0.018389242223610287,0.3,estimativa_julgamental,baixa,FIESC_HISTORIA;HIPOTESE,Fundição e metais: extensão estimada do polo metalmecânico.,https://fiesc.com.br/pt-br/imprensa/superar-desafios-e-historia-da-industria,2026-09-18
42001,São Miguel do Oeste,2500,"Fabricação de produtos de metal, exceto máquinas e equipamentos",industria,517,2015,1108280.0,60267845.0,1160787000.0,0.0003120377412583359,0.006009993547505033,0.051919813023405675,0.0009547660337340097,0.018389242223610287,0.7,estimativa_julgamental,baixa,FIESC_HISTORIA;HIPOTESE,Produtos de metal: polos industriais e fornecedores presumidos.,https://fiesc.com.br/pt-br/imprensa/superar-desafios-e-historia-da-industria,2026-09-18
42001,São Miguel do Oeste,2600,"Fabricação de equipamentos de informática, produtos eletrônicos e ópticos",industria,517,2015,1108280.0,60267845.0,1160787000.0,0.00011066821548856001,0.0021315218419347987,0.051919813023405675,0.0009547660337340097,0.018389242223610287,0.3,estimativa_julgamental,baixa,ACATE;HIPOTESE,Eletrônica aproximada pelos polos tecnológicos; software não é fabricação.,https://www.acate.com.br/noticias/acate-completa-30-anos-e-comemora-consolidacao-do-setor-em-sc/,2026-09-18
42001,São Miguel do Oeste,2700,Fabricação de máquinas e equipamentos elétricos,industria,517,2015,1108280.0,60267845.0,1160787000.0,7.94229445846112e-05,0.0015297232397352238,0.051919813023405675,0.0009547660337340097,0.018389242223610287,0.3,estimativa_julgamental,baixa,FIESC_HISTORIA;HIPOTESE,Equipamentos elétricos no Norte; intensidades inferidas.,https://fiesc.com.br/pt-br/imprensa/superar-desafios-e-historia-da-industria,2026-09-18
42001,São Miguel do Oeste,2800,Fabricação de máquinas e equipamentos mecânicos,industria,517,2015,1108280.0,60267845.0,1160787000.0,0.00017373892772987553,0.0033462934015489093,0.051919813023405675,0.0009547660337340097,0.018389242223610287,0.5,estimativa_julgamental,baixa,FIESC_HISTORIA;FIESC_OESTE,Máquinas: reforço estimado de polos industriais.,https://fiesc.com.br/pt-br/imprensa/superar-desafios-e-historia-da-industria ; https://fiesc.com.br/imprensa/muito-mais-do-que-aves-e-suinos,2026-09-18
42001,São Miguel do Oeste,2991,"Fabricação de automóveis, caminhões e ônibus, exceto peças",industria,517,2015,1108280.0,60267845.0,1160787000.0,9.731671361361407e-06,0.00018743656409113662,0.051919813023405675,0.0009547660337340097,0.018389242223610287,0.05,estimativa_julgamental,baixa,BMW;HIPOTESE,Araquari confirmado antes de 2015; outras produções agregadas são hipóteses.,https://www.press.bmwgroup.com/portugal/article/detail/T0194787PT/bmw-group-assembles-first-car-in-brazil?language=pt,2026-09-18
42001,São Miguel do Oeste,2992,Fabricação de peças e acessórios para veículos automotores,industria,517,2015,1108280.0,60267845.0,1160787000.0,9.36590887383239e-05,0.0018039180668101016,0.051919813023405675,0.0009547660337340097,0.018389242223610287,0.3,estimativa_julgamental,baixa,BMW;HIPOTESE,Autopeças: proximidade presumida de montagem e metalmecânica.,https://www.press.bmwgroup.com/portugal/article/detail/T0194787PT/bmw-group-assembles-first-car-in-brazil?language=pt,2026-09-18
42001,São Miguel do Oeste,3000,"Fabricação de outros equipamentos de transporte, exceto veículos automotores",industria,517,2015,1108280.0,60267845.0,1160787000.0,9.346916683047933e-05,0.0018002600816058993,0.051919813023405675,0.0009547660337340097,0.018389242223610287,0.2,estimativa_julgamental,baixa,FIESC_PORTOS;HIPOTESE,Transporte não automotivo: hipótese de produção naval costeira.,https://fiesc.com.br/pt-br/imprensa/podio-da-industria-os-setores-que-mais-se-destacaram-em-sc,2026-09-18
42001,São Miguel do Oeste,3180,Fabricação de móveis e de produtos de indústrias diversas,industria,517,2015,1108280.0,60267845.0,1160787000.0,0.0004111407122231747,0.007918763344502621,0.051919813023405675,0.0009547660337340097,0.018389242223610287,0.6,estimativa_julgamental,baixa,FIESC_MADEIRA;FIESC_OESTE,Móveis com polo em São Bento; outras indústrias agregadas ao mesmo perfil.,https://fiesc.com.br/imprensa/portas-abertas-para-o-futuro ; https://fiesc.com.br/imprensa/muito-mais-do-que-aves-e-suinos,2026-09-18
42001,São Miguel do Oeste,3300,"Manutenção, reparação e instalação de máquinas e equipamentos",industria,517,2015,1108280.0,60267845.0,1160787000.0,0.0005663224309633847,0.010907636179430849,0.051919813023405675,0.0009547660337340097,0.018389242223610287,1.0,estimativa_julgamental,baixa,HIPOTESE,Manutenção segue demanda industrial e logística presumida.,,2026-09-18
42001,São Miguel do Oeste,3500,"Energia elétrica, gás natural e outras utilidades",industria,517,2015,1108280.0,60267845.0,1160787000.0,0.0006400914493789865,0.012328462143930111,0.051919813023405675,0.0009547660337340097,0.018389242223610287,1.0,estimativa_julgamental,baixa,WIKI_ENERGIA;HIPOTESE,"Geração e utilidades: reforço de Tubarão; hidroeletricidade e redes aproximadas. Fator de produção, não de carbono.",https://pt.wikipedia.org/wiki/Complexo_Termoel%C3%A9trico_Jorge_Lacerda,2026-09-18
42001,São Miguel do Oeste,3680,"Água, esgoto e gestão de resíduos",industria,517,2015,1108280.0,60267845.0,1160787000.0,0.0007699812281385504,0.014830200328176057,0.051919813023405675,0.0009547660337340097,0.018389242223610287,1.0,estimativa_julgamental,baixa,HIPOTESE,Saneamento: demanda urbana presumida.,,2026-09-18
42001,São Miguel do Oeste,4180,Construção,industria,517,2015,1108280.0,60267845.0,1160787000.0,0.0007229120591364296,0.013923626011721917,0.051919813023405675,0.0009547660337340097,0.018389242223610287,1.0,estimativa_julgamental,baixa,WIKI_FLORIPA;HIPOTESE,Construção: reforço presumido do litoral urbano.,https://pt.wikipedia.org/wiki/Regi%C3%A3o_Metropolitana_de_Florian%C3%B3polis,2026-09-18
42001,São Miguel do Oeste,4580,Comércio por atacado e varejo,servicos,6575,2015,1897187.0,108382198.0,2850260000.0,0.000501064828771903,0.013177118124862958,0.038025372773010185,0.0006656189259927164,0.01750459978676572,1.0,estimativa_julgamental,baixa,HIPOTESE,Comércio: centralidade regional e logística presumidas.,,2026-09-18
42001,São Miguel do Oeste,4900,Transporte terrestre,servicos,6575,2015,1897187.0,108382198.0,2850260000.0,0.0004383519635234066,0.011527880768983334,0.038025372773010185,0.0006656189259927164,0.01750459978676572,1.0,estimativa_julgamental,baixa,FIESC_PORTOS;HIPOTESE,Transporte terrestre: conexão presumida de polos produtivos e portos.,https://fiesc.com.br/pt-br/imprensa/podio-da-industria-os-setores-que-mais-se-destacaram-em-sc,2026-09-18
42001,São Miguel do Oeste,5000,Transporte aquaviário,servicos,6575,2015,1897187.0,108382198.0,2850260000.0,9.371900697955378e-06,0.0002464644003334375,0.038025372773010185,0.0006656189259927164,0.01750459978676572,0.05,estimativa_julgamental,baixa,FIESC_PORTOS,Concentração portuária; sede de transportadora e movimentação não são equivalentes.,https://fiesc.com.br/pt-br/imprensa/podio-da-industria-os-setores-que-mais-se-destacaram-em-sc,2026-09-18
42001,São Miguel do Oeste,5100,Transporte aéreo,servicos,6575,2015,1897187.0,108382198.0,2850260000.0,7.998128804382218e-06,0.00021033663107332284,0.038025372773010185,0.0006656189259927164,0.01750459978676572,0.05,estimativa_julgamental,baixa,HIPOTESE,"Transporte aéreo: aproximação por aeroportos, não por sede de companhia.",,2026-09-18
42001,São Miguel do Oeste,5280,"Armazenamento, atividades auxiliares dos transportes e correio",servicos,6575,2015,1897187.0,108382198.0,2850260000.0,6.516994491592712e-05,0.0017138542021653427,0.038025372773010185,0.0006656189259927164,0.01750459978676572,0.3,estimativa_julgamental,baixa,FIESC_PORTOS;HIPOTESE,Armazenamento e apoio: concentração logística estimada.,https://fiesc.com.br/pt-br/imprensa/podio-da-industria-os-setores-que-mais-se-destacaram-em-sc,2026-09-18
42001,São Miguel do Oeste,5500,Alojamento,servicos,6575,2015,1897187.0,108382198.0,2850260000.0,0.00020647679928701595,0.005429974362633204,0.038025372773010185,0.0006656189259927164,0.01750459978676572,0.7,estimativa_julgamental,baixa,WIKI_FLORIPA;HIPOTESE,Alojamento: litoral e turismo serrano/rural presumidos.,https://pt.wikipedia.org/wiki/Regi%C3%A3o_Metropolitana_de_Florian%C3%B3polis,2026-09-18
42001,São Miguel do Oeste,5600,Alimentação,servicos,6575,2015,1897187.0,108382198.0,2850260000.0,0.00043637387987409713,0.011475860670163594,0.038025372773010185,0.0006656189259927164,0.01750459978676572,1.0,estimativa_julgamental,baixa,WIKI_FLORIPA;HIPOTESE,Alimentação acompanha turismo e mercados urbanos.,https://pt.wikipedia.org/wiki/Regi%C3%A3o_Metropolitana_de_Florian%C3%B3polis,2026-09-18
42001,São Miguel do Oeste,5800,Edição e edição integrada à impressão,servicos,6575,2015,1897187.0,108382198.0,2850260000.0,0.0003020462445018534,0.007943281616327534,0.038025372773010185,0.0006656189259927164,0.01750459978676572,0.8,estimativa_julgamental,baixa,HIPOTESE,Edição: concentração urbana presumida.,,2026-09-18
42001,São Miguel do Oeste,5980,"Atividades de televisão, rádio, cinema e  gravação/edição de som e imagem",servicos,6575,2015,1897187.0,108382198.0,2850260000.0,0.0001612600369820719,0.004240853546517544,0.038025372773010185,0.0006656189259927164,0.01750459978676572,0.5,estimativa_julgamental,baixa,HIPOTESE,Mídia: centralidade da capital e polos regionais presumida.,,2026-09-18
42001,São Miguel do Oeste,6100,Telecomunicações,servicos,6575,2015,1897187.0,108382198.0,2850260000.0,0.00040616803753041545,0.010681500480087527,0.038025372773010185,0.0006656189259927164,0.01750459978676572,1.0,estimativa_julgamental,baixa,ACATE;HIPOTESE,Telecom: perfil urbano inferido; polos de TI são apenas contexto.,https://www.acate.com.br/noticias/acate-completa-30-anos-e-comemora-consolidacao-do-setor-em-sc/,2026-09-18
42001,São Miguel do Oeste,6280,Desenvolvimento de sistemas e outros serviços de informação,servicos,6575,2015,1897187.0,108382198.0,2850260000.0,0.00010539280813082017,0.0027716443112853935,0.038025372773010185,0.0006656189259927164,0.01750459978676572,0.5,estimativa_julgamental,baixa,ACATE,Software e informação: polos documentados; multiplicadores julgamentais.,https://www.acate.com.br/noticias/acate-completa-30-anos-e-comemora-consolidacao-do-setor-em-sc/,2026-09-18
42001,São Miguel do Oeste,6480,"Intermediação financeira, seguros e previdência complementar",servicos,6575,2015,1897187.0,108382198.0,2850260000.0,0.00028490879850946396,0.007492597119565591,0.038025372773010185,0.0006656189259927164,0.01750459978676572,0.8,estimativa_julgamental,baixa,HIPOTESE,Finanças: sedes e mercados urbanos presumidos.,,2026-09-18
42001,São Miguel do Oeste,6800,Atividades imobiliárias,servicos,6575,2015,1897187.0,108382198.0,2850260000.0,0.0004007739484656996,0.010539645485084176,0.038025372773010185,0.0006656189259927164,0.01750459978676572,1.0,estimativa_julgamental,baixa,WIKI_FLORIPA;HIPOTESE,Imobiliário: reforço litorâneo presumido; inclui aluguéis imputados.,https://pt.wikipedia.org/wiki/Regi%C3%A3o_Metropolitana_de_Florian%C3%B3polis,2026-09-18
42001,São Miguel do Oeste,6980,"Atividades jurídicas, contábeis, consultoria e sedes de empresas ",servicos,6575,2015,1897187.0,108382198.0,2850260000.0,0.00022443265574564186,0.0059021816060917266,0.038025372773010185,0.0006656189259927164,0.01750459978676572,0.7,estimativa_julgamental,baixa,HIPOTESE,Serviços empresariais: sedes e centralidade presumidas.,,2026-09-18
42001,São Miguel do Oeste,7180,"Serviços de arquitetura, engenharia, testes/análises técnicas e P & D",servicos,6575,2015,1897187.0,108382198.0,2850260000.0,0.0002189294049362598,0.0057574558504171315,0.038025372773010185,0.0006656189259927164,0.01750459978676572,0.7,estimativa_julgamental,baixa,ACATE;HIPOTESE,Engenharia e P&D: integração presumida com tecnologia e indústria.,https://www.acate.com.br/noticias/acate-completa-30-anos-e-comemora-consolidacao-do-setor-em-sc/,2026-09-18
42001,São Miguel do Oeste,7380,"Outras atividades profissionais, científicas e técnicas",servicos,6575,2015,1897187.0,108382198.0,2850260000.0,0.0003877549063776527,0.010197267721537633,0.038025372773010185,0.0006656189259927164,0.01750459978676572,1.0,estimativa_julgamental,baixa,HIPOTESE,Outros serviços técnicos: concentração urbana moderada.,,2026-09-18
42001,São Miguel do Oeste,7700,Aluguéis não imobiliários e gestão de ativos de propriedade intelectual,servicos,6575,2015,1897187.0,108382198.0,2850260000.0,0.0003956758621981515,0.010405574839729015,0.038025372773010185,0.0006656189259927164,0.01750459978676572,1.0,estimativa_julgamental,baixa,HIPOTESE,Aluguéis de equipamentos: demanda empresarial presumida.,,2026-09-18
42001,São Miguel do Oeste,7880,Outras atividades administrativas e serviços complementares,servicos,6575,2015,1897187.0,108382198.0,2850260000.0,0.00041160101714038557,0.010824378227595799,0.038025372773010185,0.0006656189259927164,0.01750459978676572,1.0,estimativa_julgamental,baixa,HIPOTESE,Serviços administrativos: mercados urbanos presumidos.,,2026-09-18
42001,São Miguel do Oeste,8000,"Atividades de vigilância, segurança e investigação",servicos,6575,2015,1897187.0,108382198.0,2850260000.0,0.0004264751075117087,0.011215540477604839,0.038025372773010185,0.0006656189259927164,0.01750459978676572,1.0,estimativa_julgamental,baixa,HIPOTESE,Segurança: demanda industrial e urbana presumida.,,2026-09-18
42001,São Miguel do Oeste,8400,"Administração pública, defesa e seguridade social",administracao_publica,525,2015,740788.0,28534686.0,885587000.0,0.0006406572025701519,0.01988308860495234,0.03222121146764802,0.0008364937606356011,0.025960965542077455,1.0,estimativa_julgamental,baixa,VAB;HIPOTESE,Administração: reforço da capital; não mede empregos públicos municipais.,https://sidra.ibge.gov.br/tabela/5938,2026-09-18
42001,São Miguel do Oeste,8591,Educação pública,administracao_publica,525,2015,740788.0,28534686.0,885587000.0,0.0007578227917265293,0.02351937612548888,0.03222121146764802,0.0008364937606356011,0.025960965542077455,1.0,estimativa_julgamental,baixa,VAB;HIPOTESE,Educação pública: perfil difuso com polos de ensino presumidos.,https://sidra.ibge.gov.br/tabela/5938,2026-09-18
42001,São Miguel do Oeste,8592,Educação privada,servicos,6575,2015,1897187.0,108382198.0,2850260000.0,0.00028619564994950274,0.007526439034744715,0.038025372773010185,0.0006656189259927164,0.01750459978676572,0.8,estimativa_julgamental,baixa,HIPOTESE,Educação privada: centros regionais presumidos.,,2026-09-18
42001,São Miguel do Oeste,8691,Saúde pública,administracao_publica,525,2015,740788.0,28534686.0,885587000.0,0.0006963886136909632,0.021612738378573325,0.03222121146764802,0.0008364937606356011,0.025960965542077455,1.0,estimativa_julgamental,baixa,VAB;HIPOTESE,"Saúde pública: rede regional presumida, sem contagem de leitos.",https://sidra.ibge.gov.br/tabela/5938,2026-09-18
42001,São Miguel do Oeste,8692,Saúde privada,servicos,6575,2015,1897187.0,108382198.0,2850260000.0,0.00030160581638597345,0.007931699136426312,0.038025372773010185,0.0006656189259927164,0.01750459978676572,0.8,estimativa_julgamental,baixa,HIPOTESE,Saúde privada: centralidade regional presumida.,,2026-09-18
42001,São Miguel do Oeste,9080,"Atividades artísticas, criativas e de espetáculos",servicos,6575,2015,1897187.0,108382198.0,2850260000.0,0.0002832330791264075,0.007448528665771343,0.038025372773010185,0.0006656189259927164,0.01750459978676572,0.8,estimativa_julgamental,baixa,WIKI_FLORIPA;HIPOTESE,Cultura e lazer: turismo e centralidade presumidos.,https://pt.wikipedia.org/wiki/Regi%C3%A3o_Metropolitana_de_Florian%C3%B3polis,2026-09-18
42001,São Miguel do Oeste,9480,Organizações associativas e outros serviços pessoais,servicos,6575,2015,1897187.0,108382198.0,2850260000.0,0.0005313134583399283,0.01397260354320698,0.038025372773010185,0.0006656189259927164,0.01750459978676572,1.0,estimativa_julgamental,baixa,HIPOTESE,Serviços pessoais e associações: demanda urbana presumida.,,2026-09-18
42001,São Miguel do Oeste,9700,Serviços domésticos,servicos,6575,2015,1897187.0,108382198.0,2850260000.0,0.00048287554842693994,0.012698772246348035,0.038025372773010185,0.0006656189259927164,0.01750459978676572,1.0,estimativa_julgamental,baixa,HIPOTESE,"Serviços domésticos: demanda residencial presumida, não emprego observado.",,2026-09-18
42002,Chapecó,0191,"Agricultura, inclusive o apoio à agricultura e a pós-colheita",agropecuaria,513,2015,1440029.0,12485693.0,258967000.0,0.003923769935302981,0.08138330889754503,0.04821344804550388,0.005560666030807014,0.11533432705737678,1.0,estimativa_julgamental,baixa,ITUPORANGA;VAB;HIPOTESE,Reforço agrícola rural; escolha dos multiplicadores é hipótese.,https://cimamavi.sc.gov.br/municipios-associados/perfil/ituporanga ; https://sidra.ibge.gov.br/tabela/5938,2026-09-18
42002,Chapecó,0192,"Pecuária, inclusive o apoio à pecuária",agropecuaria,513,2015,1440029.0,12485693.0,258967000.0,0.011734733736214255,0.243391298733478,0.04821344804550388,0.005560666030807014,0.11533432705737678,5.0,estimativa_julgamental,baixa,ITAPIRANGA;FIESC_OESTE,Maior concentração pecuária no Oeste; magnitudes estimadas.,https://servicos.itapiranga.sc.gov.br/pagina-4919/ ; https://fiesc.com.br/imprensa/muito-mais-do-que-aves-e-suinos,2026-09-18
42002,Chapecó,0280,Produção florestal; pesca e aquicultura,agropecuaria,513,2015,1440029.0,12485693.0,258967000.0,0.001348010844302963,0.027959229197436982,0.04821344804550388,0.005560666030807014,0.11533432705737678,0.5,estimativa_julgamental,baixa,FIESC_MADEIRA;HIPOTESE,Combinação estimada de florestas interiores e pesca costeira.,https://fiesc.com.br/imprensa/portas-abertas-para-o-futuro,2026-09-18
42002,Chapecó,0580,Extração de carvão mineral e de minerais não metálicos,industria,517,2015,3581200.0,60267845.0,1160787000.0,0.0007316927242281416,0.014092745748107594,0.051919813023405675,0.0030851482657886418,0.05942140456490522,0.3,estimativa_julgamental,baixa,FIESC_HISTORIA;TIJUCAS,Carvão no Sul e minerais para construção; distribuição estimada.,https://fiesc.com.br/pt-br/imprensa/superar-desafios-e-historia-da-industria ; https://cincatarina.sc.gov.br/noticias.aspx?id=3670&s=43,2026-09-18
42002,Chapecó,0680,"Extração de petróleo e gás, inclusive as atividades de apoio",industria,517,2015,3581200.0,60267845.0,1160787000.0,0.0003397105779501656,0.0065429853878137545,0.051919813023405675,0.0030851482657886418,0.05942140456490522,0.1,estimativa_julgamental,muito_baixa,HIPOTESE,Localização hipotética de apoio costeiro; não comprova extração local ou offshore.,,2026-09-18
42002,Chapecó,0791,"Extração de minério de ferro, inclusive beneficiamentos e a aglomeração",industria,517,2015,3581200.0,60267845.0,1160787000.0,0.0029745490506602797,0.05729121268829185,0.051919813023405675,0.0030851482657886418,0.05942140456490522,1.0,estimativa_julgamental,muito_baixa,HIPOTESE,Sem evidência de polo de extração de ferro; prior quase VAB e confiança muito baixa.,,2026-09-18
42002,Chapecó,0792,"Extração de minerais metálicos não ferrosos, inclusive beneficiamentos",industria,517,2015,3581200.0,60267845.0,1160787000.0,0.0030119086751729343,0.0580107766146067,0.051919813023405675,0.0030851482657886418,0.05942140456490522,1.0,estimativa_julgamental,muito_baixa,HIPOTESE,Sem dados de extração metálica; pequenas diferenças apenas como hipótese.,,2026-09-18
42002,Chapecó,1091,"Abate e produtos de carne, inclusive os produtos do laticínio e da pesca",industria,517,2015,3581200.0,60267845.0,1160787000.0,0.013707310025051784,0.2640092332164692,0.051919813023405675,0.0030851482657886418,0.05942140456490522,8.0,estimativa_julgamental,baixa,FIESC_OESTE;ITAPIRANGA;HIPOTESE,Carnes e laticínios no Oeste; pesca incorporada de modo aproximado.,https://fiesc.com.br/imprensa/muito-mais-do-que-aves-e-suinos ; https://servicos.itapiranga.sc.gov.br/pagina-4919/,2026-09-18
42002,Chapecó,1092,Fabricação e refino de açúcar,industria,517,2015,3581200.0,60267845.0,1160787000.0,0.009225310422270353,0.1776838144257481,0.051919813023405675,0.0030851482657886418,0.05942140456490522,2.0,estimativa_julgamental,muito_baixa,HIPOTESE,Açúcar: produção dispersa presumida; nenhuma usina identificada por esta pesquisa.,,2026-09-18
42002,Chapecó,1093,Outros produtos alimentares,industria,517,2015,3581200.0,60267845.0,1160787000.0,0.006177085589990703,0.11897357155747164,0.051919813023405675,0.0030851482657886418,0.05942140456490522,3.0,estimativa_julgamental,baixa,FIESC_OESTE;HIPOTESE,Alimentos diversos: extensão qualitativa da agroindústria.,https://fiesc.com.br/imprensa/muito-mais-do-que-aves-e-suinos,2026-09-18
42002,Chapecó,1100,Fabricação de bebidas,industria,517,2015,3581200.0,60267845.0,1160787000.0,0.0013756593013731938,0.026495844674036876,0.051919813023405675,0.0030851482657886418,0.05942140456490522,0.8,estimativa_julgamental,baixa,HIPOTESE,Bebidas: hipótese de polos urbanos e produção regional.,,2026-09-18
42002,Chapecó,1200,Fabricação de produtos do fumo,industria,517,2015,3581200.0,60267845.0,1160787000.0,0.0014768590016810607,0.028444998463597826,0.051919813023405675,0.0030851482657886418,0.05942140456490522,0.3,estimativa_julgamental,baixa,HIPOTESE,Beneficiamento de fumo presumido próximo a áreas rurais; cultivo não equivale a fabricação.,,2026-09-18
42002,Chapecó,1300,Fabricação de produtos têxteis,industria,517,2015,3581200.0,60267845.0,1160787000.0,0.0005465937189425296,0.010527651913848819,0.051919813023405675,0.0030851482657886418,0.05942140456490522,0.4,estimativa_julgamental,baixa,FIESC_HISTORIA,Têxteis no Vale; intensidade relativa estimada.,https://fiesc.com.br/pt-br/imprensa/superar-desafios-e-historia-da-industria,2026-09-18
42002,Chapecó,1400,Confecção de artefatos do vestuário e acessórios,industria,517,2015,3581200.0,60267845.0,1160787000.0,0.0011542448136749792,0.022231297581034058,0.051919813023405675,0.0030851482657886418,0.05942140456490522,0.7,estimativa_julgamental,baixa,FIESC_HISTORIA;HIPOTESE,Vestuário no Vale e extensões presumidas ao Sul.,https://fiesc.com.br/pt-br/imprensa/superar-desafios-e-historia-da-industria,2026-09-18
42002,Chapecó,1500,Fabricação de calçados e de artefatos de couro,industria,517,2015,3581200.0,60267845.0,1160787000.0,0.0006362100834985388,0.012253705212916167,0.051919813023405675,0.0030851482657886418,0.05942140456490522,0.2,estimativa_julgamental,baixa,FIESC_CALCADOS;HIPOTESE,São João Batista ancora o fator de Tijucas; demais polos são hipóteses.,https://fiesc.com.br/sites/default/files/2018-04/IC_FIESC15_REVISAO_FINAL_0.pdf,2026-09-18
42002,Chapecó,1600,Fabricação de produtos da madeira,industria,517,2015,3581200.0,60267845.0,1160787000.0,0.00111546009423474,0.021484285656650684,0.051919813023405675,0.0030851482657886418,0.05942140456490522,0.5,estimativa_julgamental,baixa,FIESC_MADEIRA;FIESC_OESTE,Distribuição estimada da base madeireira.,https://fiesc.com.br/imprensa/portas-abertas-para-o-futuro ; https://fiesc.com.br/imprensa/muito-mais-do-que-aves-e-suinos,2026-09-18
42002,Chapecó,1700,"Fabricação de celulose, papel e produtos de papel",industria,517,2015,3581200.0,60267845.0,1160787000.0,0.0008515160008086132,0.016400598369349793,0.051919813023405675,0.0030851482657886418,0.05942140456490522,0.3,estimativa_julgamental,baixa,FIESC_MADEIRA;HIPOTESE,Papel e celulose próximos da base florestal; fatores inferidos.,https://fiesc.com.br/imprensa/portas-abertas-para-o-futuro,2026-09-18
42002,Chapecó,1800,Impressão e reprodução de gravações,industria,517,2015,3581200.0,60267845.0,1160787000.0,0.0029388487939835018,0.056603608966362344,0.051919813023405675,0.0030851482657886418,0.05942140456490522,1.5,estimativa_julgamental,baixa,HIPOTESE,Impressão: demanda urbana e empresarial presumida.,,2026-09-18
42002,Chapecó,1991,Refino de petróleo e coquerias,industria,517,2015,3581200.0,60267845.0,1160787000.0,0.0005449689050529117,0.010496357234708016,0.051919813023405675,0.0030851482657886418,0.05942140456490522,0.2,estimativa_julgamental,muito_baixa,HIPOTESE,Hipótese de coquerias no Sul; terminais de petróleo não tratados como refinarias.,,2026-09-18
42002,Chapecó,1992,Fabricação de biocombustíveis,industria,517,2015,3581200.0,60267845.0,1160787000.0,0.013541595682308094,0.2608174970931325,0.051919813023405675,0.0030851482657886418,0.05942140456490522,4.0,estimativa_julgamental,muito_baixa,HIPOTESE,Biocombustíveis: proximidade presumida de insumos agropecuários; baixa confiança.,,2026-09-18
42002,Chapecó,2091,"Fabricação de químicos orgânicos e inorgânicos, resinas e elastômeros",industria,517,2015,3581200.0,60267845.0,1160787000.0,0.0008605127521198083,0.01657388002787848,0.051919813023405675,0.0030851482657886418,0.05942140456490522,0.5,estimativa_julgamental,baixa,HIPOTESE,Química básica: proximidade industrial presumida.,,2026-09-18
42002,Chapecó,2092,"Fabricação de defensivos, desinfestantes, tintas e químicos diversos",industria,517,2015,3581200.0,60267845.0,1160787000.0,0.001203396502863637,0.023177982215019547,0.051919813023405675,0.0030851482657886418,0.05942140456490522,0.7,estimativa_julgamental,baixa,HIPOTESE,Tintas e químicos: hipótese de integração com manufaturas.,,2026-09-18
42002,Chapecó,2093,"Fabricação de produtos de limpeza, cosméticos/perfumaria e higiene pessoal",industria,517,2015,3581200.0,60267845.0,1160787000.0,0.001971976444421029,0.037981193105068645,0.051919813023405675,0.0030851482657886418,0.05942140456490522,1.0,estimativa_julgamental,baixa,HIPOTESE,Limpeza e cosméticos: mercados urbanos presumidos.,,2026-09-18
42002,Chapecó,2100,Fabricação de produtos farmoquímicos e farmacêuticos,industria,517,2015,3581200.0,60267845.0,1160787000.0,0.0010100746879547337,0.019454513202876667,0.051919813023405675,0.0030851482657886418,0.05942140456490522,0.5,estimativa_julgamental,baixa,HIPOTESE,Fármacos: hipótese de infraestrutura técnica e urbana; não inventário de fábricas.,,2026-09-18
42002,Chapecó,2200,Fabricação de produtos de borracha e de material plástico,industria,517,2015,3581200.0,60267845.0,1160787000.0,0.0008473424225777434,0.016320213291133343,0.051919813023405675,0.0030851482657886418,0.05942140456490522,0.6,estimativa_julgamental,baixa,FIESC_HISTORIA;HIPOTESE,"Plásticos dispersos, com reforço industrial estimado.",https://fiesc.com.br/pt-br/imprensa/superar-desafios-e-historia-da-industria,2026-09-18
42002,Chapecó,2300,Fabricação de produtos de minerais não metálicos,industria,517,2015,3581200.0,60267845.0,1160787000.0,0.000750934989919543,0.014463360828765278,0.051919813023405675,0.0030851482657886418,0.05942140456490522,0.3,estimativa_julgamental,baixa,FIESC_HISTORIA;TIJUCAS,Cerâmica Sul e Tijucas; demais minerais agregados por hipótese.,https://fiesc.com.br/pt-br/imprensa/superar-desafios-e-historia-da-industria ; https://cincatarina.sc.gov.br/noticias.aspx?id=3670&s=43,2026-09-18
42002,Chapecó,2491,"Produção de ferro gusa/ferroligas, siderurgia e tubos de aço sem costura",industria,517,2015,3581200.0,60267845.0,1160787000.0,0.00043585663890803285,0.008394803708394459,0.051919813023405675,0.0030851482657886418,0.05942140456490522,0.3,estimativa_julgamental,baixa,HIPOTESE,Siderurgia presumida nos polos metalúrgicos; peso não observado.,,2026-09-18
42002,Chapecó,2492,Metalurgia de metais não ferosos e a fundição de metais,industria,517,2015,3581200.0,60267845.0,1160787000.0,0.00030264186720836396,0.005829024597448602,0.051919813023405675,0.0030851482657886418,0.05942140456490522,0.3,estimativa_julgamental,baixa,FIESC_HISTORIA;HIPOTESE,Fundição e metais: extensão estimada do polo metalmecânico.,https://fiesc.com.br/pt-br/imprensa/superar-desafios-e-historia-da-industria,2026-09-18
42002,Chapecó,2500,"Fabricação de produtos de metal, exceto máquinas e equipamentos",industria,517,2015,3581200.0,60267845.0,1160787000.0,0.0028808335154972505,0.055486207436813345,0.051919813023405675,0.0030851482657886418,0.05942140456490522,2.0,estimativa_julgamental,baixa,FIESC_HISTORIA;HIPOTESE,Produtos de metal: polos industriais e fornecedores presumidos.,https://fiesc.com.br/pt-br/imprensa/superar-desafios-e-historia-da-industria,2026-09-18
42002,Chapecó,2600,"Fabricação de equipamentos de informática, produtos eletrônicos e ópticos",industria,517,2015,3581200.0,60267845.0,1160787000.0,0.002384024574461515,0.045917433743199086,0.051919813023405675,0.0030851482657886418,0.05942140456490522,2.0,estimativa_julgamental,baixa,ACATE;HIPOTESE,Eletrônica aproximada pelos polos tecnológicos; software não é fabricação.,https://www.acate.com.br/noticias/acate-completa-30-anos-e-comemora-consolidacao-do-setor-em-sc/,2026-09-18
42002,Chapecó,2700,Fabricação de máquinas e equipamentos elétricos,industria,517,2015,3581200.0,60267845.0,1160787000.0,0.0002566404240322027,0.004943015182210077,0.051919813023405675,0.0030851482657886418,0.05942140456490522,0.3,estimativa_julgamental,baixa,FIESC_HISTORIA;HIPOTESE,Equipamentos elétricos no Norte; intensidades inferidas.,https://fiesc.com.br/pt-br/imprensa/superar-desafios-e-historia-da-industria,2026-09-18
42002,Chapecó,2800,Fabricação de máquinas e equipamentos mecânicos,industria,517,2015,3581200.0,60267845.0,1160787000.0,0.003368429537587416,0.06487753598166683,0.051919813023405675,0.0030851482657886418,0.05942140456490522,3.0,estimativa_julgamental,baixa,FIESC_HISTORIA;FIESC_OESTE,Máquinas: reforço estimado de polos industriais.,https://fiesc.com.br/pt-br/imprensa/superar-desafios-e-historia-da-industria ; https://fiesc.com.br/imprensa/muito-mais-do-que-aves-e-suinos,2026-09-18
42002,Chapecó,2991,"Fabricação de automóveis, caminhões e ônibus, exceto peças",industria,517,2015,3581200.0,60267845.0,1160787000.0,3.144607994307167e-05,0.000605666278668909,0.051919813023405675,0.0030851482657886418,0.05942140456490522,0.05,estimativa_julgamental,baixa,BMW;HIPOTESE,Araquari confirmado antes de 2015; outras produções agregadas são hipóteses.,https://www.press.bmwgroup.com/portugal/article/detail/T0194787PT/bmw-group-assembles-first-car-in-brazil?language=pt,2026-09-18
42002,Chapecó,2992,Fabricação de peças e acessórios para veículos automotores,industria,517,2015,3581200.0,60267845.0,1160787000.0,0.00030264186720836396,0.005829024597448602,0.051919813023405675,0.0030851482657886418,0.05942140456490522,0.3,estimativa_julgamental,baixa,BMW;HIPOTESE,Autopeças: proximidade presumida de montagem e metalmecânica.,https://www.press.bmwgroup.com/portugal/article/detail/T0194787PT/bmw-group-assembles-first-car-in-brazil?language=pt,2026-09-18
42002,Chapecó,3000,"Fabricação de outros equipamentos de transporte, exceto veículos automotores",industria,517,2015,3581200.0,60267845.0,1160787000.0,0.00030202817000515446,0.005817204500890611,0.051919813023405675,0.0030851482657886418,0.05942140456490522,0.2,estimativa_julgamental,baixa,FIESC_PORTOS;HIPOTESE,Transporte não automotivo: hipótese de produção naval costeira.,https://fiesc.com.br/pt-br/imprensa/podio-da-industria-os-setores-que-mais-se-destacaram-em-sc,2026-09-18
42002,Chapecó,3180,Fabricação de móveis e de produtos de indústrias diversas,industria,517,2015,3581200.0,60267845.0,1160787000.0,0.004428414957151723,0.08529335333228905,0.051919813023405675,0.0030851482657886418,0.05942140456490522,2.0,estimativa_julgamental,baixa,FIESC_MADEIRA;FIESC_OESTE,Móveis com polo em São Bento; outras indústrias agregadas ao mesmo perfil.,https://fiesc.com.br/imprensa/portas-abertas-para-o-futuro ; https://fiesc.com.br/imprensa/muito-mais-do-que-aves-e-suinos,2026-09-18
42002,Chapecó,3300,"Manutenção, reparação e instalação de máquinas e equipamentos",industria,517,2015,3581200.0,60267845.0,1160787000.0,0.0036599305045044096,0.07049198160352575,0.051919813023405675,0.0030851482657886418,0.05942140456490522,2.0,estimativa_julgamental,baixa,HIPOTESE,Manutenção segue demanda industrial e logística presumida.,,2026-09-18
42002,Chapecó,3500,"Energia elétrica, gás natural e outras utilidades",industria,517,2015,3581200.0,60267845.0,1160787000.0,0.004136672137936309,0.0796742495214973,0.051919813023405675,0.0030851482657886418,0.05942140456490522,2.0,estimativa_julgamental,baixa,WIKI_ENERGIA;HIPOTESE,"Geração e utilidades: reforço de Tubarão; hidroeletricidade e redes aproximadas. Fator de produção, não de carbono.",https://pt.wikipedia.org/wiki/Complexo_Termoel%C3%A9trico_Jorge_Lacerda,2026-09-18
42002,Chapecó,3680,"Água, esgoto e gestão de resíduos",industria,517,2015,3581200.0,60267845.0,1160787000.0,0.002488050649844603,0.047921024845042855,0.051919813023405675,0.0030851482657886418,0.05942140456490522,1.0,estimativa_julgamental,baixa,HIPOTESE,Saneamento: demanda urbana presumida.,,2026-09-18
42002,Chapecó,4180,Construção,industria,517,2015,3581200.0,60267845.0,1160787000.0,0.0023359554139562038,0.0449915991204195,0.051919813023405675,0.0030851482657886418,0.05942140456490522,1.0,estimativa_julgamental,baixa,WIKI_FLORIPA;HIPOTESE,Construção: reforço presumido do litoral urbano.,https://pt.wikipedia.org/wiki/Regi%C3%A3o_Metropolitana_de_Florian%C3%B3polis,2026-09-18
42002,Chapecó,4580,Comércio por atacado e varejo,servicos,6575,2015,6356584.0,108382198.0,2850260000.0,0.0025182499196448886,0.06622551564917999,0.038025372773010185,0.002230176896142808,0.058649705554043106,1.5,estimativa_julgamental,baixa,HIPOTESE,Comércio: centralidade regional e logística presumidas.,,2026-09-18
42002,Chapecó,4900,Transporte terrestre,servicos,6575,2015,6356584.0,108382198.0,2850260000.0,0.0029374237517982888,0.07724904550793059,0.038025372773010185,0.002230176896142808,0.058649705554043106,2.0,estimativa_julgamental,baixa,FIESC_PORTOS;HIPOTESE,Transporte terrestre: conexão presumida de polos produtivos e portos.,https://fiesc.com.br/pt-br/imprensa/podio-da-industria-os-setores-que-mais-se-destacaram-em-sc,2026-09-18
42002,Chapecó,5000,Transporte aquaviário,servicos,6575,2015,6356584.0,108382198.0,2850260000.0,3.1400844527298575e-05,0.0008257866323821132,0.038025372773010185,0.002230176896142808,0.058649705554043106,0.05,estimativa_julgamental,baixa,FIESC_PORTOS,Concentração portuária; sede de transportadora e movimentação não são equivalentes.,https://fiesc.com.br/pt-br/imprensa/podio-da-industria-os-setores-que-mais-se-destacaram-em-sc,2026-09-18
42002,Chapecó,5100,Transporte aéreo,servicos,6575,2015,6356584.0,108382198.0,2850260000.0,0.0021438383285516983,0.056379153502299426,0.038025372773010185,0.002230176896142808,0.058649705554043106,4.0,estimativa_julgamental,baixa,HIPOTESE,"Transporte aéreo: aproximação por aeroportos, não por sede de companhia.",,2026-09-18
42002,Chapecó,5280,"Armazenamento, atividades auxiliares dos transportes e correio",servicos,6575,2015,6356584.0,108382198.0,2850260000.0,0.0014556928376361553,0.038282145091011,0.038025372773010185,0.002230176896142808,0.058649705554043106,2.0,estimativa_julgamental,baixa,FIESC_PORTOS;HIPOTESE,Armazenamento e apoio: concentração logística estimada.,https://fiesc.com.br/pt-br/imprensa/podio-da-industria-os-setores-que-mais-se-destacaram-em-sc,2026-09-18
42002,Chapecó,5500,Alojamento,servicos,6575,2015,6356584.0,108382198.0,2850260000.0,0.0006918069324315722,0.018193297842502832,0.038025372773010185,0.002230176896142808,0.058649705554043106,0.7,estimativa_julgamental,baixa,WIKI_FLORIPA;HIPOTESE,Alojamento: litoral e turismo serrano/rural presumidos.,https://pt.wikipedia.org/wiki/Regi%C3%A3o_Metropolitana_de_Florian%C3%B3polis,2026-09-18
42002,Chapecó,5600,Alimentação,servicos,6575,2015,6356584.0,108382198.0,2850260000.0,0.0014620842451617093,0.03845022779630641,0.038025372773010185,0.002230176896142808,0.058649705554043106,1.0,estimativa_julgamental,baixa,WIKI_FLORIPA;HIPOTESE,Alimentação acompanha turismo e mercados urbanos.,https://pt.wikipedia.org/wiki/Regi%C3%A3o_Metropolitana_de_Florian%C3%B3polis,2026-09-18
42002,Chapecó,5800,Edição e edição integrada à impressão,servicos,6575,2015,6356584.0,108382198.0,2850260000.0,0.001897528740966793,0.04990164731044081,0.038025372773010185,0.002230176896142808,0.058649705554043106,1.5,estimativa_julgamental,baixa,HIPOTESE,Edição: concentração urbana presumida.,,2026-09-18
42002,Chapecó,5980,"Atividades de televisão, rádio, cinema e  gravação/edição de som e imagem",servicos,6575,2015,6356584.0,108382198.0,2850260000.0,0.0021612270607370737,0.05683644638116681,0.038025372773010185,0.002230176896142808,0.058649705554043106,2.0,estimativa_julgamental,baixa,HIPOTESE,Mídia: centralidade da capital e polos regionais presumida.,,2026-09-18
42002,Chapecó,6100,Telecomunicações,servicos,6575,2015,6356584.0,108382198.0,2850260000.0,0.0013608786317201407,0.03578869929412161,0.038025372773010185,0.002230176896142808,0.058649705554043106,1.0,estimativa_julgamental,baixa,ACATE;HIPOTESE,Telecom: perfil urbano inferido; polos de TI são apenas contexto.,https://www.acate.com.br/noticias/acate-completa-30-anos-e-comemora-consolidacao-do-setor-em-sc/,2026-09-18
42002,Chapecó,6280,Desenvolvimento de sistemas e outros serviços de informação,servicos,6575,2015,6356584.0,108382198.0,2850260000.0,0.0014124875152095,0.037145921583497575,0.038025372773010185,0.002230176896142808,0.058649705554043106,2.0,estimativa_julgamental,baixa,ACATE,Software e informação: polos documentados; multiplicadores julgamentais.,https://www.acate.com.br/noticias/acate-completa-30-anos-e-comemora-consolidacao-do-setor-em-sc/,2026-09-18
42002,Chapecó,6480,"Intermediação financeira, seguros e previdência complementar",servicos,6575,2015,6356584.0,108382198.0,2850260000.0,0.0017898670934235288,0.04707033653839545,0.038025372773010185,0.002230176896142808,0.058649705554043106,1.5,estimativa_julgamental,baixa,HIPOTESE,Finanças: sedes e mercados urbanos presumidos.,,2026-09-18
42002,Chapecó,6800,Atividades imobiliárias,servicos,6575,2015,6356584.0,108382198.0,2850260000.0,0.0013428055686834721,0.03531340972511319,0.038025372773010185,0.002230176896142808,0.058649705554043106,1.0,estimativa_julgamental,baixa,WIKI_FLORIPA;HIPOTESE,Imobiliário: reforço litorâneo presumido; inclui aluguéis imputados.,https://pt.wikipedia.org/wiki/Regi%C3%A3o_Metropolitana_de_Florian%C3%B3polis,2026-09-18
42002,Chapecó,6980,"Atividades jurídicas, contábeis, consultoria e sedes de empresas ",servicos,6575,2015,6356584.0,108382198.0,2850260000.0,0.0016113612589024721,0.04237594904121995,0.038025372773010185,0.002230176896142808,0.058649705554043106,1.5,estimativa_julgamental,baixa,HIPOTESE,Serviços empresariais: sedes e centralidade presumidas.,,2026-09-18
42002,Chapecó,7180,"Serviços de arquitetura, engenharia, testes/análises técnicas e P & D",servicos,6575,2015,6356584.0,108382198.0,2850260000.0,0.001571849517071497,0.04133686016583041,0.038025372773010185,0.002230176896142808,0.058649705554043106,1.5,estimativa_julgamental,baixa,ACATE;HIPOTESE,Engenharia e P&D: integração presumida com tecnologia e indústria.,https://www.acate.com.br/noticias/acate-completa-30-anos-e-comemora-consolidacao-do-setor-em-sc/,2026-09-18
42002,Chapecó,7380,"Outras atividades profissionais, científicas e técnicas",servicos,6575,2015,6356584.0,108382198.0,2850260000.0,0.001688940322668346,0.04441614110531822,0.038025372773010185,0.002230176896142808,0.058649705554043106,1.3,estimativa_julgamental,baixa,HIPOTESE,Outros serviços técnicos: concentração urbana moderada.,,2026-09-18
42002,Chapecó,7700,Aluguéis não imobiliários e gestão de ativos de propriedade intelectual,servicos,6575,2015,6356584.0,108382198.0,2850260000.0,0.001988586408325833,0.052296302792258234,0.038025372773010185,0.002230176896142808,0.058649705554043106,1.5,estimativa_julgamental,baixa,HIPOTESE,Aluguéis de equipamentos: demanda empresarial presumida.,,2026-09-18
42002,Chapecó,7880,Outras atividades administrativas e serviços complementares,servicos,6575,2015,6356584.0,108382198.0,2850260000.0,0.001379081998737236,0.03626741562718057,0.038025372773010185,0.002230176896142808,0.058649705554043106,1.0,estimativa_julgamental,baixa,HIPOTESE,Serviços administrativos: mercados urbanos presumidos.,,2026-09-18
42002,Chapecó,8000,"Atividades de vigilância, segurança e investigação",servicos,6575,2015,6356584.0,108382198.0,2850260000.0,0.001428918100749798,0.0375780169014943,0.038025372773010185,0.002230176896142808,0.058649705554043106,1.0,estimativa_julgamental,baixa,HIPOTESE,Segurança: demanda industrial e urbana presumida.,,2026-09-18
42002,Chapecó,8400,"Administração pública, defesa e seguridade social",administracao_publica,525,2015,1796970.0,28534686.0,885587000.0,0.0015540772438301996,0.048231496366627435,0.03222121146764802,0.00202912870220543,0.06297493513683662,1.0,estimativa_julgamental,baixa,VAB;HIPOTESE,Administração: reforço da capital; não mede empregos públicos municipais.,https://sidra.ibge.gov.br/tabela/5938,2026-09-18
42002,Chapecó,8591,Educação pública,administracao_publica,525,2015,1796970.0,28534686.0,885587000.0,0.002205950672066213,0.06846268565293134,0.03222121146764802,0.00202912870220543,0.06297493513683662,1.2,estimativa_julgamental,baixa,VAB;HIPOTESE,Educação pública: perfil difuso com polos de ensino presumidos.,https://sidra.ibge.gov.br/tabela/5938,2026-09-18
42002,Chapecó,8592,Educação privada,servicos,6575,2015,6356584.0,108382198.0,2850260000.0,0.0023972685472473322,0.06304391968903658,0.038025372773010185,0.002230176896142808,0.058649705554043106,2.0,estimativa_julgamental,baixa,HIPOTESE,Educação privada: centros regionais presumidos.,,2026-09-18
42002,Chapecó,8691,Saúde pública,administracao_publica,525,2015,1796970.0,28534686.0,885587000.0,0.002533901967521579,0.07864080374711438,0.03222121146764802,0.00202912870220543,0.06297493513683662,1.5,estimativa_julgamental,baixa,VAB;HIPOTESE,"Saúde pública: rede regional presumida, sem contagem de leitos.",https://sidra.ibge.gov.br/tabela/5938,2026-09-18
42002,Chapecó,8692,Saúde privada,servicos,6575,2015,6356584.0,108382198.0,2850260000.0,0.0025263491510668385,0.06643851110014631,0.038025372773010185,0.002230176896142808,0.058649705554043106,2.0,estimativa_julgamental,baixa,HIPOTESE,Saúde privada: centralidade regional presumida.,,2026-09-18
42002,Chapecó,9080,"Atividades artísticas, criativas e de espetáculos",servicos,6575,2015,6356584.0,108382198.0,2850260000.0,0.000948981233292056,0.024956526763246566,0.038025372773010185,0.002230176896142808,0.058649705554043106,0.8,estimativa_julgamental,baixa,WIKI_FLORIPA;HIPOTESE,Cultura e lazer: turismo e centralidade presumidos.,https://pt.wikipedia.org/wiki/Regi%C3%A3o_Metropolitana_de_Florian%C3%B3polis,2026-09-18
42002,Chapecó,9480,Organizações associativas e outros serviços pessoais,servicos,6575,2015,6356584.0,108382198.0,2850260000.0,0.0021362187037555634,0.056178770856700665,0.038025372773010185,0.002230176896142808,0.058649705554043106,1.2,estimativa_julgamental,baixa,HIPOTESE,Serviços pessoais e associações: demanda urbana presumida.,,2026-09-18
42002,Chapecó,9700,Serviços domésticos,servicos,6575,2015,6356584.0,108382198.0,2850260000.0,0.0016178895307220173,0.04254763103520105,0.038025372773010185,0.002230176896142808,0.058649705554043106,1.0,estimativa_julgamental,baixa,HIPOTESE,"Serviços domésticos: demanda residencial presumida, não emprego observado.",,2026-09-18
42003,Xanxerê,0191,"Agricultura, inclusive o apoio à agricultura e a pós-colheita",agropecuaria,513,2015,816373.0,12485693.0,258967000.0,0.006673323592913268,0.138412079273297,0.04821344804550388,0.0031524209648333573,0.0653846766855472,3.0,estimativa_julgamental,baixa,ITUPORANGA;VAB;HIPOTESE,Reforço agrícola rural; escolha dos multiplicadores é hipótese.,https://cimamavi.sc.gov.br/municipios-associados/perfil/ituporanga ; https://sidra.ibge.gov.br/tabela/5938,2026-09-18
42003,Xanxerê,0192,"Pecuária, inclusive o apoio à pecuária",agropecuaria,513,2015,816373.0,12485693.0,258967000.0,0.003991552858074848,0.08278920135120015,0.04821344804550388,0.0031524209648333573,0.0653846766855472,3.0,estimativa_julgamental,baixa,ITAPIRANGA;FIESC_OESTE,Maior concentração pecuária no Oeste; magnitudes estimadas.,https://servicos.itapiranga.sc.gov.br/pagina-4919/ ; https://fiesc.com.br/imprensa/muito-mais-do-que-aves-e-suinos,2026-09-18
42003,Xanxerê,0280,Produção florestal; pesca e aquicultura,agropecuaria,513,2015,816373.0,12485693.0,258967000.0,0.0007642065937534194,0.015850486217707575,0.04821344804550388,0.0031524209648333573,0.0653846766855472,0.5,estimativa_julgamental,baixa,FIESC_MADEIRA;HIPOTESE,Combinação estimada de florestas interiores e pesca costeira.,https://fiesc.com.br/imprensa/portas-abertas-para-o-futuro,2026-09-18
42003,Xanxerê,0580,Extração de carvão mineral e de minerais não metálicos,industria,517,2015,992957.0,60267845.0,1160787000.0,0.00020287596681877663,0.0039074864681681205,0.051919813023405675,0.0008554170575652553,0.016475734282518313,0.3,estimativa_julgamental,baixa,FIESC_HISTORIA;TIJUCAS,Carvão no Sul e minerais para construção; distribuição estimada.,https://fiesc.com.br/pt-br/imprensa/superar-desafios-e-historia-da-industria ; https://cincatarina.sc.gov.br/noticias.aspx?id=3670&s=43,2026-09-18
42003,Xanxerê,0680,"Extração de petróleo e gás, inclusive as atividades de apoio",industria,517,2015,992957.0,60267845.0,1160787000.0,9.419133149493539e-05,0.001814169312444818,0.051919813023405675,0.0008554170575652553,0.016475734282518313,0.1,estimativa_julgamental,muito_baixa,HIPOTESE,Localização hipotética de apoio costeiro; não comprova extração local ou offshore.,,2026-09-18
42003,Xanxerê,0791,"Extração de minério de ferro, inclusive beneficiamentos e a aglomeração",industria,517,2015,992957.0,60267845.0,1160787000.0,0.0008247512849593653,0.015885097363266,0.051919813023405675,0.0008554170575652553,0.016475734282518313,1.0,estimativa_julgamental,muito_baixa,HIPOTESE,Sem evidência de polo de extração de ferro; prior quase VAB e confiança muito baixa.,,2026-09-18
42003,Xanxerê,0792,"Extração de minerais metálicos não ferrosos, inclusive beneficiamentos",industria,517,2015,992957.0,60267845.0,1160787000.0,0.0008351099638036668,0.016084610386158278,0.051919813023405675,0.0008554170575652553,0.016475734282518313,1.0,estimativa_julgamental,muito_baixa,HIPOTESE,Sem dados de extração metálica; pequenas diferenças apenas como hipótese.,,2026-09-18
42003,Xanxerê,1091,"Abate e produtos de carne, inclusive os produtos do laticínio e da pesca",industria,517,2015,992957.0,60267845.0,1160787000.0,0.0014252313582610587,0.02745062578747266,0.051919813023405675,0.0008554170575652553,0.016475734282518313,3.0,estimativa_julgamental,baixa,FIESC_OESTE;ITAPIRANGA;HIPOTESE,Carnes e laticínios no Oeste; pesca incorporada de modo aproximado.,https://fiesc.com.br/imprensa/muito-mais-do-que-aves-e-suinos ; https://servicos.itapiranga.sc.gov.br/pagina-4919/,2026-09-18
42003,Xanxerê,1092,Fabricação e refino de açúcar,industria,517,2015,992957.0,60267845.0,1160787000.0,0.0006394739585171383,0.012316568979723804,0.051919813023405675,0.0008554170575652553,0.016475734282518313,0.5,estimativa_julgamental,muito_baixa,HIPOTESE,Açúcar: produção dispersa presumida; nenhuma usina identificada por esta pesquisa.,,2026-09-18
42003,Xanxerê,1093,Outros produtos alimentares,industria,517,2015,992957.0,60267845.0,1160787000.0,0.0011418110086340518,0.021991816652331134,0.051919813023405675,0.0008554170575652553,0.016475734282518313,2.0,estimativa_julgamental,baixa,FIESC_OESTE;HIPOTESE,Alimentos diversos: extensão qualitativa da agroindústria.,https://fiesc.com.br/imprensa/muito-mais-do-que-aves-e-suinos,2026-09-18
42003,Xanxerê,1100,Fabricação de bebidas,industria,517,2015,992957.0,60267845.0,1160787000.0,0.0003814281617652246,0.007346485658437852,0.051919813023405675,0.0008554170575652553,0.016475734282518313,0.8,estimativa_julgamental,baixa,HIPOTESE,Bebidas: hipótese de polos urbanos e produção regional.,,2026-09-18
42003,Xanxerê,1200,Fabricação de produtos do fumo,industria,517,2015,992957.0,60267845.0,1160787000.0,0.0004094877369965992,0.007886926264776809,0.051919813023405675,0.0008554170575652553,0.016475734282518313,0.3,estimativa_julgamental,baixa,HIPOTESE,Beneficiamento de fumo presumido próximo a áreas rurais; cultivo não equivale a fabricação.,,2026-09-18
42003,Xanxerê,1300,Fabricação de produtos têxteis,industria,517,2015,992957.0,60267845.0,1160787000.0,0.00015155368574221417,0.002918995214291182,0.051919813023405675,0.0008554170575652553,0.016475734282518313,0.4,estimativa_julgamental,baixa,FIESC_HISTORIA,Têxteis no Vale; intensidade relativa estimada.,https://fiesc.com.br/pt-br/imprensa/superar-desafios-e-historia-da-industria,2026-09-18
42003,Xanxerê,1400,Confecção de artefatos do vestuário e acessórios,industria,517,2015,992957.0,60267845.0,1160787000.0,0.000320036710446852,0.00616405745341529,0.051919813023405675,0.0008554170575652553,0.016475734282518313,0.7,estimativa_julgamental,baixa,FIESC_HISTORIA;HIPOTESE,Vestuário no Vale e extensões presumidas ao Sul.,https://fiesc.com.br/pt-br/imprensa/superar-desafios-e-historia-da-industria,2026-09-18
42003,Xanxerê,1500,Fabricação de calçados e de artefatos de couro,industria,517,2015,992957.0,60267845.0,1160787000.0,0.00017640155698661305,0.0033975768924108117,0.051919813023405675,0.0008554170575652553,0.016475734282518313,0.2,estimativa_julgamental,baixa,FIESC_CALCADOS;HIPOTESE,São João Batista ancora o fator de Tijucas; demais polos são hipóteses.,https://fiesc.com.br/sites/default/files/2018-04/IC_FIESC15_REVISAO_FINAL_0.pdf,2026-09-18
42003,Xanxerê,1600,Fabricação de produtos da madeira,industria,517,2015,992957.0,60267845.0,1160787000.0,0.001237131585827147,0.02382773576764313,0.051919813023405675,0.0008554170575652553,0.016475734282518313,2.0,estimativa_julgamental,baixa,FIESC_MADEIRA;FIESC_OESTE,Distribuição estimada da base madeireira.,https://fiesc.com.br/imprensa/portas-abertas-para-o-futuro ; https://fiesc.com.br/imprensa/muito-mais-do-que-aves-e-suinos,2026-09-18
42003,Xanxerê,1700,"Fabricação de celulose, papel e produtos de papel",industria,517,2015,992957.0,60267845.0,1160787000.0,0.00023609928895758917,0.004547383266791708,0.051919813023405675,0.0008554170575652553,0.016475734282518313,0.3,estimativa_julgamental,baixa,FIESC_MADEIRA;HIPOTESE,Papel e celulose próximos da base florestal; fatores inferidos.,https://fiesc.com.br/imprensa/portas-abertas-para-o-futuro,2026-09-18
42003,Xanxerê,1800,Impressão e reprodução de gravações,industria,517,2015,992957.0,60267845.0,1160787000.0,0.0005432351319720534,0.010462963950335503,0.051919813023405675,0.0008554170575652553,0.016475734282518313,1.0,estimativa_julgamental,baixa,HIPOTESE,Impressão: demanda urbana e empresarial presumida.,,2026-09-18
42003,Xanxerê,1991,Refino de petróleo e coquerias,industria,517,2015,992957.0,60267845.0,1160787000.0,0.00015110317464945381,0.0029103181589143217,0.051919813023405675,0.0008554170575652553,0.016475734282518313,0.2,estimativa_julgamental,muito_baixa,HIPOTESE,Hipótese de coquerias no Sul; terminais de petróleo não tratados como refinarias.,,2026-09-18
42003,Xanxerê,1992,Fabricação de biocombustíveis,industria,517,2015,992957.0,60267845.0,1160787000.0,0.0028160020853172673,0.05423752362220183,0.051919813023405675,0.0008554170575652553,0.016475734282518313,3.0,estimativa_julgamental,muito_baixa,HIPOTESE,Biocombustíveis: proximidade presumida de insumos agropecuários; baixa confiança.,,2026-09-18
42003,Xanxerê,2091,"Fabricação de químicos orgânicos e inorgânicos, resinas e elastômeros",industria,517,2015,992957.0,60267845.0,1160787000.0,0.00023859381235525202,0.004595428959801779,0.051919813023405675,0.0008554170575652553,0.016475734282518313,0.5,estimativa_julgamental,baixa,HIPOTESE,Química básica: proximidade industrial presumida.,,2026-09-18
42003,Xanxerê,2092,"Fabricação de defensivos, desinfestantes, tintas e químicos diversos",industria,517,2015,992957.0,60267845.0,1160787000.0,0.00033366496741147337,0.0064265440875346715,0.051919813023405675,0.0008554170575652553,0.016475734282518313,0.7,estimativa_julgamental,baixa,HIPOTESE,Tintas e químicos: hipótese de integração com manufaturas.,,2026-09-18
42003,Xanxerê,2093,"Fabricação de produtos de limpeza, cosméticos/perfumaria e higiene pessoal",industria,517,2015,992957.0,60267845.0,1160787000.0,0.0005467686290413749,0.010531020764556476,0.051919813023405675,0.0008554170575652553,0.016475734282518313,1.0,estimativa_julgamental,baixa,HIPOTESE,Limpeza e cosméticos: mercados urbanos presumidos.,,2026-09-18
42003,Xanxerê,2100,Fabricação de produtos farmoquímicos e farmacêuticos,industria,517,2015,992957.0,60267845.0,1160787000.0,0.0002800627532468079,0.005394140250862506,0.051919813023405675,0.0008554170575652553,0.016475734282518313,0.5,estimativa_julgamental,baixa,HIPOTESE,Fármacos: hipótese de infraestrutura técnica e urbana; não inventário de fábricas.,,2026-09-18
42003,Xanxerê,2200,Fabricação de produtos de borracha e de material plástico,industria,517,2015,992957.0,60267845.0,1160787000.0,0.00023494208362993642,0.004525094948320086,0.051919813023405675,0.0008554170575652553,0.016475734282518313,0.6,estimativa_julgamental,baixa,FIESC_HISTORIA;HIPOTESE,"Plásticos dispersos, com reforço industrial estimado.",https://fiesc.com.br/pt-br/imprensa/superar-desafios-e-historia-da-industria,2026-09-18
42003,Xanxerê,2300,Fabricação de produtos de minerais não metálicos,industria,517,2015,992957.0,60267845.0,1160787000.0,0.00020821125733986922,0.004010246671073463,0.051919813023405675,0.0008554170575652553,0.016475734282518313,0.3,estimativa_julgamental,baixa,FIESC_HISTORIA;TIJUCAS,Cerâmica Sul e Tijucas; demais minerais agregados por hipótese.,https://fiesc.com.br/pt-br/imprensa/superar-desafios-e-historia-da-industria ; https://cincatarina.sc.gov.br/noticias.aspx?id=3670&s=43,2026-09-18
42003,Xanxerê,2491,"Produção de ferro gusa/ferroligas, siderurgia e tubos de aço sem costura",industria,517,2015,992957.0,60267845.0,1160787000.0,0.00012084968742326694,0.002327621776464938,0.051919813023405675,0.0008554170575652553,0.016475734282518313,0.3,estimativa_julgamental,baixa,HIPOTESE,Siderurgia presumida nos polos metalúrgicos; peso não observado.,,2026-09-18
42003,Xanxerê,2492,Metalurgia de metais não ferosos e a fundição de metais,industria,517,2015,992957.0,60267845.0,1160787000.0,8.391331412309155e-05,0.0016162098674211917,0.051919813023405675,0.0008554170575652553,0.016475734282518313,0.3,estimativa_julgamental,baixa,FIESC_HISTORIA;HIPOTESE,Fundição e metais: extensão estimada do polo metalmecânico.,https://fiesc.com.br/pt-br/imprensa/superar-desafios-e-historia-da-industria,2026-09-18
42003,Xanxerê,2500,"Fabricação de produtos de metal, exceto máquinas e equipamentos",industria,517,2015,992957.0,60267845.0,1160787000.0,0.0002795683937693123,0.0053846186549878685,0.051919813023405675,0.0008554170575652553,0.016475734282518313,0.7,estimativa_julgamental,baixa,FIESC_HISTORIA;HIPOTESE,Produtos de metal: polos industriais e fornecedores presumidos.,https://fiesc.com.br/pt-br/imprensa/superar-desafios-e-historia-da-industria,2026-09-18
42003,Xanxerê,2600,"Fabricação de equipamentos de informática, produtos eletrônicos e ópticos",industria,517,2015,992957.0,60267845.0,1160787000.0,9.915254199920066e-05,0.0019097245584166929,0.051919813023405675,0.0008554170575652553,0.016475734282518313,0.3,estimativa_julgamental,baixa,ACATE;HIPOTESE,Eletrônica aproximada pelos polos tecnológicos; software não é fabricação.,https://www.acate.com.br/noticias/acate-completa-30-anos-e-comemora-consolidacao-do-setor-em-sc/,2026-09-18
42003,Xanxerê,2700,Fabricação de máquinas e equipamentos elétricos,industria,517,2015,992957.0,60267845.0,1160787000.0,7.115852382602032e-05,0.0013705466118289322,0.051919813023405675,0.0008554170575652553,0.016475734282518313,0.3,estimativa_julgamental,baixa,FIESC_HISTORIA;HIPOTESE,Equipamentos elétricos no Norte; intensidades inferidas.,https://fiesc.com.br/pt-br/imprensa/superar-desafios-e-historia-da-industria,2026-09-18
42003,Xanxerê,2800,Fabricação de máquinas e equipamentos mecânicos,industria,517,2015,992957.0,60267845.0,1160787000.0,0.0001556603786605136,0.0029980920499529003,0.051919813023405675,0.0008554170575652553,0.016475734282518313,0.5,estimativa_julgamental,baixa,FIESC_HISTORIA;FIESC_OESTE,Máquinas: reforço estimado de polos industriais.,https://fiesc.com.br/pt-br/imprensa/superar-desafios-e-historia-da-industria ; https://fiesc.com.br/imprensa/muito-mais-do-que-aves-e-suinos,2026-09-18
42003,Xanxerê,2991,"Fabricação de automóveis, caminhões e ônibus, exceto peças",industria,517,2015,992957.0,60267845.0,1160787000.0,8.719034179055237e-06,0.00016793269604273533,0.051919813023405675,0.0008554170575652553,0.016475734282518313,0.05,estimativa_julgamental,baixa,BMW;HIPOTESE,Araquari confirmado antes de 2015; outras produções agregadas são hipóteses.,https://www.press.bmwgroup.com/portugal/article/detail/T0194787PT/bmw-group-assembles-first-car-in-brazil?language=pt,2026-09-18
42003,Xanxerê,2992,Fabricação de peças e acessórios para veículos automotores,industria,517,2015,992957.0,60267845.0,1160787000.0,8.391331412309155e-05,0.0016162098674211917,0.051919813023405675,0.0008554170575652553,0.016475734282518313,0.3,estimativa_julgamental,baixa,BMW;HIPOTESE,Autopeças: proximidade presumida de montagem e metalmecânica.,https://www.press.bmwgroup.com/portugal/article/detail/T0194787PT/bmw-group-assembles-first-car-in-brazil?language=pt,2026-09-18
42003,Xanxerê,3000,"Fabricação de outros equipamentos de transporte, exceto veículos automotores",industria,517,2015,992957.0,60267845.0,1160787000.0,8.374315469781307e-05,0.001612932516919144,0.051919813023405675,0.0008554170575652553,0.016475734282518313,0.2,estimativa_julgamental,baixa,FIESC_PORTOS;HIPOTESE,Transporte não automotivo: hipótese de produção naval costeira.,https://fiesc.com.br/pt-br/imprensa/podio-da-industria-os-setores-que-mais-se-destacaram-em-sc,2026-09-18
42003,Xanxerê,3180,Fabricação de móveis e de produtos de indústrias diversas,industria,517,2015,992957.0,60267845.0,1160787000.0,0.00036835912241219455,0.007094769818337687,0.051919813023405675,0.0008554170575652553,0.016475734282518313,0.6,estimativa_julgamental,baixa,FIESC_MADEIRA;FIESC_OESTE,Móveis com polo em São Bento; outras indústrias agregadas ao mesmo perfil.,https://fiesc.com.br/imprensa/portas-abertas-para-o-futuro ; https://fiesc.com.br/imprensa/muito-mais-do-que-aves-e-suinos,2026-09-18
42003,Xanxerê,3300,"Manutenção, reparação e instalação de máquinas e equipamentos",industria,517,2015,992957.0,60267845.0,1160787000.0,0.0005073932779461053,0.009772632996913342,0.051919813023405675,0.0008554170575652553,0.016475734282518313,1.0,estimativa_julgamental,baixa,HIPOTESE,Manutenção segue demanda industrial e logística presumida.,,2026-09-18
42003,Xanxerê,3500,"Energia elétrica, gás natural e outras utilidades",industria,517,2015,992957.0,60267845.0,1160787000.0,0.0005734861996075091,0.011045613730330252,0.051919813023405675,0.0008554170575652553,0.016475734282518313,1.0,estimativa_julgamental,baixa,WIKI_ENERGIA;HIPOTESE,"Geração e utilidades: reforço de Tubarão; hidroeletricidade e redes aproximadas. Fator de produção, não de carbono.",https://pt.wikipedia.org/wiki/Complexo_Termoel%C3%A9trico_Jorge_Lacerda,2026-09-18
42003,Xanxerê,3680,"Água, esgoto e gestão de resíduos",industria,517,2015,992957.0,60267845.0,1160787000.0,0.0006898601890756583,0.013287031460700106,0.051919813023405675,0.0008554170575652553,0.016475734282518313,1.0,estimativa_julgamental,baixa,HIPOTESE,Saneamento: demanda urbana presumida.,,2026-09-18
42003,Xanxerê,4180,Construção,industria,517,2015,992957.0,60267845.0,1160787000.0,0.0006476888417222468,0.012474791491068464,0.051919813023405675,0.0008554170575652553,0.016475734282518313,1.0,estimativa_julgamental,baixa,WIKI_FLORIPA;HIPOTESE,Construção: reforço presumido do litoral urbano.,https://pt.wikipedia.org/wiki/Regi%C3%A3o_Metropolitana_de_Florian%C3%B3polis,2026-09-18
42003,Xanxerê,4580,Comércio por atacado e varejo,servicos,6575,2015,1697053.0,108382198.0,2850260000.0,0.0004482075677631379,0.01178706571632267,0.038025372773010185,0.0005954028755271449,0.015658041923084086,1.0,estimativa_julgamental,baixa,HIPOTESE,Comércio: centralidade regional e logística presumidas.,,2026-09-18
42003,Xanxerê,4900,Transporte terrestre,servicos,6575,2015,1697053.0,108382198.0,2850260000.0,0.0005881654112799275,0.01546770927903692,0.038025372773010185,0.0005954028755271449,0.015658041923084086,1.5,estimativa_julgamental,baixa,FIESC_PORTOS;HIPOTESE,Transporte terrestre: conexão presumida de polos produtivos e portos.,https://fiesc.com.br/pt-br/imprensa/podio-da-industria-os-setores-que-mais-se-destacaram-em-sc,2026-09-18
42003,Xanxerê,5000,Transporte aquaviário,servicos,6575,2015,1697053.0,108382198.0,2850260000.0,8.383260161052795e-06,0.00022046490408117976,0.038025372773010185,0.0005954028755271449,0.015658041923084086,0.05,estimativa_julgamental,baixa,FIESC_PORTOS,Concentração portuária; sede de transportadora e movimentação não são equivalentes.,https://fiesc.com.br/pt-br/imprensa/podio-da-industria-os-setores-que-mais-se-destacaram-em-sc,2026-09-18
42003,Xanxerê,5100,Transporte aéreo,servicos,6575,2015,1697053.0,108382198.0,2850260000.0,7.1544072787043435e-06,0.00018814824831335855,0.038025372773010185,0.0005954028755271449,0.015658041923084086,0.05,estimativa_julgamental,baixa,HIPOTESE,"Transporte aéreo: aproximação por aeroportos, não por sede de companhia.",,2026-09-18
42003,Xanxerê,5280,"Armazenamento, atividades auxiliares dos transportes e correio",servicos,6575,2015,1697053.0,108382198.0,2850260000.0,5.829517624219903e-05,0.0015330599542097332,0.038025372773010185,0.0005954028755271449,0.015658041923084086,0.3,estimativa_julgamental,baixa,FIESC_PORTOS;HIPOTESE,Armazenamento e apoio: concentração logística estimada.,https://fiesc.com.br/pt-br/imprensa/podio-da-industria-os-setores-que-mais-se-destacaram-em-sc,2026-09-18
42003,Xanxerê,5500,Alojamento,servicos,6575,2015,1697053.0,108382198.0,2850260000.0,0.00018469558966007478,0.0048571671016245455,0.038025372773010185,0.0005954028755271449,0.015658041923084086,0.7,estimativa_julgamental,baixa,WIKI_FLORIPA;HIPOTESE,Alojamento: litoral e turismo serrano/rural presumidos.,https://pt.wikipedia.org/wiki/Regi%C3%A3o_Metropolitana_de_Florian%C3%B3polis,2026-09-18
42003,Xanxerê,5600,Alimentação,servicos,6575,2015,1697053.0,108382198.0,2850260000.0,0.00039034085831390176,0.010265273680392676,0.038025372773010185,0.0005954028755271449,0.015658041923084086,1.0,estimativa_julgamental,baixa,WIKI_FLORIPA;HIPOTESE,Alimentação acompanha turismo e mercados urbanos.,https://pt.wikipedia.org/wiki/Regi%C3%A3o_Metropolitana_de_Florian%C3%B3polis,2026-09-18
42003,Xanxerê,5800,Edição e edição integrada à impressão,servicos,6575,2015,1697053.0,108382198.0,2850260000.0,0.0002701834270267527,0.007105345913098441,0.038025372773010185,0.0005954028755271449,0.015658041923084086,0.8,estimativa_julgamental,baixa,HIPOTESE,Edição: concentração urbana presumida.,,2026-09-18
42003,Xanxerê,5980,"Atividades de televisão, rádio, cinema e  gravação/edição de som e imagem",servicos,6575,2015,1697053.0,108382198.0,2850260000.0,0.00014424873749426708,0.003793486479550112,0.038025372773010185,0.0005954028755271449,0.015658041923084086,0.5,estimativa_julgamental,baixa,HIPOTESE,Mídia: centralidade da capital e polos regionais presumida.,,2026-09-18
42003,Xanxerê,6100,Telecomunicações,servicos,6575,2015,1697053.0,108382198.0,2850260000.0,0.00036332142619315027,0.00955471043931567,0.038025372773010185,0.0005954028755271449,0.015658041923084086,1.0,estimativa_julgamental,baixa,ACATE;HIPOTESE,Telecom: perfil urbano inferido; polos de TI são apenas contexto.,https://www.acate.com.br/noticias/acate-completa-30-anos-e-comemora-consolidacao-do-setor-em-sc/,2026-09-18
42003,Xanxerê,6280,Desenvolvimento de sistemas e outros serviços de informação,servicos,6575,2015,1697053.0,108382198.0,2850260000.0,9.427493505744704e-05,0.0024792639278045925,0.038025372773010185,0.0005954028755271449,0.015658041923084086,0.5,estimativa_julgamental,baixa,ACATE,Software e informação: polos documentados; multiplicadores julgamentais.,https://www.acate.com.br/noticias/acate-completa-30-anos-e-comemora-consolidacao-do-setor-em-sc/,2026-09-18
42003,Xanxerê,6480,"Intermediação financeira, seguros e previdência complementar",servicos,6575,2015,1697053.0,108382198.0,2850260000.0,0.00025485380789394053,0.006702204062936413,0.038025372773010185,0.0005954028755271449,0.015658041923084086,0.8,estimativa_julgamental,baixa,HIPOTESE,Finanças: sedes e mercados urbanos presumidos.,,2026-09-18
42003,Xanxerê,6800,Atividades imobiliárias,servicos,6575,2015,1697053.0,108382198.0,2850260000.0,0.00035849635885421986,0.009427819708546684,0.038025372773010185,0.0005954028755271449,0.015658041923084086,1.0,estimativa_julgamental,baixa,WIKI_FLORIPA;HIPOTESE,Imobiliário: reforço litorâneo presumido; inclui aluguéis imputados.,https://pt.wikipedia.org/wiki/Regi%C3%A3o_Metropolitana_de_Florian%C3%B3polis,2026-09-18
42003,Xanxerê,6980,"Atividades jurídicas, contábeis, consultoria e sedes de empresas ",servicos,6575,2015,1697053.0,108382198.0,2850260000.0,0.00020075728524974546,0.005279561266845484,0.038025372773010185,0.0005954028755271449,0.015658041923084086,0.7,estimativa_julgamental,baixa,HIPOTESE,Serviços empresariais: sedes e centralidade presumidas.,,2026-09-18
42003,Xanxerê,7180,"Serviços de arquitetura, engenharia, testes/análises técnicas e P & D",servicos,6575,2015,1697053.0,108382198.0,2850260000.0,0.00019583457162382757,0.0051501026115601395,0.038025372773010185,0.0005954028755271449,0.015658041923084086,0.7,estimativa_julgamental,baixa,ACATE;HIPOTESE,Engenharia e P&D: integração presumida com tecnologia e indústria.,https://www.acate.com.br/noticias/acate-completa-30-anos-e-comemora-consolidacao-do-setor-em-sc/,2026-09-18
42003,Xanxerê,7380,"Outras atividades profissionais, científicas e técnicas",servicos,6575,2015,1697053.0,108382198.0,2850260000.0,0.0003468506937549723,0.009121559328963674,0.038025372773010185,0.0005954028755271449,0.015658041923084086,1.0,estimativa_julgamental,baixa,HIPOTESE,Outros serviços técnicos: concentração urbana moderada.,,2026-09-18
42003,Xanxerê,7700,Aluguéis não imobiliários e gestão de ativos de propriedade intelectual,servicos,6575,2015,1697053.0,108382198.0,2850260000.0,0.000353936069017424,0.009307892157434477,0.038025372773010185,0.0005954028755271449,0.015658041923084086,1.0,estimativa_julgamental,baixa,HIPOTESE,Aluguéis de equipamentos: demanda empresarial presumida.,,2026-09-18
42003,Xanxerê,7880,Outras atividades administrativas e serviços complementares,servicos,6575,2015,1697053.0,108382198.0,2850260000.0,0.00036818128151897667,0.009682516032566181,0.038025372773010185,0.0005954028755271449,0.015658041923084086,1.0,estimativa_julgamental,baixa,HIPOTESE,Serviços administrativos: mercados urbanos presumidos.,,2026-09-18
42003,Xanxerê,8000,"Atividades de vigilância, segurança e investigação",servicos,6575,2015,1697053.0,108382198.0,2850260000.0,0.0003814863061090276,0.010032414629733772,0.038025372773010185,0.0005954028755271449,0.015658041923084086,1.0,estimativa_julgamental,baixa,HIPOTESE,Segurança: demanda industrial e urbana presumida.,,2026-09-18
42003,Xanxerê,8400,"Administração pública, defesa e seguridade social",administracao_publica,525,2015,671807.0,28534686.0,885587000.0,0.0005810002231232768,0.018031607027148407,0.03222121146764802,0.0007586007924687241,0.02354352173351408,1.0,estimativa_julgamental,baixa,VAB;HIPOTESE,Administração: reforço da capital; não mede empregos públicos municipais.,https://sidra.ibge.gov.br/tabela/5938,2026-09-18
42003,Xanxerê,8591,Educação pública,administracao_publica,525,2015,671807.0,28534686.0,885587000.0,0.0006872555390225333,0.02132928923894057,0.03222121146764802,0.0007586007924687241,0.02354352173351408,1.0,estimativa_julgamental,baixa,VAB;HIPOTESE,Educação pública: perfil difuso com polos de ensino presumidos.,https://sidra.ibge.gov.br/tabela/5938,2026-09-18
42003,Xanxerê,8592,Educação privada,servicos,6575,2015,1697053.0,108382198.0,2850260000.0,0.00025600490954964035,0.006732475999061044,0.038025372773010185,0.0005954028755271449,0.015658041923084086,0.8,estimativa_julgamental,baixa,HIPOTESE,Educação privada: centros regionais presumidos.,,2026-09-18
42003,Xanxerê,8691,Saúde pública,administracao_publica,525,2015,671807.0,28534686.0,885587000.0,0.0006315420139066574,0.019600194565643894,0.03222121146764802,0.0007586007924687241,0.02354352173351408,1.0,estimativa_julgamental,baixa,VAB;HIPOTESE,"Saúde pública: rede regional presumida, sem contagem de leitos.",https://sidra.ibge.gov.br/tabela/5938,2026-09-18
42003,Xanxerê,8692,Saúde privada,servicos,6575,2015,1697053.0,108382198.0,2850260000.0,0.00026978945961324085,0.007094985267435253,0.038025372773010185,0.0005954028755271449,0.015658041923084086,0.8,estimativa_julgamental,baixa,HIPOTESE,Saúde privada: centralidade regional presumida.,,2026-09-18
42003,Xanxerê,9080,"Atividades artísticas, criativas e de espetáculos",servicos,6575,2015,1697053.0,108382198.0,2850260000.0,0.00025335485992193033,0.006662784384371839,0.038025372773010185,0.0005954028755271449,0.015658041923084086,0.8,estimativa_julgamental,baixa,WIKI_FLORIPA;HIPOTESE,Cultura e lazer: turismo e centralidade presumidos.,https://pt.wikipedia.org/wiki/Regi%C3%A3o_Metropolitana_de_Florian%C3%B3polis,2026-09-18
42003,Xanxerê,9480,Organizações associativas e outros serviços pessoais,servicos,6575,2015,1697053.0,108382198.0,2850260000.0,0.00047526527348972484,0.012498635485489854,0.038025372773010185,0.0005954028755271449,0.015658041923084086,1.0,estimativa_julgamental,baixa,HIPOTESE,Serviços pessoais e associações: demanda urbana presumida.,,2026-09-18
42003,Xanxerê,9700,Serviços domésticos,servicos,6575,2015,1697053.0,108382198.0,2850260000.0,0.00043193707214132495,0.011359180479827067,0.038025372773010185,0.0005954028755271449,0.015658041923084086,1.0,estimativa_julgamental,baixa,HIPOTESE,"Serviços domésticos: demanda residencial presumida, não emprego observado.",,2026-09-18
42004,Joaçaba,0191,"Agricultura, inclusive o apoio à agricultura e a pós-colheita",agropecuaria,513,2015,1330799.0,12485693.0,258967000.0,0.0036261416305722115,0.07521017014070135,0.04821344804550388,0.005138874837334486,0.10658591397369774,1.0,estimativa_julgamental,baixa,ITUPORANGA;VAB;HIPOTESE,Reforço agrícola rural; escolha dos multiplicadores é hipótese.,https://cimamavi.sc.gov.br/municipios-associados/perfil/ituporanga ; https://sidra.ibge.gov.br/tabela/5938,2026-09-18
42004,Joaçaba,0192,"Pecuária, inclusive o apoio à pecuária",agropecuaria,513,2015,1330799.0,12485693.0,258967000.0,0.008675698570748337,0.1799435411165824,0.04821344804550388,0.005138874837334486,0.10658591397369774,4.0,estimativa_julgamental,baixa,ITAPIRANGA;FIESC_OESTE,Maior concentração pecuária no Oeste; magnitudes estimadas.,https://servicos.itapiranga.sc.gov.br/pagina-4919/ ; https://fiesc.com.br/imprensa/muito-mais-do-que-aves-e-suinos,2026-09-18
42004,Joaçaba,0280,Produção florestal; pesca e aquicultura,agropecuaria,513,2015,1330799.0,12485693.0,258967000.0,0.0074745639855344805,0.1550306872572147,0.04821344804550388,0.005138874837334486,0.10658591397369774,3.0,estimativa_julgamental,baixa,FIESC_MADEIRA;HIPOTESE,Combinação estimada de florestas interiores e pesca costeira.,https://fiesc.com.br/imprensa/portas-abertas-para-o-futuro,2026-09-18
42004,Joaçaba,0580,Extração de carvão mineral e de minerais não metálicos,industria,517,2015,3397195.0,60267845.0,1160787000.0,0.0006940977505540661,0.013368648886334855,0.051919813023405675,0.0029266308116820744,0.05636828394975795,0.3,estimativa_julgamental,baixa,FIESC_HISTORIA;TIJUCAS,Carvão no Sul e minerais para construção; distribuição estimada.,https://fiesc.com.br/pt-br/imprensa/superar-desafios-e-historia-da-industria ; https://cincatarina.sc.gov.br/noticias.aspx?id=3670&s=43,2026-09-18
42004,Joaçaba,0680,"Extração de petróleo e gás, inclusive as atividades de apoio",industria,517,2015,3397195.0,60267845.0,1160787000.0,0.00032225596918893464,0.006206801419790558,0.051919813023405675,0.0029266308116820744,0.05636828394975795,0.1,estimativa_julgamental,muito_baixa,HIPOTESE,Localização hipotética de apoio costeiro; não comprova extração local ou offshore.,,2026-09-18
42004,Joaçaba,0791,"Extração de minério de ferro, inclusive beneficiamentos e a aglomeração",industria,517,2015,3397195.0,60267845.0,1160787000.0,0.0028217142751473944,0.05434754308293355,0.051919813023405675,0.0029266308116820744,0.05636828394975795,1.0,estimativa_julgamental,muito_baixa,HIPOTESE,Sem evidência de polo de extração de ferro; prior quase VAB e confiança muito baixa.,,2026-09-18
42004,Joaçaba,0792,"Extração de minerais metálicos não ferrosos, inclusive beneficiamentos",industria,517,2015,3397195.0,60267845.0,1160787000.0,0.002857154331440332,0.05503013522318184,0.051919813023405675,0.0029266308116820744,0.05636828394975795,1.0,estimativa_julgamental,muito_baixa,HIPOTESE,Sem dados de extração metálica; pequenas diferenças apenas como hipótese.,,2026-09-18
42004,Joaçaba,1091,"Abate e produtos de carne, inclusive os produtos do laticínio e da pesca",industria,517,2015,3397195.0,60267845.0,1160787000.0,0.011377640021636971,0.2191386940570815,0.051919813023405675,0.0029266308116820744,0.05636828394975795,7.0,estimativa_julgamental,baixa,FIESC_OESTE;ITAPIRANGA;HIPOTESE,Carnes e laticínios no Oeste; pesca incorporada de modo aproximado.,https://fiesc.com.br/imprensa/muito-mais-do-que-aves-e-suinos ; https://servicos.itapiranga.sc.gov.br/pagina-4919/,2026-09-18
42004,Joaçaba,1092,Fabricação e refino de açúcar,industria,517,2015,3397195.0,60267845.0,1160787000.0,0.002187826597228913,0.042138568492968785,0.051919813023405675,0.0029266308116820744,0.05636828394975795,0.5,estimativa_julgamental,muito_baixa,HIPOTESE,Açúcar: produção dispersa presumida; nenhuma usina identificada por esta pesquisa.,,2026-09-18
42004,Joaçaba,1093,Outros produtos alimentares,industria,517,2015,3397195.0,60267845.0,1160787000.0,0.0058597018543752,0.1128606116461479,0.051919813023405675,0.0029266308116820744,0.05636828394975795,3.0,estimativa_julgamental,baixa,FIESC_OESTE;HIPOTESE,Alimentos diversos: extensão qualitativa da agroindústria.,https://fiesc.com.br/imprensa/muito-mais-do-que-aves-e-suinos,2026-09-18
42004,Joaçaba,1100,Fabricação de bebidas,industria,517,2015,3397195.0,60267845.0,1160787000.0,0.003262441988948192,0.06283616598306063,0.051919813023405675,0.0029266308116820744,0.05636828394975795,2.0,estimativa_julgamental,baixa,HIPOTESE,Bebidas: hipótese de polos urbanos e produção regional.,,2026-09-18
42004,Joaçaba,1200,Fabricação de produtos do fumo,industria,517,2015,3397195.0,60267845.0,1160787000.0,0.0014009767720920057,0.02698347105873512,0.051919813023405675,0.0029266308116820744,0.05636828394975795,0.3,estimativa_julgamental,baixa,HIPOTESE,Beneficiamento de fumo presumido próximo a áreas rurais; cultivo não equivale a fabricação.,,2026-09-18
42004,Joaçaba,1300,Fabricação de produtos têxteis,industria,517,2015,3397195.0,60267845.0,1160787000.0,0.0005185092843245188,0.009986732504039884,0.051919813023405675,0.0029266308116820744,0.05636828394975795,0.4,estimativa_julgamental,baixa,FIESC_HISTORIA,Têxteis no Vale; intensidade relativa estimada.,https://fiesc.com.br/pt-br/imprensa/superar-desafios-e-historia-da-industria,2026-09-18
42004,Joaçaba,1400,Confecção de artefatos do vestuário e acessórios,industria,517,2015,3397195.0,60267845.0,1160787000.0,0.001094938766277385,0.021089035235619627,0.051919813023405675,0.0029266308116820744,0.05636828394975795,0.7,estimativa_julgamental,baixa,FIESC_HISTORIA;HIPOTESE,Vestuário no Vale e extensões presumidas ao Sul.,https://fiesc.com.br/pt-br/imprensa/superar-desafios-e-historia-da-industria,2026-09-18
42004,Joaçaba,1500,Fabricação de calçados e de artefatos de couro,industria,517,2015,3397195.0,60267845.0,1160787000.0,0.0006035210863986425,0.011624099765663112,0.051919813023405675,0.0029266308116820744,0.05636828394975795,0.2,estimativa_julgamental,baixa,FIESC_CALCADOS;HIPOTESE,São João Batista ancora o fator de Tijucas; demais polos são hipóteses.,https://fiesc.com.br/sites/default/files/2018-04/IC_FIESC15_REVISAO_FINAL_0.pdf,2026-09-18
42004,Joaçaba,1600,Fabricação de produtos da madeira,industria,517,2015,3397195.0,60267845.0,1160787000.0,0.010581468376057711,0.2038040539800777,0.051919813023405675,0.0029266308116820744,0.05636828394975795,5.0,estimativa_julgamental,baixa,FIESC_MADEIRA;FIESC_OESTE,Distribuição estimada da base madeireira.,https://fiesc.com.br/imprensa/portas-abertas-para-o-futuro ; https://fiesc.com.br/imprensa/muito-mais-do-que-aves-e-suinos,2026-09-18
42004,Joaçaba,1700,"Fabricação de celulose, papel e produtos de papel",industria,517,2015,3397195.0,60267845.0,1160787000.0,0.010770192115741529,0.20743896190239128,0.051919813023405675,0.0029266308116820744,0.05636828394975795,4.0,estimativa_julgamental,baixa,FIESC_MADEIRA;HIPOTESE,Papel e celulose próximos da base florestal; fatores inferidos.,https://fiesc.com.br/imprensa/portas-abertas-para-o-futuro,2026-09-18
42004,Joaçaba,1800,Impressão e reprodução de gravações,industria,517,2015,3397195.0,60267845.0,1160787000.0,0.0018585655513378722,0.03579684600366382,0.051919813023405675,0.0029266308116820744,0.05636828394975795,1.0,estimativa_julgamental,baixa,HIPOTESE,Impressão: demanda urbana e empresarial presumida.,,2026-09-18
42004,Joaçaba,1991,Refino de petróleo e coquerias,industria,517,2015,3397195.0,60267845.0,1160787000.0,0.0005169679547082616,0.00995704577123978,0.051919813023405675,0.0029266308116820744,0.05636828394975795,0.2,estimativa_julgamental,muito_baixa,HIPOTESE,Hipótese de coquerias no Sul; terminais de petróleo não tratados como refinarias.,,2026-09-18
42004,Joaçaba,1992,Fabricação de biocombustíveis,industria,517,2015,3397195.0,60267845.0,1160787000.0,0.006422908682000257,0.12370823984101757,0.051919813023405675,0.0029266308116820744,0.05636828394975795,2.0,estimativa_julgamental,muito_baixa,HIPOTESE,Biocombustíveis: proximidade presumida de insumos agropecuários; baixa confiança.,,2026-09-18
42004,Joaçaba,2091,"Fabricação de químicos orgânicos e inorgânicos, resinas e elastômeros",industria,517,2015,3397195.0,60267845.0,1160787000.0,0.0008162988995134737,0.015722300447143032,0.051919813023405675,0.0029266308116820744,0.05636828394975795,0.5,estimativa_julgamental,baixa,HIPOTESE,Química básica: proximidade industrial presumida.,,2026-09-18
42004,Joaçaba,2092,"Fabricação de defensivos, desinfestantes, tintas e químicos diversos",industria,517,2015,3397195.0,60267845.0,1160787000.0,0.0011415650012693605,0.021987078434869134,0.051919813023405675,0.0029266308116820744,0.05636828394975795,0.7,estimativa_julgamental,baixa,HIPOTESE,Tintas e químicos: hipótese de integração com manufaturas.,,2026-09-18
42004,Joaçaba,2093,"Fabricação de produtos de limpeza, cosméticos/perfumaria e higiene pessoal",industria,517,2015,3397195.0,60267845.0,1160787000.0,0.001870654673602395,0.03602968818009988,0.051919813023405675,0.0029266308116820744,0.05636828394975795,1.0,estimativa_julgamental,baixa,HIPOTESE,Limpeza e cosméticos: mercados urbanos presumidos.,,2026-09-18
42004,Joaçaba,2100,Fabricação de produtos farmoquímicos e farmacêuticos,industria,517,2015,3397195.0,60267845.0,1160787000.0,0.0009581762201346982,0.018454924321525353,0.051919813023405675,0.0029266308116820744,0.05636828394975795,0.5,estimativa_julgamental,baixa,HIPOTESE,Fármacos: hipótese de infraestrutura técnica e urbana; não inventário de fábricas.,,2026-09-18
42004,Joaçaba,2200,Fabricação de produtos de borracha e de material plástico,industria,517,2015,3397195.0,60267845.0,1160787000.0,0.0008038052723302236,0.015481667315863883,0.051919813023405675,0.0029266308116820744,0.05636828394975795,0.6,estimativa_julgamental,baixa,FIESC_HISTORIA;HIPOTESE,"Plásticos dispersos, com reforço industrial estimado.",https://fiesc.com.br/pt-br/imprensa/superar-desafios-e-historia-da-industria,2026-09-18
42004,Joaçaba,2300,Fabricação de produtos de minerais não metálicos,industria,517,2015,3397195.0,60267845.0,1160787000.0,0.0007123513328157382,0.013720221459476505,0.051919813023405675,0.0029266308116820744,0.05636828394975795,0.3,estimativa_julgamental,baixa,FIESC_HISTORIA;TIJUCAS,Cerâmica Sul e Tijucas; demais minerais agregados por hipótese.,https://fiesc.com.br/pt-br/imprensa/superar-desafios-e-historia-da-industria ; https://cincatarina.sc.gov.br/noticias.aspx?id=3670&s=43,2026-09-18
42004,Joaçaba,2491,"Produção de ferro gusa/ferroligas, siderurgia e tubos de aço sem costura",industria,517,2015,3397195.0,60267845.0,1160787000.0,0.00041346196649591607,0.007963471792734031,0.051919813023405675,0.0029266308116820744,0.05636828394975795,0.3,estimativa_julgamental,baixa,HIPOTESE,Siderurgia presumida nos polos metalúrgicos; peso não observado.,,2026-09-18
42004,Joaçaba,2492,Metalurgia de metais não ferosos e a fundição de metais,industria,517,2015,3397195.0,60267845.0,1160787000.0,0.000287091879278152,0.0055295245217606955,0.051919813023405675,0.0029266308116820744,0.05636828394975795,0.3,estimativa_julgamental,baixa,FIESC_HISTORIA;HIPOTESE,Fundição e metais: extensão estimada do polo metalmecânico.,https://fiesc.com.br/pt-br/imprensa/superar-desafios-e-historia-da-industria,2026-09-18
42004,Joaçaba,2500,"Fabricação de produtos de metal, exceto máquinas e equipamentos",industria,517,2015,3397195.0,60267845.0,1160787000.0,0.000956484872427647,0.018422348169791356,0.051919813023405675,0.0029266308116820744,0.05636828394975795,0.7,estimativa_julgamental,baixa,FIESC_HISTORIA;HIPOTESE,Produtos de metal: polos industriais e fornecedores presumidos.,https://fiesc.com.br/pt-br/imprensa/superar-desafios-e-historia-da-industria,2026-09-18
42004,Joaçaba,2600,"Fabricação de equipamentos de informática, produtos eletrônicos e ópticos",industria,517,2015,3397195.0,60267845.0,1160787000.0,0.00033922971479829887,0.0065337237375137054,0.051919813023405675,0.0029266308116820744,0.05636828394975795,0.3,estimativa_julgamental,baixa,ACATE;HIPOTESE,Eletrônica aproximada pelos polos tecnológicos; software não é fabricação.,https://www.acate.com.br/noticias/acate-completa-30-anos-e-comemora-consolidacao-do-setor-em-sc/,2026-09-18
42004,Joaçaba,2700,Fabricação de máquinas e equipamentos elétricos,industria,517,2015,3397195.0,60267845.0,1160787000.0,0.00024345402806882582,0.004689038998639608,0.051919813023405675,0.0029266308116820744,0.05636828394975795,0.3,estimativa_julgamental,baixa,FIESC_HISTORIA;HIPOTESE,Equipamentos elétricos no Norte; intensidades inferidas.,https://fiesc.com.br/pt-br/imprensa/superar-desafios-e-historia-da-industria,2026-09-18
42004,Joaçaba,2800,Fabricação de máquinas e equipamentos mecânicos,industria,517,2015,3397195.0,60267845.0,1160787000.0,0.0021302379059057078,0.04102938323266664,0.051919813023405675,0.0029266308116820744,0.05636828394975795,2.0,estimativa_julgamental,baixa,FIESC_HISTORIA;FIESC_OESTE,Máquinas: reforço estimado de polos industriais.,https://fiesc.com.br/pt-br/imprensa/superar-desafios-e-historia-da-industria ; https://fiesc.com.br/imprensa/muito-mais-do-que-aves-e-suinos,2026-09-18
42004,Joaçaba,2991,"Fabricação de automóveis, caminhões e ônibus, exceto peças",industria,517,2015,3397195.0,60267845.0,1160787000.0,0.001193214180187684,0.02298186589481318,0.051919813023405675,0.0029266308116820744,0.05636828394975795,2.0,estimativa_julgamental,baixa,BMW;HIPOTESE,Araquari confirmado antes de 2015; outras produções agregadas são hipóteses.,https://www.press.bmwgroup.com/portugal/article/detail/T0194787PT/bmw-group-assembles-first-car-in-brazil?language=pt,2026-09-18
42004,Joaçaba,2992,Fabricação de peças e acessórios para veículos automotores,industria,517,2015,3397195.0,60267845.0,1160787000.0,0.000287091879278152,0.0055295245217606955,0.051919813023405675,0.0029266308116820744,0.05636828394975795,0.3,estimativa_julgamental,baixa,BMW;HIPOTESE,Autopeças: proximidade presumida de montagem e metalmecânica.,https://www.press.bmwgroup.com/portugal/article/detail/T0194787PT/bmw-group-assembles-first-car-in-brazil?language=pt,2026-09-18
42004,Joaçaba,3000,"Fabricação de outros equipamentos de transporte, exceto veículos automotores",industria,517,2015,3397195.0,60267845.0,1160787000.0,0.00028650971434174597,0.0055183117514808104,0.051919813023405675,0.0029266308116820744,0.05636828394975795,0.2,estimativa_julgamental,baixa,FIESC_PORTOS;HIPOTESE,Transporte não automotivo: hipótese de produção naval costeira.,https://fiesc.com.br/pt-br/imprensa/podio-da-industria-os-setores-que-mais-se-destacaram-em-sc,2026-09-18
42004,Joaçaba,3180,Fabricação de móveis e de produtos de indústrias diversas,industria,517,2015,3397195.0,60267845.0,1160787000.0,0.0063013190342738655,0.1213663660813494,0.051919813023405675,0.0029266308116820744,0.05636828394975795,3.0,estimativa_julgamental,baixa,FIESC_MADEIRA;FIESC_OESTE,Móveis com polo em São Bento; outras indústrias agregadas ao mesmo perfil.,https://fiesc.com.br/imprensa/portas-abertas-para-o-futuro ; https://fiesc.com.br/imprensa/muito-mais-do-que-aves-e-suinos,2026-09-18
42004,Joaçaba,3300,"Manutenção, reparação e instalação de máquinas e equipamentos",industria,517,2015,3397195.0,60267845.0,1160787000.0,0.0017359401332304614,0.03343502281966794,0.051919813023405675,0.0029266308116820744,0.05636828394975795,1.0,estimativa_julgamental,baixa,HIPOTESE,Manutenção segue demanda industrial e logística presumida.,,2026-09-18
42004,Joaçaba,3500,"Energia elétrica, gás natural e outras utilidades",industria,517,2015,3397195.0,60267845.0,1160787000.0,0.005886189784277563,0.11337078162481139,0.051919813023405675,0.0029266308116820744,0.05636828394975795,3.0,estimativa_julgamental,baixa,WIKI_ENERGIA;HIPOTESE,"Geração e utilidades: reforço de Tubarão; hidroeletricidade e redes aproximadas. Fator de produção, não de carbono.",https://pt.wikipedia.org/wiki/Complexo_Termoel%C3%A9trico_Jorge_Lacerda,2026-09-18
42004,Joaçaba,3680,"Água, esgoto e gestão de resíduos",industria,517,2015,3397195.0,60267845.0,1160787000.0,0.0023602125621017636,0.04545880319402864,0.051919813023405675,0.0029266308116820744,0.05636828394975795,1.0,estimativa_julgamental,baixa,HIPOTESE,Saneamento: demanda urbana presumida.,,2026-09-18
42004,Joaçaba,4180,Construção,industria,517,2015,3397195.0,60267845.0,1160787000.0,0.002215932104466365,0.04267989377133183,0.051919813023405675,0.0029266308116820744,0.05636828394975795,1.0,estimativa_julgamental,baixa,WIKI_FLORIPA;HIPOTESE,Construção: reforço presumido do litoral urbano.,https://pt.wikipedia.org/wiki/Regi%C3%A3o_Metropolitana_de_Florian%C3%B3polis,2026-09-18
42004,Joaçaba,4580,Comércio por atacado e varejo,servicos,6575,2015,4232555.0,108382198.0,2850260000.0,0.001453214564639891,0.03821697089768861,0.038025372773010185,0.0014849715464554112,0.03905212367071574,1.3,estimativa_julgamental,baixa,HIPOTESE,Comércio: centralidade regional e logística presumidas.,,2026-09-18
42004,Joaçaba,4900,Transporte terrestre,servicos,6575,2015,4232555.0,108382198.0,2850260000.0,0.0019558944848038834,0.05143656306749336,0.038025372773010185,0.0014849715464554112,0.03905212367071574,2.0,estimativa_julgamental,baixa,FIESC_PORTOS;HIPOTESE,Transporte terrestre: conexão presumida de polos produtivos e portos.,https://fiesc.com.br/pt-br/imprensa/podio-da-industria-os-setores-que-mais-se-destacaram-em-sc,2026-09-18
42004,Joaçaba,5000,Transporte aquaviário,servicos,6575,2015,4232555.0,108382198.0,2850260000.0,2.0908368631365562e-05,0.0005498530877310951,0.038025372773010185,0.0014849715464554112,0.03905212367071574,0.05,estimativa_julgamental,baixa,FIESC_PORTOS,Concentração portuária; sede de transportadora e movimentação não são equivalentes.,https://fiesc.com.br/pt-br/imprensa/podio-da-industria-os-setores-que-mais-se-destacaram-em-sc,2026-09-18
42004,Joaçaba,5100,Transporte aéreo,servicos,6575,2015,4232555.0,108382198.0,2850260000.0,0.00035687067286073525,0.009385067044340363,0.038025372773010185,0.0014849715464554112,0.03905212367071574,1.0,estimativa_julgamental,baixa,HIPOTESE,"Transporte aéreo: aproximação por aeroportos, não por sede de companhia.",,2026-09-18
42004,Joaçaba,5280,"Armazenamento, atividades auxiliares dos transportes e correio",servicos,6575,2015,4232555.0,108382198.0,2850260000.0,0.00014539177013316658,0.0038235462148148453,0.038025372773010185,0.0014849715464554112,0.03905212367071574,0.3,estimativa_julgamental,baixa,FIESC_PORTOS;HIPOTESE,Armazenamento e apoio: concentração logística estimada.,https://fiesc.com.br/pt-br/imprensa/podio-da-industria-os-setores-que-mais-se-destacaram-em-sc,2026-09-18
42004,Joaçaba,5500,Alojamento,servicos,6575,2015,4232555.0,108382198.0,2850260000.0,0.00046064220828324036,0.012114074753007997,0.038025372773010185,0.0014849715464554112,0.03905212367071574,0.7,estimativa_julgamental,baixa,WIKI_FLORIPA;HIPOTESE,Alojamento: litoral e turismo serrano/rural presumidos.,https://pt.wikipedia.org/wiki/Regi%C3%A3o_Metropolitana_de_Florian%C3%B3polis,2026-09-18
42004,Joaçaba,5600,Alimentação,servicos,6575,2015,4232555.0,108382198.0,2850260000.0,0.000973534209927914,0.02560222659063354,0.038025372773010185,0.0014849715464554112,0.03905212367071574,1.0,estimativa_julgamental,baixa,WIKI_FLORIPA;HIPOTESE,Alimentação acompanha turismo e mercados urbanos.,https://pt.wikipedia.org/wiki/Regi%C3%A3o_Metropolitana_de_Florian%C3%B3polis,2026-09-18
42004,Joaçaba,5800,Edição e edição integrada à impressão,servicos,6575,2015,4232555.0,108382198.0,2850260000.0,0.0006738541548079037,0.01772117156695423,0.038025372773010185,0.0014849715464554112,0.03905212367071574,0.8,estimativa_julgamental,baixa,HIPOTESE,Edição: concentração urbana presumida.,,2026-09-18
42004,Joaçaba,5980,"Atividades de televisão, rádio, cinema e  gravação/edição de som e imagem",servicos,6575,2015,4232555.0,108382198.0,2850260000.0,0.00035976526079329734,0.00946118958362068,0.038025372773010185,0.0014849715464554112,0.03905212367071574,0.5,estimativa_julgamental,baixa,HIPOTESE,Mídia: centralidade da capital e polos regionais presumida.,,2026-09-18
42004,Joaçaba,6100,Telecomunicações,servicos,6575,2015,4232555.0,108382198.0,2850260000.0,0.0009061460773711541,0.023830037979649273,0.038025372773010185,0.0014849715464554112,0.03905212367071574,1.0,estimativa_julgamental,baixa,ACATE;HIPOTESE,Telecom: perfil urbano inferido; polos de TI são apenas contexto.,https://www.acate.com.br/noticias/acate-completa-30-anos-e-comemora-consolidacao-do-setor-em-sc/,2026-09-18
42004,Joaçaba,6280,Desenvolvimento de sistemas e outros serviços de informação,servicos,6575,2015,4232555.0,108382198.0,2850260000.0,0.00023512751089805256,0.006183437366982038,0.038025372773010185,0.0014849715464554112,0.03905212367071574,0.5,estimativa_julgamental,baixa,ACATE,Software e informação: polos documentados; multiplicadores julgamentais.,https://www.acate.com.br/noticias/acate-completa-30-anos-e-comemora-consolidacao-do-setor-em-sc/,2026-09-18
42004,Joaçaba,6480,"Intermediação financeira, seguros e previdência complementar",servicos,6575,2015,4232555.0,108382198.0,2850260000.0,0.0006356211378610671,0.016715710892707437,0.038025372773010185,0.0014849715464554112,0.03905212367071574,0.8,estimativa_julgamental,baixa,HIPOTESE,Finanças: sedes e mercados urbanos presumidos.,,2026-09-18
42004,Joaçaba,6800,Atividades imobiliárias,servicos,6575,2015,4232555.0,108382198.0,2850260000.0,0.0008941120614089382,0.023513564659741217,0.038025372773010185,0.0014849715464554112,0.03905212367071574,1.0,estimativa_julgamental,baixa,WIKI_FLORIPA;HIPOTESE,Imobiliário: reforço litorâneo presumido; inclui aluguéis imputados.,https://pt.wikipedia.org/wiki/Regi%C3%A3o_Metropolitana_de_Florian%C3%B3polis,2026-09-18
42004,Joaçaba,6980,"Atividades jurídicas, contábeis, consultoria e sedes de empresas ",servicos,6575,2015,4232555.0,108382198.0,2850260000.0,0.0005007010691299779,0.013167551890125523,0.038025372773010185,0.0014849715464554112,0.03905212367071574,0.7,estimativa_julgamental,baixa,HIPOTESE,Serviços empresariais: sedes e centralidade presumidas.,,2026-09-18
42004,Joaçaba,7180,"Serviços de arquitetura, engenharia, testes/análises técnicas e P & D",servicos,6575,2015,4232555.0,108382198.0,2850260000.0,0.0004884235172969197,0.012844674007866534,0.038025372773010185,0.0014849715464554112,0.03905212367071574,0.7,estimativa_julgamental,baixa,ACATE;HIPOTESE,Engenharia e P&D: integração presumida com tecnologia e indústria.,https://www.acate.com.br/noticias/acate-completa-30-anos-e-comemora-consolidacao-do-setor-em-sc/,2026-09-18
42004,Joaçaba,7380,"Outras atividades profissionais, científicas e técnicas",servicos,6575,2015,4232555.0,108382198.0,2850260000.0,0.0008650670533601937,0.022749732356975205,0.038025372773010185,0.0014849715464554112,0.03905212367071574,1.0,estimativa_julgamental,baixa,HIPOTESE,Outros serviços técnicos: concentração urbana moderada.,,2026-09-18
42004,Joaçaba,7700,Aluguéis não imobiliários e gestão de ativos de propriedade intelectual,servicos,6575,2015,4232555.0,108382198.0,2850260000.0,0.0008827384168909534,0.023214457939975997,0.038025372773010185,0.0014849715464554112,0.03905212367071574,1.0,estimativa_julgamental,baixa,HIPOTESE,Aluguéis de equipamentos: demanda empresarial presumida.,,2026-09-18
42004,Joaçaba,7880,Outras atividades administrativas e serviços complementares,servicos,6575,2015,4232555.0,108382198.0,2850260000.0,0.000918266856721359,0.024148793023092478,0.038025372773010185,0.0014849715464554112,0.03905212367071574,1.0,estimativa_julgamental,baixa,HIPOTESE,Serviços administrativos: mercados urbanos presumidos.,,2026-09-18
42004,Joaçaba,8000,"Atividades de vigilância, segurança e investigação",servicos,6575,2015,4232555.0,108382198.0,2850260000.0,0.000951450409830038,0.025021461735816635,0.038025372773010185,0.0014849715464554112,0.03905212367071574,1.0,estimativa_julgamental,baixa,HIPOTESE,Segurança: demanda industrial e urbana presumida.,,2026-09-18
42004,Joaçaba,8400,"Administração pública, defesa e seguridade social",administracao_publica,525,2015,1440111.0,28534686.0,885587000.0,0.0012454541443037738,0.03865323765229258,0.03222121146764802,0.0016261654699086595,0.05046878735585175,1.0,estimativa_julgamental,baixa,VAB;HIPOTESE,Administração: reforço da capital; não mede empregos públicos municipais.,https://sidra.ibge.gov.br/tabela/5938,2026-09-18
42004,Joaçaba,8591,Educação pública,administracao_publica,525,2015,1440111.0,28534686.0,885587000.0,0.0017678724899691954,0.05486672938242074,0.03222121146764802,0.0016261654699086595,0.05046878735585175,1.2,estimativa_julgamental,baixa,VAB;HIPOTESE,Educação pública: perfil difuso com polos de ensino presumidos.,https://sidra.ibge.gov.br/tabela/5938,2026-09-18
42004,Joaçaba,8592,Educação privada,servicos,6575,2015,4232555.0,108382198.0,2850260000.0,0.0006384920564878517,0.016791210971139864,0.038025372773010185,0.0014849715464554112,0.03905212367071574,0.8,estimativa_julgamental,baixa,HIPOTESE,Educação privada: centros regionais presumidos.,,2026-09-18
42004,Joaçaba,8691,Saúde pública,administracao_publica,525,2015,1440111.0,28534686.0,885587000.0,0.0018953164252006637,0.05882201006326756,0.03222121146764802,0.0016261654699086595,0.05046878735585175,1.4,estimativa_julgamental,baixa,VAB;HIPOTESE,"Saúde pública: rede regional presumida, sem contagem de leitos.",https://sidra.ibge.gov.br/tabela/5938,2026-09-18
42004,Joaçaba,8692,Saúde privada,servicos,6575,2015,4232555.0,108382198.0,2850260000.0,0.000672871575745319,0.01769533147674788,0.038025372773010185,0.0014849715464554112,0.03905212367071574,0.8,estimativa_julgamental,baixa,HIPOTESE,Saúde privada: centralidade regional presumida.,,2026-09-18
42004,Joaçaba,9080,"Atividades artísticas, criativas e de espetáculos",servicos,6575,2015,4232555.0,108382198.0,2850260000.0,0.0006318826690367748,0.016617395779622054,0.038025372773010185,0.0014849715464554112,0.03905212367071574,0.8,estimativa_julgamental,baixa,WIKI_FLORIPA;HIPOTESE,Cultura e lazer: turismo e centralidade presumidos.,https://pt.wikipedia.org/wiki/Regi%C3%A3o_Metropolitana_de_Florian%C3%B3polis,2026-09-18
42004,Joaçaba,9480,Organizações associativas e outros serviços pessoais,servicos,6575,2015,4232555.0,108382198.0,2850260000.0,0.0011853409467089727,0.03117236887550802,0.038025372773010185,0.0014849715464554112,0.03905212367071574,1.0,estimativa_julgamental,baixa,HIPOTESE,Serviços pessoais e associações: demanda urbana presumida.,,2026-09-18
42004,Joaçaba,9700,Serviços domésticos,servicos,6575,2015,4232555.0,108382198.0,2850260000.0,0.001077277736391925,0.028330497713267913,0.038025372773010185,0.0014849715464554112,0.03905212367071574,1.0,estimativa_julgamental,baixa,HIPOTESE,"Serviços domésticos: demanda residencial presumida, não emprego observado.",,2026-09-18
42005,Concórdia,0191,"Agricultura, inclusive o apoio à agricultura e a pós-colheita",agropecuaria,513,2015,693174.0,12485693.0,258967000.0,0.0018887503662313107,0.03917476228725038,0.04821344804550388,0.002676688535604923,0.05551746306752857,1.0,estimativa_julgamental,baixa,ITUPORANGA;VAB;HIPOTESE,Reforço agrícola rural; escolha dos multiplicadores é hipótese.,https://cimamavi.sc.gov.br/municipios-associados/perfil/ituporanga ; https://sidra.ibge.gov.br/tabela/5938,2026-09-18
42005,Concórdia,0192,"Pecuária, inclusive o apoio à pecuária",agropecuaria,513,2015,693174.0,12485693.0,258967000.0,0.006778373760139481,0.14059093541167286,0.04821344804550388,0.002676688535604923,0.05551746306752857,6.0,estimativa_julgamental,baixa,ITAPIRANGA;FIESC_OESTE,Maior concentração pecuária no Oeste; magnitudes estimadas.,https://servicos.itapiranga.sc.gov.br/pagina-4919/ ; https://fiesc.com.br/imprensa/muito-mais-do-que-aves-e-suinos,2026-09-18
42005,Concórdia,0280,Produção florestal; pesca e aquicultura,agropecuaria,513,2015,693174.0,12485693.0,258967000.0,0.0006488800357415456,0.013458486419165297,0.04821344804550388,0.002676688535604923,0.05551746306752857,0.5,estimativa_julgamental,baixa,FIESC_MADEIRA;HIPOTESE,Combinação estimada de florestas interiores e pesca costeira.,https://fiesc.com.br/imprensa/portas-abertas-para-o-futuro,2026-09-18
42005,Concórdia,0580,Extração de carvão mineral e de minerais não metálicos,industria,517,2015,1941345.0,60267845.0,1160787000.0,0.0003966458203162855,0.007639584914095816,0.051919813023405675,0.001672438612768751,0.03221195315677871,0.3,estimativa_julgamental,baixa,FIESC_HISTORIA;TIJUCAS,Carvão no Sul e minerais para construção; distribuição estimada.,https://fiesc.com.br/pt-br/imprensa/superar-desafios-e-historia-da-industria ; https://cincatarina.sc.gov.br/noticias.aspx?id=3670&s=43,2026-09-18
42005,Concórdia,0680,"Extração de petróleo e gás, inclusive as atividades de apoio",industria,517,2015,1941345.0,60267845.0,1160787000.0,0.000184154873213075,0.003546909406820421,0.051919813023405675,0.001672438612768751,0.03221195315677871,0.1,estimativa_julgamental,muito_baixa,HIPOTESE,Localização hipotética de apoio costeiro; não comprova extração local ou offshore.,,2026-09-18
42005,Concórdia,0791,"Extração de minério de ferro, inclusive beneficiamentos e a aglomeração",industria,517,2015,1941345.0,60267845.0,1160787000.0,0.0016124835046224953,0.031057190130780725,0.051919813023405675,0.001672438612768751,0.03221195315677871,1.0,estimativa_julgamental,muito_baixa,HIPOTESE,Sem evidência de polo de extração de ferro; prior quase VAB e confiança muito baixa.,,2026-09-18
42005,Concórdia,0792,"Extração de minerais metálicos não ferrosos, inclusive beneficiamentos",industria,517,2015,1941345.0,60267845.0,1160787000.0,0.001632735911706579,0.03144726100940569,0.051919813023405675,0.001672438612768751,0.03221195315677871,1.0,estimativa_julgamental,muito_baixa,HIPOTESE,Sem dados de extração metálica; pequenas diferenças apenas como hipótese.,,2026-09-18
42005,Concórdia,1091,"Abate e produtos de carne, inclusive os produtos do laticínio e da pesca",industria,517,2015,1941345.0,60267845.0,1160787000.0,0.009288303425033563,0.17889708926429215,0.051919813023405675,0.001672438612768751,0.03221195315677871,10.0,estimativa_julgamental,baixa,FIESC_OESTE;ITAPIRANGA;HIPOTESE,Carnes e laticínios no Oeste; pesca incorporada de modo aproximado.,https://fiesc.com.br/imprensa/muito-mais-do-que-aves-e-suinos ; https://servicos.itapiranga.sc.gov.br/pagina-4919/,2026-09-18
42005,Concórdia,1092,Fabricação e refino de açúcar,industria,517,2015,1941345.0,60267845.0,1160787000.0,0.0012502450478695994,0.024080307209619255,0.051919813023405675,0.001672438612768751,0.03221195315677871,0.5,estimativa_julgamental,muito_baixa,HIPOTESE,Açúcar: produção dispersa presumida; nenhuma usina identificada por esta pesquisa.,,2026-09-18
42005,Concórdia,1093,Outros produtos alimentares,industria,517,2015,1941345.0,60267845.0,1160787000.0,0.0022323716863435913,0.0429965278445288,0.051919813023405675,0.001672438612768751,0.03221195315677871,2.0,estimativa_julgamental,baixa,FIESC_OESTE;HIPOTESE,Alimentos diversos: extensão qualitativa da agroindústria.,https://fiesc.com.br/imprensa/muito-mais-do-que-aves-e-suinos,2026-09-18
42005,Concórdia,1100,Fabricação de bebidas,industria,517,2015,1941345.0,60267845.0,1160787000.0,0.0007457358724517879,0.014363223382865553,0.051919813023405675,0.001672438612768751,0.03221195315677871,0.8,estimativa_julgamental,baixa,HIPOTESE,Bebidas: hipótese de polos urbanos e produção regional.,,2026-09-18
42005,Concórdia,1200,Fabricação de produtos do fumo,industria,517,2015,1941345.0,60267845.0,1160787000.0,0.0008005955653463975,0.015419846850863764,0.051919813023405675,0.001672438612768751,0.03221195315677871,0.3,estimativa_julgamental,baixa,HIPOTESE,Beneficiamento de fumo presumido próximo a áreas rurais; cultivo não equivale a fabricação.,,2026-09-18
42005,Concórdia,1300,Fabricação de produtos têxteis,industria,517,2015,1941345.0,60267845.0,1160787000.0,0.0002963048652129133,0.0057069709607647815,0.051919813023405675,0.001672438612768751,0.03221195315677871,0.4,estimativa_julgamental,baixa,FIESC_HISTORIA,Têxteis no Vale; intensidade relativa estimada.,https://fiesc.com.br/pt-br/imprensa/superar-desafios-e-historia-da-industria,2026-09-18
42005,Concórdia,1400,Confecção de artefatos do vestuário e acessórios,industria,517,2015,1941345.0,60267845.0,1160787000.0,0.0006257085328392306,0.012051440411720253,0.051919813023405675,0.001672438612768751,0.03221195315677871,0.7,estimativa_julgamental,baixa,FIESC_HISTORIA;HIPOTESE,Vestuário no Vale e extensões presumidas ao Sul.,https://fiesc.com.br/pt-br/imprensa/superar-desafios-e-historia-da-industria,2026-09-18
42005,Concórdia,1500,Fabricação de calçados e de artefatos de couro,industria,517,2015,1941345.0,60267845.0,1160787000.0,0.00034488530787151535,0.006642653118108102,0.051919813023405675,0.001672438612768751,0.03221195315677871,0.2,estimativa_julgamental,baixa,FIESC_CALCADOS;HIPOTESE,São João Batista ancora o fator de Tijucas; demais polos são hipóteses.,https://fiesc.com.br/sites/default/files/2018-04/IC_FIESC15_REVISAO_FINAL_0.pdf,2026-09-18
42005,Concórdia,1600,Fabricação de produtos da madeira,industria,517,2015,1941345.0,60267845.0,1160787000.0,0.0006046835911544011,0.011646490153610668,0.051919813023405675,0.001672438612768751,0.03221195315677871,0.5,estimativa_julgamental,baixa,FIESC_MADEIRA;FIESC_OESTE,Distribuição estimada da base madeireira.,https://fiesc.com.br/imprensa/portas-abertas-para-o-futuro ; https://fiesc.com.br/imprensa/muito-mais-do-que-aves-e-suinos,2026-09-18
42005,Concórdia,1700,"Fabricação de celulose, papel e produtos de papel",industria,517,2015,1941345.0,60267845.0,1160787000.0,0.00046160123159549806,0.008890656662946883,0.051919813023405675,0.001672438612768751,0.03221195315677871,0.3,estimativa_julgamental,baixa,FIESC_MADEIRA;HIPOTESE,Papel e celulose próximos da base florestal; fatores inferidos.,https://fiesc.com.br/imprensa/portas-abertas-para-o-futuro,2026-09-18
42005,Concórdia,1800,Impressão e reprodução de gravações,industria,517,2015,1941345.0,60267845.0,1160787000.0,0.001062087086629417,0.020456296446033494,0.051919813023405675,0.001672438612768751,0.03221195315677871,1.0,estimativa_julgamental,baixa,HIPOTESE,Impressão: demanda urbana e empresarial presumida.,,2026-09-18
42005,Concórdia,1991,Refino de petróleo e coquerias,industria,517,2015,1941345.0,60267845.0,1160787000.0,0.00029542406427452946,0.005690006320734456,0.051919813023405675,0.001672438612768751,0.03221195315677871,0.2,estimativa_julgamental,muito_baixa,HIPOTESE,Hipótese de coquerias no Sul; terminais de petróleo não tratados como refinarias.,,2026-09-18
42005,Concórdia,1992,Fabricação de biocombustíveis,industria,517,2015,1941345.0,60267845.0,1160787000.0,0.005505607562382108,0.10604058916583842,0.051919813023405675,0.001672438612768751,0.03221195315677871,3.0,estimativa_julgamental,muito_baixa,HIPOTESE,Biocombustíveis: proximidade presumida de insumos agropecuários; baixa confiança.,,2026-09-18
42005,Concórdia,2091,"Fabricação de químicos orgânicos e inorgânicos, resinas e elastômeros",industria,517,2015,1941345.0,60267845.0,1160787000.0,0.00046647831139395434,0.008984591511985298,0.051919813023405675,0.001672438612768751,0.03221195315677871,0.5,estimativa_julgamental,baixa,HIPOTESE,Química básica: proximidade industrial presumida.,,2026-09-18
42005,Concórdia,2092,"Fabricação de defensivos, desinfestantes, tintas e químicos diversos",industria,517,2015,1941345.0,60267845.0,1160787000.0,0.0006523533407382463,0.012564631934328472,0.051919813023405675,0.001672438612768751,0.03221195315677871,0.7,estimativa_julgamental,baixa,HIPOTESE,Tintas e químicos: hipótese de integração com manufaturas.,,2026-09-18
42005,Concórdia,2093,"Fabricação de produtos de limpeza, cosméticos/perfumaria e higiene pessoal",industria,517,2015,1941345.0,60267845.0,1160787000.0,0.0010689954793070876,0.020589355335797914,0.051919813023405675,0.001672438612768751,0.03221195315677871,1.0,estimativa_julgamental,baixa,HIPOTESE,Limpeza e cosméticos: mercados urbanos presumidos.,,2026-09-18
42005,Concórdia,2100,Fabricação de produtos farmoquímicos e farmacêuticos,industria,517,2015,1941345.0,60267845.0,1160787000.0,0.0005475548545424669,0.010546163837216184,0.051919813023405675,0.001672438612768751,0.03221195315677871,0.5,estimativa_julgamental,baixa,HIPOTESE,Fármacos: hipótese de infraestrutura técnica e urbana; não inventário de fábricas.,,2026-09-18
42005,Concórdia,2200,Fabricação de produtos de borracha e de material plástico,industria,517,2015,1941345.0,60267845.0,1160787000.0,0.00045933876224706495,0.008847080439985272,0.051919813023405675,0.001672438612768751,0.03221195315677871,0.6,estimativa_julgamental,baixa,FIESC_HISTORIA;HIPOTESE,"Plásticos dispersos, com reforço industrial estimado.",https://fiesc.com.br/pt-br/imprensa/superar-desafios-e-historia-da-industria,2026-09-18
42005,Concórdia,2300,Fabricação de produtos de minerais não metálicos,industria,517,2015,1941345.0,60267845.0,1160787000.0,0.00040707692617149424,0.007840492915257269,0.051919813023405675,0.001672438612768751,0.03221195315677871,0.3,estimativa_julgamental,baixa,FIESC_HISTORIA;TIJUCAS,Cerâmica Sul e Tijucas; demais minerais agregados por hipótese.,https://fiesc.com.br/pt-br/imprensa/superar-desafios-e-historia-da-industria ; https://cincatarina.sc.gov.br/noticias.aspx?id=3670&s=43,2026-09-18
42005,Concórdia,2491,"Produção de ferro gusa/ferroligas, siderurgia e tubos de aço sem costura",industria,517,2015,1941345.0,60267845.0,1160787000.0,0.00023627502140648808,0.0045507679563478835,0.051919813023405675,0.001672438612768751,0.03221195315677871,0.3,estimativa_julgamental,baixa,HIPOTESE,Siderurgia presumida nos polos metalúrgicos; peso não observado.,,2026-09-18
42005,Concórdia,2492,Metalurgia de metais não ferosos e a fundição de metais,industria,517,2015,1941345.0,60267845.0,1160787000.0,0.00016406016857355672,0.0031598759513944644,0.051919813023405675,0.001672438612768751,0.03221195315677871,0.3,estimativa_julgamental,baixa,FIESC_HISTORIA;HIPOTESE,Fundição e metais: extensão estimada do polo metalmecânico.,https://fiesc.com.br/pt-br/imprensa/superar-desafios-e-historia-da-industria,2026-09-18
42005,Concórdia,2500,"Fabricação de produtos de metal, exceto máquinas e equipamentos",industria,517,2015,1941345.0,60267845.0,1160787000.0,0.0005465883249748838,0.010527548023496914,0.051919813023405675,0.001672438612768751,0.03221195315677871,0.7,estimativa_julgamental,baixa,FIESC_HISTORIA;HIPOTESE,Produtos de metal: polos industriais e fornecedores presumidos.,https://fiesc.com.br/pt-br/imprensa/superar-desafios-e-historia-da-industria,2026-09-18
42005,Concórdia,2600,"Fabricação de equipamentos de informática, produtos eletrônicos e ópticos",industria,517,2015,1941345.0,60267845.0,1160787000.0,0.0001938546096632968,0.0037337308895143036,0.051919813023405675,0.001672438612768751,0.03221195315677871,0.3,estimativa_julgamental,baixa,ACATE;HIPOTESE,Eletrônica aproximada pelos polos tecnológicos; software não é fabricação.,https://www.acate.com.br/noticias/acate-completa-30-anos-e-comemora-consolidacao-do-setor-em-sc/,2026-09-18
42005,Concórdia,2700,Fabricação de máquinas e equipamentos elétricos,industria,517,2015,1941345.0,60267845.0,1160787000.0,0.00013912308834826222,0.0026795760663765283,0.051919813023405675,0.001672438612768751,0.03221195315677871,0.3,estimativa_julgamental,baixa,FIESC_HISTORIA;HIPOTESE,Equipamentos elétricos no Norte; intensidades inferidas.,https://fiesc.com.br/pt-br/imprensa/superar-desafios-e-historia-da-industria,2026-09-18
42005,Concórdia,2800,Fabricação de máquinas e equipamentos mecânicos,industria,517,2015,1941345.0,60267845.0,1160787000.0,0.00030433392162066916,0.0058616143606579265,0.051919813023405675,0.001672438612768751,0.03221195315677871,0.5,estimativa_julgamental,baixa,FIESC_HISTORIA;FIESC_OESTE,Máquinas: reforço estimado de polos industriais.,https://fiesc.com.br/pt-br/imprensa/superar-desafios-e-historia-da-industria ; https://fiesc.com.br/imprensa/muito-mais-do-que-aves-e-suinos,2026-09-18
42005,Concórdia,2991,"Fabricação de automóveis, caminhões e ônibus, exceto peças",industria,517,2015,1941345.0,60267845.0,1160787000.0,1.704671341089089e-05,0.00032832771187381126,0.051919813023405675,0.001672438612768751,0.03221195315677871,0.05,estimativa_julgamental,baixa,BMW;HIPOTESE,Araquari confirmado antes de 2015; outras produções agregadas são hipóteses.,https://www.press.bmwgroup.com/portugal/article/detail/T0194787PT/bmw-group-assembles-first-car-in-brazil?language=pt,2026-09-18
42005,Concórdia,2992,Fabricação de peças e acessórios para veículos automotores,industria,517,2015,1941345.0,60267845.0,1160787000.0,0.00016406016857355672,0.0031598759513944644,0.051919813023405675,0.001672438612768751,0.03221195315677871,0.3,estimativa_julgamental,baixa,BMW;HIPOTESE,Autopeças: proximidade presumida de montagem e metalmecânica.,https://www.press.bmwgroup.com/portugal/article/detail/T0194787PT/bmw-group-assembles-first-car-in-brazil?language=pt,2026-09-18
42005,Concórdia,3000,"Fabricação de outros equipamentos de transporte, exceto veículos automotores",industria,517,2015,1941345.0,60267845.0,1160787000.0,0.0001637274873502336,0.0031534683546804096,0.051919813023405675,0.001672438612768751,0.03221195315677871,0.2,estimativa_julgamental,baixa,FIESC_PORTOS;HIPOTESE,Transporte não automotivo: hipótese de produção naval costeira.,https://fiesc.com.br/pt-br/imprensa/podio-da-industria-os-setores-que-mais-se-destacaram-em-sc,2026-09-18
42005,Concórdia,3180,Fabricação de móveis e de produtos de indústrias diversas,industria,517,2015,1941345.0,60267845.0,1160787000.0,0.0007201843992230295,0.013871089999849717,0.051919813023405675,0.001672438612768751,0.03221195315677871,0.6,estimativa_julgamental,baixa,FIESC_MADEIRA;FIESC_OESTE,Móveis com polo em São Bento; outras indústrias agregadas ao mesmo perfil.,https://fiesc.com.br/imprensa/portas-abertas-para-o-futuro ; https://fiesc.com.br/imprensa/muito-mais-do-que-aves-e-suinos,2026-09-18
42005,Concórdia,3300,"Manutenção, reparação e instalação de máquinas e equipamentos",industria,517,2015,1941345.0,60267845.0,1160787000.0,0.0009920121447094708,0.01910662013097519,0.051919813023405675,0.001672438612768751,0.03221195315677871,1.0,estimativa_julgamental,baixa,HIPOTESE,Manutenção segue demanda industrial e logística presumida.,,2026-09-18
42005,Concórdia,3500,"Energia elétrica, gás natural e outras utilidades",industria,517,2015,1941345.0,60267845.0,1160787000.0,0.001121231398919631,0.021595443697267843,0.051919813023405675,0.001672438612768751,0.03221195315677871,1.0,estimativa_julgamental,baixa,WIKI_ENERGIA;HIPOTESE,"Geração e utilidades: reforço de Tubarão; hidroeletricidade e redes aproximadas. Fator de produção, não de carbono.",https://pt.wikipedia.org/wiki/Complexo_Termoel%C3%A9trico_Jorge_Lacerda,2026-09-18
42005,Concórdia,3680,"Água, esgoto e gestão de resíduos",industria,517,2015,1941345.0,60267845.0,1160787000.0,0.0013487559166822773,0.025977672840891246,0.051919813023405675,0.001672438612768751,0.03221195315677871,1.0,estimativa_julgamental,baixa,HIPOTESE,Saneamento: demanda urbana presumida.,,2026-09-18
42005,Concórdia,4180,Construção,industria,517,2015,1941345.0,60267845.0,1160787000.0,0.0012663060882125564,0.024389650394960015,0.051919813023405675,0.001672438612768751,0.03221195315677871,1.0,estimativa_julgamental,baixa,WIKI_FLORIPA;HIPOTESE,Construção: reforço presumido do litoral urbano.,https://pt.wikipedia.org/wiki/Regi%C3%A3o_Metropolitana_de_Florian%C3%B3polis,2026-09-18
42005,Concórdia,4580,Comércio por atacado e varejo,servicos,6575,2015,1947916.0,108382198.0,2850260000.0,0.0005144628320782559,0.013529461897699359,0.038025372773010185,0.0006834169514360094,0.01797265635819639,1.0,estimativa_julgamental,baixa,HIPOTESE,Comércio: centralidade regional e logística presumidas.,,2026-09-18
42005,Concórdia,4900,Transporte terrestre,servicos,6575,2015,1947916.0,108382198.0,2850260000.0,0.00045007308366474164,0.011836125482619765,0.038025372773010185,0.0006834169514360094,0.01797265635819639,1.0,estimativa_julgamental,baixa,FIESC_PORTOS;HIPOTESE,Transporte terrestre: conexão presumida de polos produtivos e portos.,https://fiesc.com.br/pt-br/imprensa/podio-da-industria-os-setores-que-mais-se-destacaram-em-sc,2026-09-18
42005,Concórdia,5000,Transporte aquaviário,servicos,6575,2015,1947916.0,108382198.0,2850260000.0,9.622496527732084e-06,0.00025305462710840227,0.038025372773010185,0.0006834169514360094,0.01797265635819639,0.05,estimativa_julgamental,baixa,FIESC_PORTOS,Concentração portuária; sede de transportadora e movimentação não são equivalentes.,https://fiesc.com.br/pt-br/imprensa/podio-da-industria-os-setores-que-mais-se-destacaram-em-sc,2026-09-18
42005,Concórdia,5100,Transporte aéreo,servicos,6575,2015,1947916.0,108382198.0,2850260000.0,8.211991262915567e-06,0.000215960835201708,0.038025372773010185,0.0006834169514360094,0.01797265635819639,0.05,estimativa_julgamental,baixa,HIPOTESE,"Transporte aéreo: aproximação por aeroportos, não por sede de companhia.",,2026-09-18
42005,Concórdia,5280,"Armazenamento, atividades auxiliares dos transportes e correio",servicos,6575,2015,1947916.0,108382198.0,2850260000.0,6.69125280854513e-05,0.0017596810551965126,0.038025372773010185,0.0006834169514360094,0.01797265635819639,0.3,estimativa_julgamental,baixa,FIESC_PORTOS;HIPOTESE,Armazenamento e apoio: concentração logística estimada.,https://fiesc.com.br/pt-br/imprensa/podio-da-industria-os-setores-que-mais-se-destacaram-em-sc,2026-09-18
42005,Concórdia,5500,Alojamento,servicos,6575,2015,1947916.0,108382198.0,2850260000.0,0.00021199779513562288,0.00557516678143115,0.038025372773010185,0.0006834169514360094,0.01797265635819639,0.7,estimativa_julgamental,baixa,WIKI_FLORIPA;HIPOTESE,Alojamento: litoral e turismo serrano/rural presumidos.,https://pt.wikipedia.org/wiki/Regi%C3%A3o_Metropolitana_de_Florian%C3%B3polis,2026-09-18
42005,Concórdia,5600,Alimentação,servicos,6575,2015,1947916.0,108382198.0,2850260000.0,0.0004480421079149456,0.011782714415174882,0.038025372773010185,0.0006834169514360094,0.01797265635819639,1.0,estimativa_julgamental,baixa,WIKI_FLORIPA;HIPOTESE,Alimentação acompanha turismo e mercados urbanos.,https://pt.wikipedia.org/wiki/Regi%C3%A3o_Metropolitana_de_Florian%C3%B3polis,2026-09-18
42005,Concórdia,5800,Edição e edição integrada à impressão,servicos,6575,2015,1947916.0,108382198.0,2850260000.0,0.0003101226776301294,0.008155677512522629,0.038025372773010185,0.0006834169514360094,0.01797265635819639,0.8,estimativa_julgamental,baixa,HIPOTESE,Edição: concentração urbana presumida.,,2026-09-18
42005,Concórdia,5980,"Atividades de televisão, rádio, cinema e  gravação/edição de som e imagem",servicos,6575,2015,1947916.0,108382198.0,2850260000.0,0.0001655719790394777,0.0043542499906009625,0.038025372773010185,0.0006834169514360094,0.01797265635819639,0.5,estimativa_julgamental,baixa,HIPOTESE,Mídia: centralidade da capital e polos regionais presumida.,,2026-09-18
42005,Concórdia,6100,Telecomunicações,servicos,6575,2015,1947916.0,108382198.0,2850260000.0,0.0004170285896931071,0.010967113779068787,0.038025372773010185,0.0006834169514360094,0.01797265635819639,1.0,estimativa_julgamental,baixa,ACATE;HIPOTESE,Telecom: perfil urbano inferido; polos de TI são apenas contexto.,https://www.acate.com.br/noticias/acate-completa-30-anos-e-comemora-consolidacao-do-setor-em-sc/,2026-09-18
42005,Concórdia,6280,Desenvolvimento de sistemas e outros serviços de informação,servicos,6575,2015,1947916.0,108382198.0,2850260000.0,0.00010821091291630964,0.0028457554791708984,0.038025372773010185,0.0006834169514360094,0.01797265635819639,0.5,estimativa_julgamental,baixa,ACATE,Software e informação: polos documentados; multiplicadores julgamentais.,https://www.acate.com.br/noticias/acate-completa-30-anos-e-comemora-consolidacao-do-setor-em-sc/,2026-09-18
42005,Concórdia,6480,"Intermediação financeira, seguros e previdência complementar",servicos,6575,2015,1947916.0,108382198.0,2850260000.0,0.00029252699241422224,0.0076929421352537886,0.038025372773010185,0.0006834169514360094,0.01797265635819639,0.8,estimativa_julgamental,baixa,HIPOTESE,Finanças: sedes e mercados urbanos presumidos.,,2026-09-18
42005,Concórdia,6800,Atividades imobiliárias,servicos,6575,2015,1947916.0,108382198.0,2850260000.0,0.0004114902677487837,0.01082146571462024,0.038025372773010185,0.0006834169514360094,0.01797265635819639,1.0,estimativa_julgamental,baixa,WIKI_FLORIPA;HIPOTESE,Imobiliário: reforço litorâneo presumido; inclui aluguéis imputados.,https://pt.wikipedia.org/wiki/Regi%C3%A3o_Metropolitana_de_Florian%C3%B3polis,2026-09-18
42005,Concórdia,6980,"Atividades jurídicas, contábeis, consultoria e sedes de empresas ",servicos,6575,2015,1947916.0,108382198.0,2850260000.0,0.00023043377434561155,0.006060000403445613,0.038025372773010185,0.0006834169514360094,0.01797265635819639,0.7,estimativa_julgamental,baixa,HIPOTESE,Serviços empresariais: sedes e centralidade presumidas.,,2026-09-18
42005,Concórdia,7180,"Serviços de arquitetura, engenharia, testes/análises técnicas e P & D",servicos,6575,2015,1947916.0,108382198.0,2850260000.0,0.00022478337177401041,0.0059114048168794845,0.038025372773010185,0.0006834169514360094,0.01797265635819639,0.7,estimativa_julgamental,baixa,ACATE;HIPOTESE,Engenharia e P&D: integração presumida com tecnologia e indústria.,https://www.acate.com.br/noticias/acate-completa-30-anos-e-comemora-consolidacao-do-setor-em-sc/,2026-09-18
42005,Concórdia,7380,"Outras atividades profissionais, científicas e técnicas",servicos,6575,2015,1947916.0,108382198.0,2850260000.0,0.00039812310869278135,0.010469933090974532,0.038025372773010185,0.0006834169514360094,0.01797265635819639,1.0,estimativa_julgamental,baixa,HIPOTESE,Outros serviços técnicos: concentração urbana moderada.,,2026-09-18
42005,Concórdia,7700,Aluguéis não imobiliários e gestão de ativos de propriedade intelectual,servicos,6575,2015,1947916.0,108382198.0,2850260000.0,0.00040625586343864605,0.010683810146024396,0.038025372773010185,0.0006834169514360094,0.01797265635819639,1.0,estimativa_julgamental,baixa,HIPOTESE,Aluguéis de equipamentos: demanda empresarial presumida.,,2026-09-18
42005,Concórdia,7880,Outras atividades administrativas e serviços complementares,servicos,6575,2015,1947916.0,108382198.0,2850260000.0,0.0004226068420793687,0.011113811943464455,0.038025372773010185,0.0006834169514360094,0.01797265635819639,1.0,estimativa_julgamental,baixa,HIPOTESE,Serviços administrativos: mercados urbanos presumidos.,,2026-09-18
42005,Concórdia,8000,"Atividades de vigilância, segurança e investigação",servicos,6575,2015,1947916.0,108382198.0,2850260000.0,0.00043787865166890644,0.011515433504959769,0.038025372773010185,0.0006834169514360094,0.01797265635819639,1.0,estimativa_julgamental,baixa,HIPOTESE,Segurança: demanda industrial e urbana presumida.,,2026-09-18
42005,Concórdia,8400,"Administração pública, defesa e seguridade social",administracao_publica,525,2015,632231.0,28534686.0,885587000.0,0.0005467736300238795,0.016969369093178643,0.03222121146764802,0.0007139117895813737,0.02215657813791958,1.0,estimativa_julgamental,baixa,VAB;HIPOTESE,Administração: reforço da capital; não mede empregos públicos municipais.,https://sidra.ibge.gov.br/tabela/5938,2026-09-18
42005,Concórdia,8591,Educação pública,administracao_publica,525,2015,632231.0,28534686.0,885587000.0,0.0006467694690465495,0.020072785583991587,0.03222121146764802,0.0007139117895813737,0.02215657813791958,1.0,estimativa_julgamental,baixa,VAB;HIPOTESE,Educação pública: perfil difuso com polos de ensino presumidos.,https://sidra.ibge.gov.br/tabela/5938,2026-09-18
42005,Concórdia,8592,Educação privada,servicos,6575,2015,1947916.0,108382198.0,2850260000.0,0.00029384825305414576,0.007727688951486483,0.038025372773010185,0.0006834169514360094,0.01797265635819639,0.8,estimativa_julgamental,baixa,HIPOTESE,Educação privada: centros regionais presumidos.,,2026-09-18
42005,Concórdia,8691,Saúde pública,administracao_publica,525,2015,632231.0,28534686.0,885587000.0,0.000594338015224938,0.018445551490877,0.03222121146764802,0.0007139117895813737,0.02215657813791958,1.0,estimativa_julgamental,baixa,VAB;HIPOTESE,"Saúde pública: rede regional presumida, sem contagem de leitos.",https://sidra.ibge.gov.br/tabela/5938,2026-09-18
42005,Concórdia,8692,Saúde privada,servicos,6575,2015,1947916.0,108382198.0,2850260000.0,0.0003096704728797425,0.008143785327978211,0.038025372773010185,0.0006834169514360094,0.01797265635819639,0.8,estimativa_julgamental,baixa,HIPOTESE,Saúde privada: centralidade regional presumida.,,2026-09-18
42005,Concórdia,9080,"Atividades artísticas, criativas e de espetáculos",servicos,6575,2015,1947916.0,108382198.0,2850260000.0,0.0002908064658674107,0.007647695332360306,0.038025372773010185,0.0006834169514360094,0.01797265635819639,0.8,estimativa_julgamental,baixa,WIKI_FLORIPA;HIPOTESE,Cultura e lazer: turismo e centralidade presumidos.,https://pt.wikipedia.org/wiki/Regi%C3%A3o_Metropolitana_de_Florian%C3%B3polis,2026-09-18
42005,Concórdia,9480,Organizações associativas e outros serviços pessoais,servicos,6575,2015,1947916.0,108382198.0,2850260000.0,0.0005455202816146643,0.014346217849621347,0.038025372773010185,0.0006834169514360094,0.01797265635819639,1.0,estimativa_julgamental,baixa,HIPOTESE,Serviços pessoais e associações: demanda urbana presumida.,,2026-09-18
42005,Concórdia,9700,Serviços domésticos,servicos,6575,2015,1947916.0,108382198.0,2850260000.0,0.0004957871874462619,0.013038325499287778,0.038025372773010185,0.0006834169514360094,0.01797265635819639,1.0,estimativa_julgamental,baixa,HIPOTESE,"Serviços domésticos: demanda residencial presumida, não emprego observado.",,2026-09-18
42006,Canoinhas,0191,"Agricultura, inclusive o apoio à agricultura e a pós-colheita",agropecuaria,513,2015,1194528.0,12485693.0,258967000.0,0.0032548324049568437,0.06750880795509442,0.04821344804550388,0.004612664934142188,0.09567174204907969,1.0,estimativa_julgamental,baixa,ITUPORANGA;VAB;HIPOTESE,Reforço agrícola rural; escolha dos multiplicadores é hipótese.,https://cimamavi.sc.gov.br/municipios-associados/perfil/ituporanga ; https://sidra.ibge.gov.br/tabela/5938,2026-09-18
42006,Canoinhas,0192,"Pecuária, inclusive o apoio à pecuária",agropecuaria,513,2015,1194528.0,12485693.0,258967000.0,0.0009734156756879578,0.020189712935885597,0.04821344804550388,0.004612664934142188,0.09567174204907969,0.5,estimativa_julgamental,baixa,ITAPIRANGA;FIESC_OESTE,Maior concentração pecuária no Oeste; magnitudes estimadas.,https://servicos.itapiranga.sc.gov.br/pagina-4919/ ; https://fiesc.com.br/imprensa/muito-mais-do-que-aves-e-suinos,2026-09-18
42006,Canoinhas,0280,Produção florestal; pesca e aquicultura,agropecuaria,513,2015,1194528.0,12485693.0,258967000.0,0.011181974097907265,0.23192645519469404,0.04821344804550388,0.004612664934142188,0.09567174204907969,5.0,estimativa_julgamental,baixa,FIESC_MADEIRA;HIPOTESE,Combinação estimada de florestas interiores e pesca costeira.,https://fiesc.com.br/imprensa/portas-abertas-para-o-futuro,2026-09-18
42006,Canoinhas,0580,Extração de carvão mineral e de minerais não metálicos,industria,517,2015,1482542.0,60267845.0,1160787000.0,0.0003029055050716624,0.005834102386599723,0.051919813023405675,0.0012771869429964325,0.02459922036369477,0.3,estimativa_julgamental,baixa,FIESC_HISTORIA;TIJUCAS,Carvão no Sul e minerais para construção; distribuição estimada.,https://fiesc.com.br/pt-br/imprensa/superar-desafios-e-historia-da-industria ; https://cincatarina.sc.gov.br/noticias.aspx?id=3670&s=43,2026-09-18
42006,Canoinhas,0680,"Extração de petróleo e gás, inclusive as atividades de apoio",industria,517,2015,1482542.0,60267845.0,1160787000.0,0.00014063308378627117,0.002708659288177197,0.051919813023405675,0.0012771869429964325,0.02459922036369477,0.1,estimativa_julgamental,muito_baixa,HIPOTESE,Localização hipotética de apoio costeiro; não comprova extração local ou offshore.,,2026-09-18
42006,Canoinhas,0791,"Extração de minério de ferro, inclusive beneficiamentos e a aglomeração",industria,517,2015,1482542.0,60267845.0,1160787000.0,0.0012314011780029017,0.023717365419782633,0.051919813023405675,0.0012771869429964325,0.02459922036369477,1.0,estimativa_julgamental,muito_baixa,HIPOTESE,Sem evidência de polo de extração de ferro; prior quase VAB e confiança muito baixa.,,2026-09-18
42006,Canoinhas,0792,"Extração de minerais metálicos não ferrosos, inclusive beneficiamentos",industria,517,2015,1482542.0,60267845.0,1160787000.0,0.0016209274668939745,0.031219824812605806,0.051919813023405675,0.0012771869429964325,0.02459922036369477,1.3,estimativa_julgamental,muito_baixa,HIPOTESE,Sem dados de extração metálica; pequenas diferenças apenas como hipótese.,,2026-09-18
42006,Canoinhas,1091,"Abate e produtos de carne, inclusive os produtos do laticínio e da pesca",industria,517,2015,1482542.0,60267845.0,1160787000.0,0.0002837270023897062,0.005464715411471164,0.051919813023405675,0.0012771869429964325,0.02459922036369477,0.4,estimativa_julgamental,baixa,FIESC_OESTE;ITAPIRANGA;HIPOTESE,Carnes e laticínios no Oeste; pesca incorporada de modo aproximado.,https://fiesc.com.br/imprensa/muito-mais-do-que-aves-e-suinos ; https://servicos.itapiranga.sc.gov.br/pagina-4919/,2026-09-18
42006,Canoinhas,1092,Fabricação e refino de açúcar,industria,517,2015,1482542.0,60267845.0,1160787000.0,0.0009547714567780028,0.01838934697911157,0.051919813023405675,0.0012771869429964325,0.02459922036369477,0.5,estimativa_julgamental,muito_baixa,HIPOTESE,Açúcar: produção dispersa presumida; nenhuma usina identificada por esta pesquisa.,,2026-09-18
42006,Canoinhas,1093,Outros produtos alimentares,industria,517,2015,1482542.0,60267845.0,1160787000.0,0.0008523948047913174,0.0164175245470752,0.051919813023405675,0.0012771869429964325,0.02459922036369477,1.0,estimativa_julgamental,baixa,FIESC_OESTE;HIPOTESE,Alimentos diversos: extensão qualitativa da agroindústria.,https://fiesc.com.br/imprensa/muito-mais-do-que-aves-e-suinos,2026-09-18
42006,Canoinhas,1100,Fabricação de bebidas,industria,517,2015,1482542.0,60267845.0,1160787000.0,0.0005694942175741139,0.010968726280223379,0.051919813023405675,0.0012771869429964325,0.02459922036369477,0.8,estimativa_julgamental,baixa,HIPOTESE,Bebidas: hipótese de polos urbanos e produção regional.,,2026-09-18
42006,Canoinhas,1200,Fabricação de produtos do fumo,industria,517,2015,1482542.0,60267845.0,1160787000.0,0.006113887797582494,0.11775635237411829,0.051919813023405675,0.0012771869429964325,0.02459922036369477,3.0,estimativa_julgamental,baixa,HIPOTESE,Beneficiamento de fumo presumido próximo a áreas rurais; cultivo não equivale a fabricação.,,2026-09-18
42006,Canoinhas,1300,Fabricação de produtos têxteis,industria,517,2015,1482542.0,60267845.0,1160787000.0,0.00022627838301923813,0.004358228002809464,0.051919813023405675,0.0012771869429964325,0.02459922036369477,0.4,estimativa_julgamental,baixa,FIESC_HISTORIA,Têxteis no Vale; intensidade relativa estimada.,https://fiesc.com.br/pt-br/imprensa/superar-desafios-e-historia-da-industria,2026-09-18
42006,Canoinhas,1400,Confecção de artefatos do vestuário e acessórios,industria,517,2015,1482542.0,60267845.0,1160787000.0,0.00047783324431903575,0.009203292856690883,0.051919813023405675,0.0012771869429964325,0.02459922036369477,0.7,estimativa_julgamental,baixa,FIESC_HISTORIA;HIPOTESE,Vestuário no Vale e extensões presumidas ao Sul.,https://fiesc.com.br/pt-br/imprensa/superar-desafios-e-historia-da-industria,2026-09-18
42006,Canoinhas,1500,Fabricação de calçados e de artefatos de couro,industria,517,2015,1482542.0,60267845.0,1160787000.0,0.0002633776861415421,0.005072778016800837,0.051919813023405675,0.0012771869429964325,0.02459922036369477,0.2,estimativa_julgamental,baixa,FIESC_CALCADOS;HIPOTESE,São João Batista ancora o fator de Tijucas; demais polos são hipóteses.,https://fiesc.com.br/sites/default/files/2018-04/IC_FIESC15_REVISAO_FINAL_0.pdf,2026-09-18
42006,Canoinhas,1600,Fabricação de produtos da madeira,industria,517,2015,1482542.0,60267845.0,1160787000.0,0.006464880527861453,0.12451663731814783,0.051919813023405675,0.0012771869429964325,0.02459922036369477,7.0,estimativa_julgamental,baixa,FIESC_MADEIRA;FIESC_OESTE,Distribuição estimada da base madeireira.,https://fiesc.com.br/imprensa/portas-abertas-para-o-futuro ; https://fiesc.com.br/imprensa/muito-mais-do-que-aves-e-suinos,2026-09-18
42006,Canoinhas,1700,"Fabricação de celulose, papel e produtos de papel",industria,517,2015,1482542.0,60267845.0,1160787000.0,0.014100393553789826,0.27158020672056943,0.051919813023405675,0.0012771869429964325,0.02459922036369477,12.0,estimativa_julgamental,baixa,FIESC_MADEIRA;HIPOTESE,Papel e celulose próximos da base florestal; fatores inferidos.,https://fiesc.com.br/imprensa/portas-abertas-para-o-futuro,2026-09-18
42006,Canoinhas,1800,Impressão e reprodução de gravações,industria,517,2015,1482542.0,60267845.0,1160787000.0,0.0008110813449364996,0.015621807893854714,0.051919813023405675,0.0012771869429964325,0.02459922036369477,1.0,estimativa_julgamental,baixa,HIPOTESE,Impressão: demanda urbana e empresarial presumida.,,2026-09-18
42006,Canoinhas,1991,Refino de petróleo e coquerias,industria,517,2015,1482542.0,60267845.0,1160787000.0,0.0002256057440061861,0.004345272659292553,0.051919813023405675,0.0012771869429964325,0.02459922036369477,0.2,estimativa_julgamental,muito_baixa,HIPOTESE,Hipótese de coquerias no Sul; terminais de petróleo não tratados como refinarias.,,2026-09-18
42006,Canoinhas,1992,Fabricação de biocombustíveis,industria,517,2015,1482542.0,60267845.0,1160787000.0,0.0005605937771149448,0.010797299613968693,0.051919813023405675,0.0012771869429964325,0.02459922036369477,0.4,estimativa_julgamental,muito_baixa,HIPOTESE,Biocombustíveis: proximidade presumida de insumos agropecuários; baixa confiança.,,2026-09-18
42006,Canoinhas,2091,"Fabricação de químicos orgânicos e inorgânicos, resinas e elastômeros",industria,517,2015,1482542.0,60267845.0,1160787000.0,0.00035623430597375315,0.0068612401553364835,0.051919813023405675,0.0012771869429964325,0.02459922036369477,0.5,estimativa_julgamental,baixa,HIPOTESE,Química básica: proximidade industrial presumida.,,2026-09-18
42006,Canoinhas,2092,"Fabricação de defensivos, desinfestantes, tintas e químicos diversos",industria,517,2015,1482542.0,60267845.0,1160787000.0,0.0004981810170190053,0.00959520052189755,0.051919813023405675,0.0012771869429964325,0.02459922036369477,0.7,estimativa_julgamental,baixa,HIPOTESE,Tintas e químicos: hipótese de integração com manufaturas.,,2026-09-18
42006,Canoinhas,2093,"Fabricação de produtos de limpeza, cosméticos/perfumaria e higiene pessoal",industria,517,2015,1482542.0,60267845.0,1160787000.0,0.0008163570596070706,0.01572342063787967,0.051919813023405675,0.0012771869429964325,0.02459922036369477,1.0,estimativa_julgamental,baixa,HIPOTESE,Limpeza e cosméticos: mercados urbanos presumidos.,,2026-09-18
42006,Canoinhas,2100,Fabricação de produtos farmoquímicos e farmacêuticos,industria,517,2015,1482542.0,60267845.0,1160787000.0,0.000418149823531159,0.008053762122422422,0.051919813023405675,0.0012771869429964325,0.02459922036369477,0.5,estimativa_julgamental,baixa,HIPOTESE,Fármacos: hipótese de infraestrutura técnica e urbana; não inventário de fábricas.,,2026-09-18
42006,Canoinhas,2200,Fabricação de produtos de borracha e de material plástico,industria,517,2015,1482542.0,60267845.0,1160787000.0,0.0003507820646300828,0.006756227424623982,0.051919813023405675,0.0012771869429964325,0.02459922036369477,0.6,estimativa_julgamental,baixa,FIESC_HISTORIA;HIPOTESE,"Plásticos dispersos, com reforço industrial estimado.",https://fiesc.com.br/pt-br/imprensa/superar-desafios-e-historia-da-industria,2026-09-18
42006,Canoinhas,2300,Fabricação de produtos de minerais não metálicos,industria,517,2015,1482542.0,60267845.0,1160787000.0,0.0020724760077167784,0.03991686192672723,0.051919813023405675,0.0012771869429964325,0.02459922036369477,2.0,estimativa_julgamental,baixa,FIESC_HISTORIA;TIJUCAS,Cerâmica Sul e Tijucas; demais minerais agregados por hipótese.,https://fiesc.com.br/pt-br/imprensa/superar-desafios-e-historia-da-industria ; https://cincatarina.sc.gov.br/noticias.aspx?id=3670&s=43,2026-09-18
42006,Canoinhas,2491,"Produção de ferro gusa/ferroligas, siderurgia e tubos de aço sem costura",industria,517,2015,1482542.0,60267845.0,1160787000.0,0.0001804355448341318,0.003475273394239511,0.051919813023405675,0.0012771869429964325,0.02459922036369477,0.3,estimativa_julgamental,baixa,HIPOTESE,Siderurgia presumida nos polos metalúrgicos; peso não observado.,,2026-09-18
42006,Canoinhas,2492,Metalurgia de metais não ferosos e a fundição de metais,industria,517,2015,1482542.0,60267845.0,1160787000.0,0.00012528741178789853,0.002413094433360506,0.051919813023405675,0.0012771869429964325,0.02459922036369477,0.3,estimativa_julgamental,baixa,FIESC_HISTORIA;HIPOTESE,Fundição e metais: extensão estimada do polo metalmecânico.,https://fiesc.com.br/pt-br/imprensa/superar-desafios-e-historia-da-industria,2026-09-18
42006,Canoinhas,2500,"Fabricação de produtos de metal, exceto máquinas e equipamentos",industria,517,2015,1482542.0,60267845.0,1160787000.0,0.00041741171635382377,0.00803954583129282,0.051919813023405675,0.0012771869429964325,0.02459922036369477,0.7,estimativa_julgamental,baixa,FIESC_HISTORIA;HIPOTESE,Produtos de metal: polos industriais e fornecedores presumidos.,https://fiesc.com.br/pt-br/imprensa/superar-desafios-e-historia-da-industria,2026-09-18
42006,Canoinhas,2600,"Fabricação de equipamentos de informática, produtos eletrônicos e ópticos",industria,517,2015,1482542.0,60267845.0,1160787000.0,0.00014804045685823145,0.0028513287748454367,0.051919813023405675,0.0012771869429964325,0.02459922036369477,0.3,estimativa_julgamental,baixa,ACATE;HIPOTESE,Eletrônica aproximada pelos polos tecnológicos; software não é fabricação.,https://www.acate.com.br/noticias/acate-completa-30-anos-e-comemora-consolidacao-do-setor-em-sc/,2026-09-18
42006,Canoinhas,2700,Fabricação de máquinas e equipamentos elétricos,industria,517,2015,1482542.0,60267845.0,1160787000.0,0.00010624377513837537,0.0020463050414006733,0.051919813023405675,0.0012771869429964325,0.02459922036369477,0.3,estimativa_julgamental,baixa,FIESC_HISTORIA;HIPOTESE,Equipamentos elétricos no Norte; intensidades inferidas.,https://fiesc.com.br/pt-br/imprensa/superar-desafios-e-historia-da-industria,2026-09-18
42006,Canoinhas,2800,Fabricação de máquinas e equipamentos mecânicos,industria,517,2015,1482542.0,60267845.0,1160787000.0,0.0002324099121111137,0.0044763241348026875,0.051919813023405675,0.0012771869429964325,0.02459922036369477,0.5,estimativa_julgamental,baixa,FIESC_HISTORIA;FIESC_OESTE,Máquinas: reforço estimado de polos industriais.,https://fiesc.com.br/pt-br/imprensa/superar-desafios-e-historia-da-industria ; https://fiesc.com.br/imprensa/muito-mais-do-que-aves-e-suinos,2026-09-18
42006,Canoinhas,2991,"Fabricação de automóveis, caminhões e ônibus, exceto peças",industria,517,2015,1482542.0,60267845.0,1160787000.0,1.301802028676459e-05,0.0002507331889060542,0.051919813023405675,0.0012771869429964325,0.02459922036369477,0.05,estimativa_julgamental,baixa,BMW;HIPOTESE,Araquari confirmado antes de 2015; outras produções agregadas são hipóteses.,https://www.press.bmwgroup.com/portugal/article/detail/T0194787PT/bmw-group-assembles-first-car-in-brazil?language=pt,2026-09-18
42006,Canoinhas,2992,Fabricação de peças e acessórios para veículos automotores,industria,517,2015,1482542.0,60267845.0,1160787000.0,0.00012528741178789853,0.002413094433360506,0.051919813023405675,0.0012771869429964325,0.02459922036369477,0.3,estimativa_julgamental,baixa,BMW;HIPOTESE,Autopeças: proximidade presumida de montagem e metalmecânica.,https://www.press.bmwgroup.com/portugal/article/detail/T0194787PT/bmw-group-assembles-first-car-in-brazil?language=pt,2026-09-18
42006,Canoinhas,3000,"Fabricação de outros equipamentos de transporte, exceto veículos automotores",industria,517,2015,1482542.0,60267845.0,1160787000.0,0.00012503335396397345,0.0024082011602701244,0.051919813023405675,0.0012771869429964325,0.02459922036369477,0.2,estimativa_julgamental,baixa,FIESC_PORTOS;HIPOTESE,Transporte não automotivo: hipótese de produção naval costeira.,https://fiesc.com.br/pt-br/imprensa/podio-da-industria-os-setores-que-mais-se-destacaram-em-sc,2026-09-18
42006,Canoinhas,3180,Fabricação de móveis e de produtos de indústrias diversas,industria,517,2015,1482542.0,60267845.0,1160787000.0,0.0036665425932121236,0.07061933353957246,0.051919813023405675,0.0012771869429964325,0.02459922036369477,4.0,estimativa_julgamental,baixa,FIESC_MADEIRA;FIESC_OESTE,Móveis com polo em São Bento; outras indústrias agregadas ao mesmo perfil.,https://fiesc.com.br/imprensa/portas-abertas-para-o-futuro ; https://fiesc.com.br/imprensa/muito-mais-do-que-aves-e-suinos,2026-09-18
42006,Canoinhas,3300,"Manutenção, reparação e instalação de máquinas e equipamentos",industria,517,2015,1482542.0,60267845.0,1160787000.0,0.0007575673922161532,0.014591104014081072,0.051919813023405675,0.0012771869429964325,0.02459922036369477,1.0,estimativa_julgamental,baixa,HIPOTESE,Manutenção segue demanda industrial e logística presumida.,,2026-09-18
42006,Canoinhas,3500,"Energia elétrica, gás natural e outras utilidades",industria,517,2015,1482542.0,60267845.0,1160787000.0,0.0008562479315202126,0.016491737578758468,0.051919813023405675,0.0012771869429964325,0.02459922036369477,1.0,estimativa_julgamental,baixa,WIKI_ENERGIA;HIPOTESE,"Geração e utilidades: reforço de Tubarão; hidroeletricidade e redes aproximadas. Fator de produção, não de carbono.",https://pt.wikipedia.org/wiki/Complexo_Termoel%C3%A9trico_Jorge_Lacerda,2026-09-18
42006,Canoinhas,3680,"Água, esgoto e gestão de resíduos",industria,517,2015,1482542.0,60267845.0,1160787000.0,0.0010300010014860708,0.019838303366418942,0.051919813023405675,0.0012771869429964325,0.02459922036369477,1.0,estimativa_julgamental,baixa,HIPOTESE,Saneamento: demanda urbana presumida.,,2026-09-18
42006,Canoinhas,4180,Construção,industria,517,2015,1482542.0,60267845.0,1160787000.0,0.0009670367506191941,0.018625582302911024,0.051919813023405675,0.0012771869429964325,0.02459922036369477,1.0,estimativa_julgamental,baixa,WIKI_FLORIPA;HIPOTESE,Construção: reforço presumido do litoral urbano.,https://pt.wikipedia.org/wiki/Regi%C3%A3o_Metropolitana_de_Florian%C3%B3polis,2026-09-18
42006,Canoinhas,4580,Comércio por atacado e varejo,servicos,6575,2015,2274256.0,108382198.0,2850260000.0,0.0006006522779375323,0.015796091770699638,0.038025372773010185,0.0007979117694526113,0.020983667446936256,1.0,estimativa_julgamental,baixa,HIPOTESE,Comércio: centralidade regional e logística presumidas.,,2026-09-18
42006,Canoinhas,4900,Transporte terrestre,servicos,6575,2015,2274256.0,108382198.0,2850260000.0,0.0005254751287853483,0.013819065809614426,0.038025372773010185,0.0007979117694526113,0.020983667446936256,1.0,estimativa_julgamental,baixa,FIESC_PORTOS;HIPOTESE,Transporte terrestre: conexão presumida de polos produtivos e portos.,https://fiesc.com.br/pt-br/imprensa/podio-da-industria-os-setores-que-mais-se-destacaram-em-sc,2026-09-18
42006,Canoinhas,5000,Transporte aquaviário,servicos,6575,2015,2274256.0,108382198.0,2850260000.0,1.1234581195068913e-05,0.0002954496005110315,0.038025372773010185,0.0007979117694526113,0.020983667446936256,0.05,estimativa_julgamental,baixa,FIESC_PORTOS,Concentração portuária; sede de transportadora e movimentação não são equivalentes.,https://fiesc.com.br/pt-br/imprensa/podio-da-industria-os-setores-que-mais-se-destacaram-em-sc,2026-09-18
42006,Canoinhas,5100,Transporte aéreo,servicos,6575,2015,2274256.0,108382198.0,2850260000.0,9.587769904674176e-06,0.0002521413783872074,0.038025372773010185,0.0007979117694526113,0.020983667446936256,0.05,estimativa_julgamental,baixa,HIPOTESE,"Transporte aéreo: aproximação por aeroportos, não por sede de companhia.",,2026-09-18
42006,Canoinhas,5280,"Armazenamento, atividades auxiliares dos transportes e correio",servicos,6575,2015,2274256.0,108382198.0,2850260000.0,7.812257739733445e-05,0.0020544855106005597,0.038025372773010185,0.0007979117694526113,0.020983667446936256,0.3,estimativa_julgamental,baixa,FIESC_PORTOS;HIPOTESE,Armazenamento e apoio: concentração logística estimada.,https://fiesc.com.br/pt-br/imprensa/podio-da-industria-os-setores-que-mais-se-destacaram-em-sc,2026-09-18
42006,Canoinhas,5500,Alojamento,servicos,6575,2015,2274256.0,108382198.0,2850260000.0,0.0002475143987594748,0.00650919059326505,0.038025372773010185,0.0007979117694526113,0.020983667446936256,0.7,estimativa_julgamental,baixa,WIKI_FLORIPA;HIPOTESE,Alojamento: litoral e turismo serrano/rural presumidos.,https://pt.wikipedia.org/wiki/Regi%C3%A3o_Metropolitana_de_Florian%C3%B3polis,2026-09-18
42006,Canoinhas,5600,Alimentação,servicos,6575,2015,2274256.0,108382198.0,2850260000.0,0.0005231038977954965,0.013756706631599084,0.038025372773010185,0.0007979117694526113,0.020983667446936256,1.0,estimativa_julgamental,baixa,WIKI_FLORIPA;HIPOTESE,Alimentação acompanha turismo e mercados urbanos.,https://pt.wikipedia.org/wiki/Regi%C3%A3o_Metropolitana_de_Florian%C3%B3polis,2026-09-18
42006,Canoinhas,5800,Edição e edição integrada à impressão,servicos,6575,2015,2274256.0,108382198.0,2850260000.0,0.0003620784265524733,0.009522021748843206,0.038025372773010185,0.0007979117694526113,0.020983667446936256,0.8,estimativa_julgamental,baixa,HIPOTESE,Edição: concentração urbana presumida.,,2026-09-18
42006,Canoinhas,5980,"Atividades de televisão, rádio, cinema e  gravação/edição de som e imagem",servicos,6575,2015,2274256.0,108382198.0,2850260000.0,0.00019331073144961407,0.005083730082110411,0.038025372773010185,0.0007979117694526113,0.020983667446936256,0.5,estimativa_julgamental,baixa,HIPOTESE,Mídia: centralidade da capital e polos regionais presumida.,,2026-09-18
42006,Canoinhas,6100,Telecomunicações,servicos,6575,2015,2274256.0,108382198.0,2850260000.0,0.00048689459518844094,0.012804466062566284,0.038025372773010185,0.0007979117694526113,0.020983667446936256,1.0,estimativa_julgamental,baixa,ACATE;HIPOTESE,Telecom: perfil urbano inferido; polos de TI são apenas contexto.,https://www.acate.com.br/noticias/acate-completa-30-anos-e-comemora-consolidacao-do-setor-em-sc/,2026-09-18
42006,Canoinhas,6280,Desenvolvimento de sistemas e outros serviços de informação,servicos,6575,2015,2274256.0,108382198.0,2850260000.0,0.00012633980005574916,0.0033225131232749723,0.038025372773010185,0.0007979117694526113,0.020983667446936256,0.5,estimativa_julgamental,baixa,ACATE,Software e informação: polos documentados; multiplicadores julgamentais.,https://www.acate.com.br/noticias/acate-completa-30-anos-e-comemora-consolidacao-do-setor-em-sc/,2026-09-18
42006,Canoinhas,6480,"Intermediação financeira, seguros e previdência complementar",servicos,6575,2015,2274256.0,108382198.0,2850260000.0,0.00034153488531332943,0.008981762975792456,0.038025372773010185,0.0007979117694526113,0.020983667446936256,0.8,estimativa_julgamental,baixa,HIPOTESE,Finanças: sedes e mercados urbanos presumidos.,,2026-09-18
42006,Canoinhas,6800,Atividades imobiliárias,servicos,6575,2015,2274256.0,108382198.0,2850260000.0,0.00048042842215438337,0.012634417156730254,0.038025372773010185,0.0007979117694526113,0.020983667446936256,1.0,estimativa_julgamental,baixa,WIKI_FLORIPA;HIPOTESE,Imobiliário: reforço litorâneo presumido; inclui aluguéis imputados.,https://pt.wikipedia.org/wiki/Regi%C3%A3o_Metropolitana_de_Florian%C3%B3polis,2026-09-18
42006,Canoinhas,6980,"Atividades jurídicas, contábeis, consultoria e sedes de empresas ",servicos,6575,2015,2274256.0,108382198.0,2850260000.0,0.0002690390108752909,0.007075249793902102,0.038025372773010185,0.0007979117694526113,0.020983667446936256,0.7,estimativa_julgamental,baixa,HIPOTESE,Serviços empresariais: sedes e centralidade presumidas.,,2026-09-18
42006,Canoinhas,7180,"Serviços de arquitetura, engenharia, testes/análises técnicas e P & D",servicos,6575,2015,2274256.0,108382198.0,2850260000.0,0.00026244198002237974,0.00690175955904519,0.038025372773010185,0.0007979117694526113,0.020983667446936256,0.7,estimativa_julgamental,baixa,ACATE;HIPOTESE,Engenharia e P&D: integração presumida com tecnologia e indústria.,https://www.acate.com.br/noticias/acate-completa-30-anos-e-comemora-consolidacao-do-setor-em-sc/,2026-09-18
42006,Canoinhas,7380,"Outras atividades profissionais, científicas e técnicas",servicos,6575,2015,2274256.0,108382198.0,2850260000.0,0.000464821824289759,0.012223991256166784,0.038025372773010185,0.0007979117694526113,0.020983667446936256,1.0,estimativa_julgamental,baixa,HIPOTESE,Outros serviços técnicos: concentração urbana moderada.,,2026-09-18
42006,Canoinhas,7700,Aluguéis não imobiliários e gestão de ativos de propriedade intelectual,servicos,6575,2015,2274256.0,108382198.0,2850260000.0,0.0004743170829545634,0.012473699752687927,0.038025372773010185,0.0007979117694526113,0.020983667446936256,1.0,estimativa_julgamental,baixa,HIPOTESE,Aluguéis de equipamentos: demanda empresarial presumida.,,2026-09-18
42006,Canoinhas,7880,Outras atividades administrativas e serviços complementares,servicos,6575,2015,2274256.0,108382198.0,2850260000.0,0.0004934073883268359,0.012975740994630006,0.038025372773010185,0.0007979117694526113,0.020983667446936256,1.0,estimativa_julgamental,baixa,HIPOTESE,Serviços administrativos: mercados urbanos presumidos.,,2026-09-18
42006,Canoinhas,8000,"Atividades de vigilância, segurança e investigação",servicos,6575,2015,2274256.0,108382198.0,2850260000.0,0.000511237728336294,0.013444647377636298,0.038025372773010185,0.0007979117694526113,0.020983667446936256,1.0,estimativa_julgamental,baixa,HIPOTESE,Segurança: demanda industrial e urbana presumida.,,2026-09-18
42006,Canoinhas,8400,"Administração pública, defesa e seguridade social",administracao_publica,525,2015,970685.0,28534686.0,885587000.0,0.0008394794957218636,0.026053629192830014,0.03222121146764802,0.0010960921964753322,0.03401772144960698,1.0,estimativa_julgamental,baixa,VAB;HIPOTESE,Administração: reforço da capital; não mede empregos públicos municipais.,https://sidra.ibge.gov.br/tabela/5938,2026-09-18
42006,Canoinhas,8591,Educação pública,administracao_publica,525,2015,970685.0,28534686.0,885587000.0,0.0009930063885849475,0.03081840636507364,0.03222121146764802,0.0010960921964753322,0.03401772144960698,1.0,estimativa_julgamental,baixa,VAB;HIPOTESE,Educação pública: perfil difuso com polos de ensino presumidos.,https://sidra.ibge.gov.br/tabela/5938,2026-09-18
42006,Canoinhas,8592,Educação privada,servicos,6575,2015,2274256.0,108382198.0,2850260000.0,0.00034307750056876646,0.009022331026621191,0.038025372773010185,0.0007979117694526113,0.020983667446936256,0.8,estimativa_julgamental,baixa,HIPOTESE,Educação privada: centros regionais presumidos.,,2026-09-18
42006,Canoinhas,8691,Saúde pública,administracao_publica,525,2015,970685.0,28534686.0,885587000.0,0.0009125066570741057,0.02832006046669958,0.03222121146764802,0.0010960921964753322,0.03401772144960698,1.0,estimativa_julgamental,baixa,VAB;HIPOTESE,"Saúde pública: rede regional presumida, sem contagem de leitos.",https://sidra.ibge.gov.br/tabela/5938,2026-09-18
42006,Canoinhas,8692,Saúde privada,servicos,6575,2015,2274256.0,108382198.0,2850260000.0,0.00036155046263267596,0.009508137232235073,0.038025372773010185,0.0007979117694526113,0.020983667446936256,0.8,estimativa_julgamental,baixa,HIPOTESE,Saúde privada: centralidade regional presumida.,,2026-09-18
42006,Canoinhas,9080,"Atividades artísticas, criativas e de espetáculos",servicos,6575,2015,2274256.0,108382198.0,2850260000.0,0.0003395261139791212,0.00892893584517629,0.038025372773010185,0.0007979117694526113,0.020983667446936256,0.8,estimativa_julgamental,baixa,WIKI_FLORIPA;HIPOTESE,Cultura e lazer: turismo e centralidade presumidos.,https://pt.wikipedia.org/wiki/Regi%C3%A3o_Metropolitana_de_Florian%C3%B3polis,2026-09-18
42006,Canoinhas,9480,Organizações associativas e outros serviços pessoais,servicos,6575,2015,2274256.0,108382198.0,2850260000.0,0.0006369128717993177,0.016749681208947636,0.038025372773010185,0.0007979117694526113,0.020983667446936256,1.0,estimativa_julgamental,baixa,HIPOTESE,Serviços pessoais e associações: demanda urbana presumida.,,2026-09-18
42006,Canoinhas,9700,Serviços domésticos,servicos,6575,2015,2274256.0,108382198.0,2850260000.0,0.0005788478485585548,0.015222673871310786,0.038025372773010185,0.0007979117694526113,0.020983667446936256,1.0,estimativa_julgamental,baixa,HIPOTESE,"Serviços domésticos: demanda residencial presumida, não emprego observado.",,2026-09-18
42007,São Bento do Sul,0191,"Agricultura, inclusive o apoio à agricultura e a pós-colheita",agropecuaria,513,2015,162999.0,12485693.0,258967000.0,0.0004441372886826935,0.009211896404163348,0.04821344804550388,0.0006294199647059278,0.013054862072934197,1.0,estimativa_julgamental,baixa,ITUPORANGA;VAB;HIPOTESE,Reforço agrícola rural; escolha dos multiplicadores é hipótese.,https://cimamavi.sc.gov.br/municipios-associados/perfil/ituporanga ; https://sidra.ibge.gov.br/tabela/5938,2026-09-18
42007,São Bento do Sul,0192,"Pecuária, inclusive o apoio à pecuária",agropecuaria,513,2015,162999.0,12485693.0,258967000.0,0.00013282717669360738,0.002754981899826891,0.04821344804550388,0.0006294199647059278,0.013054862072934197,0.5,estimativa_julgamental,baixa,ITAPIRANGA;FIESC_OESTE,Maior concentração pecuária no Oeste; magnitudes estimadas.,https://servicos.itapiranga.sc.gov.br/pagina-4919/ ; https://fiesc.com.br/imprensa/muito-mais-do-que-aves-e-suinos,2026-09-18
42007,São Bento do Sul,0280,Produção florestal; pesca e aquicultura,agropecuaria,513,2015,162999.0,12485693.0,258967000.0,0.0009154999778915785,0.01898847759296388,0.04821344804550388,0.0006294199647059278,0.013054862072934197,3.0,estimativa_julgamental,baixa,FIESC_MADEIRA;HIPOTESE,Combinação estimada de florestas interiores e pesca costeira.,https://fiesc.com.br/imprensa/portas-abertas-para-o-futuro,2026-09-18
42007,São Bento do Sul,0580,Extração de carvão mineral e de minerais não metálicos,industria,517,2015,1527005.0,60267845.0,1160787000.0,0.00031198996100748164,0.006009073277417914,0.051919813023405675,0.0013154911280019504,0.025336976956783504,0.3,estimativa_julgamental,baixa,FIESC_HISTORIA;TIJUCAS,Carvão no Sul e minerais para construção; distribuição estimada.,https://fiesc.com.br/pt-br/imprensa/superar-desafios-e-historia-da-industria ; https://cincatarina.sc.gov.br/noticias.aspx?id=3670&s=43,2026-09-18
42007,São Bento do Sul,0680,"Extração de petróleo e gás, inclusive as atividades de apoio",industria,517,2015,1527005.0,60267845.0,1160787000.0,0.0001448508184638648,0.0027898948403101034,0.051919813023405675,0.0013154911280019504,0.025336976956783504,0.1,estimativa_julgamental,muito_baixa,HIPOTESE,Localização hipotética de apoio costeiro; não comprova extração local ou offshore.,,2026-09-18
42007,São Bento do Sul,0791,"Extração de minério de ferro, inclusive beneficiamentos e a aglomeração",industria,517,2015,1527005.0,60267845.0,1160787000.0,0.001268332199570954,0.024428674251950493,0.051919813023405675,0.0013154911280019504,0.025336976956783504,1.0,estimativa_julgamental,muito_baixa,HIPOTESE,Sem evidência de polo de extração de ferro; prior quase VAB e confiança muito baixa.,,2026-09-18
42007,São Bento do Sul,0792,"Extração de minerais metálicos não ferrosos, inclusive beneficiamentos",industria,517,2015,1527005.0,60267845.0,1160787000.0,0.0012842621485905413,0.024735492556793116,0.051919813023405675,0.0013154911280019504,0.025336976956783504,1.0,estimativa_julgamental,muito_baixa,HIPOTESE,Sem dados de extração metálica; pequenas diferenças apenas como hipótese.,,2026-09-18
42007,São Bento do Sul,1091,"Abate e produtos de carne, inclusive os produtos do laticínio e da pesca",industria,517,2015,1527005.0,60267845.0,1160787000.0,0.00029223627477946223,0.005628607996868572,0.051919813023405675,0.0013154911280019504,0.025336976956783504,0.4,estimativa_julgamental,baixa,FIESC_OESTE;ITAPIRANGA;HIPOTESE,Carnes e laticínios no Oeste; pesca incorporada de modo aproximado.,https://fiesc.com.br/imprensa/muito-mais-do-que-aves-e-suinos ; https://servicos.itapiranga.sc.gov.br/pagina-4919/,2026-09-18
42007,São Bento do Sul,1092,Fabricação e refino de açúcar,industria,517,2015,1527005.0,60267845.0,1160787000.0,0.0009834060609124693,0.018940862912375005,0.051919813023405675,0.0013154911280019504,0.025336976956783504,0.5,estimativa_julgamental,muito_baixa,HIPOTESE,Açúcar: produção dispersa presumida; nenhuma usina identificada por esta pesquisa.,,2026-09-18
42007,São Bento do Sul,1093,Outros produtos alimentares,industria,517,2015,1527005.0,60267845.0,1160787000.0,0.0008779590250329269,0.016909903443549368,0.051919813023405675,0.0013154911280019504,0.025336976956783504,1.0,estimativa_julgamental,baixa,FIESC_OESTE;HIPOTESE,Alimentos diversos: extensão qualitativa da agroindústria.,https://fiesc.com.br/imprensa/muito-mais-do-que-aves-e-suinos,2026-09-18
42007,São Bento do Sul,1100,Fabricação de bebidas,industria,517,2015,1527005.0,60267845.0,1160787000.0,0.0005865739504896051,0.011297689963274233,0.051919813023405675,0.0013154911280019504,0.025336976956783504,0.8,estimativa_julgamental,baixa,HIPOTESE,Bebidas: hipótese de polos urbanos e produção regional.,,2026-09-18
42007,São Bento do Sul,1200,Fabricação de produtos do fumo,industria,517,2015,1527005.0,60267845.0,1160787000.0,0.0006297249748302211,0.012128798972106052,0.051919813023405675,0.0013154911280019504,0.025336976956783504,0.3,estimativa_julgamental,baixa,HIPOTESE,Beneficiamento de fumo presumido próximo a áreas rurais; cultivo não equivale a fabricação.,,2026-09-18
42007,São Bento do Sul,1300,Fabricação de produtos têxteis,industria,517,2015,1527005.0,60267845.0,1160787000.0,0.00023306471065392533,0.0044889358624781404,0.051919813023405675,0.0013154911280019504,0.025336976956783504,0.4,estimativa_julgamental,baixa,FIESC_HISTORIA,Têxteis no Vale; intensidade relativa estimada.,https://fiesc.com.br/pt-br/imprensa/superar-desafios-e-historia-da-industria,2026-09-18
42007,São Bento do Sul,1400,Confecção de artefatos do vestuário e acessórios,industria,517,2015,1527005.0,60267845.0,1160787000.0,0.0004921639678615442,0.009479309327244197,0.051919813023405675,0.0013154911280019504,0.025336976956783504,0.7,estimativa_julgamental,baixa,FIESC_HISTORIA;HIPOTESE,Vestuário no Vale e extensões presumidas ao Sul.,https://fiesc.com.br/pt-br/imprensa/superar-desafios-e-historia-da-industria,2026-09-18
42007,São Bento do Sul,1500,Fabricação de calçados e de artefatos de couro,industria,517,2015,1527005.0,60267845.0,1160787000.0,0.00027127666105011903,0.005224915985884355,0.051919813023405675,0.0013154911280019504,0.025336976956783504,0.2,estimativa_julgamental,baixa,FIESC_CALCADOS;HIPOTESE,São João Batista ancora o fator de Tijucas; demais polos são hipóteses.,https://fiesc.com.br/sites/default/files/2018-04/IC_FIESC15_REVISAO_FINAL_0.pdf,2026-09-18
42007,São Bento do Sul,1600,Fabricação de produtos da madeira,industria,517,2015,1527005.0,60267845.0,1160787000.0,0.004756263657983132,0.09160787339197442,0.051919813023405675,0.0013154911280019504,0.025336976956783504,5.0,estimativa_julgamental,baixa,FIESC_MADEIRA;FIESC_OESTE,Distribuição estimada da base madeireira.,https://fiesc.com.br/imprensa/portas-abertas-para-o-futuro ; https://fiesc.com.br/imprensa/muito-mais-do-que-aves-e-suinos,2026-09-18
42007,São Bento do Sul,1700,"Fabricação de celulose, papel e produtos de papel",industria,517,2015,1527005.0,60267845.0,1160787000.0,0.0024205465408517752,0.04662086398039574,0.051919813023405675,0.0013154911280019504,0.025336976956783504,2.0,estimativa_julgamental,baixa,FIESC_MADEIRA;HIPOTESE,Papel e celulose próximos da base florestal; fatores inferidos.,https://fiesc.com.br/imprensa/portas-abertas-para-o-futuro,2026-09-18
42007,São Bento do Sul,1800,Impressão e reprodução de gravações,industria,517,2015,1527005.0,60267845.0,1160787000.0,0.0008354065308940723,0.016090322407699493,0.051919813023405675,0.0013154911280019504,0.025336976956783504,1.0,estimativa_julgamental,baixa,HIPOTESE,Impressão: demanda urbana e empresarial presumida.,,2026-09-18
42007,São Bento do Sul,1991,Refino de petróleo e coquerias,industria,517,2015,1527005.0,60267845.0,1160787000.0,0.0002323718984866306,0.004475591974529576,0.051919813023405675,0.0013154911280019504,0.025336976956783504,0.2,estimativa_julgamental,muito_baixa,HIPOTESE,Hipótese de coquerias no Sul; terminais de petróleo não tratados como refinarias.,,2026-09-18
42007,São Bento do Sul,1992,Fabricação de biocombustíveis,industria,517,2015,1527005.0,60267845.0,1160787000.0,0.0005774065764230669,0.011121122030288698,0.051919813023405675,0.0013154911280019504,0.025336976956783504,0.4,estimativa_julgamental,muito_baixa,HIPOTESE,Biocombustíveis: proximidade presumida de insumos agropecuários; baixa confiança.,,2026-09-18
42007,São Bento do Sul,2091,"Fabricação de químicos orgânicos e inorgânicos, resinas e elastômeros",industria,517,2015,1527005.0,60267845.0,1160787000.0,0.0003669181489586473,0.0070670159923965645,0.051919813023405675,0.0013154911280019504,0.025336976956783504,0.5,estimativa_julgamental,baixa,HIPOTESE,Química básica: proximidade industrial presumida.,,2026-09-18
42007,São Bento do Sul,2092,"Fabricação de defensivos, desinfestantes, tintas e químicos diversos",industria,517,2015,1527005.0,60267845.0,1160787000.0,0.0005131219917500526,0.009882970717146746,0.051919813023405675,0.0013154911280019504,0.025336976956783504,0.7,estimativa_julgamental,baixa,HIPOTESE,Tintas e químicos: hipótese de integração com manufaturas.,,2026-09-18
42007,São Bento do Sul,2093,"Fabricação de produtos de limpeza, cosméticos/perfumaria e higiene pessoal",industria,517,2015,1527005.0,60267845.0,1160787000.0,0.0008408404698182546,0.01619498262521092,0.051919813023405675,0.0013154911280019504,0.025336976956783504,1.0,estimativa_julgamental,baixa,HIPOTESE,Limpeza e cosméticos: mercados urbanos presumidos.,,2026-09-18
42007,São Bento do Sul,2100,Fabricação de produtos farmoquímicos e farmacêuticos,industria,517,2015,1527005.0,60267845.0,1160787000.0,0.00043069057826435774,0.008295302952462493,0.051919813023405675,0.0013154911280019504,0.025336976956783504,0.5,estimativa_julgamental,baixa,HIPOTESE,Fármacos: hipótese de infraestrutura técnica e urbana; não inventário de fábricas.,,2026-09-18
42007,São Bento do Sul,2200,Fabricação de produtos de borracha e de material plástico,industria,517,2015,1527005.0,60267845.0,1160787000.0,0.0003613023891400444,0.006958853819006777,0.051919813023405675,0.0013154911280019504,0.025336976956783504,0.6,estimativa_julgamental,baixa,FIESC_HISTORIA;HIPOTESE,"Plásticos dispersos, com reforço industrial estimado.",https://fiesc.com.br/pt-br/imprensa/superar-desafios-e-historia-da-industria,2026-09-18
42007,São Bento do Sul,2300,Fabricação de produtos de minerais não metálicos,industria,517,2015,1527005.0,60267845.0,1160787000.0,0.0003201947627281614,0.006167101614634402,0.051919813023405675,0.0013154911280019504,0.025336976956783504,0.3,estimativa_julgamental,baixa,FIESC_HISTORIA;TIJUCAS,Cerâmica Sul e Tijucas; demais minerais agregados por hipótese.,https://fiesc.com.br/pt-br/imprensa/superar-desafios-e-historia-da-industria ; https://cincatarina.sc.gov.br/noticias.aspx?id=3670&s=43,2026-09-18
42007,São Bento do Sul,2491,"Produção de ferro gusa/ferroligas, siderurgia e tubos de aço sem costura",industria,517,2015,1527005.0,60267845.0,1160787000.0,0.00018584699734607414,0.0035795005128830782,0.051919813023405675,0.0013154911280019504,0.025336976956783504,0.3,estimativa_julgamental,baixa,HIPOTESE,Siderurgia presumida nos polos metalúrgicos; peso não observado.,,2026-09-18
42007,São Bento do Sul,2492,Metalurgia de metais não ferosos e a fundição de metais,industria,517,2015,1527005.0,60267845.0,1160787000.0,0.00012904491355872547,0.0024854656834097507,0.051919813023405675,0.0013154911280019504,0.025336976956783504,0.3,estimativa_julgamental,baixa,FIESC_HISTORIA;HIPOTESE,Fundição e metais: extensão estimada do polo metalmecânico.,https://fiesc.com.br/pt-br/imprensa/superar-desafios-e-historia-da-industria,2026-09-18
42007,São Bento do Sul,2500,"Fabricação de produtos de metal, exceto máquinas e equipamentos",industria,517,2015,1527005.0,60267845.0,1160787000.0,0.00042993033447340494,0.008280660299750896,0.051919813023405675,0.0013154911280019504,0.025336976956783504,0.7,estimativa_julgamental,baixa,FIESC_HISTORIA;HIPOTESE,Produtos de metal: polos industriais e fornecedores presumidos.,https://fiesc.com.br/pt-br/imprensa/superar-desafios-e-historia-da-industria,2026-09-18
42007,São Bento do Sul,2600,"Fabricação de equipamentos de informática, produtos eletrônicos e ópticos",industria,517,2015,1527005.0,60267845.0,1160787000.0,0.00015248034647571788,0.00293684313552861,0.051919813023405675,0.0013154911280019504,0.025336976956783504,0.3,estimativa_julgamental,baixa,ACATE;HIPOTESE,Eletrônica aproximada pelos polos tecnológicos; software não é fabricação.,https://www.acate.com.br/noticias/acate-completa-30-anos-e-comemora-consolidacao-do-setor-em-sc/,2026-09-18
42007,São Bento do Sul,2700,Fabricação de máquinas e equipamentos elétricos,industria,517,2015,1527005.0,60267845.0,1160787000.0,0.00010943013813785706,0.0021076758902911588,0.051919813023405675,0.0013154911280019504,0.025336976956783504,0.3,estimativa_julgamental,baixa,FIESC_HISTORIA;HIPOTESE,Equipamentos elétricos no Norte; intensidades inferidas.,https://fiesc.com.br/pt-br/imprensa/superar-desafios-e-historia-da-industria,2026-09-18
42007,São Bento do Sul,2800,Fabricação de máquinas e equipamentos mecânicos,industria,517,2015,1527005.0,60267845.0,1160787000.0,0.00023938013077756394,0.004610573822167856,0.051919813023405675,0.0013154911280019504,0.025336976956783504,0.5,estimativa_julgamental,baixa,FIESC_HISTORIA;FIESC_OESTE,Máquinas: reforço estimado de polos industriais.,https://fiesc.com.br/pt-br/imprensa/superar-desafios-e-historia-da-industria ; https://fiesc.com.br/imprensa/muito-mais-do-que-aves-e-suinos,2026-09-18
42007,São Bento do Sul,2991,"Fabricação de automóveis, caminhões e ônibus, exceto peças",industria,517,2015,1527005.0,60267845.0,1160787000.0,1.3408444460926548e-05,0.00025825294199118096,0.051919813023405675,0.0013154911280019504,0.025336976956783504,0.05,estimativa_julgamental,baixa,BMW;HIPOTESE,Araquari confirmado antes de 2015; outras produções agregadas são hipóteses.,https://www.press.bmwgroup.com/portugal/article/detail/T0194787PT/bmw-group-assembles-first-car-in-brazil?language=pt,2026-09-18
42007,São Bento do Sul,2992,Fabricação de peças e acessórios para veículos automotores,industria,517,2015,1527005.0,60267845.0,1160787000.0,0.00012904491355872547,0.0024854656834097507,0.051919813023405675,0.0013154911280019504,0.025336976956783504,0.3,estimativa_julgamental,baixa,BMW;HIPOTESE,Autopeças: proximidade presumida de montagem e metalmecânica.,https://www.press.bmwgroup.com/portugal/article/detail/T0194787PT/bmw-group-assembles-first-car-in-brazil?language=pt,2026-09-18
42007,São Bento do Sul,3000,"Fabricação de outros equipamentos de transporte, exceto veículos automotores",industria,517,2015,1527005.0,60267845.0,1160787000.0,0.00012878323627240056,0.0024804256558925686,0.051919813023405675,0.0013154911280019504,0.025336976956783504,0.2,estimativa_julgamental,baixa,FIESC_PORTOS;HIPOTESE,Transporte não automotivo: hipótese de produção naval costeira.,https://fiesc.com.br/pt-br/imprensa/podio-da-industria-os-setores-que-mais-se-destacaram-em-sc,2026-09-18
42007,São Bento do Sul,3180,Fabricação de móveis e de produtos de indústrias diversas,industria,517,2015,1527005.0,60267845.0,1160787000.0,0.01416189778910449,0.27276480719836654,0.051919813023405675,0.0013154911280019504,0.025336976956783504,15.0,estimativa_julgamental,baixa,FIESC_MADEIRA;FIESC_OESTE,Móveis com polo em São Bento; outras indústrias agregadas ao mesmo perfil.,https://fiesc.com.br/imprensa/portas-abertas-para-o-futuro ; https://fiesc.com.br/imprensa/muito-mais-do-que-aves-e-suinos,2026-09-18
42007,São Bento do Sul,3300,"Manutenção, reparação e instalação de máquinas e equipamentos",industria,517,2015,1527005.0,60267845.0,1160787000.0,0.0007802876382261193,0.015028706630248499,0.051919813023405675,0.0013154911280019504,0.025336976956783504,1.0,estimativa_julgamental,baixa,HIPOTESE,Manutenção segue demanda industrial e logística presumida.,,2026-09-18
42007,São Bento do Sul,3500,"Energia elétrica, gás natural e outras utilidades",industria,517,2015,1527005.0,60267845.0,1160787000.0,0.0008819277111009485,0.016986342202414552,0.051919813023405675,0.0013154911280019504,0.025336976956783504,1.0,estimativa_julgamental,baixa,WIKI_ENERGIA;HIPOTESE,"Geração e utilidades: reforço de Tubarão; hidroeletricidade e redes aproximadas. Fator de produção, não de carbono.",https://pt.wikipedia.org/wiki/Complexo_Termoel%C3%A9trico_Jorge_Lacerda,2026-09-18
42007,São Bento do Sul,3680,"Água, esgoto e gestão de resíduos",industria,517,2015,1527005.0,60267845.0,1160787000.0,0.0010608918191014067,0.02043327503169459,0.051919813023405675,0.0013154911280019504,0.025336976956783504,1.0,estimativa_julgamental,baixa,HIPOTESE,Saneamento: demanda urbana presumida.,,2026-09-18
42007,São Bento do Sul,4180,Construção,industria,517,2015,1527005.0,60267845.0,1160787000.0,0.0009960392038669142,0.019184183182976707,0.051919813023405675,0.0013154911280019504,0.025336976956783504,1.0,estimativa_julgamental,baixa,WIKI_FLORIPA;HIPOTESE,Construção: reforço presumido do litoral urbano.,https://pt.wikipedia.org/wiki/Regi%C3%A3o_Metropolitana_de_Florian%C3%B3polis,2026-09-18
42007,São Bento do Sul,4580,Comércio por atacado e varejo,servicos,6575,2015,1425449.0,108382198.0,2850260000.0,0.00037647441138278956,0.009900610669358255,0.038025372773010185,0.000500111919614351,0.013152058421992881,1.0,estimativa_julgamental,baixa,HIPOTESE,Comércio: centralidade regional e logística presumidas.,,2026-09-18
42007,São Bento do Sul,4900,Transporte terrestre,servicos,6575,2015,1425449.0,108382198.0,2850260000.0,0.0003293551811458103,0.008661458313949297,0.038025372773010185,0.000500111919614351,0.013152058421992881,1.0,estimativa_julgamental,baixa,FIESC_PORTOS;HIPOTESE,Transporte terrestre: conexão presumida de polos produtivos e portos.,https://fiesc.com.br/pt-br/imprensa/podio-da-industria-os-setores-que-mais-se-destacaram-em-sc,2026-09-18
42007,São Bento do Sul,5000,Transporte aquaviário,servicos,6575,2015,1425449.0,108382198.0,2850260000.0,7.041565474568294e-06,0.00018518070859166664,0.038025372773010185,0.000500111919614351,0.013152058421992881,0.05,estimativa_julgamental,baixa,FIESC_PORTOS,Concentração portuária; sede de transportadora e movimentação não são equivalentes.,https://fiesc.com.br/pt-br/imprensa/podio-da-industria-os-setores-que-mais-se-destacaram-em-sc,2026-09-18
42007,São Bento do Sul,5100,Transporte aéreo,servicos,6575,2015,1425449.0,108382198.0,2850260000.0,6.00938373817543e-06,0.00015803615585961584,0.038025372773010185,0.000500111919614351,0.013152058421992881,0.05,estimativa_julgamental,baixa,HIPOTESE,"Transporte aéreo: aproximação por aeroportos, não por sede de companhia.",,2026-09-18
42007,São Bento do Sul,5280,"Armazenamento, atividades auxiliares dos transportes e correio",servicos,6575,2015,1425449.0,108382198.0,2850260000.0,4.896535386889294e-05,0.0012877021393370212,0.038025372773010185,0.000500111919614351,0.013152058421992881,0.3,estimativa_julgamental,baixa,FIESC_PORTOS;HIPOTESE,Armazenamento e apoio: concentração logística estimada.,https://fiesc.com.br/pt-br/imprensa/podio-da-industria-os-setores-que-mais-se-destacaram-em-sc,2026-09-18
42007,São Bento do Sul,5500,Alojamento,servicos,6575,2015,1425449.0,108382198.0,2850260000.0,0.00015513607623648994,0.004079804218161487,0.038025372773010185,0.000500111919614351,0.013152058421992881,0.7,estimativa_julgamental,baixa,WIKI_FLORIPA;HIPOTESE,Alojamento: litoral e turismo serrano/rural presumidos.,https://pt.wikipedia.org/wiki/Regi%C3%A3o_Metropolitana_de_Florian%C3%B3polis,2026-09-18
42007,São Bento do Sul,5600,Alimentação,servicos,6575,2015,1425449.0,108382198.0,2850260000.0,0.00032786895055292493,0.008622373079946271,0.038025372773010185,0.000500111919614351,0.013152058421992881,1.0,estimativa_julgamental,baixa,WIKI_FLORIPA;HIPOTESE,Alimentação acompanha turismo e mercados urbanos.,https://pt.wikipedia.org/wiki/Regi%C3%A3o_Metropolitana_de_Florian%C3%B3polis,2026-09-18
42007,São Bento do Sul,5800,Edição e edição integrada à impressão,servicos,6575,2015,1425449.0,108382198.0,2850260000.0,0.00022694205535823427,0.005968174374330242,0.038025372773010185,0.000500111919614351,0.013152058421992881,0.8,estimativa_julgamental,baixa,HIPOTESE,Edição: concentração urbana presumida.,,2026-09-18
42007,São Bento do Sul,5980,"Atividades de televisão, rádio, cinema e  gravação/edição de som e imagem",servicos,6575,2015,1425449.0,108382198.0,2850260000.0,0.00012116252032933886,0.0031863598301221157,0.038025372773010185,0.000500111919614351,0.013152058421992881,0.5,estimativa_julgamental,baixa,HIPOTESE,Mídia: centralidade da capital e polos regionais presumida.,,2026-09-18
42007,São Bento do Sul,6100,Telecomunicações,servicos,6575,2015,1425449.0,108382198.0,2850260000.0,0.00030517382995439736,0.008025531577983766,0.038025372773010185,0.000500111919614351,0.013152058421992881,1.0,estimativa_julgamental,baixa,ACATE;HIPOTESE,Telecom: perfil urbano inferido; polos de TI são apenas contexto.,https://www.acate.com.br/noticias/acate-completa-30-anos-e-comemora-consolidacao-do-setor-em-sc/,2026-09-18
42007,São Bento do Sul,6280,Desenvolvimento de sistemas e outros serviços de informação,servicos,6575,2015,1425449.0,108382198.0,2850260000.0,7.918675015023269e-05,0.0020824713704434266,0.038025372773010185,0.000500111919614351,0.013152058421992881,0.5,estimativa_julgamental,baixa,ACATE,Software e informação: polos documentados; multiplicadores julgamentais.,https://www.acate.com.br/noticias/acate-completa-30-anos-e-comemora-consolidacao-do-setor-em-sc/,2026-09-18
42007,São Bento do Sul,6480,"Intermediação financeira, seguros e previdência complementar",servicos,6575,2015,1425449.0,108382198.0,2850260000.0,0.00021406585746503478,0.005629553160277639,0.038025372773010185,0.000500111919614351,0.013152058421992881,0.8,estimativa_julgamental,baixa,HIPOTESE,Finanças: sedes e mercados urbanos presumidos.,,2026-09-18
42007,São Bento do Sul,6800,Atividades imobiliárias,servicos,6575,2015,1425449.0,108382198.0,2850260000.0,0.0003011209881084379,0.007918949010860687,0.038025372773010185,0.000500111919614351,0.013152058421992881,1.0,estimativa_julgamental,baixa,WIKI_FLORIPA;HIPOTESE,Imobiliário: reforço litorâneo presumido; inclui aluguéis imputados.,https://pt.wikipedia.org/wiki/Regi%C3%A3o_Metropolitana_de_Florian%C3%B3polis,2026-09-18
42007,São Bento do Sul,6980,"Atividades jurídicas, contábeis, consultoria e sedes de empresas ",servicos,6575,2015,1425449.0,108382198.0,2850260000.0,0.00016862718577555582,0.004434596520122605,0.038025372773010185,0.000500111919614351,0.013152058421992881,0.7,estimativa_julgamental,baixa,HIPOTESE,Serviços empresariais: sedes e centralidade presumidas.,,2026-09-18
42007,São Bento do Sul,7180,"Serviços de arquitetura, engenharia, testes/análises técnicas e P & D",servicos,6575,2015,1425449.0,108382198.0,2850260000.0,0.00016449232539385238,0.0043258570106801545,0.038025372773010185,0.000500111919614351,0.013152058421992881,0.7,estimativa_julgamental,baixa,ACATE;HIPOTESE,Engenharia e P&D: integração presumida com tecnologia e indústria.,https://www.acate.com.br/noticias/acate-completa-30-anos-e-comemora-consolidacao-do-setor-em-sc/,2026-09-18
42007,São Bento do Sul,7380,"Outras atividades profissionais, científicas e técnicas",servicos,6575,2015,1425449.0,108382198.0,2850260000.0,0.0002913391476650002,0.007661703920803852,0.038025372773010185,0.000500111919614351,0.013152058421992881,1.0,estimativa_julgamental,baixa,HIPOTESE,Outros serviços técnicos: concentração urbana moderada.,,2026-09-18
42007,São Bento do Sul,7700,Aluguéis não imobiliários e gestão de ativos de propriedade intelectual,servicos,6575,2015,1425449.0,108382198.0,2850260000.0,0.00029729054758149455,0.007818215204783126,0.038025372773010185,0.000500111919614351,0.013152058421992881,1.0,estimativa_julgamental,baixa,HIPOTESE,Aluguéis de equipamentos: demanda empresarial presumida.,,2026-09-18
42007,São Bento do Sul,7880,Outras atividades administrativas e serviços complementares,servicos,6575,2015,1425449.0,108382198.0,2850260000.0,0.0003092558921612606,0.008132882588879328,0.038025372773010185,0.000500111919614351,0.013152058421992881,1.0,estimativa_julgamental,baixa,HIPOTESE,Serviços administrativos: mercados urbanos presumidos.,,2026-09-18
42007,São Bento do Sul,8000,"Atividades de vigilância, segurança e investigação",servicos,6575,2015,1425449.0,108382198.0,2850260000.0,0.00032043152073435964,0.008426781839777174,0.038025372773010185,0.000500111919614351,0.013152058421992881,1.0,estimativa_julgamental,baixa,HIPOTESE,Segurança: demanda industrial e urbana presumida.,,2026-09-18
42007,São Bento do Sul,8400,"Administração pública, defesa e seguridade social",administracao_publica,525,2015,565703.0,28534686.0,885587000.0,0.0004892380835887495,0.015183727156875316,0.03222121146764802,0.0006387887356070042,0.019825099880194933,1.0,estimativa_julgamental,baixa,VAB;HIPOTESE,Administração: reforço da capital; não mede empregos públicos municipais.,https://sidra.ibge.gov.br/tabela/5938,2026-09-18
42007,São Bento do Sul,8591,Educação pública,administracao_publica,525,2015,565703.0,28534686.0,885587000.0,0.0005787116243082674,0.017960579318668006,0.03222121146764802,0.0006387887356070042,0.019825099880194933,1.0,estimativa_julgamental,baixa,VAB;HIPOTESE,Educação pública: perfil difuso com polos de ensino presumidos.,https://sidra.ibge.gov.br/tabela/5938,2026-09-18
42007,São Bento do Sul,8592,Educação privada,servicos,6575,2015,1425449.0,108382198.0,2850260000.0,0.00021503273163102466,0.0056549802395008085,0.038025372773010185,0.000500111919614351,0.013152058421992881,0.8,estimativa_julgamental,baixa,HIPOTESE,Educação privada: centros regionais presumidos.,,2026-09-18
42007,São Bento do Sul,8691,Saúde pública,administracao_publica,525,2015,565703.0,28534686.0,885587000.0,0.0005317973940328663,0.016504574775744296,0.03222121146764802,0.0006387887356070042,0.019825099880194933,1.0,estimativa_julgamental,baixa,VAB;HIPOTESE,"Saúde pública: rede regional presumida, sem contagem de leitos.",https://sidra.ibge.gov.br/tabela/5938,2026-09-18
42007,São Bento do Sul,8692,Saúde privada,servicos,6575,2015,1425449.0,108382198.0,2850260000.0,0.0002266111402626992,0.005959471893028864,0.038025372773010185,0.000500111919614351,0.013152058421992881,0.8,estimativa_julgamental,baixa,HIPOTESE,Saúde privada: centralidade regional presumida.,,2026-09-18
42007,São Bento do Sul,9080,"Atividades artísticas, criativas e de espetáculos",servicos,6575,2015,1425449.0,108382198.0,2850260000.0,0.00021280680787273917,0.005596442384485607,0.038025372773010185,0.000500111919614351,0.013152058421992881,0.8,estimativa_julgamental,baixa,WIKI_FLORIPA;HIPOTESE,Cultura e lazer: turismo e centralidade presumidos.,https://pt.wikipedia.org/wiki/Regi%C3%A3o_Metropolitana_de_Florian%C3%B3polis,2026-09-18
42007,São Bento do Sul,9480,Organizações associativas e outros serviços pessoais,servicos,6575,2015,1425449.0,108382198.0,2850260000.0,0.0003992016801070177,0.010498297610125332,0.038025372773010185,0.000500111919614351,0.013152058421992881,1.0,estimativa_julgamental,baixa,HIPOTESE,Serviços pessoais e associações: demanda urbana presumida.,,2026-09-18
42007,São Bento do Sul,9700,Serviços domésticos,servicos,6575,2015,1425449.0,108382198.0,2850260000.0,0.0003628079191084659,0.009541206111882783,0.038025372773010185,0.000500111919614351,0.013152058421992881,1.0,estimativa_julgamental,baixa,HIPOTESE,"Serviços domésticos: demanda residencial presumida, não emprego observado.",,2026-09-18
42008,Joinville,0191,"Agricultura, inclusive o apoio à agricultura e a pós-colheita",agropecuaria,513,2015,372391.0,12485693.0,258967000.0,0.0010146855445115428,0.021045695457289886,0.04821344804550388,0.0014379863071356583,0.02982541697925778,1.0,estimativa_julgamental,baixa,ITUPORANGA;VAB;HIPOTESE,Reforço agrícola rural; escolha dos multiplicadores é hipótese.,https://cimamavi.sc.gov.br/municipios-associados/perfil/ituporanga ; https://sidra.ibge.gov.br/tabela/5938,2026-09-18
42008,Joinville,0192,"Pecuária, inclusive o apoio à pecuária",agropecuaria,513,2015,372391.0,12485693.0,258967000.0,0.0003034598074596111,0.006294090544472272,0.04821344804550388,0.0014379863071356583,0.02982541697925778,0.5,estimativa_julgamental,baixa,ITAPIRANGA;FIESC_OESTE,Maior concentração pecuária no Oeste; magnitudes estimadas.,https://servicos.itapiranga.sc.gov.br/pagina-4919/ ; https://fiesc.com.br/imprensa/muito-mais-do-que-aves-e-suinos,2026-09-18
42008,Joinville,0280,Produção florestal; pesca e aquicultura,agropecuaria,513,2015,372391.0,12485693.0,258967000.0,0.0003485951368485112,0.007230246974236461,0.04821344804550388,0.0014379863071356583,0.02982541697925778,0.5,estimativa_julgamental,baixa,FIESC_MADEIRA;HIPOTESE,Combinação estimada de florestas interiores e pesca costeira.,https://fiesc.com.br/imprensa/portas-abertas-para-o-futuro,2026-09-18
42008,Joinville,0580,Extração de carvão mineral e de minerais não metálicos,industria,517,2015,14139117.0,60267845.0,1160787000.0,0.002888833082740542,0.055640282861539644,0.051919813023405675,0.012180630038068999,0.2346046552684935,0.3,estimativa_julgamental,baixa,FIESC_HISTORIA;TIJUCAS,Carvão no Sul e minerais para construção; distribuição estimada.,https://fiesc.com.br/pt-br/imprensa/superar-desafios-e-historia-da-industria ; https://cincatarina.sc.gov.br/noticias.aspx?id=3670&s=43,2026-09-18
42008,Joinville,0680,"Extração de petróleo e gás, inclusive as atividades de apoio",industria,517,2015,14139117.0,60267845.0,1160787000.0,0.026824570578437457,0.5166538362983862,0.051919813023405675,0.012180630038068999,0.2346046552684935,2.0,estimativa_julgamental,muito_baixa,HIPOTESE,Localização hipotética de apoio costeiro; não comprova extração local ou offshore.,,2026-09-18
42008,Joinville,0791,"Extração de minério de ferro, inclusive beneficiamentos e a aglomeração",industria,517,2015,14139117.0,60267845.0,1160787000.0,0.012918364446128972,0.24881377057936085,0.051919813023405675,0.012180630038068999,0.2346046552684935,1.1,estimativa_julgamental,muito_baixa,HIPOTESE,Sem evidência de polo de extração de ferro; prior quase VAB e confiança muito baixa.,,2026-09-18
42008,Joinville,0792,"Extração de minerais metálicos não ferrosos, inclusive beneficiamentos",industria,517,2015,14139117.0,60267845.0,1160787000.0,0.011891469102978083,0.22903528365206857,0.051919813023405675,0.012180630038068999,0.2346046552684935,1.0,estimativa_julgamental,muito_baixa,HIPOTESE,Sem dados de extração metálica; pequenas diferenças apenas como hipótese.,,2026-09-18
42008,Joinville,1091,"Abate e produtos de carne, inclusive os produtos do laticínio e da pesca",industria,517,2015,14139117.0,60267845.0,1160787000.0,0.0027059262286311865,0.05211741088919837,0.051919813023405675,0.012180630038068999,0.2346046552684935,0.4,estimativa_julgamental,baixa,FIESC_OESTE;ITAPIRANGA;HIPOTESE,Carnes e laticínios no Oeste; pesca incorporada de modo aproximado.,https://fiesc.com.br/imprensa/muito-mais-do-que-aves-e-suinos ; https://servicos.itapiranga.sc.gov.br/pagina-4919/,2026-09-18
42008,Joinville,1092,Fabricação e refino de açúcar,industria,517,2015,14139117.0,60267845.0,1160787000.0,0.00910572876562325,0.17538061551797862,0.051919813023405675,0.012180630038068999,0.2346046552684935,0.5,estimativa_julgamental,muito_baixa,HIPOTESE,Açúcar: produção dispersa presumida; nenhuma usina identificada por esta pesquisa.,,2026-09-18
42008,Joinville,1093,Outros produtos alimentares,industria,517,2015,14139117.0,60267845.0,1160787000.0,0.00812935476710717,0.1565751934322726,0.051919813023405675,0.012180630038068999,0.2346046552684935,1.0,estimativa_julgamental,baixa,FIESC_OESTE;HIPOTESE,Alimentos diversos: extensão qualitativa da agroindústria.,https://fiesc.com.br/imprensa/muito-mais-do-que-aves-e-suinos,2026-09-18
42008,Joinville,1100,Fabricação de bebidas,industria,517,2015,14139117.0,60267845.0,1160787000.0,0.013578275308732997,0.26152396393669314,0.051919813023405675,0.012180630038068999,0.2346046552684935,2.0,estimativa_julgamental,baixa,HIPOTESE,Bebidas: hipótese de polos urbanos e produção regional.,,2026-09-18
42008,Joinville,1200,Fabricação de produtos do fumo,industria,517,2015,14139117.0,60267845.0,1160787000.0,0.005830861782997797,0.11230513831722044,0.051919813023405675,0.012180630038068999,0.2346046552684935,0.3,estimativa_julgamental,baixa,HIPOTESE,Beneficiamento de fumo presumido próximo a áreas rurais; cultivo não equivale a fabricação.,,2026-09-18
42008,Joinville,1300,Fabricação de produtos têxteis,industria,517,2015,14139117.0,60267845.0,1160787000.0,0.010790171651392746,0.20782377714897568,0.051919813023405675,0.012180630038068999,0.2346046552684935,2.0,estimativa_julgamental,baixa,FIESC_HISTORIA,Têxteis no Vale; intensidade relativa estimada.,https://fiesc.com.br/pt-br/imprensa/superar-desafios-e-historia-da-industria,2026-09-18
42008,Joinville,1400,Confecção de artefatos do vestuário e acessórios,industria,517,2015,14139117.0,60267845.0,1160787000.0,0.00455713237663178,0.08777251132582864,0.051919813023405675,0.012180630038068999,0.2346046552684935,0.7,estimativa_julgamental,baixa,FIESC_HISTORIA;HIPOTESE,Vestuário no Vale e extensões presumidas ao Sul.,https://fiesc.com.br/pt-br/imprensa/superar-desafios-e-historia-da-industria,2026-09-18
42008,Joinville,1500,Fabricação de calçados e de artefatos de couro,industria,517,2015,14139117.0,60267845.0,1160787000.0,0.0025118532355538955,0.04837947383249514,0.051919813023405675,0.012180630038068999,0.2346046552684935,0.2,estimativa_julgamental,baixa,FIESC_CALCADOS;HIPOTESE,São João Batista ancora o fator de Tijucas; demais polos são hipóteses.,https://fiesc.com.br/sites/default/files/2018-04/IC_FIESC15_REVISAO_FINAL_0.pdf,2026-09-18
42008,Joinville,1600,Fabricação de produtos da madeira,industria,517,2015,14139117.0,60267845.0,1160787000.0,0.004404004462530998,0.08482319573349878,0.051919813023405675,0.012180630038068999,0.2346046552684935,0.5,estimativa_julgamental,baixa,FIESC_MADEIRA;FIESC_OESTE,Distribuição estimada da base madeireira.,https://fiesc.com.br/imprensa/portas-abertas-para-o-futuro ; https://fiesc.com.br/imprensa/muito-mais-do-que-aves-e-suinos,2026-09-18
42008,Joinville,1700,"Fabricação de celulose, papel e produtos de papel",industria,517,2015,14139117.0,60267845.0,1160787000.0,0.0033619134264506524,0.06475203261874397,0.051919813023405675,0.012180630038068999,0.2346046552684935,0.3,estimativa_julgamental,baixa,FIESC_MADEIRA;HIPOTESE,Papel e celulose próximos da base florestal; fatores inferidos.,https://fiesc.com.br/imprensa/portas-abertas-para-o-futuro,2026-09-18
42008,Joinville,1800,Impressão e reprodução de gravações,industria,517,2015,14139117.0,60267845.0,1160787000.0,0.01547069025035989,0.2979727651057918,0.051919813023405675,0.012180630038068999,0.2346046552684935,2.0,estimativa_julgamental,baixa,HIPOTESE,Impressão: demanda urbana e empresarial presumida.,,2026-09-18
42008,Joinville,1991,Refino de petróleo e coquerias,industria,517,2015,14139117.0,60267845.0,1160787000.0,0.01075809660156513,0.20720599661472844,0.051919813023405675,0.012180630038068999,0.2346046552684935,1.0,estimativa_julgamental,muito_baixa,HIPOTESE,Hipótese de coquerias no Sul; terminais de petróleo não tratados como refinarias.,,2026-09-18
42008,Joinville,1992,Fabricação de biocombustíveis,industria,517,2015,14139117.0,60267845.0,1160787000.0,0.005346425938759326,0.1029746762830046,0.051919813023405675,0.012180630038068999,0.2346046552684935,0.4,estimativa_julgamental,muito_baixa,HIPOTESE,Biocombustíveis: proximidade presumida de insumos agropecuários; baixa confiança.,,2026-09-18
42008,Joinville,2091,"Fabricação de químicos orgânicos e inorgânicos, resinas e elastômeros",industria,517,2015,14139117.0,60267845.0,1160787000.0,0.02717947164573655,0.5234893976502559,0.051919813023405675,0.012180630038068999,0.2346046552684935,4.0,estimativa_julgamental,baixa,HIPOTESE,Química básica: proximidade industrial presumida.,,2026-09-18
42008,Joinville,2092,"Fabricação de defensivos, desinfestantes, tintas e químicos diversos",industria,517,2015,14139117.0,60267845.0,1160787000.0,0.02036224563759131,0.3921864207872228,0.051919813023405675,0.012180630038068999,0.2346046552684935,3.0,estimativa_julgamental,baixa,HIPOTESE,Tintas e químicos: hipótese de integração com manufaturas.,,2026-09-18
42008,Joinville,2093,"Fabricação de produtos de limpeza, cosméticos/perfumaria e higiene pessoal",industria,517,2015,14139117.0,60267845.0,1160787000.0,0.015571320042953717,0.29991094220493625,0.051919813023405675,0.012180630038068999,0.2346046552684935,2.0,estimativa_julgamental,baixa,HIPOTESE,Limpeza e cosméticos: mercados urbanos presumidos.,,2026-09-18
42008,Joinville,2100,Fabricação de produtos farmoquímicos e farmacêuticos,industria,517,2015,14139117.0,60267845.0,1160787000.0,0.01595170802159105,0.30723739344746775,0.051919813023405675,0.012180630038068999,0.2346046552684935,2.0,estimativa_julgamental,baixa,HIPOTESE,Fármacos: hipótese de infraestrutura técnica e urbana; não inventário de fábricas.,,2026-09-18
42008,Joinville,2200,Fabricação de produtos de borracha e de material plástico,industria,517,2015,14139117.0,60267845.0,1160787000.0,0.027878629258093545,0.5369555018529388,0.051919813023405675,0.012180630038068999,0.2346046552684935,5.0,estimativa_julgamental,baixa,FIESC_HISTORIA;HIPOTESE,"Plásticos dispersos, com reforço industrial estimado.",https://fiesc.com.br/pt-br/imprensa/superar-desafios-e-historia-da-industria,2026-09-18
42008,Joinville,2300,Fabricação de produtos de minerais não metálicos,industria,517,2015,14139117.0,60267845.0,1160787000.0,0.002964804445958404,0.05710352702198403,0.051919813023405675,0.012180630038068999,0.2346046552684935,0.3,estimativa_julgamental,baixa,FIESC_HISTORIA;TIJUCAS,Cerâmica Sul e Tijucas; demais minerais agregados por hipótese.,https://fiesc.com.br/pt-br/imprensa/superar-desafios-e-historia-da-industria ; https://cincatarina.sc.gov.br/noticias.aspx?id=3670&s=43,2026-09-18
42008,Joinville,2491,"Produção de ferro gusa/ferroligas, siderurgia e tubos de aço sem costura",industria,517,2015,14139117.0,60267845.0,1160787000.0,0.04015264537885997,0.7733588208562883,0.051919813023405675,0.012180630038068999,0.2346046552684935,7.0,estimativa_julgamental,baixa,HIPOTESE,Siderurgia presumida nos polos metalúrgicos; peso não observado.,,2026-09-18
42008,Joinville,2492,Metalurgia de metais não ferosos e a fundição de metais,industria,517,2015,14139117.0,60267845.0,1160787000.0,0.03982918918758629,0.7671289025950675,0.051919813023405675,0.012180630038068999,0.2346046552684935,10.0,estimativa_julgamental,baixa,FIESC_HISTORIA;HIPOTESE,Fundição e metais: extensão estimada do polo metalmecânico.,https://fiesc.com.br/pt-br/imprensa/superar-desafios-e-historia-da-industria,2026-09-18
42008,Joinville,2500,"Fabricação de produtos de metal, exceto máquinas e equipamentos",industria,517,2015,14139117.0,60267845.0,1160787000.0,0.028434911575126308,0.5476697607194334,0.051919813023405675,0.012180630038068999,0.2346046552684935,5.0,estimativa_julgamental,baixa,FIESC_HISTORIA;HIPOTESE,Produtos de metal: polos industriais e fornecedores presumidos.,https://fiesc.com.br/pt-br/imprensa/superar-desafios-e-historia-da-industria,2026-09-18
42008,Joinville,2600,"Fabricação de equipamentos de informática, produtos eletrônicos e ópticos",industria,517,2015,14139117.0,60267845.0,1160787000.0,0.023531220253816158,0.45322236124402415,0.051919813023405675,0.012180630038068999,0.2346046552684935,5.0,estimativa_julgamental,baixa,ACATE;HIPOTESE,Eletrônica aproximada pelos polos tecnológicos; software não é fabricação.,https://www.acate.com.br/noticias/acate-completa-30-anos-e-comemora-consolidacao-do-setor-em-sc/,2026-09-18
42008,Joinville,2700,Fabricação de máquinas e equipamentos elétricos,industria,517,2015,14139117.0,60267845.0,1160787000.0,0.040530201969406085,0.7806307382334928,0.051919813023405675,0.012180630038068999,0.2346046552684935,12.0,estimativa_julgamental,baixa,FIESC_HISTORIA;HIPOTESE,Equipamentos elétricos no Norte; intensidades inferidas.,https://fiesc.com.br/pt-br/imprensa/superar-desafios-e-historia-da-industria,2026-09-18
42008,Joinville,2800,Fabricação de máquinas e equipamentos mecânicos,industria,517,2015,14139117.0,60267845.0,1160787000.0,0.031031156722833176,0.5976746624423358,0.051919813023405675,0.012180630038068999,0.2346046552684935,7.0,estimativa_julgamental,baixa,FIESC_HISTORIA;FIESC_OESTE,Máquinas: reforço estimado de polos industriais.,https://fiesc.com.br/pt-br/imprensa/superar-desafios-e-historia-da-industria ; https://fiesc.com.br/imprensa/muito-mais-do-que-aves-e-suinos,2026-09-18
42008,Joinville,2991,"Fabricação de automóveis, caminhões e ônibus, exceto peças",industria,517,2015,14139117.0,60267845.0,1160787000.0,0.04966154400831493,0.9565046774326266,0.051919813023405675,0.012180630038068999,0.2346046552684935,20.0,estimativa_julgamental,baixa,BMW;HIPOTESE,Araquari confirmado antes de 2015; outras produções agregadas são hipóteses.,https://www.press.bmwgroup.com/portugal/article/detail/T0194787PT/bmw-group-assembles-first-car-in-brazil?language=pt,2026-09-18
42008,Joinville,2992,Fabricação de peças e acessórios para veículos automotores,industria,517,2015,14139117.0,60267845.0,1160787000.0,0.03982918918758629,0.7671289025950675,0.051919813023405675,0.012180630038068999,0.2346046552684935,10.0,estimativa_julgamental,baixa,BMW;HIPOTESE,Autopeças: proximidade presumida de montagem e metalmecânica.,https://www.press.bmwgroup.com/portugal/article/detail/T0194787PT/bmw-group-assembles-first-car-in-brazil?language=pt,2026-09-18
42008,Joinville,3000,"Fabricação de outros equipamentos de transporte, exceto veículos automotores",industria,517,2015,14139117.0,60267845.0,1160787000.0,0.02384905413268608,0.4593439911259854,0.051919813023405675,0.012180630038068999,0.2346046552684935,4.0,estimativa_julgamental,baixa,FIESC_PORTOS;HIPOTESE,Transporte não automotivo: hipótese de produção naval costeira.,https://fiesc.com.br/pt-br/imprensa/podio-da-industria-os-setores-que-mais-se-destacaram-em-sc,2026-09-18
42008,Joinville,3180,Fabricação de móveis e de produtos de indústrias diversas,industria,517,2015,14139117.0,60267845.0,1160787000.0,0.005245214777481139,0.1010253017497689,0.051919813023405675,0.012180630038068999,0.2346046552684935,0.6,estimativa_julgamental,baixa,FIESC_MADEIRA;FIESC_OESTE,Móveis com polo em São Bento; outras indústrias agregadas ao mesmo perfil.,https://fiesc.com.br/imprensa/portas-abertas-para-o-futuro ; https://fiesc.com.br/imprensa/muito-mais-do-que-aves-e-suinos,2026-09-18
42008,Joinville,3300,"Manutenção, reparação e instalação de máquinas e equipamentos",industria,517,2015,14139117.0,60267845.0,1160787000.0,0.021674935335246653,0.4174694412993263,0.051919813023405675,0.012180630038068999,0.2346046552684935,3.0,estimativa_julgamental,baixa,HIPOTESE,Manutenção segue demanda industrial e logística presumida.,,2026-09-18
42008,Joinville,3500,"Energia elétrica, gás natural e outras utilidades",industria,517,2015,14139117.0,60267845.0,1160787000.0,0.008166102332866302,0.15728296881934048,0.051919813023405675,0.012180630038068999,0.2346046552684935,1.0,estimativa_julgamental,baixa,WIKI_ENERGIA;HIPOTESE,"Geração e utilidades: reforço de Tubarão; hidroeletricidade e redes aproximadas. Fator de produção, não de carbono.",https://pt.wikipedia.org/wiki/Complexo_Termoel%C3%A9trico_Jorge_Lacerda,2026-09-18
42008,Joinville,3680,"Água, esgoto e gestão de resíduos",industria,517,2015,14139117.0,60267845.0,1160787000.0,0.013752478201750925,0.2648791935277434,0.051919813023405675,0.012180630038068999,0.2346046552684935,1.4,estimativa_julgamental,baixa,HIPOTESE,Saneamento: demanda urbana presumida.,,2026-09-18
42008,Joinville,4180,Construção,industria,517,2015,14139117.0,60267845.0,1160787000.0,0.011989514960382905,0.23092369294508014,0.051919813023405675,0.012180630038068999,0.2346046552684935,1.3,estimativa_julgamental,baixa,WIKI_FLORIPA;HIPOTESE,Construção: reforço presumido do litoral urbano.,https://pt.wikipedia.org/wiki/Regi%C3%A3o_Metropolitana_de_Florian%C3%B3polis,2026-09-18
42008,Joinville,4580,Comércio por atacado e varejo,servicos,6575,2015,17723369.0,108382198.0,2850260000.0,0.007021361246872017,0.18464937316421706,0.038025372773010185,0.0062181586942945555,0.1635265691880506,1.5,estimativa_julgamental,baixa,HIPOTESE,Comércio: centralidade regional e logística presumidas.,,2026-09-18
42008,Joinville,4900,Transporte terrestre,servicos,6575,2015,17723369.0,108382198.0,2850260000.0,0.008190097867421479,0.21538507765095946,0.038025372773010185,0.0062181586942945555,0.1635265691880506,2.0,estimativa_julgamental,baixa,FIESC_PORTOS;HIPOTESE,Transporte terrestre: conexão presumida de polos produtivos e portos.,https://fiesc.com.br/pt-br/imprensa/podio-da-industria-os-setores-que-mais-se-destacaram-em-sc,2026-09-18
42008,Joinville,5000,Transporte aquaviário,servicos,6575,2015,17723369.0,108382198.0,2850260000.0,0.014008247309408781,0.36839211000060507,0.038025372773010185,0.0062181586942945555,0.1635265691880506,8.0,estimativa_julgamental,baixa,FIESC_PORTOS,Concentração portuária; sede de transportadora e movimentação não são equivalentes.,https://fiesc.com.br/pt-br/imprensa/podio-da-industria-os-setores-que-mais-se-destacaram-em-sc,2026-09-18
42008,Joinville,5100,Transporte aéreo,servicos,6575,2015,17723369.0,108382198.0,2850260000.0,0.004483072721126432,0.11789687764240532,0.038025372773010185,0.0062181586942945555,0.1635265691880506,3.0,estimativa_julgamental,baixa,HIPOTESE,"Transporte aéreo: aproximação por aeroportos, não por sede de companhia.",,2026-09-18
42008,Joinville,5280,"Armazenamento, atividades auxiliares dos transportes e correio",servicos,6575,2015,17723369.0,108382198.0,2850260000.0,0.010146873427647094,0.26684481144256356,0.038025372773010185,0.0062181586942945555,0.1635265691880506,5.0,estimativa_julgamental,baixa,FIESC_PORTOS;HIPOTESE,Armazenamento e apoio: concentração logística estimada.,https://fiesc.com.br/pt-br/imprensa/podio-da-industria-os-setores-que-mais-se-destacaram-em-sc,2026-09-18
42008,Joinville,5500,Alojamento,servicos,6575,2015,17723369.0,108382198.0,2850260000.0,0.0019288897213098767,0.05072638558533665,0.038025372773010185,0.0062181586942945555,0.1635265691880506,0.7,estimativa_julgamental,baixa,WIKI_FLORIPA;HIPOTESE,Alojamento: litoral e turismo serrano/rural presumidos.,https://pt.wikipedia.org/wiki/Regi%C3%A3o_Metropolitana_de_Florian%C3%B3polis,2026-09-18
42008,Joinville,5600,Alimentação,servicos,6575,2015,17723369.0,108382198.0,2850260000.0,0.004076569834692257,0.10720657122882282,0.038025372773010185,0.0062181586942945555,0.1635265691880506,1.0,estimativa_julgamental,baixa,WIKI_FLORIPA;HIPOTESE,Alimentação acompanha turismo e mercados urbanos.,https://pt.wikipedia.org/wiki/Regi%C3%A3o_Metropolitana_de_Florian%C3%B3polis,2026-09-18
42008,Joinville,5800,Edição e edição integrada à impressão,servicos,6575,2015,17723369.0,108382198.0,2850260000.0,0.007054229559830646,0.18551375161896183,0.038025372773010185,0.0062181586942945555,0.1635265691880506,2.0,estimativa_julgamental,baixa,HIPOTESE,Edição: concentração urbana presumida.,,2026-09-18
42008,Joinville,5980,"Atividades de televisão, rádio, cinema e  gravação/edição de som e imagem",servicos,6575,2015,17723369.0,108382198.0,2850260000.0,0.0060259133978609524,0.15847085665227328,0.038025372773010185,0.0062181586942945555,0.1635265691880506,2.0,estimativa_julgamental,baixa,HIPOTESE,Mídia: centralidade da capital e polos regionais presumida.,,2026-09-18
42008,Joinville,6100,Telecomunicações,servicos,6575,2015,17723369.0,108382198.0,2850260000.0,0.006829900694703962,0.17961429952244198,0.038025372773010185,0.0062181586942945555,0.1635265691880506,1.8,estimativa_julgamental,baixa,ACATE;HIPOTESE,Telecom: perfil urbano inferido; polos de TI são apenas contexto.,https://www.acate.com.br/noticias/acate-completa-30-anos-e-comemora-consolidacao-do-setor-em-sc/,2026-09-18
42008,Joinville,6280,Desenvolvimento de sistemas e outros serviços de informação,servicos,6575,2015,17723369.0,108382198.0,2850260000.0,0.007876569377499325,0.2071398333033566,0.038025372773010185,0.0062181586942945555,0.1635265691880506,4.0,estimativa_julgamental,baixa,ACATE,Software e informação: polos documentados; multiplicadores julgamentais.,https://www.acate.com.br/noticias/acate-completa-30-anos-e-comemora-consolidacao-do-setor-em-sc/,2026-09-18
42008,Joinville,6480,"Intermediação financeira, seguros e previdência complementar",servicos,6575,2015,17723369.0,108382198.0,2850260000.0,0.0066539879402107965,0.17498810544031518,0.038025372773010185,0.0062181586942945555,0.1635265691880506,2.0,estimativa_julgamental,baixa,HIPOTESE,Finanças: sedes e mercados urbanos presumidos.,,2026-09-18
42008,Joinville,6800,Atividades imobiliárias,servicos,6575,2015,17723369.0,108382198.0,2850260000.0,0.0037439981268291306,0.09846052395537755,0.038025372773010185,0.0062181586942945555,0.1635265691880506,1.0,estimativa_julgamental,baixa,WIKI_FLORIPA;HIPOTESE,Imobiliário: reforço litorâneo presumido; inclui aluguéis imputados.,https://pt.wikipedia.org/wiki/Regi%C3%A3o_Metropolitana_de_Florian%C3%B3polis,2026-09-18
42008,Joinville,6980,"Atividades jurídicas, contábeis, consultoria e sedes de empresas ",servicos,6575,2015,17723369.0,108382198.0,2850260000.0,0.008985565260785684,0.2363044621396453,0.038025372773010185,0.0062181586942945555,0.1635265691880506,3.0,estimativa_julgamental,baixa,HIPOTESE,Serviços empresariais: sedes e centralidade presumidas.,,2026-09-18
42008,Joinville,7180,"Serviços de arquitetura, engenharia, testes/análises técnicas e P & D",servicos,6575,2015,17723369.0,108382198.0,2850260000.0,0.008765232711006397,0.23051010606338676,0.038025372773010185,0.0062181586942945555,0.1635265691880506,3.0,estimativa_julgamental,baixa,ACATE;HIPOTESE,Engenharia e P&D: integração presumida com tecnologia e indústria.,https://www.acate.com.br/noticias/acate-completa-30-anos-e-comemora-consolidacao-do-setor-em-sc/,2026-09-18
42008,Joinville,7380,"Outras atividades profissionais, científicas e técnicas",servicos,6575,2015,17723369.0,108382198.0,2850260000.0,0.007244750556789176,0.19052411662171492,0.038025372773010185,0.0062181586942945555,0.1635265691880506,2.0,estimativa_julgamental,baixa,HIPOTESE,Outros serviços técnicos: concentração urbana moderada.,,2026-09-18
42008,Joinville,7700,Aluguéis não imobiliários e gestão de ativos de propriedade intelectual,servicos,6575,2015,17723369.0,108382198.0,2850260000.0,0.009240930533114276,0.24302011681193417,0.038025372773010185,0.0062181586942945555,0.1635265691880506,2.5,estimativa_julgamental,baixa,HIPOTESE,Aluguéis de equipamentos: demanda empresarial presumida.,,2026-09-18
42008,Joinville,7880,Outras atividades administrativas e serviços complementares,servicos,6575,2015,17723369.0,108382198.0,2850260000.0,0.007690287470401578,0.20224094886086227,0.038025372773010185,0.0062181586942945555,0.1635265691880506,2.0,estimativa_julgamental,baixa,HIPOTESE,Serviços administrativos: mercados urbanos presumidos.,,2026-09-18
42008,Joinville,8000,"Atividades de vigilância, segurança e investigação",servicos,6575,2015,17723369.0,108382198.0,2850260000.0,0.007968192592237544,0.20954936168024216,0.038025372773010185,0.0062181586942945555,0.1635265691880506,2.0,estimativa_julgamental,baixa,HIPOTESE,Segurança: demanda industrial e urbana presumida.,,2026-09-18
42008,Joinville,8400,"Administração pública, defesa e seguridade social",administracao_publica,525,2015,4114215.0,28534686.0,885587000.0,0.003913915479110587,0.12147015276071749,0.03222121146764802,0.0046457490907161015,0.1441829428226405,1.1,estimativa_julgamental,baixa,VAB;HIPOTESE,Administração: reforço da capital; não mede empregos públicos municipais.,https://sidra.ibge.gov.br/tabela/5938,2026-09-18
42008,Joinville,8591,Educação pública,administracao_publica,525,2015,4114215.0,28534686.0,885587000.0,0.004208823438099919,0.13062275583045113,0.03222121146764802,0.0046457490907161015,0.1441829428226405,1.0,estimativa_julgamental,baixa,VAB;HIPOTESE,Educação pública: perfil difuso com polos de ensino presumidos.,https://sidra.ibge.gov.br/tabela/5938,2026-09-18
42008,Joinville,8592,Educação privada,servicos,6575,2015,17723369.0,108382198.0,2850260000.0,0.00668404209791901,0.17577847659295634,0.038025372773010185,0.0062181586942945555,0.1635265691880506,2.0,estimativa_julgamental,baixa,HIPOTESE,Educação privada: centros regionais presumidos.,,2026-09-18
42008,Joinville,8691,Saúde pública,administracao_publica,525,2015,4114215.0,28534686.0,885587000.0,0.0038676280937009863,0.1200336026342247,0.03222121146764802,0.0046457490907161015,0.1441829428226405,1.0,estimativa_julgamental,baixa,VAB;HIPOTESE,"Saúde pública: rede regional presumida, sem contagem de leitos.",https://sidra.ibge.gov.br/tabela/5938,2026-09-18
42008,Joinville,8692,Saúde privada,servicos,6575,2015,17723369.0,108382198.0,2850260000.0,0.0070439434493738025,0.18524324512009738,0.038025372773010185,0.0062181586942945555,0.1635265691880506,2.0,estimativa_julgamental,baixa,HIPOTESE,Saúde privada: centralidade regional presumida.,,2026-09-18
42008,Joinville,9080,"Atividades artísticas, criativas e de espetáculos",servicos,6575,2015,17723369.0,108382198.0,2850260000.0,0.0026459407398234957,0.06958355821041531,0.038025372773010185,0.0062181586942945555,0.1635265691880506,0.8,estimativa_julgamental,baixa,WIKI_FLORIPA;HIPOTESE,Cultura e lazer: turismo e centralidade presumidos.,https://pt.wikipedia.org/wiki/Regi%C3%A3o_Metropolitana_de_Florian%C3%B3polis,2026-09-18
42008,Joinville,9480,Organizações associativas e outros serviços pessoais,servicos,6575,2015,17723369.0,108382198.0,2850260000.0,0.006948882881631884,0.1827433204432408,0.038025372773010185,0.0062181586942945555,0.1635265691880506,1.4,estimativa_julgamental,baixa,HIPOTESE,Serviços pessoais e associações: demanda urbana presumida.,,2026-09-18
42008,Joinville,9700,Serviços domésticos,servicos,6575,2015,17723369.0,108382198.0,2850260000.0,0.005864280107128309,0.15422018719276523,0.038025372773010185,0.0062181586942945555,0.1635265691880506,1.3,estimativa_julgamental,baixa,HIPOTESE,"Serviços domésticos: demanda residencial presumida, não emprego observado.",,2026-09-18
42009,Curitibanos,0191,"Agricultura, inclusive o apoio à agricultura e a pós-colheita",agropecuaria,513,2015,599195.0,12485693.0,258967000.0,0.004898033289018213,0.10159060360908946,0.04821344804550388,0.002313789015588859,0.04799052803877206,3.0,estimativa_julgamental,baixa,ITUPORANGA;VAB;HIPOTESE,Reforço agrícola rural; escolha dos multiplicadores é hipótese.,https://cimamavi.sc.gov.br/municipios-associados/perfil/ituporanga ; https://sidra.ibge.gov.br/tabela/5938,2026-09-18
42009,Curitibanos,0192,"Pecuária, inclusive o apoio à pecuária",agropecuaria,513,2015,599195.0,12485693.0,258967000.0,0.0019531256054068085,0.04050997563093699,0.04821344804550388,0.002313789015588859,0.04799052803877206,2.0,estimativa_julgamental,baixa,ITAPIRANGA;FIESC_OESTE,Maior concentração pecuária no Oeste; magnitudes estimadas.,https://servicos.itapiranga.sc.gov.br/pagina-4919/ ; https://fiesc.com.br/imprensa/muito-mais-do-que-aves-e-suinos,2026-09-18
42009,Curitibanos,0280,Produção florestal; pesca e aquicultura,agropecuaria,513,2015,599195.0,12485693.0,258967000.0,0.005609063135895972,0.11633814554400122,0.04821344804550388,0.002313789015588859,0.04799052803877206,5.0,estimativa_julgamental,baixa,FIESC_MADEIRA;HIPOTESE,Combinação estimada de florestas interiores e pesca costeira.,https://fiesc.com.br/imprensa/portas-abertas-para-o-futuro,2026-09-18
42009,Curitibanos,0580,Extração de carvão mineral e de minerais não metálicos,industria,517,2015,1235633.0,60267845.0,1160787000.0,0.0008415276777953305,0.016208218573822025,0.051919813023405675,0.0010644786683517303,0.020502359093808646,1.0,estimativa_julgamental,baixa,FIESC_HISTORIA;TIJUCAS,Carvão no Sul e minerais para construção; distribuição estimada.,https://fiesc.com.br/pt-br/imprensa/superar-desafios-e-historia-da-industria ; https://cincatarina.sc.gov.br/noticias.aspx?id=3670&s=43,2026-09-18
42009,Curitibanos,0680,"Extração de petróleo e gás, inclusive as atividades de apoio",industria,517,2015,1235633.0,60267845.0,1160787000.0,0.00011721143766455291,0.0022575473762148084,0.051919813023405675,0.0010644786683517303,0.020502359093808646,0.1,estimativa_julgamental,muito_baixa,HIPOTESE,Localização hipotética de apoio costeiro; não comprova extração local ou offshore.,,2026-09-18
42009,Curitibanos,0791,"Extração de minério de ferro, inclusive beneficiamentos e a aglomeração",industria,517,2015,1235633.0,60267845.0,1160787000.0,0.0010263182640217004,0.01976737211204963,0.051919813023405675,0.0010644786683517303,0.020502359093808646,1.0,estimativa_julgamental,muito_baixa,HIPOTESE,Sem evidência de polo de extração de ferro; prior quase VAB e confiança muito baixa.,,2026-09-18
42009,Curitibanos,0792,"Extração de minerais metálicos não ferrosos, inclusive beneficiamentos",industria,517,2015,1235633.0,60267845.0,1160787000.0,0.001039208575904713,0.020015645577079282,0.051919813023405675,0.0010644786683517303,0.020502359093808646,1.0,estimativa_julgamental,muito_baixa,HIPOTESE,Sem dados de extração metálica; pequenas diferenças apenas como hipótese.,,2026-09-18
42009,Curitibanos,1091,"Abate e produtos de carne, inclusive os produtos do laticínio e da pesca",industria,517,2015,1235633.0,60267845.0,1160787000.0,0.00023647387200079317,0.004554597912249602,0.051919813023405675,0.0010644786683517303,0.020502359093808646,0.4,estimativa_julgamental,baixa,FIESC_OESTE;ITAPIRANGA;HIPOTESE,Carnes e laticínios no Oeste; pesca incorporada de modo aproximado.,https://fiesc.com.br/imprensa/muito-mais-do-que-aves-e-suinos ; https://servicos.itapiranga.sc.gov.br/pagina-4919/,2026-09-18
42009,Curitibanos,1092,Fabricação e refino de açúcar,industria,517,2015,1235633.0,60267845.0,1160787000.0,0.0007957596610773751,0.01532670506187384,0.051919813023405675,0.0010644786683517303,0.020502359093808646,0.5,estimativa_julgamental,muito_baixa,HIPOTESE,Açúcar: produção dispersa presumida; nenhuma usina identificada por esta pesquisa.,,2026-09-18
42009,Curitibanos,1093,Outros produtos alimentares,industria,517,2015,1235633.0,60267845.0,1160787000.0,0.0007104332624834304,0.013683278523425421,0.051919813023405675,0.0010644786683517303,0.020502359093808646,1.0,estimativa_julgamental,baixa,FIESC_OESTE;HIPOTESE,Alimentos diversos: extensão qualitativa da agroindústria.,https://fiesc.com.br/imprensa/muito-mais-do-que-aves-e-suinos,2026-09-18
42009,Curitibanos,1100,Fabricação de bebidas,industria,517,2015,1235633.0,60267845.0,1160787000.0,0.0004746481708739147,0.009141946845223447,0.051919813023405675,0.0010644786683517303,0.020502359093808646,0.8,estimativa_julgamental,baixa,HIPOTESE,Bebidas: hipótese de polos urbanos e produção regional.,,2026-09-18
42009,Curitibanos,1200,Fabricação de produtos do fumo,industria,517,2015,1235633.0,60267845.0,1160787000.0,0.0005095654302535949,0.009814469671219359,0.051919813023405675,0.0010644786683517303,0.020502359093808646,0.3,estimativa_julgamental,baixa,HIPOTESE,Beneficiamento de fumo presumido próximo a áreas rurais; cultivo não equivale a fabricação.,,2026-09-18
42009,Curitibanos,1300,Fabricação de produtos têxteis,industria,517,2015,1235633.0,60267845.0,1160787000.0,0.0001885929958444417,0.0036323897345204837,0.051919813023405675,0.0010644786683517303,0.020502359093808646,0.4,estimativa_julgamental,baixa,FIESC_HISTORIA,Têxteis no Vale; intensidade relativa estimada.,https://fiesc.com.br/pt-br/imprensa/superar-desafios-e-historia-da-industria,2026-09-18
42009,Curitibanos,1400,Confecção de artefatos do vestuário e acessórios,industria,517,2015,1235633.0,60267845.0,1160787000.0,0.0003982528152171494,0.007670536391138684,0.051919813023405675,0.0010644786683517303,0.020502359093808646,0.7,estimativa_julgamental,baixa,FIESC_HISTORIA;HIPOTESE,Vestuário no Vale e extensões presumidas ao Sul.,https://fiesc.com.br/pt-br/imprensa/superar-desafios-e-historia-da-industria,2026-09-18
42009,Curitibanos,1500,Fabricação de calçados e de artefatos de couro,industria,517,2015,1235633.0,60267845.0,1160787000.0,0.00021951361948608012,0.004227935477870893,0.051919813023405675,0.0010644786683517303,0.020502359093808646,0.2,estimativa_julgamental,baixa,FIESC_CALCADOS;HIPOTESE,São João Batista ancora o fator de Tijucas; demais polos são hipóteses.,https://fiesc.com.br/sites/default/files/2018-04/IC_FIESC15_REVISAO_FINAL_0.pdf,2026-09-18
42009,Curitibanos,1600,Fabricação de produtos da madeira,industria,517,2015,1235633.0,60267845.0,1160787000.0,0.006157932771672308,0.11860467927525635,0.051919813023405675,0.0010644786683517303,0.020502359093808646,8.0,estimativa_julgamental,baixa,FIESC_MADEIRA;FIESC_OESTE,Distribuição estimada da base madeireira.,https://fiesc.com.br/imprensa/portas-abertas-para-o-futuro ; https://fiesc.com.br/imprensa/muito-mais-do-que-aves-e-suinos,2026-09-18
42009,Curitibanos,1700,"Fabricação de celulose, papel e produtos de papel",industria,517,2015,1235633.0,60267845.0,1160787000.0,0.004896688589612184,0.09431252357177665,0.051919813023405675,0.0010644786683517303,0.020502359093808646,5.0,estimativa_julgamental,baixa,FIESC_MADEIRA;HIPOTESE,Papel e celulose próximos da base florestal; fatores inferidos.,https://fiesc.com.br/imprensa/portas-abertas-para-o-futuro,2026-09-18
42009,Curitibanos,1800,Impressão e reprodução de gravações,industria,517,2015,1235633.0,60267845.0,1160787000.0,0.0006760003261208936,0.013020083986360847,0.051919813023405675,0.0010644786683517303,0.020502359093808646,1.0,estimativa_julgamental,baixa,HIPOTESE,Impressão: demanda urbana e empresarial presumida.,,2026-09-18
42009,Curitibanos,1991,Refino de petróleo e coquerias,industria,517,2015,1235633.0,60267845.0,1160787000.0,0.0001880323810614443,0.003621592030323347,0.051919813023405675,0.0010644786683517303,0.020502359093808646,0.2,estimativa_julgamental,muito_baixa,HIPOTESE,Hipótese de coquerias no Sul; terminais de petróleo não tratados como refinarias.,,2026-09-18
42009,Curitibanos,1992,Fabricação de biocombustíveis,industria,517,2015,1235633.0,60267845.0,1160787000.0,0.0023361502426166364,0.04499535161198461,0.051919813023405675,0.0010644786683517303,0.020502359093808646,2.0,estimativa_julgamental,muito_baixa,HIPOTESE,Biocombustíveis: proximidade presumida de insumos agropecuários; baixa confiança.,,2026-09-18
42009,Curitibanos,2091,"Fabricação de químicos orgânicos e inorgânicos, resinas e elastômeros",industria,517,2015,1235633.0,60267845.0,1160787000.0,0.0002969054935329094,0.005718539344489995,0.051919813023405675,0.0010644786683517303,0.020502359093808646,0.5,estimativa_julgamental,baixa,HIPOTESE,Química básica: proximidade industrial presumida.,,2026-09-18
42009,Curitibanos,2092,"Fabricação de defensivos, desinfestantes, tintas e químicos diversos",industria,517,2015,1235633.0,60267845.0,1160787000.0,0.0004152117812529052,0.007997174047328059,0.051919813023405675,0.0010644786683517303,0.020502359093808646,0.7,estimativa_julgamental,baixa,HIPOTESE,Tintas e químicos: hipótese de integração com manufaturas.,,2026-09-18
42009,Curitibanos,2093,"Fabricação de produtos de limpeza, cosméticos/perfumaria e higiene pessoal",industria,517,2015,1235633.0,60267845.0,1160787000.0,0.000680397400298584,0.013104773701551236,0.051919813023405675,0.0010644786683517303,0.020502359093808646,1.0,estimativa_julgamental,baixa,HIPOTESE,Limpeza e cosméticos: mercados urbanos presumidos.,,2026-09-18
42009,Curitibanos,2100,Fabricação de produtos farmoquímicos e farmacêuticos,industria,517,2015,1235633.0,60267845.0,1160787000.0,0.0003485093312022705,0.006712453510669636,0.051919813023405675,0.0010644786683517303,0.020502359093808646,0.5,estimativa_julgamental,baixa,HIPOTESE,Fármacos: hipótese de infraestrutura técnica e urbana; não inventário de fábricas.,,2026-09-18
42009,Curitibanos,2200,Fabricação de produtos de borracha e de material plástico,industria,517,2015,1235633.0,60267845.0,1160787000.0,0.0002923612922028942,0.005631015891199309,0.051919813023405675,0.0010644786683517303,0.020502359093808646,0.6,estimativa_julgamental,baixa,FIESC_HISTORIA;HIPOTESE,"Plásticos dispersos, com reforço industrial estimado.",https://fiesc.com.br/pt-br/imprensa/superar-desafios-e-historia-da-industria,2026-09-18
42009,Curitibanos,2300,Fabricação de produtos de minerais não metálicos,industria,517,2015,1235633.0,60267845.0,1160787000.0,0.00025909752440501915,0.004990340090173608,0.051919813023405675,0.0010644786683517303,0.020502359093808646,0.3,estimativa_julgamental,baixa,FIESC_HISTORIA;TIJUCAS,Cerâmica Sul e Tijucas; demais minerais agregados por hipótese.,https://fiesc.com.br/pt-br/imprensa/superar-desafios-e-historia-da-industria ; https://cincatarina.sc.gov.br/noticias.aspx?id=3670&s=43,2026-09-18
42009,Curitibanos,2491,"Produção de ferro gusa/ferroligas, siderurgia e tubos de aço sem costura",industria,517,2015,1235633.0,60267845.0,1160787000.0,0.00015038502354067056,0.0028964862310439433,0.051919813023405675,0.0010644786683517303,0.020502359093808646,0.3,estimativa_julgamental,baixa,HIPOTESE,Siderurgia presumida nos polos metalúrgicos; peso não observado.,,2026-09-18
42009,Curitibanos,2492,Metalurgia de metais não ferosos e a fundição de metais,industria,517,2015,1235633.0,60267845.0,1160787000.0,0.00010442150069928303,0.0020112071792748824,0.051919813023405675,0.0010644786683517303,0.020502359093808646,0.3,estimativa_julgamental,baixa,FIESC_HISTORIA;HIPOTESE,Fundição e metais: extensão estimada do polo metalmecânico.,https://fiesc.com.br/pt-br/imprensa/superar-desafios-e-historia-da-industria,2026-09-18
42009,Curitibanos,2500,"Fabricação de produtos de metal, exceto máquinas e equipamentos",industria,517,2015,1235633.0,60267845.0,1160787000.0,0.00034789415160813275,0.006700604862565675,0.051919813023405675,0.0010644786683517303,0.020502359093808646,0.7,estimativa_julgamental,baixa,FIESC_HISTORIA;HIPOTESE,Produtos de metal: polos industriais e fornecedores presumidos.,https://fiesc.com.br/pt-br/imprensa/superar-desafios-e-historia-da-industria,2026-09-18
42009,Curitibanos,2600,"Fabricação de equipamentos de informática, produtos eletrônicos e ópticos",industria,517,2015,1235633.0,60267845.0,1160787000.0,0.0001233851545717471,0.0023764560653584126,0.051919813023405675,0.0010644786683517303,0.020502359093808646,0.3,estimativa_julgamental,baixa,ACATE;HIPOTESE,Eletrônica aproximada pelos polos tecnológicos; software não é fabricação.,https://www.acate.com.br/noticias/acate-completa-30-anos-e-comemora-consolidacao-do-setor-em-sc/,2026-09-18
42009,Curitibanos,2700,Fabricação de máquinas e equipamentos elétricos,industria,517,2015,1235633.0,60267845.0,1160787000.0,8.854947421763174e-05,0.001705504489735224,0.051919813023405675,0.0010644786683517303,0.020502359093808646,0.3,estimativa_julgamental,baixa,FIESC_HISTORIA;HIPOTESE,Equipamentos elétricos no Norte; intensidades inferidas.,https://fiesc.com.br/pt-br/imprensa/superar-desafios-e-historia-da-industria,2026-09-18
42009,Curitibanos,2800,Fabricação de máquinas e equipamentos mecânicos,industria,517,2015,1235633.0,60267845.0,1160787000.0,0.000193703353383305,0.0037308176224745398,0.051919813023405675,0.0010644786683517303,0.020502359093808646,0.5,estimativa_julgamental,baixa,FIESC_HISTORIA;FIESC_OESTE,Máquinas: reforço estimado de polos industriais.,https://fiesc.com.br/pt-br/imprensa/superar-desafios-e-historia-da-industria ; https://fiesc.com.br/imprensa/muito-mais-do-que-aves-e-suinos,2026-09-18
42009,Curitibanos,2991,"Fabricação de automóveis, caminhões e ônibus, exceto peças",industria,517,2015,1235633.0,60267845.0,1160787000.0,1.0849942504830077e-05,0.00020897499187716404,0.051919813023405675,0.0010644786683517303,0.020502359093808646,0.05,estimativa_julgamental,baixa,BMW;HIPOTESE,Araquari confirmado antes de 2015; outras produções agregadas são hipóteses.,https://www.press.bmwgroup.com/portugal/article/detail/T0194787PT/bmw-group-assembles-first-car-in-brazil?language=pt,2026-09-18
42009,Curitibanos,2992,Fabricação de peças e acessórios para veículos automotores,industria,517,2015,1235633.0,60267845.0,1160787000.0,0.00010442150069928303,0.0020112071792748824,0.051919813023405675,0.0010644786683517303,0.020502359093808646,0.3,estimativa_julgamental,baixa,BMW;HIPOTESE,Autopeças: proximidade presumida de montagem e metalmecânica.,https://www.press.bmwgroup.com/portugal/article/detail/T0194787PT/bmw-group-assembles-first-car-in-brazil?language=pt,2026-09-18
42009,Curitibanos,3000,"Fabricação de outros equipamentos de transporte, exceto veículos automotores",industria,517,2015,1235633.0,60267845.0,1160787000.0,0.00010420975477157908,0.0020071288531913795,0.051919813023405675,0.0010644786683517303,0.020502359093808646,0.2,estimativa_julgamental,baixa,FIESC_PORTOS;HIPOTESE,Transporte não automotivo: hipótese de produção naval costeira.,https://fiesc.com.br/pt-br/imprensa/podio-da-industria-os-setores-que-mais-se-destacaram-em-sc,2026-09-18
42009,Curitibanos,3180,Fabricação de móveis e de produtos de indústrias diversas,industria,517,2015,1235633.0,60267845.0,1160787000.0,0.002291925468593036,0.0441435616796198,0.051919813023405675,0.0010644786683517303,0.020502359093808646,3.0,estimativa_julgamental,baixa,FIESC_MADEIRA;FIESC_OESTE,Móveis com polo em São Bento; outras indústrias agregadas ao mesmo perfil.,https://fiesc.com.br/imprensa/portas-abertas-para-o-futuro ; https://fiesc.com.br/imprensa/muito-mais-do-que-aves-e-suinos,2026-09-18
42009,Curitibanos,3300,"Manutenção, reparação e instalação de máquinas e equipamentos",industria,517,2015,1235633.0,60267845.0,1160787000.0,0.0006313988200983326,0.012161038018640307,0.051919813023405675,0.0010644786683517303,0.020502359093808646,1.0,estimativa_julgamental,baixa,HIPOTESE,Manutenção segue demanda industrial e logística presumida.,,2026-09-18
42009,Curitibanos,3500,"Energia elétrica, gás natural e outras utilidades",industria,517,2015,1235633.0,60267845.0,1160787000.0,0.002854578690838074,0.05498052717468797,0.051919813023405675,0.0010644786683517303,0.020502359093808646,4.0,estimativa_julgamental,baixa,WIKI_ENERGIA;HIPOTESE,"Geração e utilidades: reforço de Tubarão; hidroeletricidade e redes aproximadas. Fator de produção, não de carbono.",https://pt.wikipedia.org/wiki/Complexo_Termoel%C3%A9trico_Jorge_Lacerda,2026-09-18
42009,Curitibanos,3680,"Água, esgoto e gestão de resíduos",industria,517,2015,1235633.0,60267845.0,1160787000.0,0.0008584601498434703,0.016534345943358324,0.051919813023405675,0.0010644786683517303,0.020502359093808646,1.0,estimativa_julgamental,baixa,HIPOTESE,Saneamento: demanda urbana presumida.,,2026-09-18
42009,Curitibanos,4180,Construção,industria,517,2015,1235633.0,60267845.0,1160787000.0,0.0008059822394764173,0.015523596726226212,0.051919813023405675,0.0010644786683517303,0.020502359093808646,1.0,estimativa_julgamental,baixa,WIKI_FLORIPA;HIPOTESE,Construção: reforço presumido do litoral urbano.,https://pt.wikipedia.org/wiki/Regi%C3%A3o_Metropolitana_de_Florian%C3%B3polis,2026-09-18
42009,Curitibanos,4580,Comércio por atacado e varejo,servicos,6575,2015,1390801.0,108382198.0,2850260000.0,0.00036732355056238075,0.009659959226569405,0.038025372773010185,0.0004879558356079796,0.012832374925631237,1.0,estimativa_julgamental,baixa,HIPOTESE,Comércio: centralidade regional e logística presumidas.,,2026-09-18
42009,Curitibanos,4900,Transporte terrestre,servicos,6575,2015,1390801.0,108382198.0,2850260000.0,0.00032134963460128994,0.00845092660943955,0.038025372773010185,0.0004879558356079796,0.012832374925631237,1.0,estimativa_julgamental,baixa,FIESC_PORTOS;HIPOTESE,Transporte terrestre: conexão presumida de polos produtivos e portos.,https://fiesc.com.br/pt-br/imprensa/podio-da-industria-os-setores-que-mais-se-destacaram-em-sc,2026-09-18
42009,Curitibanos,5000,Transporte aquaviário,servicos,6575,2015,1390801.0,108382198.0,2850260000.0,6.870408063420759e-06,0.0001806795716226947,0.038025372773010185,0.0004879558356079796,0.012832374925631237,0.05,estimativa_julgamental,baixa,FIESC_PORTOS,Concentração portuária; sede de transportadora e movimentação não são equivalentes.,https://fiesc.com.br/pt-br/imprensa/podio-da-industria-os-setores-que-mais-se-destacaram-em-sc,2026-09-18
42009,Curitibanos,5100,Transporte aéreo,servicos,6575,2015,1390801.0,108382198.0,2850260000.0,5.863315286929329e-06,0.00015419481412923895,0.038025372773010185,0.0004879558356079796,0.012832374925631237,0.05,estimativa_julgamental,baixa,HIPOTESE,"Transporte aéreo: aproximação por aeroportos, não por sede de companhia.",,2026-09-18
42009,Curitibanos,5280,"Armazenamento, atividades auxiliares dos transportes e correio",servicos,6575,2015,1390801.0,108382198.0,2850260000.0,4.777516636948089e-05,0.0012564023147036958,0.038025372773010185,0.0004879558356079796,0.012832374925631237,0.3,estimativa_julgamental,baixa,FIESC_PORTOS;HIPOTESE,Armazenamento e apoio: concentração logística estimada.,https://fiesc.com.br/pt-br/imprensa/podio-da-industria-os-setores-que-mais-se-destacaram-em-sc,2026-09-18
42009,Curitibanos,5500,Alojamento,servicos,6575,2015,1390801.0,108382198.0,2850260000.0,0.00015136522595041033,0.0039806375299454525,0.038025372773010185,0.0004879558356079796,0.012832374925631237,0.7,estimativa_julgamental,baixa,WIKI_FLORIPA;HIPOTESE,Alojamento: litoral e turismo serrano/rural presumidos.,https://pt.wikipedia.org/wiki/Regi%C3%A3o_Metropolitana_de_Florian%C3%B3polis,2026-09-18
42009,Curitibanos,5600,Alimentação,servicos,6575,2015,1390801.0,108382198.0,2850260000.0,0.0003198995294100024,0.008412791409557517,0.038025372773010185,0.0004879558356079796,0.012832374925631237,1.0,estimativa_julgamental,baixa,WIKI_FLORIPA;HIPOTESE,Alimentação acompanha turismo e mercados urbanos.,https://pt.wikipedia.org/wiki/Regi%C3%A3o_Metropolitana_de_Florian%C3%B3polis,2026-09-18
42009,Curitibanos,5800,Edição e edição integrada à impressão,servicos,6575,2015,1390801.0,108382198.0,2850260000.0,0.00022142583672533187,0.005823107587849776,0.038025372773010185,0.0004879558356079796,0.012832374925631237,0.8,estimativa_julgamental,baixa,HIPOTESE,Edição: concentração urbana presumida.,,2026-09-18
42009,Curitibanos,5980,"Atividades de televisão, rádio, cinema e  gravação/edição de som e imagem",servicos,6575,2015,1390801.0,108382198.0,2850260000.0,0.00011821745599917277,0.0031089098509267388,0.038025372773010185,0.0004879558356079796,0.012832374925631237,0.5,estimativa_julgamental,baixa,HIPOTESE,Mídia: centralidade da capital e polos regionais presumida.,,2026-09-18
42009,Curitibanos,6100,Telecomunicações,servicos,6575,2015,1390801.0,108382198.0,2850260000.0,0.00029775605291694463,0.007830457171173012,0.038025372773010185,0.0004879558356079796,0.012832374925631237,1.0,estimativa_julgamental,baixa,ACATE;HIPOTESE,Telecom: perfil urbano inferido; polos de TI são apenas contexto.,https://www.acate.com.br/noticias/acate-completa-30-anos-e-comemora-consolidacao-do-setor-em-sc/,2026-09-18
42009,Curitibanos,6280,Desenvolvimento de sistemas e outros serviços de informação,servicos,6575,2015,1390801.0,108382198.0,2850260000.0,7.726197941539386e-05,0.0020318533069117787,0.038025372773010185,0.0004879558356079796,0.012832374925631237,0.5,estimativa_julgamental,baixa,ACATE,Software e informação: polos documentados; multiplicadores julgamentais.,https://www.acate.com.br/noticias/acate-completa-30-anos-e-comemora-consolidacao-do-setor-em-sc/,2026-09-18
42009,Curitibanos,6480,"Intermediação financeira, seguros e previdência complementar",servicos,6575,2015,1390801.0,108382198.0,2850260000.0,0.0002088626170618716,0.005492717147275911,0.038025372773010185,0.0004879558356079796,0.012832374925631237,0.8,estimativa_julgamental,baixa,HIPOTESE,Finanças: sedes e mercados urbanos presumidos.,,2026-09-18
42009,Curitibanos,6800,Atividades imobiliárias,servicos,6575,2015,1390801.0,108382198.0,2850260000.0,0.00029380172239217505,0.007726465277434727,0.038025372773010185,0.0004879558356079796,0.012832374925631237,1.0,estimativa_julgamental,baixa,WIKI_FLORIPA;HIPOTESE,Imobiliário: reforço litorâneo presumido; inclui aluguéis imputados.,https://pt.wikipedia.org/wiki/Regi%C3%A3o_Metropolitana_de_Florian%C3%B3polis,2026-09-18
42009,Curitibanos,6980,"Atividades jurídicas, contábeis, consultoria e sedes de empresas ",servicos,6575,2015,1390801.0,108382198.0,2850260000.0,0.0001645284107701004,0.004326805992205291,0.038025372773010185,0.0004879558356079796,0.012832374925631237,0.7,estimativa_julgamental,baixa,HIPOTESE,Serviços empresariais: sedes e centralidade presumidas.,,2026-09-18
42009,Curitibanos,7180,"Serviços de arquitetura, engenharia, testes/análises técnicas e P & D",servicos,6575,2015,1390801.0,108382198.0,2850260000.0,0.0001604940553117616,0.004220709584356206,0.038025372773010185,0.0004879558356079796,0.012832374925631237,0.7,estimativa_julgamental,baixa,ACATE;HIPOTESE,Engenharia e P&D: integração presumida com tecnologia e indústria.,https://www.acate.com.br/noticias/acate-completa-30-anos-e-comemora-consolidacao-do-setor-em-sc/,2026-09-18
42009,Curitibanos,7380,"Outras atividades profissionais, científicas e técnicas",servicos,6575,2015,1390801.0,108382198.0,2850260000.0,0.0002842576464760436,0.007475472973608959,0.038025372773010185,0.0004879558356079796,0.012832374925631237,1.0,estimativa_julgamental,baixa,HIPOTESE,Outros serviços técnicos: concentração urbana moderada.,,2026-09-18
42009,Curitibanos,7700,Aluguéis não imobiliários e gestão de ativos de propriedade intelectual,servicos,6575,2015,1390801.0,108382198.0,2850260000.0,0.0002900643873382283,0.007628179980502689,0.038025372773010185,0.0004879558356079796,0.012832374925631237,1.0,estimativa_julgamental,baixa,HIPOTESE,Aluguéis de equipamentos: demanda empresarial presumida.,,2026-09-18
42009,Curitibanos,7880,Outras atividades administrativas e serviços complementares,servicos,6575,2015,1390801.0,108382198.0,2850260000.0,0.0003017388935512764,0.007935198830330625,0.038025372773010185,0.0004879558356079796,0.012832374925631237,1.0,estimativa_julgamental,baixa,HIPOTESE,Serviços administrativos: mercados urbanos presumidos.,,2026-09-18
42009,Curitibanos,8000,"Atividades de vigilância, segurança e investigação",servicos,6575,2015,1390801.0,108382198.0,2850260000.0,0.0003126428791692079,0.008221954352308596,0.038025372773010185,0.0004879558356079796,0.012832374925631237,1.0,estimativa_julgamental,baixa,HIPOTESE,Segurança: demanda industrial e urbana presumida.,,2026-09-18
42009,Curitibanos,8400,"Administração pública, defesa e seguridade social",administracao_publica,525,2015,538544.0,28534686.0,885587000.0,0.0004657501100192496,0.014454767179902281,0.03222121146764802,0.0006081209412513959,0.018873310889070235,1.0,estimativa_julgamental,baixa,VAB;HIPOTESE,Administração: reforço da capital; não mede empregos públicos municipais.,https://sidra.ibge.gov.br/tabela/5938,2026-09-18
42009,Curitibanos,8591,Educação pública,administracao_publica,525,2015,538544.0,28534686.0,885587000.0,0.0005509280894771134,0.01709830463793323,0.03222121146764802,0.0006081209412513959,0.018873310889070235,1.0,estimativa_julgamental,baixa,VAB;HIPOTESE,Educação pública: perfil difuso com polos de ensino presumidos.,https://sidra.ibge.gov.br/tabela/5938,2026-09-18
42009,Curitibanos,8592,Educação privada,servicos,6575,2015,1390801.0,108382198.0,2850260000.0,0.00020980598968125882,0.005517526177420563,0.038025372773010185,0.0004879558356079796,0.012832374925631237,0.8,estimativa_julgamental,baixa,HIPOTESE,Educação privada: centros regionais presumidos.,,2026-09-18
42009,Curitibanos,8691,Saúde pública,administracao_publica,525,2015,538544.0,28534686.0,885587000.0,0.0005062661781394758,0.015712201840945576,0.03222121146764802,0.0006081209412513959,0.018873310889070235,1.0,estimativa_julgamental,baixa,VAB;HIPOTESE,"Saúde pública: rede regional presumida, sem contagem de leitos.",https://sidra.ibge.gov.br/tabela/5938,2026-09-18
42009,Curitibanos,8692,Saúde privada,servicos,6575,2015,1390801.0,108382198.0,2850260000.0,0.00022110296509275486,0.005814616635387472,0.038025372773010185,0.0004879558356079796,0.012832374925631237,0.8,estimativa_julgamental,baixa,HIPOTESE,Saúde privada: centralidade regional presumida.,,2026-09-18
42009,Curitibanos,9080,"Atividades artísticas, criativas e de espetáculos",servicos,6575,2015,1390801.0,108382198.0,2850260000.0,0.00020763417084456446,0.005460411186078889,0.038025372773010185,0.0004879558356079796,0.012832374925631237,0.8,estimativa_julgamental,baixa,WIKI_FLORIPA;HIPOTESE,Cultura e lazer: turismo e centralidade presumidos.,https://pt.wikipedia.org/wiki/Regi%C3%A3o_Metropolitana_de_Florian%C3%B3polis,2026-09-18
42009,Curitibanos,9480,Organizações associativas e outros serviços pessoais,servicos,6575,2015,1390801.0,108382198.0,2850260000.0,0.0003894983937654173,0.010243118353908082,0.038025372773010185,0.0004879558356079796,0.012832374925631237,1.0,estimativa_julgamental,baixa,HIPOTESE,Serviços pessoais e associações: demanda urbana presumida.,,2026-09-18
42009,Curitibanos,9700,Serviços domésticos,servicos,6575,2015,1390801.0,108382198.0,2850260000.0,0.00035398924598773683,0.009309290617631838,0.038025372773010185,0.0004879558356079796,0.012832374925631237,1.0,estimativa_julgamental,baixa,HIPOTESE,"Serviços domésticos: demanda residencial presumida, não emprego observado.",,2026-09-18
42010,Campos de Lages,0191,"Agricultura, inclusive o apoio à agricultura e a pós-colheita",agropecuaria,513,2015,912162.0,12485693.0,258967000.0,0.004970891324724485,0.1031017594931803,0.04821344804550388,0.0035223097923673674,0.07305657763649963,2.0,estimativa_julgamental,baixa,ITUPORANGA;VAB;HIPOTESE,Reforço agrícola rural; escolha dos multiplicadores é hipótese.,https://cimamavi.sc.gov.br/municipios-associados/perfil/ituporanga ; https://sidra.ibge.gov.br/tabela/5938,2026-09-18
42010,Campos de Lages,0192,"Pecuária, inclusive o apoio à pecuária",agropecuaria,513,2015,912162.0,12485693.0,258967000.0,0.002973267397890645,0.061668839679013904,0.04821344804550388,0.0035223097923673674,0.07305657763649963,2.0,estimativa_julgamental,baixa,ITAPIRANGA;FIESC_OESTE,Maior concentração pecuária no Oeste; magnitudes estimadas.,https://servicos.itapiranga.sc.gov.br/pagina-4919/ ; https://fiesc.com.br/imprensa/muito-mais-do-que-aves-e-suinos,2026-09-18
42010,Campos de Lages,0280,Produção florestal; pesca e aquicultura,agropecuaria,513,2015,912162.0,12485693.0,258967000.0,0.0068309972522002235,0.14168240458042172,0.04821344804550388,0.0035223097923673674,0.07305657763649963,4.0,estimativa_julgamental,baixa,FIESC_MADEIRA;HIPOTESE,Combinação estimada de florestas interiores e pesca costeira.,https://fiesc.com.br/imprensa/portas-abertas-para-o-futuro,2026-09-18
42010,Campos de Lages,0580,Extração de carvão mineral e de minerais não metálicos,industria,517,2015,1937929.0,60267845.0,1160787000.0,0.001319826268076546,0.02542047421244685,0.051919813023405675,0.0016694957817411807,0.03215527284906238,1.0,estimativa_julgamental,baixa,FIESC_HISTORIA;TIJUCAS,Carvão no Sul e minerais para construção; distribuição estimada.,https://fiesc.com.br/pt-br/imprensa/superar-desafios-e-historia-da-industria ; https://cincatarina.sc.gov.br/noticias.aspx?id=3670&s=43,2026-09-18
42010,Campos de Lages,0680,"Extração de petróleo e gás, inclusive as atividades de apoio",industria,517,2015,1937929.0,60267845.0,1160787000.0,0.00018383083341237192,0.0035406682479673067,0.051919813023405675,0.0016694957817411807,0.03215527284906238,0.1,estimativa_julgamental,muito_baixa,HIPOTESE,Localização hipotética de apoio costeiro; não comprova extração local ou offshore.,,2026-09-18
42010,Campos de Lages,0791,"Extração de minério de ferro, inclusive beneficiamentos e a aglomeração",industria,517,2015,1937929.0,60267845.0,1160787000.0,0.0016096461708916075,0.03100254174963943,0.051919813023405675,0.0016694957817411807,0.03215527284906238,1.0,estimativa_julgamental,muito_baixa,HIPOTESE,Sem evidência de polo de extração de ferro; prior quase VAB e confiança muito baixa.,,2026-09-18
42010,Campos de Lages,0792,"Extração de minerais metálicos não ferrosos, inclusive beneficiamentos",industria,517,2015,1937929.0,60267845.0,1160787000.0,0.0017928492359170476,0.03453111888343711,0.051919813023405675,0.0016694957817411807,0.03215527284906238,1.1,estimativa_julgamental,muito_baixa,HIPOTESE,Sem dados de extração metálica; pequenas diferenças apenas como hipótese.,,2026-09-18
42010,Campos de Lages,1091,"Abate e produtos de carne, inclusive os produtos do laticínio e da pesca",industria,517,2015,1937929.0,60267845.0,1160787000.0,0.00037087838726598035,0.0071432920434206255,0.051919813023405675,0.0016694957817411807,0.03215527284906238,0.4,estimativa_julgamental,baixa,FIESC_OESTE;ITAPIRANGA;HIPOTESE,Carnes e laticínios no Oeste; pesca incorporada de modo aproximado.,https://fiesc.com.br/imprensa/muito-mais-do-que-aves-e-suinos ; https://servicos.itapiranga.sc.gov.br/pagina-4919/,2026-09-18
42010,Campos de Lages,1092,Fabricação e refino de açúcar,industria,517,2015,1937929.0,60267845.0,1160787000.0,0.0012480451106696054,0.024037935385225313,0.051919813023405675,0.0016694957817411807,0.03215527284906238,0.5,estimativa_julgamental,muito_baixa,HIPOTESE,Açúcar: produção dispersa presumida; nenhuma usina identificada por esta pesquisa.,,2026-09-18
42010,Campos de Lages,1093,Outros produtos alimentares,industria,517,2015,1937929.0,60267845.0,1160787000.0,0.0011142217971932212,0.02146043547365868,0.051919813023405675,0.0016694957817411807,0.03215527284906238,1.0,estimativa_julgamental,baixa,FIESC_OESTE;HIPOTESE,Alimentos diversos: extensão qualitativa da agroindústria.,https://fiesc.com.br/imprensa/muito-mais-do-que-aves-e-suinos,2026-09-18
42010,Campos de Lages,1100,Fabricação de bebidas,industria,517,2015,1937929.0,60267845.0,1160787000.0,0.0018610591800589547,0.035844874464782475,0.051919813023405675,0.0016694957817411807,0.03215527284906238,2.0,estimativa_julgamental,baixa,HIPOTESE,Bebidas: hipótese de polos urbanos e produção regional.,,2026-09-18
42010,Campos de Lages,1200,Fabricação de produtos do fumo,industria,517,2015,1937929.0,60267845.0,1160787000.0,0.0007991868335386954,0.015392714014174485,0.051919813023405675,0.0016694957817411807,0.03215527284906238,0.3,estimativa_julgamental,baixa,HIPOTESE,Beneficiamento de fumo presumido próximo a áreas rurais; cultivo não equivale a fabricação.,,2026-09-18
42010,Campos de Lages,1300,Fabricação de produtos têxteis,industria,517,2015,1937929.0,60267845.0,1160787000.0,0.0002957834857468383,0.005696928947211305,0.051919813023405675,0.0016694957817411807,0.03215527284906238,0.4,estimativa_julgamental,baixa,FIESC_HISTORIA,Têxteis no Vale; intensidade relativa estimada.,https://fiesc.com.br/pt-br/imprensa/superar-desafios-e-historia-da-industria,2026-09-18
42010,Campos de Lages,1400,Confecção de artefatos do vestuário e acessórios,industria,517,2015,1937929.0,60267845.0,1160787000.0,0.0006246075330951465,0.012030234639203548,0.051919813023405675,0.0016694957817411807,0.03215527284906238,0.7,estimativa_julgamental,baixa,FIESC_HISTORIA;HIPOTESE,Vestuário no Vale e extensões presumidas ao Sul.,https://fiesc.com.br/pt-br/imprensa/superar-desafios-e-historia-da-industria,2026-09-18
42010,Campos de Lages,1500,Fabricação de calçados e de artefatos de couro,industria,517,2015,1937929.0,60267845.0,1160787000.0,0.00034427844602486315,0.006630964673729872,0.051919813023405675,0.0016694957817411807,0.03215527284906238,0.2,estimativa_julgamental,baixa,FIESC_CALCADOS;HIPOTESE,São João Batista ancora o fator de Tijucas; demais polos são hipóteses.,https://fiesc.com.br/sites/default/files/2018-04/IC_FIESC15_REVISAO_FINAL_0.pdf,2026-09-18
42010,Campos de Lages,1600,Fabricação de produtos da madeira,industria,517,2015,1937929.0,60267845.0,1160787000.0,0.007243435043986044,0.13951196320219167,0.051919813023405675,0.0016694957817411807,0.03215527284906238,6.0,estimativa_julgamental,baixa,FIESC_MADEIRA;FIESC_OESTE,Distribuição estimada da base madeireira.,https://fiesc.com.br/imprensa/portas-abertas-para-o-futuro ; https://fiesc.com.br/imprensa/muito-mais-do-que-aves-e-suinos,2026-09-18
42010,Campos de Lages,1700,"Fabricação de celulose, papel e produtos de papel",industria,517,2015,1937929.0,60267845.0,1160787000.0,0.007679816597467494,0.14791687701196843,0.051919813023405675,0.0016694957817411807,0.03215527284906238,5.0,estimativa_julgamental,baixa,FIESC_MADEIRA;HIPOTESE,Papel e celulose próximos da base florestal; fatores inferidos.,https://fiesc.com.br/imprensa/portas-abertas-para-o-futuro,2026-09-18
42010,Campos de Lages,1800,Impressão e reprodução de gravações,industria,517,2015,1937929.0,60267845.0,1160787000.0,0.0010602182330830734,0.020420301448410887,0.051919813023405675,0.0016694957817411807,0.03215527284906238,1.0,estimativa_julgamental,baixa,HIPOTESE,Impressão: demanda urbana e empresarial presumida.,,2026-09-18
42010,Campos de Lages,1991,Refino de petróleo e coquerias,industria,517,2015,1937929.0,60267845.0,1160787000.0,0.0002949042346700223,0.005679994158243178,0.051919813023405675,0.0016694957817411807,0.03215527284906238,0.2,estimativa_julgamental,muito_baixa,HIPOTESE,Hipótese de coquerias no Sul; terminais de petróleo não tratados como refinarias.,,2026-09-18
42010,Campos de Lages,1992,Fabricação de biocombustíveis,industria,517,2015,1937929.0,60267845.0,1160787000.0,0.0007327893158443996,0.014113866618010644,0.051919813023405675,0.0016694957817411807,0.03215527284906238,0.4,estimativa_julgamental,muito_baixa,HIPOTESE,Biocombustíveis: proximidade presumida de insumos agropecuários; baixa confiança.,,2026-09-18
42010,Campos de Lages,2091,"Fabricação de químicos orgânicos e inorgânicos, resinas e elastômeros",industria,517,2015,1937929.0,60267845.0,1160787000.0,0.00046565749391343344,0.008968782181544318,0.051919813023405675,0.0016694957817411807,0.03215527284906238,0.5,estimativa_julgamental,baixa,HIPOTESE,Química básica: proximidade industrial presumida.,,2026-09-18
42010,Campos de Lages,2092,"Fabricação de defensivos, desinfestantes, tintas e químicos diversos",industria,517,2015,1937929.0,60267845.0,1160787000.0,0.0006512054566620197,0.012542523147540102,0.051919813023405675,0.0016694957817411807,0.03215527284906238,0.7,estimativa_julgamental,baixa,HIPOTESE,Tintas e químicos: hipótese de integração com manufaturas.,,2026-09-18
42010,Campos de Lages,2093,"Fabricação de produtos de limpeza, cosméticos/perfumaria e higiene pessoal",industria,517,2015,1937929.0,60267845.0,1160787000.0,0.0010671144697197588,0.020553126207112863,0.051919813023405675,0.0016694957817411807,0.03215527284906238,1.0,estimativa_julgamental,baixa,HIPOTESE,Limpeza e cosméticos: mercados urbanos presumidos.,,2026-09-18
42010,Campos de Lages,2100,Fabricação de produtos farmoquímicos e farmacêuticos,industria,517,2015,1937929.0,60267845.0,1160787000.0,0.0005465913743866383,0.010527606756600461,0.051919813023405675,0.0016694957817411807,0.03215527284906238,0.5,estimativa_julgamental,baixa,HIPOTESE,Fármacos: hipótese de infraestrutura técnica e urbana; não inventário de fábricas.,,2026-09-18
42010,Campos de Lages,2200,Fabricação de produtos de borracha e de material plástico,industria,517,2015,1937929.0,60267845.0,1160787000.0,0.0004585305075515647,0.008831513074688022,0.051919813023405675,0.0016694957817411807,0.03215527284906238,0.6,estimativa_julgamental,baixa,FIESC_HISTORIA;HIPOTESE,"Plásticos dispersos, com reforço industrial estimado.",https://fiesc.com.br/pt-br/imprensa/superar-desafios-e-historia-da-industria,2026-09-18
42010,Campos de Lages,2300,Fabricação de produtos de minerais não metálicos,industria,517,2015,1937929.0,60267845.0,1160787000.0,0.00040636063165413544,0.007826696746210282,0.051919813023405675,0.0016694957817411807,0.03215527284906238,0.3,estimativa_julgamental,baixa,FIESC_HISTORIA;TIJUCAS,Cerâmica Sul e Tijucas; demais minerais agregados por hipótese.,https://fiesc.com.br/pt-br/imprensa/superar-desafios-e-historia-da-industria ; https://cincatarina.sc.gov.br/noticias.aspx?id=3670&s=43,2026-09-18
42010,Campos de Lages,2491,"Produção de ferro gusa/ferroligas, siderurgia e tubos de aço sem costura",industria,517,2015,1937929.0,60267845.0,1160787000.0,0.0002358592707423225,0.004542760403162394,0.051919813023405675,0.0016694957817411807,0.03215527284906238,0.3,estimativa_julgamental,baixa,HIPOTESE,Siderurgia presumida nos polos metalúrgicos; peso não observado.,,2026-09-18
42010,Campos de Lages,2492,Metalurgia de metais não ferosos e a fundição de metais,industria,517,2015,1937929.0,60267845.0,1160787000.0,0.00016377148751179423,0.0031543158184711745,0.051919813023405675,0.0016694957817411807,0.03215527284906238,0.3,estimativa_julgamental,baixa,FIESC_HISTORIA;HIPOTESE,Fundição e metais: extensão estimada do polo metalmecânico.,https://fiesc.com.br/pt-br/imprensa/superar-desafios-e-historia-da-industria,2026-09-18
42010,Campos de Lages,2500,"Fabricação de produtos de metal, exceto máquinas e equipamentos",industria,517,2015,1937929.0,60267845.0,1160787000.0,0.0005456265455291312,0.010509023699356553,0.051919813023405675,0.0016694957817411807,0.03215527284906238,0.7,estimativa_julgamental,baixa,FIESC_HISTORIA;HIPOTESE,Produtos de metal: polos industriais e fornecedores presumidos.,https://fiesc.com.br/pt-br/imprensa/superar-desafios-e-historia-da-industria,2026-09-18
42010,Campos de Lages,2600,"Fabricação de equipamentos de informática, produtos eletrônicos e ópticos",industria,517,2015,1937929.0,60267845.0,1160787000.0,0.00019351350215967954,0.003727160998681617,0.051919813023405675,0.0016694957817411807,0.03215527284906238,0.3,estimativa_julgamental,baixa,ACATE;HIPOTESE,Eletrônica aproximada pelos polos tecnológicos; software não é fabricação.,https://www.acate.com.br/noticias/acate-completa-30-anos-e-comemora-consolidacao-do-setor-em-sc/,2026-09-18
42010,Campos de Lages,2700,Fabricação de máquinas e equipamentos elétricos,industria,517,2015,1937929.0,60267845.0,1160787000.0,0.0001388782866928132,0.002674861071441191,0.051919813023405675,0.0016694957817411807,0.03215527284906238,0.3,estimativa_julgamental,baixa,FIESC_HISTORIA;HIPOTESE,Equipamentos elétricos no Norte; intensidades inferidas.,https://fiesc.com.br/pt-br/imprensa/superar-desafios-e-historia-da-industria,2026-09-18
42010,Campos de Lages,2800,Fabricação de máquinas e equipamentos mecânicos,industria,517,2015,1937929.0,60267845.0,1160787000.0,0.00030379841418831877,0.005851300235834153,0.051919813023405675,0.0016694957817411807,0.03215527284906238,0.5,estimativa_julgamental,baixa,FIESC_HISTORIA;FIESC_OESTE,Máquinas: reforço estimado de polos industriais.,https://fiesc.com.br/pt-br/imprensa/superar-desafios-e-historia-da-industria ; https://fiesc.com.br/imprensa/muito-mais-do-que-aves-e-suinos,2026-09-18
42010,Campos de Lages,2991,"Fabricação de automóveis, caminhões e ônibus, exceto peças",industria,517,2015,1937929.0,60267845.0,1160787000.0,1.7016717931977252e-05,0.0003277499848527198,0.051919813023405675,0.0016694957817411807,0.03215527284906238,0.05,estimativa_julgamental,baixa,BMW;HIPOTESE,Araquari confirmado antes de 2015; outras produções agregadas são hipóteses.,https://www.press.bmwgroup.com/portugal/article/detail/T0194787PT/bmw-group-assembles-first-car-in-brazil?language=pt,2026-09-18
42010,Campos de Lages,2992,Fabricação de peças e acessórios para veículos automotores,industria,517,2015,1937929.0,60267845.0,1160787000.0,0.00016377148751179423,0.0031543158184711745,0.051919813023405675,0.0016694957817411807,0.03215527284906238,0.3,estimativa_julgamental,baixa,BMW;HIPOTESE,Autopeças: proximidade presumida de montagem e metalmecânica.,https://www.press.bmwgroup.com/portugal/article/detail/T0194787PT/bmw-group-assembles-first-car-in-brazil?language=pt,2026-09-18
42010,Campos de Lages,3000,"Fabricação de outros equipamentos de transporte, exceto veículos automotores",industria,517,2015,1937929.0,60267845.0,1160787000.0,0.0001634393916759519,0.003147919496595119,0.051919813023405675,0.0016694957817411807,0.03215527284906238,0.2,estimativa_julgamental,baixa,FIESC_PORTOS;HIPOTESE,Transporte não automotivo: hipótese de produção naval costeira.,https://fiesc.com.br/pt-br/imprensa/podio-da-industria-os-setores-que-mais-se-destacaram-em-sc,2026-09-18
42010,Campos de Lages,3180,Fabricação de móveis e de produtos de indústrias diversas,industria,517,2015,1937929.0,60267845.0,1160787000.0,0.0035945857964501064,0.06923341181582553,0.051919813023405675,0.0016694957817411807,0.03215527284906238,3.0,estimativa_julgamental,baixa,FIESC_MADEIRA;FIESC_OESTE,Móveis com polo em São Bento; outras indústrias agregadas ao mesmo perfil.,https://fiesc.com.br/imprensa/portas-abertas-para-o-futuro ; https://fiesc.com.br/imprensa/muito-mais-do-que-aves-e-suinos,2026-09-18
42010,Campos de Lages,3300,"Manutenção, reparação e instalação de máquinas e equipamentos",industria,517,2015,1937929.0,60267845.0,1160787000.0,0.0009902665953679948,0.019073000030288598,0.051919813023405675,0.0016694957817411807,0.03215527284906238,1.0,estimativa_julgamental,baixa,HIPOTESE,Manutenção segue demanda industrial e logística presumida.,,2026-09-18
42010,Campos de Lages,3500,"Energia elétrica, gás natural e outras utilidades",industria,517,2015,1937929.0,60267845.0,1160787000.0,0.0033577754242706806,0.06467233275198778,0.051919813023405675,0.0016694957817411807,0.03215527284906238,3.0,estimativa_julgamental,baixa,WIKI_ENERGIA;HIPOTESE,"Geração e utilidades: reforço de Tubarão; hidroeletricidade e redes aproximadas. Fator de produção, não de carbono.",https://pt.wikipedia.org/wiki/Complexo_Termoel%C3%A9trico_Jorge_Lacerda,2026-09-18
42010,Campos de Lages,3680,"Água, esgoto e gestão de resíduos",industria,517,2015,1937929.0,60267845.0,1160787000.0,0.0013463826392836763,0.02593196240280606,0.051919813023405675,0.0016694957817411807,0.03215527284906238,1.0,estimativa_julgamental,baixa,HIPOTESE,Saneamento: demanda urbana presumida.,,2026-09-18
42010,Campos de Lages,4180,Construção,industria,517,2015,1937929.0,60267845.0,1160787000.0,0.00126407788992872,0.024346734248809183,0.051919813023405675,0.0016694957817411807,0.03215527284906238,1.0,estimativa_julgamental,baixa,WIKI_FLORIPA;HIPOTESE,Construção: reforço presumido do litoral urbano.,https://pt.wikipedia.org/wiki/Regi%C3%A3o_Metropolitana_de_Florian%C3%B3polis,2026-09-18
42010,Campos de Lages,4580,Comércio por atacado e varejo,servicos,6575,2015,3268374.0,108382198.0,2850260000.0,0.0008632081385085075,0.02270084618660725,0.038025372773010185,0.0011466932841214487,0.030156004033060853,1.0,estimativa_julgamental,baixa,HIPOTESE,Comércio: centralidade regional e logística presumidas.,,2026-09-18
42010,Campos de Lages,4900,Transporte terrestre,servicos,6575,2015,3268374.0,108382198.0,2850260000.0,0.0007551697120151312,0.019859626795062976,0.038025372773010185,0.0011466932841214487,0.030156004033060853,1.0,estimativa_julgamental,baixa,FIESC_PORTOS;HIPOTESE,Transporte terrestre: conexão presumida de polos produtivos e portos.,https://fiesc.com.br/pt-br/imprensa/podio-da-industria-os-setores-que-mais-se-destacaram-em-sc,2026-09-18
42010,Campos de Lages,5000,Transporte aquaviário,servicos,6575,2015,3268374.0,108382198.0,2850260000.0,1.61454177009326e-05,0.000424595908561148,0.038025372773010185,0.0011466932841214487,0.030156004033060853,0.05,estimativa_julgamental,baixa,FIESC_PORTOS,Concentração portuária; sede de transportadora e movimentação não são equivalentes.,https://fiesc.com.br/pt-br/imprensa/podio-da-industria-os-setores-que-mais-se-destacaram-em-sc,2026-09-18
42010,Campos de Lages,5100,Transporte aéreo,servicos,6575,2015,3268374.0,108382198.0,2850260000.0,1.3778755722495427e-05,0.00036235688745898037,0.038025372773010185,0.0011466932841214487,0.030156004033060853,0.05,estimativa_julgamental,baixa,HIPOTESE,"Transporte aéreo: aproximação por aeroportos, não por sede de companhia.",,2026-09-18
42010,Campos de Lages,5280,"Armazenamento, atividades auxiliares dos transportes e correio",servicos,6575,2015,3268374.0,108382198.0,2850260000.0,0.00011227135413886368,0.0029525378964477145,0.038025372773010185,0.0011466932841214487,0.030156004033060853,0.3,estimativa_julgamental,baixa,FIESC_PORTOS;HIPOTESE,Armazenamento e apoio: concentração logística estimada.,https://fiesc.com.br/pt-br/imprensa/podio-da-industria-os-setores-que-mais-se-destacaram-em-sc,2026-09-18
42010,Campos de Lages,5500,Alojamento,servicos,6575,2015,3268374.0,108382198.0,2850260000.0,0.0010163067777909408,0.02672706941908797,0.038025372773010185,0.0011466932841214487,0.030156004033060853,2.0,estimativa_julgamental,baixa,WIKI_FLORIPA;HIPOTESE,Alojamento: litoral e turismo serrano/rural presumidos.,https://pt.wikipedia.org/wiki/Regi%C3%A3o_Metropolitana_de_Florian%C3%B3polis,2026-09-18
42010,Campos de Lages,5600,Alimentação,servicos,6575,2015,3268374.0,108382198.0,2850260000.0,0.0009772905655781477,0.02570101209558196,0.038025372773010185,0.0011466932841214487,0.030156004033060853,1.3,estimativa_julgamental,baixa,WIKI_FLORIPA;HIPOTESE,Alimentação acompanha turismo e mercados urbanos.,https://pt.wikipedia.org/wiki/Regi%C3%A3o_Metropolitana_de_Florian%C3%B3polis,2026-09-18
42010,Campos de Lages,5800,Edição e edição integrada à impressão,servicos,6575,2015,3268374.0,108382198.0,2850260000.0,0.0005203493869225862,0.013684267871054825,0.038025372773010185,0.0011466932841214487,0.030156004033060853,0.8,estimativa_julgamental,baixa,HIPOTESE,Edição: concentração urbana presumida.,,2026-09-18
42010,Campos de Lages,5980,"Atividades de televisão, rádio, cinema e  gravação/edição de som e imagem",servicos,6575,2015,3268374.0,108382198.0,2850260000.0,0.00027781031185183236,0.0073059194846083865,0.038025372773010185,0.0011466932841214487,0.030156004033060853,0.5,estimativa_julgamental,baixa,HIPOTESE,Mídia: centralidade da capital e polos regionais presumida.,,2026-09-18
42010,Campos de Lages,6100,Telecomunicações,servicos,6575,2015,3268374.0,108382198.0,2850260000.0,0.0006997249367065209,0.01840152734027041,0.038025372773010185,0.0011466932841214487,0.030156004033060853,1.0,estimativa_julgamental,baixa,ACATE;HIPOTESE,Telecom: perfil urbano inferido; polos de TI são apenas contexto.,https://www.acate.com.br/noticias/acate-completa-30-anos-e-comemora-consolidacao-do-setor-em-sc/,2026-09-18
42010,Campos de Lages,6280,Desenvolvimento de sistemas e outros serviços de informação,servicos,6575,2015,3268374.0,108382198.0,2850260000.0,0.00018156518776576126,0.0047748430725348045,0.038025372773010185,0.0011466932841214487,0.030156004033060853,0.5,estimativa_julgamental,baixa,ACATE,Software e informação: polos documentados; multiplicadores julgamentais.,https://www.acate.com.br/noticias/acate-completa-30-anos-e-comemora-consolidacao-do-setor-em-sc/,2026-09-18
42010,Campos de Lages,6480,"Intermediação financeira, seguros e previdência complementar",servicos,6575,2015,3268374.0,108382198.0,2850260000.0,0.0004908258961396905,0.012907852319282747,0.038025372773010185,0.0011466932841214487,0.030156004033060853,0.8,estimativa_julgamental,baixa,HIPOTESE,Finanças: sedes e mercados urbanos presumidos.,,2026-09-18
42010,Campos de Lages,6800,Atividades imobiliárias,servicos,6575,2015,3268374.0,108382198.0,2850260000.0,0.0006904322837140632,0.018157147014325165,0.038025372773010185,0.0011466932841214487,0.030156004033060853,1.0,estimativa_julgamental,baixa,WIKI_FLORIPA;HIPOTESE,Imobiliário: reforço litorâneo presumido; inclui aluguéis imputados.,https://pt.wikipedia.org/wiki/Regi%C3%A3o_Metropolitana_de_Florian%C3%B3polis,2026-09-18
42010,Campos de Lages,6980,"Atividades jurídicas, contábeis, consultoria e sedes de empresas ",servicos,6575,2015,3268374.0,108382198.0,2850260000.0,0.00038664077752483363,0.010167968104687857,0.038025372773010185,0.0011466932841214487,0.030156004033060853,0.7,estimativa_julgamental,baixa,HIPOTESE,Serviços empresariais: sedes e centralidade presumidas.,,2026-09-18
42010,Campos de Lages,7180,"Serviços de arquitetura, engenharia, testes/análises técnicas e P & D",servicos,6575,2015,3268374.0,108382198.0,2850260000.0,0.0003771600664189367,0.009918642183217176,0.038025372773010185,0.0011466932841214487,0.030156004033060853,0.7,estimativa_julgamental,baixa,ACATE;HIPOTESE,Engenharia e P&D: integração presumida com tecnologia e indústria.,https://www.acate.com.br/noticias/acate-completa-30-anos-e-comemora-consolidacao-do-setor-em-sc/,2026-09-18
42010,Campos de Lages,7380,"Outras atividades profissionais, científicas e técnicas",servicos,6575,2015,3268374.0,108382198.0,2850260000.0,0.0006680037626112526,0.017567316607225773,0.038025372773010185,0.0011466932841214487,0.030156004033060853,1.0,estimativa_julgamental,baixa,HIPOTESE,Outros serviços técnicos: concentração urbana moderada.,,2026-09-18
42010,Campos de Lages,7700,Aluguéis não imobiliários e gestão de ativos de propriedade intelectual,servicos,6575,2015,3268374.0,108382198.0,2850260000.0,0.0006816495687752558,0.017926177156613703,0.038025372773010185,0.0011466932841214487,0.030156004033060853,1.0,estimativa_julgamental,baixa,HIPOTESE,Aluguéis de equipamentos: demanda empresarial presumida.,,2026-09-18
42010,Campos de Lages,7880,Outras atividades administrativas e serviços complementares,servicos,6575,2015,3268374.0,108382198.0,2850260000.0,0.0007090845882852828,0.018647669610449683,0.038025372773010185,0.0011466932841214487,0.030156004033060853,1.0,estimativa_julgamental,baixa,HIPOTESE,Serviços administrativos: mercados urbanos presumidos.,,2026-09-18
42010,Campos de Lages,8000,"Atividades de vigilância, segurança e investigação",servicos,6575,2015,3268374.0,108382198.0,2850260000.0,0.0007347088890227866,0.019321543365493882,0.038025372773010185,0.0011466932841214487,0.030156004033060853,1.0,estimativa_julgamental,baixa,HIPOTESE,Segurança: demanda industrial e urbana presumida.,,2026-09-18
42010,Campos de Lages,8400,"Administração pública, defesa e seguridade social",administracao_publica,525,2015,1185256.0,28534686.0,885587000.0,0.0010250473729184165,0.0318128129337292,0.03222121146764802,0.0013383845968831974,0.04153737665099942,1.0,estimativa_julgamental,baixa,VAB;HIPOTESE,Administração: reforço da capital; não mede empregos públicos municipais.,https://sidra.ibge.gov.br/tabela/5938,2026-09-18
42010,Campos de Lages,8591,Educação pública,administracao_publica,525,2015,1185256.0,28534686.0,885587000.0,0.0014550138676608464,0.04515701928593732,0.03222121146764802,0.0013383845968831974,0.04153737665099942,1.2,estimativa_julgamental,baixa,VAB;HIPOTESE,Educação pública: perfil difuso com polos de ensino presumidos.,https://sidra.ibge.gov.br/tabela/5938,2026-09-18
42010,Campos de Lages,8592,Educação privada,servicos,6575,2015,3268374.0,108382198.0,2850260000.0,0.0004930428161314917,0.012966153391175845,0.038025372773010185,0.0011466932841214487,0.030156004033060853,0.8,estimativa_julgamental,baixa,HIPOTESE,Educação privada: centros regionais presumidos.,,2026-09-18
42010,Campos de Lages,8691,Saúde pública,administracao_publica,525,2015,1185256.0,28534686.0,885587000.0,0.0015599041774332937,0.04841233790975019,0.03222121146764802,0.0013383845968831974,0.04153737665099942,1.4,estimativa_julgamental,baixa,VAB;HIPOTESE,"Saúde pública: rede regional presumida, sem contagem de leitos.",https://sidra.ibge.gov.br/tabela/5938,2026-09-18
42010,Campos de Lages,8692,Saúde privada,servicos,6575,2015,3268374.0,108382198.0,2850260000.0,0.0005195906405244659,0.01366431418374584,0.038025372773010185,0.0011466932841214487,0.030156004033060853,0.8,estimativa_julgamental,baixa,HIPOTESE,Saúde privada: centralidade regional presumida.,,2026-09-18
42010,Campos de Lages,9080,"Atividades artísticas, criativas e de espetáculos",servicos,6575,2015,3268374.0,108382198.0,2850260000.0,0.0009148857279455318,0.02405987532079905,0.038025372773010185,0.0011466932841214487,0.030156004033060853,1.5,estimativa_julgamental,baixa,WIKI_FLORIPA;HIPOTESE,Cultura e lazer: turismo e centralidade presumidos.,https://pt.wikipedia.org/wiki/Regi%C3%A3o_Metropolitana_de_Florian%C3%B3polis,2026-09-18
42010,Campos de Lages,9480,Organizações associativas e outros serviços pessoais,servicos,6575,2015,3268374.0,108382198.0,2850260000.0,0.0009153188869037714,0.02407126663472055,0.038025372773010185,0.0011466932841214487,0.030156004033060853,1.0,estimativa_julgamental,baixa,HIPOTESE,Serviços pessoais e associações: demanda urbana presumida.,,2026-09-18
42010,Campos de Lages,9700,Serviços domésticos,servicos,6575,2015,3268374.0,108382198.0,2850260000.0,0.0008318726028137193,0.02187677706092521,0.038025372773010185,0.0011466932841214487,0.030156004033060853,1.0,estimativa_julgamental,baixa,HIPOTESE,"Serviços domésticos: demanda residencial presumida, não emprego observado.",,2026-09-18
42011,Rio do Sul,0191,"Agricultura, inclusive o apoio à agricultura e a pós-colheita",agropecuaria,513,2015,591790.0,12485693.0,258967000.0,0.0016125007274248994,0.03344504060159772,0.04821344804550388,0.002285194638699139,0.04739744922448438,1.0,estimativa_julgamental,baixa,ITUPORANGA;VAB;HIPOTESE,Reforço agrícola rural; escolha dos multiplicadores é hipótese.,https://cimamavi.sc.gov.br/municipios-associados/perfil/ituporanga ; https://sidra.ibge.gov.br/tabela/5938,2026-09-18
42011,Rio do Sul,0192,"Pecuária, inclusive o apoio à pecuária",agropecuaria,513,2015,591790.0,12485693.0,258967000.0,0.00048224709903441066,0.01000233583333981,0.04821344804550388,0.002285194638699139,0.04739744922448438,0.5,estimativa_julgamental,baixa,ITAPIRANGA;FIESC_OESTE,Maior concentração pecuária no Oeste; magnitudes estimadas.,https://servicos.itapiranga.sc.gov.br/pagina-4919/ ; https://fiesc.com.br/imprensa/muito-mais-do-que-aves-e-suinos,2026-09-18
42011,Rio do Sul,0280,Produção florestal; pesca e aquicultura,agropecuaria,513,2015,591790.0,12485693.0,258967000.0,0.000553974494645629,0.011490040996918279,0.04821344804550388,0.002285194638699139,0.04739744922448438,0.5,estimativa_julgamental,baixa,FIESC_MADEIRA;HIPOTESE,Combinação estimada de florestas interiores e pesca costeira.,https://fiesc.com.br/imprensa/portas-abertas-para-o-futuro,2026-09-18
42011,Rio do Sul,0580,Extração de carvão mineral e de minerais não metálicos,industria,517,2015,1504251.0,60267845.0,1160787000.0,0.0003073409784745075,0.00591953168891338,0.051919813023405675,0.0012958889098516782,0.024959429028862737,0.3,estimativa_julgamental,baixa,FIESC_HISTORIA;TIJUCAS,Carvão no Sul e minerais para construção; distribuição estimada.,https://fiesc.com.br/pt-br/imprensa/superar-desafios-e-historia-da-industria ; https://cincatarina.sc.gov.br/noticias.aspx?id=3670&s=43,2026-09-18
42011,Rio do Sul,0680,"Extração de petróleo e gás, inclusive as atividades de apoio",industria,517,2015,1504251.0,60267845.0,1160787000.0,0.00014269238707475553,0.0027483224373406195,0.051919813023405675,0.0012958889098516782,0.024959429028862737,0.1,estimativa_julgamental,muito_baixa,HIPOTESE,Localização hipotética de apoio costeiro; não comprova extração local ou offshore.,,2026-09-18
42011,Rio do Sul,0791,"Extração de minério de ferro, inclusive beneficiamentos e a aglomeração",industria,517,2015,1504251.0,60267845.0,1160787000.0,0.0012494326996550808,0.02406466100122185,0.051919813023405675,0.0012958889098516782,0.024959429028862737,1.0,estimativa_julgamental,muito_baixa,HIPOTESE,Sem evidência de polo de extração de ferro; prior quase VAB e confiança muito baixa.,,2026-09-18
42011,Rio do Sul,0792,"Extração de minerais metálicos não ferrosos, inclusive beneficiamentos",industria,517,2015,1504251.0,60267845.0,1160787000.0,0.0012651252754768126,0.024366907386713595,0.051919813023405675,0.0012958889098516782,0.024959429028862737,1.0,estimativa_julgamental,muito_baixa,HIPOTESE,Sem dados de extração metálica; pequenas diferenças apenas como hipótese.,,2026-09-18
42011,Rio do Sul,1091,"Abate e produtos de carne, inclusive os produtos do laticínio e da pesca",industria,517,2015,1504251.0,60267845.0,1160787000.0,0.00028788164319912556,0.005544735746050304,0.051919813023405675,0.0012958889098516782,0.024959429028862737,0.4,estimativa_julgamental,baixa,FIESC_OESTE;ITAPIRANGA;HIPOTESE,Carnes e laticínios no Oeste; pesca incorporada de modo aproximado.,https://fiesc.com.br/imprensa/muito-mais-do-que-aves-e-suinos ; https://servicos.itapiranga.sc.gov.br/pagina-4919/,2026-09-18
42011,Rio do Sul,1092,Fabricação e refino de açúcar,industria,517,2015,1504251.0,60267845.0,1160787000.0,0.003875009055068301,0.07463449556957052,0.051919813023405675,0.0012958889098516782,0.024959429028862737,2.0,estimativa_julgamental,muito_baixa,HIPOTESE,Açúcar: produção dispersa presumida; nenhuma usina identificada por esta pesquisa.,,2026-09-18
42011,Rio do Sul,1093,Outros produtos alimentares,industria,517,2015,1504251.0,60267845.0,1160787000.0,0.0017297530019414547,0.03331585576322616,0.051919813023405675,0.0012958889098516782,0.024959429028862737,2.0,estimativa_julgamental,baixa,FIESC_OESTE;HIPOTESE,Alimentos diversos: extensão qualitativa da agroindústria.,https://fiesc.com.br/imprensa/muito-mais-do-que-aves-e-suinos,2026-09-18
42011,Rio do Sul,1100,Fabricação de bebidas,industria,517,2015,1504251.0,60267845.0,1160787000.0,0.000577833374218119,0.01112934235640697,0.051919813023405675,0.0012958889098516782,0.024959429028862737,0.8,estimativa_julgamental,baixa,HIPOTESE,Bebidas: hipótese de polos urbanos e produção regional.,,2026-09-18
42011,Rio do Sul,1200,Fabricação de produtos do fumo,industria,517,2015,1504251.0,60267845.0,1160787000.0,0.008271218698156065,0.15930755941719904,0.051919813023405675,0.0012958889098516782,0.024959429028862737,4.0,estimativa_julgamental,baixa,HIPOTESE,Beneficiamento de fumo presumido próximo a áreas rurais; cultivo não equivale a fabricação.,,2026-09-18
42011,Rio do Sul,1300,Fabricação de produtos têxteis,industria,517,2015,1504251.0,60267845.0,1160787000.0,0.0022959179836731236,0.04422045939645649,0.051919813023405675,0.0012958889098516782,0.024959429028862737,4.0,estimativa_julgamental,baixa,FIESC_HISTORIA,Têxteis no Vale; intensidade relativa estimada.,https://fiesc.com.br/pt-br/imprensa/superar-desafios-e-historia-da-industria,2026-09-18
42011,Rio do Sul,1400,Confecção de artefatos do vestuário e acessórios,industria,517,2015,1504251.0,60267845.0,1160787000.0,0.0027704582904619383,0.05336032872870716,0.051919813023405675,0.0012958889098516782,0.024959429028862737,4.0,estimativa_julgamental,baixa,FIESC_HISTORIA;HIPOTESE,Vestuário no Vale e extensões presumidas ao Sul.,https://fiesc.com.br/pt-br/imprensa/superar-desafios-e-historia-da-industria,2026-09-18
42011,Rio do Sul,1500,Fabricação de calçados e de artefatos de couro,industria,517,2015,1504251.0,60267845.0,1160787000.0,0.0026723435002590206,0.05147059175760738,0.051919813023405675,0.0012958889098516782,0.024959429028862737,2.0,estimativa_julgamental,baixa,FIESC_CALCADOS;HIPOTESE,São João Batista ancora o fator de Tijucas; demais polos são hipóteses.,https://fiesc.com.br/sites/default/files/2018-04/IC_FIESC15_REVISAO_FINAL_0.pdf,2026-09-18
42011,Rio do Sul,1600,Fabricação de produtos da madeira,industria,517,2015,1504251.0,60267845.0,1160787000.0,0.00046853902664266216,0.009024281856166215,0.051919813023405675,0.0012958889098516782,0.024959429028862737,0.5,estimativa_julgamental,baixa,FIESC_MADEIRA;FIESC_OESTE,Distribuição estimada da base madeireira.,https://fiesc.com.br/imprensa/portas-abertas-para-o-futuro ; https://fiesc.com.br/imprensa/muito-mais-do-que-aves-e-suinos,2026-09-18
42011,Rio do Sul,1700,"Fabricação de celulose, papel e produtos de papel",industria,517,2015,1504251.0,60267845.0,1160787000.0,0.0003576716731074381,0.006888924521862168,0.051919813023405675,0.0012958889098516782,0.024959429028862737,0.3,estimativa_julgamental,baixa,FIESC_MADEIRA;HIPOTESE,Papel e celulose próximos da base florestal; fatores inferidos.,https://fiesc.com.br/imprensa/portas-abertas-para-o-futuro,2026-09-18
42011,Rio do Sul,1800,Impressão e reprodução de gravações,industria,517,2015,1504251.0,60267845.0,1160787000.0,0.00082295808429176,0.015850559475643084,0.051919813023405675,0.0012958889098516782,0.024959429028862737,1.0,estimativa_julgamental,baixa,HIPOTESE,Impressão: demanda urbana e empresarial presumida.,,2026-09-18
42011,Rio do Sul,1991,Refino de petróleo e coquerias,industria,517,2015,1504251.0,60267845.0,1160787000.0,0.00022890930983881025,0.004408900889832114,0.051919813023405675,0.0012958889098516782,0.024959429028862737,0.2,estimativa_julgamental,muito_baixa,HIPOTESE,Hipótese de coquerias no Sul; terminais de petróleo não tratados como refinarias.,,2026-09-18
42011,Rio do Sul,1992,Fabricação de biocombustíveis,industria,517,2015,1504251.0,60267845.0,1160787000.0,0.000568802603783861,0.010955405473579852,0.051919813023405675,0.0012958889098516782,0.024959429028862737,0.4,estimativa_julgamental,muito_baixa,HIPOTESE,Biocombustíveis: proximidade presumida de insumos agropecuários; baixa confiança.,,2026-09-18
42011,Rio do Sul,2091,"Fabricação de químicos orgânicos e inorgânicos, resinas e elastômeros",industria,517,2015,1504251.0,60267845.0,1160787000.0,0.0003614506779540304,0.0069617099312566265,0.051919813023405675,0.0012958889098516782,0.024959429028862737,0.5,estimativa_julgamental,baixa,HIPOTESE,Química básica: proximidade industrial presumida.,,2026-09-18
42011,Rio do Sul,2092,"Fabricação de defensivos, desinfestantes, tintas e químicos diversos",industria,517,2015,1504251.0,60267845.0,1160787000.0,0.0005054759278535488,0.009735703933018366,0.051919813023405675,0.0012958889098516782,0.024959429028862737,0.7,estimativa_julgamental,baixa,HIPOTESE,Tintas e químicos: hipótese de integração com manufaturas.,,2026-09-18
42011,Rio do Sul,2093,"Fabricação de produtos de limpeza, cosméticos/perfumaria e higiene pessoal",industria,517,2015,1504251.0,60267845.0,1160787000.0,0.0008283110517415328,0.015953660144502575,0.051919813023405675,0.0012958889098516782,0.024959429028862737,1.0,estimativa_julgamental,baixa,HIPOTESE,Limpeza e cosméticos: mercados urbanos presumidos.,,2026-09-18
42011,Rio do Sul,2100,Fabricação de produtos farmoquímicos e farmacêuticos,industria,517,2015,1504251.0,60267845.0,1160787000.0,0.00042427283017720195,0.008171694108103547,0.051919813023405675,0.0012958889098516782,0.024959429028862737,0.5,estimativa_julgamental,baixa,HIPOTESE,Fármacos: hipótese de infraestrutura técnica e urbana; não inventário de fábricas.,,2026-09-18
42011,Rio do Sul,2200,Fabricação de produtos de borracha e de material plástico,industria,517,2015,1504251.0,60267845.0,1160787000.0,0.00035591859893471263,0.006855159489389205,0.051919813023405675,0.0012958889098516782,0.024959429028862737,0.6,estimativa_julgamental,baixa,FIESC_HISTORIA;HIPOTESE,"Plásticos dispersos, com reforço industrial estimado.",https://fiesc.com.br/pt-br/imprensa/superar-desafios-e-historia-da-industria,2026-09-18
42011,Rio do Sul,2300,Fabricação de produtos de minerais não metálicos,industria,517,2015,1504251.0,60267845.0,1160787000.0,0.00031542351991552063,0.0060752052356838485,0.051919813023405675,0.0012958889098516782,0.024959429028862737,0.3,estimativa_julgamental,baixa,FIESC_HISTORIA;TIJUCAS,Cerâmica Sul e Tijucas; demais minerais agregados por hipótese.,https://fiesc.com.br/pt-br/imprensa/superar-desafios-e-historia-da-industria ; https://cincatarina.sc.gov.br/noticias.aspx?id=3670&s=43,2026-09-18
42011,Rio do Sul,2491,"Produção de ferro gusa/ferroligas, siderurgia e tubos de aço sem costura",industria,517,2015,1504251.0,60267845.0,1160787000.0,0.00018307767925110225,0.003526162144855376,0.051919813023405675,0.0012958889098516782,0.024959429028862737,0.3,estimativa_julgamental,baixa,HIPOTESE,Siderurgia presumida nos polos metalúrgicos; peso não observado.,,2026-09-18
42011,Rio do Sul,2492,Metalurgia de metais não ferosos e a fundição de metais,industria,517,2015,1504251.0,60267845.0,1160787000.0,0.00169496009304162,0.03264572798591406,0.051919813023405675,0.0012958889098516782,0.024959429028862737,4.0,estimativa_julgamental,baixa,FIESC_HISTORIA;HIPOTESE,Fundição e metais: extensão estimada do polo metalmecânico.,https://fiesc.com.br/pt-br/imprensa/superar-desafios-e-historia-da-industria,2026-09-18
42011,Rio do Sul,2500,"Fabricação de produtos de metal, exceto máquinas e equipamentos",industria,517,2015,1504251.0,60267845.0,1160787000.0,0.0018151024921200666,0.03495972705644781,0.051919813023405675,0.0012958889098516782,0.024959429028862737,3.0,estimativa_julgamental,baixa,FIESC_HISTORIA;HIPOTESE,Produtos de metal: polos industriais e fornecedores presumidos.,https://fiesc.com.br/pt-br/imprensa/superar-desafios-e-historia-da-industria,2026-09-18
42011,Rio do Sul,2600,"Fabricação de equipamentos de informática, produtos eletrônicos e ópticos",industria,517,2015,1504251.0,60267845.0,1160787000.0,0.00015020822699758358,0.0028930810465336047,0.051919813023405675,0.0012958889098516782,0.024959429028862737,0.3,estimativa_julgamental,baixa,ACATE;HIPOTESE,Eletrônica aproximada pelos polos tecnológicos; software não é fabricação.,https://www.acate.com.br/noticias/acate-completa-30-anos-e-comemora-consolidacao-do-setor-em-sc/,2026-09-18
42011,Rio do Sul,2700,Fabricação de máquinas e equipamentos elétricos,industria,517,2015,1504251.0,60267845.0,1160787000.0,0.00010779951259099325,0.00207626927590045,0.051919813023405675,0.0012958889098516782,0.024959429028862737,0.3,estimativa_julgamental,baixa,FIESC_HISTORIA;HIPOTESE,Equipamentos elétricos no Norte; intensidades inferidas.,https://fiesc.com.br/pt-br/imprensa/superar-desafios-e-historia-da-industria,2026-09-18
42011,Rio do Sul,2800,Fabricação de máquinas e equipamentos mecânicos,industria,517,2015,1504251.0,60267845.0,1160787000.0,0.001886504896066647,0.036334970914017016,0.051919813023405675,0.0012958889098516782,0.024959429028862737,4.0,estimativa_julgamental,baixa,FIESC_HISTORIA;FIESC_OESTE,Máquinas: reforço estimado de polos industriais.,https://fiesc.com.br/pt-br/imprensa/superar-desafios-e-historia-da-industria ; https://fiesc.com.br/imprensa/muito-mais-do-que-aves-e-suinos,2026-09-18
42011,Rio do Sul,2991,"Fabricação de automóveis, caminhões e ônibus, exceto peças",industria,517,2015,1504251.0,60267845.0,1160787000.0,1.320864436514171e-05,0.0002544046982447182,0.051919813023405675,0.0012958889098516782,0.024959429028862737,0.05,estimativa_julgamental,baixa,BMW;HIPOTESE,Araquari confirmado antes de 2015; outras produções agregadas são hipóteses.,https://www.press.bmwgroup.com/portugal/article/detail/T0194787PT/bmw-group-assembles-first-car-in-brazil?language=pt,2026-09-18
42011,Rio do Sul,2992,Fabricação de peças e acessórios para veículos automotores,industria,517,2015,1504251.0,60267845.0,1160787000.0,0.00169496009304162,0.03264572798591406,0.051919813023405675,0.0012958889098516782,0.024959429028862737,4.0,estimativa_julgamental,baixa,BMW;HIPOTESE,Autopeças: proximidade presumida de montagem e metalmecânica.,https://www.press.bmwgroup.com/portugal/article/detail/T0194787PT/bmw-group-assembles-first-car-in-brazil?language=pt,2026-09-18
42011,Rio do Sul,3000,"Fabricação de outros equipamentos de transporte, exceto veículos automotores",industria,517,2015,1504251.0,60267845.0,1160787000.0,0.00012686422896191878,0.002443464673201497,0.051919813023405675,0.0012958889098516782,0.024959429028862737,0.2,estimativa_julgamental,baixa,FIESC_PORTOS;HIPOTESE,Transporte não automotivo: hipótese de produção naval costeira.,https://fiesc.com.br/pt-br/imprensa/podio-da-industria-os-setores-que-mais-se-destacaram-em-sc,2026-09-18
42011,Rio do Sul,3180,Fabricação de móveis e de produtos de indústrias diversas,industria,517,2015,1504251.0,60267845.0,1160787000.0,0.0005580348174670866,0.010748012848496242,0.051919813023405675,0.0012958889098516782,0.024959429028862737,0.6,estimativa_julgamental,baixa,FIESC_MADEIRA;FIESC_OESTE,Móveis com polo em São Bento; outras indústrias agregadas ao mesmo perfil.,https://fiesc.com.br/imprensa/portas-abertas-para-o-futuro ; https://fiesc.com.br/imprensa/muito-mais-do-que-aves-e-suinos,2026-09-18
42011,Rio do Sul,3300,"Manutenção, reparação e instalação de máquinas e equipamentos",industria,517,2015,1504251.0,60267845.0,1160787000.0,0.0011529907826981032,0.02220714435505247,0.051919813023405675,0.0012958889098516782,0.024959429028862737,1.5,estimativa_julgamental,baixa,HIPOTESE,Manutenção segue demanda industrial e logística presumida.,,2026-09-18
42011,Rio do Sul,3500,"Energia elétrica, gás natural e outras utilidades",industria,517,2015,1504251.0,60267845.0,1160787000.0,0.0008687860493916607,0.016733227621601954,0.051919813023405675,0.0012958889098516782,0.024959429028862737,1.0,estimativa_julgamental,baixa,WIKI_ENERGIA;HIPOTESE,"Geração e utilidades: reforço de Tubarão; hidroeletricidade e redes aproximadas. Fator de produção, não de carbono.",https://pt.wikipedia.org/wiki/Complexo_Termoel%C3%A9trico_Jorge_Lacerda,2026-09-18
42011,Rio do Sul,3680,"Água, esgoto e gestão de resíduos",industria,517,2015,1504251.0,60267845.0,1160787000.0,0.0010450834016752467,0.02012879748245855,0.051919813023405675,0.0012958889098516782,0.024959429028862737,1.0,estimativa_julgamental,baixa,HIPOTESE,Saneamento: demanda urbana presumida.,,2026-09-18
42011,Rio do Sul,4180,Construção,industria,517,2015,1504251.0,60267845.0,1160787000.0,0.000981197159443492,0.018898318431947437,0.051919813023405675,0.0012958889098516782,0.024959429028862737,1.0,estimativa_julgamental,baixa,WIKI_FLORIPA;HIPOTESE,Construção: reforço presumido do litoral urbano.,https://pt.wikipedia.org/wiki/Regi%C3%A3o_Metropolitana_de_Florian%C3%B3polis,2026-09-18
42011,Rio do Sul,4580,Comércio por atacado e varejo,servicos,6575,2015,2533093.0,108382198.0,2850260000.0,0.0006690135502237292,0.01759387223413585,0.038025372773010185,0.000888723484875064,0.0233718548501849,1.0,estimativa_julgamental,baixa,HIPOTESE,Comércio: centralidade regional e logística presumidas.,,2026-09-18
42011,Rio do Sul,4900,Transporte terrestre,servicos,6575,2015,2533093.0,108382198.0,2850260000.0,0.0005852803599947694,0.015391837536703711,0.038025372773010185,0.000888723484875064,0.0233718548501849,1.0,estimativa_julgamental,baixa,FIESC_PORTOS;HIPOTESE,Transporte terrestre: conexão presumida de polos produtivos e portos.,https://fiesc.com.br/pt-br/imprensa/podio-da-industria-os-setores-que-mais-se-destacaram-em-sc,2026-09-18
42011,Rio do Sul,5000,Transporte aquaviário,servicos,6575,2015,2533093.0,108382198.0,2850260000.0,1.2513208268181201e-05,0.00032907522939690627,0.038025372773010185,0.000888723484875064,0.0233718548501849,0.05,estimativa_julgamental,baixa,FIESC_PORTOS,Concentração portuária; sede de transportadora e movimentação não são equivalentes.,https://fiesc.com.br/pt-br/imprensa/podio-da-industria-os-setores-que-mais-se-destacaram-em-sc,2026-09-18
42011,Rio do Sul,5100,Transporte aéreo,servicos,6575,2015,2533093.0,108382198.0,2850260000.0,1.067897054295595e-05,0.0002808380237770007,0.038025372773010185,0.000888723484875064,0.0233718548501849,0.05,estimativa_julgamental,baixa,HIPOTESE,"Transporte aéreo: aproximação por aeroportos, não por sede de companhia.",,2026-09-18
42011,Rio do Sul,5280,"Armazenamento, atividades auxiliares dos transportes e correio",servicos,6575,2015,2533093.0,108382198.0,2850260000.0,8.70138427455599e-05,0.002288310051948287,0.038025372773010185,0.000888723484875064,0.0233718548501849,0.3,estimativa_julgamental,baixa,FIESC_PORTOS;HIPOTESE,Armazenamento e apoio: concentração logística estimada.,https://fiesc.com.br/pt-br/imprensa/podio-da-industria-os-setores-que-mais-se-destacaram-em-sc,2026-09-18
42011,Rio do Sul,5500,Alojamento,servicos,6575,2015,2533093.0,108382198.0,2850260000.0,0.00027568443961314574,0.007250012807470023,0.038025372773010185,0.000888723484875064,0.0233718548501849,0.7,estimativa_julgamental,baixa,WIKI_FLORIPA;HIPOTESE,Alojamento: litoral e turismo serrano/rural presumidos.,https://pt.wikipedia.org/wiki/Regi%C3%A3o_Metropolitana_de_Florian%C3%B3polis,2026-09-18
42011,Rio do Sul,5600,Alimentação,servicos,6575,2015,2533093.0,108382198.0,2850260000.0,0.0005826392551139748,0.015322381153026409,0.038025372773010185,0.000888723484875064,0.0233718548501849,1.0,estimativa_julgamental,baixa,WIKI_FLORIPA;HIPOTESE,Alimentação acompanha turismo e mercados urbanos.,https://pt.wikipedia.org/wiki/Regi%C3%A3o_Metropolitana_de_Florian%C3%B3polis,2026-09-18
42011,Rio do Sul,5800,Edição e edição integrada à impressão,servicos,6575,2015,2533093.0,108382198.0,2850260000.0,0.00040328719711021287,0.010605739476049524,0.038025372773010185,0.000888723484875064,0.0233718548501849,0.8,estimativa_julgamental,baixa,HIPOTESE,Edição: concentração urbana presumida.,,2026-09-18
42011,Rio do Sul,5980,"Atividades de televisão, rádio, cinema e  gravação/edição de som e imagem",servicos,6575,2015,2533093.0,108382198.0,2850260000.0,0.0002153117593885197,0.0056623181756509855,0.038025372773010185,0.000888723484875064,0.0233718548501849,0.5,estimativa_julgamental,baixa,HIPOTESE,Mídia: centralidade da capital e polos regionais presumida.,,2026-09-18
42011,Rio do Sul,6100,Telecomunicações,servicos,6575,2015,2533093.0,108382198.0,2850260000.0,0.0005423089092915105,0.01426176444156868,0.038025372773010185,0.000888723484875064,0.0233718548501849,1.0,estimativa_julgamental,baixa,ACATE;HIPOTESE,Telecom: perfil urbano inferido; polos de TI são apenas contexto.,https://www.acate.com.br/noticias/acate-completa-30-anos-e-comemora-consolidacao-do-setor-em-sc/,2026-09-18
42011,Rio do Sul,6280,Desenvolvimento de sistemas e outros serviços de informação,servicos,6575,2015,2533093.0,108382198.0,2850260000.0,0.0005628750028890641,0.014802616301728513,0.038025372773010185,0.000888723484875064,0.0233718548501849,2.0,estimativa_julgamental,baixa,ACATE,Software e informação: polos documentados; multiplicadores julgamentais.,https://www.acate.com.br/noticias/acate-completa-30-anos-e-comemora-consolidacao-do-setor-em-sc/,2026-09-18
42011,Rio do Sul,6480,"Intermediação financeira, seguros e previdência complementar",servicos,6575,2015,2533093.0,108382198.0,2850260000.0,0.0003804055599910466,0.010003992919723656,0.038025372773010185,0.000888723484875064,0.0233718548501849,0.8,estimativa_julgamental,baixa,HIPOTESE,Finanças: sedes e mercados urbanos presumidos.,,2026-09-18
42011,Rio do Sul,6800,Atividades imobiliárias,servicos,6575,2015,2533093.0,108382198.0,2850260000.0,0.0005351068099458959,0.014072361976309311,0.038025372773010185,0.000888723484875064,0.0233718548501849,1.0,estimativa_julgamental,baixa,WIKI_FLORIPA;HIPOTESE,Imobiliário: reforço litorâneo presumido; inclui aluguéis imputados.,https://pt.wikipedia.org/wiki/Regi%C3%A3o_Metropolitana_de_Florian%C3%B3polis,2026-09-18
42011,Rio do Sul,6980,"Atividades jurídicas, contábeis, consultoria e sedes de empresas ",servicos,6575,2015,2533093.0,108382198.0,2850260000.0,0.0002996588049784735,0.007880496182569093,0.038025372773010185,0.000888723484875064,0.0233718548501849,0.7,estimativa_julgamental,baixa,HIPOTESE,Serviços empresariais: sedes e centralidade presumidas.,,2026-09-18
42011,Rio do Sul,7180,"Serviços de arquitetura, engenharia, testes/análises técnicas e P & D",servicos,6575,2015,2533093.0,108382198.0,2850260000.0,0.00029231095465982276,0.0076872607246943414,0.038025372773010185,0.000888723484875064,0.0233718548501849,0.7,estimativa_julgamental,baixa,ACATE;HIPOTESE,Engenharia e P&D: integração presumida com tecnologia e indústria.,https://www.acate.com.br/noticias/acate-completa-30-anos-e-comemora-consolidacao-do-setor-em-sc/,2026-09-18
42011,Rio do Sul,7380,"Outras atividades profissionais, científicas e técnicas",servicos,6575,2015,2533093.0,108382198.0,2850260000.0,0.0005177239982462917,0.0136152247957386,0.038025372773010185,0.000888723484875064,0.0233718548501849,1.0,estimativa_julgamental,baixa,HIPOTESE,Outros serviços técnicos: concentração urbana moderada.,,2026-09-18
42011,Rio do Sul,7700,Aluguéis não imobiliários e gestão de ativos de propriedade intelectual,servicos,6575,2015,2533093.0,108382198.0,2850260000.0,0.0005282999286855235,0.013893353047165985,0.038025372773010185,0.000888723484875064,0.0233718548501849,1.0,estimativa_julgamental,baixa,HIPOTESE,Aluguéis de equipamentos: demanda empresarial presumida.,,2026-09-18
42011,Rio do Sul,7880,Outras atividades administrativas e serviços complementares,servicos,6575,2015,2533093.0,108382198.0,2850260000.0,0.0005495629346559884,0.014452532469216439,0.038025372773010185,0.000888723484875064,0.0233718548501849,1.0,estimativa_julgamental,baixa,HIPOTESE,Serviços administrativos: mercados urbanos presumidos.,,2026-09-18
42011,Rio do Sul,8000,"Atividades de vigilância, segurança e investigação",servicos,6575,2015,2533093.0,108382198.0,2850260000.0,0.0005694225764313991,0.014974805896855438,0.038025372773010185,0.000888723484875064,0.0233718548501849,1.0,estimativa_julgamental,baixa,HIPOTESE,Segurança: demanda industrial e urbana presumida.,,2026-09-18
42011,Rio do Sul,8400,"Administração pública, defesa e seguridade social",administracao_publica,525,2015,894180.0,28534686.0,885587000.0,0.0007733155199519678,0.024000200015087014,0.03222121146764802,0.0010097031686327825,0.03133659855237236,1.0,estimativa_julgamental,baixa,VAB;HIPOTESE,Administração: reforço da capital; não mede empregos públicos municipais.,https://sidra.ibge.gov.br/tabela/5938,2026-09-18
42011,Rio do Sul,8591,Educação pública,administracao_publica,525,2015,894180.0,28534686.0,885587000.0,0.0009147421177260267,0.028389439008042305,0.03222121146764802,0.0010097031686327825,0.03133659855237236,1.0,estimativa_julgamental,baixa,VAB;HIPOTESE,Educação pública: perfil difuso com polos de ensino presumidos.,https://sidra.ibge.gov.br/tabela/5938,2026-09-18
42011,Rio do Sul,8592,Educação privada,servicos,6575,2015,2533093.0,108382198.0,2850260000.0,0.0003821237429507665,0.010049178090424717,0.038025372773010185,0.000888723484875064,0.0233718548501849,0.8,estimativa_julgamental,baixa,HIPOTESE,Educação privada: centros regionais presumidos.,,2026-09-18
42011,Rio do Sul,8691,Saúde pública,administracao_publica,525,2015,894180.0,28534686.0,885587000.0,0.0008405870108454584,0.0260880014300349,0.03222121146764802,0.0010097031686327825,0.03133659855237236,1.0,estimativa_julgamental,baixa,VAB;HIPOTESE,"Saúde pública: rede regional presumida, sem contagem de leitos.",https://sidra.ibge.gov.br/tabela/5938,2026-09-18
42011,Rio do Sul,8692,Saúde privada,servicos,6575,2015,2533093.0,108382198.0,2850260000.0,0.0004026991447056062,0.010590274738645974,0.038025372773010185,0.000888723484875064,0.0233718548501849,0.8,estimativa_julgamental,baixa,HIPOTESE,Saúde privada: centralidade regional presumida.,,2026-09-18
42011,Rio do Sul,9080,"Atividades artísticas, criativas e de espetáculos",servicos,6575,2015,2533093.0,108382198.0,2850260000.0,0.000378168166924794,0.009945153442209299,0.038025372773010185,0.000888723484875064,0.0233718548501849,0.8,estimativa_julgamental,baixa,WIKI_FLORIPA;HIPOTESE,Cultura e lazer: turismo e centralidade presumidos.,https://pt.wikipedia.org/wiki/Regi%C3%A3o_Metropolitana_de_Florian%C3%B3polis,2026-09-18
42011,Rio do Sul,9480,Organizações associativas e outros serviços pessoais,servicos,6575,2015,2533093.0,108382198.0,2850260000.0,0.0007094010248471365,0.018655991331941874,0.038025372773010185,0.000888723484875064,0.0233718548501849,1.0,estimativa_julgamental,baixa,HIPOTESE,Serviços pessoais e associações: demanda urbana presumida.,,2026-09-18
42011,Rio do Sul,9700,Serviços domésticos,servicos,6575,2015,2533093.0,108382198.0,2850260000.0,0.0006447275211096441,0.01695519265408127,0.038025372773010185,0.000888723484875064,0.0233718548501849,1.0,estimativa_julgamental,baixa,HIPOTESE,"Serviços domésticos: demanda residencial presumida, não emprego observado.",,2026-09-18
42012,Blumenau,0191,"Agricultura, inclusive o apoio à agricultura e a pós-colheita",agropecuaria,513,2015,246734.0,12485693.0,258967000.0,0.0006722971906934135,0.013944183997354826,0.04821344804550388,0.0009527623210679353,0.019761338037063703,1.0,estimativa_julgamental,baixa,ITUPORANGA;VAB;HIPOTESE,Reforço agrícola rural; escolha dos multiplicadores é hipótese.,https://cimamavi.sc.gov.br/municipios-associados/perfil/ituporanga ; https://sidra.ibge.gov.br/tabela/5938,2026-09-18
42012,Blumenau,0192,"Pecuária, inclusive o apoio à pecuária",agropecuaria,513,2015,246734.0,12485693.0,258967000.0,0.00020106246427475333,0.004170256897722612,0.04821344804550388,0.0009527623210679353,0.019761338037063703,0.5,estimativa_julgamental,baixa,ITAPIRANGA;FIESC_OESTE,Maior concentração pecuária no Oeste; magnitudes estimadas.,https://servicos.itapiranga.sc.gov.br/pagina-4919/ ; https://fiesc.com.br/imprensa/muito-mais-do-que-aves-e-suinos,2026-09-18
42012,Blumenau,0280,Produção florestal; pesca e aquicultura,agropecuaria,513,2015,246734.0,12485693.0,258967000.0,0.00023096764555314325,0.004790523285850783,0.04821344804550388,0.0009527623210679353,0.019761338037063703,0.5,estimativa_julgamental,baixa,FIESC_MADEIRA;HIPOTESE,Combinação estimada de florestas interiores e pesca costeira.,https://fiesc.com.br/imprensa/portas-abertas-para-o-futuro,2026-09-18
42012,Blumenau,0580,Extração de carvão mineral e de minerais não metálicos,industria,517,2015,9698519.0,60267845.0,1160787000.0,0.0019815524930437817,0.03816563230207492,0.051919813023405675,0.00835512372209544,0.16092360694164526,0.3,estimativa_julgamental,baixa,FIESC_HISTORIA;TIJUCAS,Carvão no Sul e minerais para construção; distribuição estimada.,https://fiesc.com.br/pt-br/imprensa/superar-desafios-e-historia-da-industria ; https://cincatarina.sc.gov.br/noticias.aspx?id=3670&s=43,2026-09-18
42012,Blumenau,0680,"Extração de petróleo e gás, inclusive as atividades de apoio",industria,517,2015,9698519.0,60267845.0,1160787000.0,0.0009199959496120467,0.017719554367372405,0.051919813023405675,0.00835512372209544,0.16092360694164526,0.1,estimativa_julgamental,muito_baixa,HIPOTESE,Localização hipotética de apoio costeiro; não comprova extração local ou offshore.,,2026-09-18
42012,Blumenau,0791,"Extração de minério de ferro, inclusive beneficiamentos e a aglomeração",industria,517,2015,9698519.0,60267845.0,1160787000.0,0.008055601609589154,0.15515467295611512,0.051919813023405675,0.00835512372209544,0.16092360694164526,1.0,estimativa_julgamental,muito_baixa,HIPOTESE,Sem evidência de polo de extração de ferro; prior quase VAB e confiança muito baixa.,,2026-09-18
42012,Blumenau,0792,"Extração de minerais metálicos não ferrosos, inclusive beneficiamentos",industria,517,2015,9698519.0,60267845.0,1160787000.0,0.008156778038766204,0.1571033785327596,0.051919813023405675,0.00835512372209544,0.16092360694164526,1.0,estimativa_julgamental,muito_baixa,HIPOTESE,Sem dados de extração metálica; pequenas diferenças apenas como hipótese.,,2026-09-18
42012,Blumenau,1091,"Abate e produtos de carne, inclusive os produtos do laticínio e da pesca",industria,517,2015,9698519.0,60267845.0,1160787000.0,0.0018560902311635095,0.0357491701737596,0.051919813023405675,0.00835512372209544,0.16092360694164526,0.4,estimativa_julgamental,baixa,FIESC_OESTE;ITAPIRANGA;HIPOTESE,Carnes e laticínios no Oeste; pesca incorporada de modo aproximado.,https://fiesc.com.br/imprensa/muito-mais-do-que-aves-e-suinos ; https://servicos.itapiranga.sc.gov.br/pagina-4919/,2026-09-18
42012,Blumenau,1092,Fabricação e refino de açúcar,industria,517,2015,9698519.0,60267845.0,1160787000.0,0.006245940495594147,0.1202997493996839,0.051919813023405675,0.00835512372209544,0.16092360694164526,0.5,estimativa_julgamental,muito_baixa,HIPOTESE,Açúcar: produção dispersa presumida; nenhuma usina identificada por esta pesquisa.,,2026-09-18
42012,Blumenau,1093,Outros produtos alimentares,industria,517,2015,9698519.0,60267845.0,1160787000.0,0.01115242227170614,0.21480089434602895,0.051919813023405675,0.00835512372209544,0.16092360694164526,2.0,estimativa_julgamental,baixa,FIESC_OESTE;HIPOTESE,Alimentos diversos: extensão qualitativa da agroindústria.,https://fiesc.com.br/imprensa/muito-mais-do-que-aves-e-suinos,2026-09-18
42012,Blumenau,1100,Fabricação de bebidas,industria,517,2015,9698519.0,60267845.0,1160787000.0,0.01862763580907886,0.3587770202616377,0.051919813023405675,0.00835512372209544,0.16092360694164526,4.0,estimativa_julgamental,baixa,HIPOTESE,Bebidas: hipótese de polos urbanos e produção regional.,,2026-09-18
42012,Blumenau,1200,Fabricação de produtos do fumo,industria,517,2015,9698519.0,60267845.0,1160787000.0,0.003999593736212665,0.07703405508046862,0.051919813023405675,0.00835512372209544,0.16092360694164526,0.3,estimativa_julgamental,baixa,HIPOTESE,Beneficiamento de fumo presumido próximo a áreas rurais; cultivo não equivale a fabricação.,,2026-09-18
42012,Blumenau,1300,Fabricação de produtos têxteis,industria,517,2015,9698519.0,60267845.0,1160787000.0,0.033306116745785666,0.6414914616655327,0.051919813023405675,0.00835512372209544,0.16092360694164526,9.0,estimativa_julgamental,baixa,FIESC_HISTORIA,Têxteis no Vale; intensidade relativa estimada.,https://fiesc.com.br/pt-br/imprensa/superar-desafios-e-historia-da-industria,2026-09-18
42012,Blumenau,1400,Confecção de artefatos do vestuário e acessórios,industria,517,2015,9698519.0,60267845.0,1160787000.0,0.026793409845251186,0.51605366593236,0.051919813023405675,0.00835512372209544,0.16092360694164526,6.0,estimativa_julgamental,baixa,FIESC_HISTORIA;HIPOTESE,Vestuário no Vale e extensões presumidas ao Sul.,https://fiesc.com.br/pt-br/imprensa/superar-desafios-e-historia-da-industria,2026-09-18
42012,Blumenau,1500,Fabricação de calçados e de artefatos de couro,industria,517,2015,9698519.0,60267845.0,1160787000.0,0.01722968720764594,0.3318518731929701,0.051919813023405675,0.00835512372209544,0.16092360694164526,2.0,estimativa_julgamental,baixa,FIESC_CALCADOS;HIPOTESE,São João Batista ancora o fator de Tijucas; demais polos são hipóteses.,https://fiesc.com.br/sites/default/files/2018-04/IC_FIESC15_REVISAO_FINAL_0.pdf,2026-09-18
42012,Blumenau,1600,Fabricação de produtos da madeira,industria,517,2015,9698519.0,60267845.0,1160787000.0,0.0030208619785762913,0.05818322144601087,0.051919813023405675,0.00835512372209544,0.16092360694164526,0.5,estimativa_julgamental,baixa,FIESC_MADEIRA;FIESC_OESTE,Distribuição estimada da base madeireira.,https://fiesc.com.br/imprensa/portas-abertas-para-o-futuro ; https://fiesc.com.br/imprensa/muito-mais-do-que-aves-e-suinos,2026-09-18
42012,Blumenau,1700,"Fabricação de celulose, papel e produtos de papel",industria,517,2015,9698519.0,60267845.0,1160787000.0,0.00230605498510174,0.04441570280813917,0.051919813023405675,0.00835512372209544,0.16092360694164526,0.3,estimativa_julgamental,baixa,FIESC_MADEIRA;HIPOTESE,Papel e celulose próximos da base florestal; fatores inferidos.,https://fiesc.com.br/imprensa/portas-abertas-para-o-futuro,2026-09-18
42012,Blumenau,1800,Impressão e reprodução de gravações,industria,517,2015,9698519.0,60267845.0,1160787000.0,0.010611892053529944,0.2043900283066516,0.051919813023405675,0.00835512372209544,0.16092360694164526,2.0,estimativa_julgamental,baixa,HIPOTESE,Impressão: demanda urbana e empresarial presumida.,,2026-09-18
42012,Blumenau,1991,Refino de petróleo e coquerias,industria,517,2015,9698519.0,60267845.0,1160787000.0,0.001475871573792265,0.028425980138390244,0.051919813023405675,0.00835512372209544,0.16092360694164526,0.2,estimativa_julgamental,muito_baixa,HIPOTESE,Hipótese de coquerias no Sul; terminais de petróleo não tratados como refinarias.,,2026-09-18
42012,Blumenau,1992,Fabricação de biocombustíveis,industria,517,2015,9698519.0,60267845.0,1160787000.0,0.003667302105863482,0.07063396211019185,0.051919813023405675,0.00835512372209544,0.16092360694164526,0.4,estimativa_julgamental,muito_baixa,HIPOTESE,Biocombustíveis: proximidade presumida de insumos agropecuários; baixa confiança.,,2026-09-18
42012,Blumenau,2091,"Fabricação de químicos orgânicos e inorgânicos, resinas e elastômeros",industria,517,2015,9698519.0,60267845.0,1160787000.0,0.009321679075367196,0.1795399199755389,0.051919813023405675,0.00835512372209544,0.16092360694164526,2.0,estimativa_julgamental,baixa,HIPOTESE,Química básica: proximidade industrial presumida.,,2026-09-18
42012,Blumenau,2092,"Fabricação de defensivos, desinfestantes, tintas e químicos diversos",industria,517,2015,9698519.0,60267845.0,1160787000.0,0.009311454937336677,0.17934299827195127,0.051919813023405675,0.00835512372209544,0.16092360694164526,2.0,estimativa_julgamental,baixa,HIPOTESE,Tintas e químicos: hipótese de integração com manufaturas.,,2026-09-18
42012,Blumenau,2093,"Fabricação de produtos de limpeza, cosméticos/perfumaria e higiene pessoal",industria,517,2015,9698519.0,60267845.0,1160787000.0,0.010680917577219808,0.20571949233339504,0.051919813023405675,0.00835512372209544,0.16092360694164526,2.0,estimativa_julgamental,baixa,HIPOTESE,Limpeza e cosméticos: mercados urbanos presumidos.,,2026-09-18
42012,Blumenau,2100,Fabricação de produtos farmoquímicos e farmacêuticos,industria,517,2015,9698519.0,60267845.0,1160787000.0,0.010941839107056912,0.21074496362543302,0.051919813023405675,0.00835512372209544,0.16092360694164526,2.0,estimativa_julgamental,baixa,HIPOTESE,Fármacos: hipótese de infraestrutura técnica e urbana; não inventário de fábricas.,,2026-09-18
42012,Blumenau,2200,Fabricação de produtos de borracha e de material plástico,industria,517,2015,9698519.0,60267845.0,1160787000.0,0.007649174005804639,0.1473266862951983,0.051919813023405675,0.00835512372209544,0.16092360694164526,2.0,estimativa_julgamental,baixa,FIESC_HISTORIA;HIPOTESE,"Plásticos dispersos, com reforço industrial estimado.",https://fiesc.com.br/pt-br/imprensa/superar-desafios-e-historia-da-industria,2026-09-18
42012,Blumenau,2300,Fabricação de produtos de minerais não metálicos,industria,517,2015,9698519.0,60267845.0,1160787000.0,0.0020336639303863216,0.03916932307652066,0.051919813023405675,0.00835512372209544,0.16092360694164526,0.3,estimativa_julgamental,baixa,FIESC_HISTORIA;TIJUCAS,Cerâmica Sul e Tijucas; demais minerais agregados por hipótese.,https://fiesc.com.br/pt-br/imprensa/superar-desafios-e-historia-da-industria ; https://cincatarina.sc.gov.br/noticias.aspx?id=3670&s=43,2026-09-18
42012,Blumenau,2491,"Produção de ferro gusa/ferroligas, siderurgia e tubos de aço sem costura",industria,517,2015,9698519.0,60267845.0,1160787000.0,0.0011803763804662392,0.02273460383869488,0.051919813023405675,0.00835512372209544,0.16092360694164526,0.3,estimativa_julgamental,baixa,HIPOTESE,Siderurgia presumida nos polos metalúrgicos; peso não observado.,,2026-09-18
42012,Blumenau,2492,Metalurgia de metais não ferosos e a fundição de metais,industria,517,2015,9698519.0,60267845.0,1160787000.0,0.005464049107032642,0.1052401537842485,0.051919813023405675,0.00835512372209544,0.16092360694164526,2.0,estimativa_julgamental,baixa,FIESC_HISTORIA;HIPOTESE,Fundição e metais: extensão estimada do polo metalmecânico.,https://fiesc.com.br/pt-br/imprensa/superar-desafios-e-historia-da-industria,2026-09-18
42012,Blumenau,2500,"Fabricação de produtos de metal, exceto máquinas e equipamentos",industria,517,2015,9698519.0,60267845.0,1160787000.0,0.0078018034697550755,0.15026640150337192,0.051919813023405675,0.00835512372209544,0.16092360694164526,2.0,estimativa_julgamental,baixa,FIESC_HISTORIA;HIPOTESE,Produtos de metal: polos industriais e fornecedores presumidos.,https://fiesc.com.br/pt-br/imprensa/superar-desafios-e-historia-da-industria,2026-09-18
42012,Blumenau,2600,"Fabricação de equipamentos de informática, produtos eletrônicos e ópticos",industria,517,2015,9698519.0,60267845.0,1160787000.0,0.009684536314035205,0.1865287209271993,0.051919813023405675,0.00835512372209544,0.16092360694164526,3.0,estimativa_julgamental,baixa,ACATE;HIPOTESE,Eletrônica aproximada pelos polos tecnológicos; software não é fabricação.,https://www.acate.com.br/noticias/acate-completa-30-anos-e-comemora-consolidacao-do-setor-em-sc/,2026-09-18
42012,Blumenau,2700,Fabricação de máquinas e equipamentos elétricos,industria,517,2015,9698519.0,60267845.0,1160787000.0,0.006950273731275481,0.13386553854002262,0.051919813023405675,0.00835512372209544,0.16092360694164526,3.0,estimativa_julgamental,baixa,FIESC_HISTORIA;HIPOTESE,Equipamentos elétricos no Norte; intensidades inferidas.,https://fiesc.com.br/pt-br/imprensa/superar-desafios-e-historia-da-industria,2026-09-18
42012,Blumenau,2800,Fabricação de máquinas e equipamentos mecânicos,industria,517,2015,9698519.0,60267845.0,1160787000.0,0.009122299193134358,0.17569976973957874,0.051919813023405675,0.00835512372209544,0.16092360694164526,3.0,estimativa_julgamental,baixa,FIESC_HISTORIA;FIESC_OESTE,Máquinas: reforço estimado de polos industriais.,https://fiesc.com.br/pt-br/imprensa/superar-desafios-e-historia-da-industria ; https://fiesc.com.br/imprensa/muito-mais-do-que-aves-e-suinos,2026-09-18
42012,Blumenau,2991,"Fabricação de automóveis, caminhões e ônibus, exceto peças",industria,517,2015,9698519.0,60267845.0,1160787000.0,8.516151117038967e-05,0.001640250729177289,0.051919813023405675,0.00835512372209544,0.16092360694164526,0.05,estimativa_julgamental,baixa,BMW;HIPOTESE,Araquari confirmado antes de 2015; outras produções agregadas são hipóteses.,https://www.press.bmwgroup.com/portugal/article/detail/T0194787PT/bmw-group-assembles-first-car-in-brazil?language=pt,2026-09-18
42012,Blumenau,2992,Fabricação de peças e acessórios para veículos automotores,industria,517,2015,9698519.0,60267845.0,1160787000.0,0.005464049107032642,0.1052401537842485,0.051919813023405675,0.00835512372209544,0.16092360694164526,2.0,estimativa_julgamental,baixa,BMW;HIPOTESE,Autopeças: proximidade presumida de montagem e metalmecânica.,https://www.press.bmwgroup.com/portugal/article/detail/T0194787PT/bmw-group-assembles-first-car-in-brazil?language=pt,2026-09-18
42012,Blumenau,3000,"Fabricação de outros equipamentos de transporte, exceto veículos automotores",industria,517,2015,9698519.0,60267845.0,1160787000.0,0.0008179453661706189,0.015754012168762734,0.051919813023405675,0.00835512372209544,0.16092360694164526,0.2,estimativa_julgamental,baixa,FIESC_PORTOS;HIPOTESE,Transporte não automotivo: hipótese de produção naval costeira.,https://fiesc.com.br/pt-br/imprensa/podio-da-industria-os-setores-que-mais-se-destacaram-em-sc,2026-09-18
42012,Blumenau,3180,Fabricação de móveis e de produtos de indústrias diversas,industria,517,2015,9698519.0,60267845.0,1160787000.0,0.0035978778008896595,0.06929681736850093,0.051919813023405675,0.00835512372209544,0.16092360694164526,0.6,estimativa_julgamental,baixa,FIESC_MADEIRA;FIESC_OESTE,Móveis com polo em São Bento; outras indústrias agregadas ao mesmo perfil.,https://fiesc.com.br/imprensa/portas-abertas-para-o-futuro ; https://fiesc.com.br/imprensa/muito-mais-do-que-aves-e-suinos,2026-09-18
42012,Blumenau,3300,"Manutenção, reparação e instalação de máquinas e equipamentos",industria,517,2015,9698519.0,60267845.0,1160787000.0,0.004955867521587121,0.09545233761440924,0.051919813023405675,0.00835512372209544,0.16092360694164526,1.0,estimativa_julgamental,baixa,HIPOTESE,Manutenção segue demanda industrial e logística presumida.,,2026-09-18
42012,Blumenau,3500,"Energia elétrica, gás natural e outras utilidades",industria,517,2015,9698519.0,60267845.0,1160787000.0,0.005601417587197855,0.10788593527239228,0.051919813023405675,0.00835512372209544,0.16092360694164526,1.0,estimativa_julgamental,baixa,WIKI_ENERGIA;HIPOTESE,"Geração e utilidades: reforço de Tubarão; hidroeletricidade e redes aproximadas. Fator de produção, não de carbono.",https://pt.wikipedia.org/wiki/Complexo_Termoel%C3%A9trico_Jorge_Lacerda,2026-09-18
42012,Blumenau,3680,"Água, esgoto e gestão de resíduos",industria,517,2015,9698519.0,60267845.0,1160787000.0,0.008759501968788197,0.1687121246919625,0.051919813023405675,0.00835512372209544,0.16092360694164526,1.3,estimativa_julgamental,baixa,HIPOTESE,Saneamento: demanda urbana presumida.,,2026-09-18
42012,Blumenau,4180,Construção,industria,517,2015,9698519.0,60267845.0,1160787000.0,0.006326177807831762,0.12184515774315084,0.051919813023405675,0.00835512372209544,0.16092360694164526,1.0,estimativa_julgamental,baixa,WIKI_FLORIPA;HIPOTESE,Construção: reforço presumido do litoral urbano.,https://pt.wikipedia.org/wiki/Regi%C3%A3o_Metropolitana_de_Florian%C3%B3polis,2026-09-18
42012,Blumenau,4580,Comércio por atacado e varejo,servicos,6575,2015,13407514.0,108382198.0,2850260000.0,0.0035410498314962587,0.09312334300137724,0.038025372773010185,0.004703961743840913,0.12370586911330217,1.0,estimativa_julgamental,baixa,HIPOTESE,Comércio: centralidade regional e logística presumidas.,,2026-09-18
42012,Blumenau,4900,Transporte terrestre,servicos,6575,2015,13407514.0,108382198.0,2850260000.0,0.003097854923034769,0.08146810135241009,0.038025372773010185,0.004703961743840913,0.12370586911330217,1.0,estimativa_julgamental,baixa,FIESC_PORTOS;HIPOTESE,Transporte terrestre: conexão presumida de polos produtivos e portos.,https://fiesc.com.br/pt-br/imprensa/podio-da-industria-os-setores-que-mais-se-destacaram-em-sc,2026-09-18
42012,Blumenau,5000,Transporte aquaviário,servicos,6575,2015,13407514.0,108382198.0,2850260000.0,6.623168396918519e-05,0.001741776060015259,0.038025372773010185,0.004703961743840913,0.12370586911330217,0.05,estimativa_julgamental,baixa,FIESC_PORTOS,Concentração portuária; sede de transportadora e movimentação não são equivalentes.,https://fiesc.com.br/pt-br/imprensa/podio-da-industria-os-setores-que-mais-se-destacaram-em-sc,2026-09-18
42012,Blumenau,5100,Transporte aéreo,servicos,6575,2015,13407514.0,108382198.0,2850260000.0,5.652317031402696e-05,0.0014864593347036488,0.038025372773010185,0.004703961743840913,0.12370586911330217,0.05,estimativa_julgamental,baixa,HIPOTESE,"Transporte aéreo: aproximação por aeroportos, não por sede de companhia.",,2026-09-18
42012,Blumenau,5280,"Armazenamento, atividades auxiliares dos transportes e correio",servicos,6575,2015,13407514.0,108382198.0,2850260000.0,0.0004605592115271302,0.01211189208522442,0.038025372773010185,0.004703961743840913,0.12370586911330217,0.3,estimativa_julgamental,baixa,FIESC_PORTOS;HIPOTESE,Armazenamento e apoio: concentração logística estimada.,https://fiesc.com.br/pt-br/imprensa/podio-da-industria-os-setores-que-mais-se-destacaram-em-sc,2026-09-18
42012,Blumenau,5500,Alojamento,servicos,6575,2015,13407514.0,108382198.0,2850260000.0,0.0014591817133028301,0.038373896345824506,0.038025372773010185,0.004703961743840913,0.12370586911330217,0.7,estimativa_julgamental,baixa,WIKI_FLORIPA;HIPOTESE,Alojamento: litoral e turismo serrano/rural presumidos.,https://pt.wikipedia.org/wiki/Regi%C3%A3o_Metropolitana_de_Florian%C3%B3polis,2026-09-18
42012,Blumenau,5600,Alimentação,servicos,6575,2015,13407514.0,108382198.0,2850260000.0,0.0030838757084284663,0.08110047275111404,0.038025372773010185,0.004703961743840913,0.12370586911330217,1.0,estimativa_julgamental,baixa,WIKI_FLORIPA;HIPOTESE,Alimentação acompanha turismo e mercados urbanos.,https://pt.wikipedia.org/wiki/Regi%C3%A3o_Metropolitana_de_Florian%C3%B3polis,2026-09-18
42012,Blumenau,5800,Edição e edição integrada à impressão,servicos,6575,2015,13407514.0,108382198.0,2850260000.0,0.005336439227928009,0.14033890633455487,0.038025372773010185,0.004703961743840913,0.12370586911330217,2.0,estimativa_julgamental,baixa,HIPOTESE,Edição: concentração urbana presumida.,,2026-09-18
42012,Blumenau,5980,"Atividades de televisão, rádio, cinema e  gravação/edição de som e imagem",servicos,6575,2015,13407514.0,108382198.0,2850260000.0,0.004558530505380117,0.11988128380994309,0.038025372773010185,0.004703961743840913,0.12370586911330217,2.0,estimativa_julgamental,baixa,HIPOTESE,Mídia: centralidade da capital e polos regionais presumida.,,2026-09-18
42012,Blumenau,6100,Telecomunicações,servicos,6575,2015,13407514.0,108382198.0,2850260000.0,0.004879696205076606,0.12832737325694643,0.038025372773010185,0.004703961743840913,0.12370586911330217,1.7,estimativa_julgamental,baixa,ACATE;HIPOTESE,Telecom: perfil urbano inferido; polos de TI são apenas contexto.,https://www.acate.com.br/noticias/acate-completa-30-anos-e-comemora-consolidacao-do-setor-em-sc/,2026-09-18
42012,Blumenau,6280,Desenvolvimento de sistemas e outros serviços de informação,servicos,6575,2015,13407514.0,108382198.0,2850260000.0,0.007448161675750917,0.1958734690179686,0.038025372773010185,0.004703961743840913,0.12370586911330217,5.0,estimativa_julgamental,baixa,ACATE,Software e informação: polos documentados; multiplicadores julgamentais.,https://www.acate.com.br/noticias/acate-completa-30-anos-e-comemora-consolidacao-do-setor-em-sc/,2026-09-18
42012,Blumenau,6480,"Intermediação financeira, seguros e previdência complementar",servicos,6575,2015,13407514.0,108382198.0,2850260000.0,0.005033661290029419,0.13237638247697162,0.038025372773010185,0.004703961743840913,0.12370586911330217,2.0,estimativa_julgamental,baixa,HIPOTESE,Finanças: sedes e mercados urbanos presumidos.,,2026-09-18
42012,Blumenau,6800,Atividades imobiliárias,servicos,6575,2015,13407514.0,108382198.0,2850260000.0,0.0028322892392205652,0.07448419391251516,0.038025372773010185,0.004703961743840913,0.12370586911330217,1.0,estimativa_julgamental,baixa,WIKI_FLORIPA;HIPOTESE,Imobiliário: reforço litorâneo presumido; inclui aluguéis imputados.,https://pt.wikipedia.org/wiki/Regi%C3%A3o_Metropolitana_de_Florian%C3%B3polis,2026-09-18
42012,Blumenau,6980,"Atividades jurídicas, contábeis, consultoria e sedes de empresas ",servicos,6575,2015,13407514.0,108382198.0,2850260000.0,0.0045316475301393575,0.11917430914328472,0.038025372773010185,0.004703961743840913,0.12370586911330217,2.0,estimativa_julgamental,baixa,HIPOTESE,Serviços empresariais: sedes e centralidade presumidas.,,2026-09-18
42012,Blumenau,7180,"Serviços de arquitetura, engenharia, testes/análises técnicas e P & D",servicos,6575,2015,13407514.0,108382198.0,2850260000.0,0.004420528259838793,0.11625206901262555,0.038025372773010185,0.004703961743840913,0.12370586911330217,2.0,estimativa_julgamental,baixa,ACATE;HIPOTESE,Engenharia e P&D: integração presumida com tecnologia e indústria.,https://www.acate.com.br/noticias/acate-completa-30-anos-e-comemora-consolidacao-do-setor-em-sc/,2026-09-18
42012,Blumenau,7380,"Outras atividades profissionais, científicas e técnicas",servicos,6575,2015,13407514.0,108382198.0,2850260000.0,0.004932509449247081,0.12971626810054837,0.038025372773010185,0.004703961743840913,0.12370586911330217,1.8,estimativa_julgamental,baixa,HIPOTESE,Outros serviços técnicos: concentração urbana moderada.,,2026-09-18
42012,Blumenau,7700,Aluguéis não imobiliários e gestão de ativos de propriedade intelectual,servicos,6575,2015,13407514.0,108382198.0,2850260000.0,0.002796260812394238,0.07353671005637005,0.038025372773010185,0.004703961743840913,0.12370586911330217,1.0,estimativa_julgamental,baixa,HIPOTESE,Aluguéis de equipamentos: demanda empresarial presumida.,,2026-09-18
42012,Blumenau,7880,Outras atividades administrativas e serviços complementares,servicos,6575,2015,13407514.0,108382198.0,2850260000.0,0.004363207000462232,0.11474462134817434,0.038025372773010185,0.004703961743840913,0.12370586911330217,1.5,estimativa_julgamental,baixa,HIPOTESE,Serviços administrativos: mercados urbanos presumidos.,,2026-09-18
42012,Blumenau,8000,"Atividades de vigilância, segurança e investigação",servicos,6575,2015,13407514.0,108382198.0,2850260000.0,0.0042194888350281946,0.1109650879747094,0.038025372773010185,0.004703961743840913,0.12370586911330217,1.4,estimativa_julgamental,baixa,HIPOTESE,Segurança: demanda industrial e urbana presumida.,,2026-09-18
42012,Blumenau,8400,"Administração pública, defesa e seguridade social",administracao_publica,525,2015,3076309.0,28534686.0,885587000.0,0.002660490610243931,0.08256954003468242,0.03222121146764802,0.0034737513084541665,0.10780945688345756,1.0,estimativa_julgamental,baixa,VAB;HIPOTESE,Administração: reforço da capital; não mede empregos públicos municipais.,https://sidra.ibge.gov.br/tabela/5938,2026-09-18
42012,Blumenau,8591,Educação pública,administracao_publica,525,2015,3076309.0,28534686.0,885587000.0,0.003147050268893999,0.09767014105145679,0.03222121146764802,0.0034737513084541665,0.10780945688345756,1.0,estimativa_julgamental,baixa,VAB;HIPOTESE,Educação pública: perfil difuso com polos de ensino presumidos.,https://sidra.ibge.gov.br/tabela/5938,2026-09-18
42012,Blumenau,8592,Educação privada,servicos,6575,2015,13407514.0,108382198.0,2850260000.0,0.005056396896348459,0.13297428868172492,0.038025372773010185,0.004703961743840913,0.12370586911330217,2.0,estimativa_julgamental,baixa,HIPOTESE,Educação privada: centros regionais presumidos.,,2026-09-18
42012,Blumenau,8691,Saúde pública,administracao_publica,525,2015,3076309.0,28534686.0,885587000.0,0.0028919293506307247,0.08975234694494312,0.03222121146764802,0.0034737513084541665,0.10780945688345756,1.0,estimativa_julgamental,baixa,VAB;HIPOTESE,"Saúde pública: rede regional presumida, sem contagem de leitos.",https://sidra.ibge.gov.br/tabela/5938,2026-09-18
42012,Blumenau,8692,Saúde privada,servicos,6575,2015,13407514.0,108382198.0,2850260000.0,0.005328657909942944,0.14013427144428,0.038025372773010185,0.004703961743840913,0.12370586911330217,2.0,estimativa_julgamental,baixa,HIPOTESE,Saúde privada: centralidade regional presumida.,,2026-09-18
42012,Blumenau,9080,"Atividades artísticas, criativas e de espetáculos",servicos,6575,2015,13407514.0,108382198.0,2850260000.0,0.0050040553114300505,0.1315977976416276,0.038025372773010185,0.004703961743840913,0.12370586911330217,2.0,estimativa_julgamental,baixa,WIKI_FLORIPA;HIPOTESE,Cultura e lazer: turismo e centralidade presumidos.,https://pt.wikipedia.org/wiki/Regi%C3%A3o_Metropolitana_de_Florian%C3%B3polis,2026-09-18
42012,Blumenau,9480,Organizações associativas e outros serviços pessoais,servicos,6575,2015,13407514.0,108382198.0,2850260000.0,0.004881263903033971,0.12836860093844013,0.038025372773010185,0.004703961743840913,0.12370586911330217,1.3,estimativa_julgamental,baixa,HIPOTESE,Serviços pessoais e associações: demanda urbana presumida.,,2026-09-18
42012,Blumenau,9700,Serviços domésticos,servicos,6575,2015,13407514.0,108382198.0,2850260000.0,0.004095006349374232,0.10769141893280276,0.038025372773010185,0.004703961743840913,0.12370586911330217,1.2,estimativa_julgamental,baixa,HIPOTESE,"Serviços domésticos: demanda residencial presumida, não emprego observado.",,2026-09-18
42013,Itajaí,0191,"Agricultura, inclusive o apoio à agricultura e a pós-colheita",agropecuaria,513,2015,343293.0,12485693.0,258967000.0,0.0009353997401440985,0.01940122057358909,0.04821344804550388,0.0013256245004189724,0.027494909573701674,1.0,estimativa_julgamental,baixa,ITUPORANGA;VAB;HIPOTESE,Reforço agrícola rural; escolha dos multiplicadores é hipótese.,https://cimamavi.sc.gov.br/municipios-associados/perfil/ituporanga ; https://sidra.ibge.gov.br/tabela/5938,2026-09-18
42013,Itajaí,0192,"Pecuária, inclusive o apoio à pecuária",agropecuaria,513,2015,343293.0,12485693.0,258967000.0,0.00027974797372179314,0.0058022810037931085,0.04821344804550388,0.0013256245004189724,0.027494909573701674,0.5,estimativa_julgamental,baixa,ITAPIRANGA;FIESC_OESTE,Maior concentração pecuária no Oeste; magnitudes estimadas.,https://servicos.itapiranga.sc.gov.br/pagina-4919/ ; https://fiesc.com.br/imprensa/muito-mais-do-que-aves-e-suinos,2026-09-18
42013,Itajaí,0280,Produção florestal; pesca e aquicultura,agropecuaria,513,2015,343293.0,12485693.0,258967000.0,0.0025708520413035966,0.05332230208628151,0.04821344804550388,0.0013256245004189724,0.027494909573701674,4.0,estimativa_julgamental,baixa,FIESC_MADEIRA;HIPOTESE,Combinação estimada de florestas interiores e pesca costeira.,https://fiesc.com.br/imprensa/portas-abertas-para-o-futuro,2026-09-18
42013,Itajaí,0580,Extração de carvão mineral e de minerais não metálicos,industria,517,2015,4591690.0,60267845.0,1160787000.0,0.0009381509451890749,0.018069228114634243,0.051919813023405675,0.003955669730967008,0.07618805683196404,0.3,estimativa_julgamental,baixa,FIESC_HISTORIA;TIJUCAS,Carvão no Sul e minerais para construção; distribuição estimada.,https://fiesc.com.br/pt-br/imprensa/superar-desafios-e-historia-da-industria ; https://cincatarina.sc.gov.br/noticias.aspx?id=3670&s=43,2026-09-18
42013,Itajaí,0680,"Extração de petróleo e gás, inclusive as atividades de apoio",industria,517,2015,4591690.0,60267845.0,1160787000.0,0.013066952393063741,0.2516756442703887,0.051919813023405675,0.003955669730967008,0.07618805683196404,3.0,estimativa_julgamental,muito_baixa,HIPOTESE,Localização hipotética de apoio costeiro; não comprova extração local ou offshore.,,2026-09-18
42013,Itajaí,0791,"Extração de minério de ferro, inclusive beneficiamentos e a aglomeração",industria,517,2015,4591690.0,60267845.0,1160787000.0,0.003813863266621886,0.073456798946918,0.051919813023405675,0.003955669730967008,0.07618805683196404,1.0,estimativa_julgamental,muito_baixa,HIPOTESE,Sem evidência de polo de extração de ferro; prior quase VAB e confiança muito baixa.,,2026-09-18
42013,Itajaí,0792,"Extração de minerais metálicos não ferrosos, inclusive beneficiamentos",industria,517,2015,4591690.0,60267845.0,1160787000.0,0.003861764476908525,0.07437939876955306,0.051919813023405675,0.003955669730967008,0.07618805683196404,1.0,estimativa_julgamental,muito_baixa,HIPOTESE,Sem dados de extração metálica; pequenas diferenças apenas como hipótese.,,2026-09-18
42013,Itajaí,1091,"Abate e produtos de carne, inclusive os produtos do laticínio e da pesca",industria,517,2015,4591690.0,60267845.0,1160787000.0,0.004393758961306966,0.08462586256476387,0.051919813023405675,0.003955669730967008,0.07618805683196404,2.0,estimativa_julgamental,baixa,FIESC_OESTE;ITAPIRANGA;HIPOTESE,Carnes e laticínios no Oeste; pesca incorporada de modo aproximado.,https://fiesc.com.br/imprensa/muito-mais-do-que-aves-e-suinos ; https://servicos.itapiranga.sc.gov.br/pagina-4919/,2026-09-18
42013,Itajaí,1092,Fabricação e refino de açúcar,industria,517,2015,4591690.0,60267845.0,1160787000.0,0.0029570929864873893,0.05695500068835608,0.051919813023405675,0.003955669730967008,0.07618805683196404,0.5,estimativa_julgamental,muito_baixa,HIPOTESE,Açúcar: produção dispersa presumida; nenhuma usina identificada por esta pesquisa.,,2026-09-18
42013,Itajaí,1093,Outros produtos alimentares,industria,517,2015,4591690.0,60267845.0,1160787000.0,0.002640014718781825,0.050847924232540954,0.051919813023405675,0.003955669730967008,0.07618805683196404,1.0,estimativa_julgamental,baixa,FIESC_OESTE;HIPOTESE,Alimentos diversos: extensão qualitativa da agroindústria.,https://fiesc.com.br/imprensa/muito-mais-do-que-aves-e-suinos,2026-09-18
42013,Itajaí,1100,Fabricação de bebidas,industria,517,2015,4591690.0,60267845.0,1160787000.0,0.0044095561945173955,0.08493012470074861,0.051919813023405675,0.003955669730967008,0.07618805683196404,2.0,estimativa_julgamental,baixa,HIPOTESE,Bebidas: hipótese de polos urbanos e produção regional.,,2026-09-18
42013,Itajaí,1200,Fabricação de produtos do fumo,industria,517,2015,4591690.0,60267845.0,1160787000.0,0.0018935772113897323,0.03647118703097216,0.051919813023405675,0.003955669730967008,0.07618805683196404,0.3,estimativa_julgamental,baixa,HIPOTESE,Beneficiamento de fumo presumido próximo a áreas rurais; cultivo não equivale a fabricação.,,2026-09-18
42013,Itajaí,1300,Fabricação de produtos têxteis,industria,517,2015,4591690.0,60267845.0,1160787000.0,0.0007008234427932603,0.013498188879789033,0.051919813023405675,0.003955669730967008,0.07618805683196404,0.4,estimativa_julgamental,baixa,FIESC_HISTORIA,Têxteis no Vale; intensidade relativa estimada.,https://fiesc.com.br/pt-br/imprensa/superar-desafios-e-historia-da-industria,2026-09-18
42013,Itajaí,1400,Confecção de artefatos do vestuário e acessórios,industria,517,2015,4591690.0,60267845.0,1160787000.0,0.0014799325277848948,0.028504196020847278,0.051919813023405675,0.003955669730967008,0.07618805683196404,0.7,estimativa_julgamental,baixa,FIESC_HISTORIA;HIPOTESE,Vestuário no Vale e extensões presumidas ao Sul.,https://fiesc.com.br/pt-br/imprensa/superar-desafios-e-historia-da-industria,2026-09-18
42013,Itajaí,1500,Fabricação de calçados e de artefatos de couro,industria,517,2015,4591690.0,60267845.0,1160787000.0,0.0008157264264211454,0.015711274346335038,0.051919813023405675,0.003955669730967008,0.07618805683196404,0.2,estimativa_julgamental,baixa,FIESC_CALCADOS;HIPOTESE,São João Batista ancora o fator de Tijucas; demais polos são hipóteses.,https://fiesc.com.br/sites/default/files/2018-04/IC_FIESC15_REVISAO_FINAL_0.pdf,2026-09-18
42013,Itajaí,1600,Fabricação de produtos da madeira,industria,517,2015,4591690.0,60267845.0,1160787000.0,0.001430204110381077,0.02754640333038824,0.051919813023405675,0.003955669730967008,0.07618805683196404,0.5,estimativa_julgamental,baixa,FIESC_MADEIRA;FIESC_OESTE,Distribuição estimada da base madeireira.,https://fiesc.com.br/imprensa/portas-abertas-para-o-futuro ; https://fiesc.com.br/imprensa/muito-mais-do-que-aves-e-suinos,2026-09-18
42013,Itajaí,1700,"Fabricação de celulose, papel e produtos de papel",industria,517,2015,4591690.0,60267845.0,1160787000.0,0.001091784180094075,0.021028276423143012,0.051919813023405675,0.003955669730967008,0.07618805683196404,0.3,estimativa_julgamental,baixa,FIESC_MADEIRA;HIPOTESE,Papel e celulose próximos da base florestal; fatores inferidos.,https://fiesc.com.br/imprensa/portas-abertas-para-o-futuro,2026-09-18
42013,Itajaí,1800,Impressão e reprodução de gravações,industria,517,2015,4591690.0,60267845.0,1160787000.0,0.0025120597600145397,0.048383451590669105,0.051919813023405675,0.003955669730967008,0.07618805683196404,1.0,estimativa_julgamental,baixa,HIPOTESE,Impressão: demanda urbana e empresarial presumida.,,2026-09-18
42013,Itajaí,1991,Refino de petróleo e coquerias,industria,517,2015,4591690.0,60267845.0,1160787000.0,0.0034937008148698814,0.06729031965686984,0.051919813023405675,0.003955669730967008,0.07618805683196404,1.0,estimativa_julgamental,muito_baixa,HIPOTESE,Hipótese de coquerias no Sul; terminais de petróleo não tratados como refinarias.,,2026-09-18
42013,Itajaí,1992,Fabricação de biocombustíveis,industria,517,2015,4591690.0,60267845.0,1160787000.0,0.0017362562682479966,0.033441111728682166,0.051919813023405675,0.003955669730967008,0.07618805683196404,0.4,estimativa_julgamental,muito_baixa,HIPOTESE,Biocombustíveis: proximidade presumida de insumos agropecuários; baixa confiança.,,2026-09-18
42013,Itajaí,2091,"Fabricação de químicos orgânicos e inorgânicos, resinas e elastômeros",industria,517,2015,4591690.0,60267845.0,1160787000.0,0.0011033195015025695,0.021250452134817747,0.051919813023405675,0.003955669730967008,0.07618805683196404,0.5,estimativa_julgamental,baixa,HIPOTESE,Química básica: proximidade industrial presumida.,,2026-09-18
42013,Itajaí,2092,"Fabricação de defensivos, desinfestantes, tintas e químicos diversos",industria,517,2015,4591690.0,60267845.0,1160787000.0,0.001542953112988365,0.029718002110153886,0.051919813023405675,0.003955669730967008,0.07618805683196404,0.7,estimativa_julgamental,baixa,HIPOTESE,Tintas e químicos: hipótese de integração com manufaturas.,,2026-09-18
42013,Itajaí,2093,"Fabricação de produtos de limpeza, cosméticos/perfumaria e higiene pessoal",industria,517,2015,4591690.0,60267845.0,1160787000.0,0.0025283995644151663,0.048698163902773546,0.051919813023405675,0.003955669730967008,0.07618805683196404,1.0,estimativa_julgamental,baixa,HIPOTESE,Limpeza e cosméticos: mercados urbanos presumidos.,,2026-09-18
42013,Itajaí,2100,Fabricação de produtos farmoquímicos e farmacêuticos,industria,517,2015,4591690.0,60267845.0,1160787000.0,0.0012950826102800376,0.024943899734311617,0.051919813023405675,0.003955669730967008,0.07618805683196404,0.5,estimativa_julgamental,baixa,HIPOTESE,Fármacos: hipótese de infraestrutura técnica e urbana; não inventário de fábricas.,,2026-09-18
42013,Itajaí,2200,Fabricação de produtos de borracha e de material plástico,industria,517,2015,4591690.0,60267845.0,1160787000.0,0.0010864329633435714,0.020925209473574236,0.051919813023405675,0.003955669730967008,0.07618805683196404,0.6,estimativa_julgamental,baixa,FIESC_HISTORIA;HIPOTESE,"Plásticos dispersos, com reforço industrial estimado.",https://fiesc.com.br/pt-br/imprensa/superar-desafios-e-historia-da-industria,2026-09-18
42013,Itajaí,2300,Fabricação de produtos de minerais não metálicos,industria,517,2015,4591690.0,60267845.0,1160787000.0,0.0009628227085512305,0.018544417872175038,0.051919813023405675,0.003955669730967008,0.07618805683196404,0.3,estimativa_julgamental,baixa,FIESC_HISTORIA;TIJUCAS,Cerâmica Sul e Tijucas; demais minerais agregados por hipótese.,https://fiesc.com.br/pt-br/imprensa/superar-desafios-e-historia-da-industria ; https://cincatarina.sc.gov.br/noticias.aspx?id=3670&s=43,2026-09-18
42013,Itajaí,2491,"Produção de ferro gusa/ferroligas, siderurgia e tubos de aço sem costura",industria,517,2015,4591690.0,60267845.0,1160787000.0,0.00055884021286374,0.010763525142353892,0.051919813023405675,0.003955669730967008,0.07618805683196404,0.3,estimativa_julgamental,baixa,HIPOTESE,Siderurgia presumida nos polos metalúrgicos; peso não observado.,,2026-09-18
42013,Itajaí,2492,Metalurgia de metais não ferosos e a fundição de metais,industria,517,2015,4591690.0,60267845.0,1160787000.0,0.00038803686899418425,0.007473772465614535,0.051919813023405675,0.003955669730967008,0.07618805683196404,0.3,estimativa_julgamental,baixa,FIESC_HISTORIA;HIPOTESE,Fundição e metais: extensão estimada do polo metalmecânico.,https://fiesc.com.br/pt-br/imprensa/superar-desafios-e-historia-da-industria,2026-09-18
42013,Itajaí,2500,"Fabricação de produtos de metal, exceto máquinas e equipamentos",industria,517,2015,4591690.0,60267845.0,1160787000.0,0.001292796564188191,0.02489986941219131,0.051919813023405675,0.003955669730967008,0.07618805683196404,0.7,estimativa_julgamental,baixa,FIESC_HISTORIA;HIPOTESE,Produtos de metal: polos industriais e fornecedores presumidos.,https://fiesc.com.br/pt-br/imprensa/superar-desafios-e-historia-da-industria,2026-09-18
42013,Itajaí,2600,"Fabricação de equipamentos de informática, produtos eletrônicos e ópticos",industria,517,2015,4591690.0,60267845.0,1160787000.0,0.00045850700037595755,0.008831060315437974,0.051919813023405675,0.003955669730967008,0.07618805683196404,0.3,estimativa_julgamental,baixa,ACATE;HIPOTESE,Eletrônica aproximada pelos polos tecnológicos; software não é fabricação.,https://www.acate.com.br/noticias/acate-completa-30-anos-e-comemora-consolidacao-do-setor-em-sc/,2026-09-18
42013,Itajaí,2700,Fabricação de máquinas e equipamentos elétricos,industria,517,2015,4591690.0,60267845.0,1160787000.0,0.0003290554195868494,0.006337762030046407,0.051919813023405675,0.003955669730967008,0.07618805683196404,0.3,estimativa_julgamental,baixa,FIESC_HISTORIA;HIPOTESE,Equipamentos elétricos no Norte; intensidades inferidas.,https://fiesc.com.br/pt-br/imprensa/superar-desafios-e-historia-da-industria,2026-09-18
42013,Itajaí,2800,Fabricação de máquinas e equipamentos mecânicos,industria,517,2015,4591690.0,60267845.0,1160787000.0,0.0007198138530587867,0.01386395310657786,0.051919813023405675,0.003955669730967008,0.07618805683196404,0.5,estimativa_julgamental,baixa,FIESC_HISTORIA;FIESC_OESTE,Máquinas: reforço estimado de polos industriais.,https://fiesc.com.br/pt-br/imprensa/superar-desafios-e-historia-da-industria ; https://fiesc.com.br/imprensa/muito-mais-do-que-aves-e-suinos,2026-09-18
42013,Itajaí,2991,"Fabricação de automóveis, caminhões e ônibus, exceto peças",industria,517,2015,4591690.0,60267845.0,1160787000.0,4.031906925438477e-05,0.0007765642229144539,0.051919813023405675,0.003955669730967008,0.07618805683196404,0.05,estimativa_julgamental,baixa,BMW;HIPOTESE,Araquari confirmado antes de 2015; outras produções agregadas são hipóteses.,https://www.press.bmwgroup.com/portugal/article/detail/T0194787PT/bmw-group-assembles-first-car-in-brazil?language=pt,2026-09-18
42013,Itajaí,2992,Fabricação de peças e acessórios para veículos automotores,industria,517,2015,4591690.0,60267845.0,1160787000.0,0.00038803686899418425,0.007473772465614535,0.051919813023405675,0.003955669730967008,0.07618805683196404,0.3,estimativa_julgamental,baixa,BMW;HIPOTESE,Autopeças: proximidade presumida de montagem e metalmecânica.,https://www.press.bmwgroup.com/portugal/article/detail/T0194787PT/bmw-group-assembles-first-car-in-brazil?language=pt,2026-09-18
42013,Itajaí,3000,"Fabricação de outros equipamentos de transporte, exceto veículos automotores",industria,517,2015,4591690.0,60267845.0,1160787000.0,0.0193625003899666,0.37293085745971194,0.051919813023405675,0.003955669730967008,0.07618805683196404,10.0,estimativa_julgamental,baixa,FIESC_PORTOS;HIPOTESE,Transporte não automotivo: hipótese de produção naval costeira.,https://fiesc.com.br/pt-br/imprensa/podio-da-industria-os-setores-que-mais-se-destacaram-em-sc,2026-09-18
42013,Itajaí,3180,Fabricação de móveis e de produtos de indústrias diversas,industria,517,2015,4591690.0,60267845.0,1160787000.0,0.0017033878594831895,0.032808050728443394,0.051919813023405675,0.003955669730967008,0.07618805683196404,0.6,estimativa_julgamental,baixa,FIESC_MADEIRA;FIESC_OESTE,Móveis com polo em São Bento; outras indústrias agregadas ao mesmo perfil.,https://fiesc.com.br/imprensa/portas-abertas-para-o-futuro ; https://fiesc.com.br/imprensa/muito-mais-do-que-aves-e-suinos,2026-09-18
42013,Itajaí,3300,"Manutenção, reparação e instalação de máquinas e equipamentos",industria,517,2015,4591690.0,60267845.0,1160787000.0,0.004692635512740939,0.09038236541078216,0.051919813023405675,0.003955669730967008,0.07618805683196404,2.0,estimativa_julgamental,baixa,HIPOTESE,Manutenção segue demanda industrial e logística presumida.,,2026-09-18
42013,Itajaí,3500,"Energia elétrica, gás natural e outras utilidades",industria,517,2015,4591690.0,60267845.0,1160787000.0,0.0026519485213114,0.05107777487788506,0.051919813023405675,0.003955669730967008,0.07618805683196404,1.0,estimativa_julgamental,baixa,WIKI_ENERGIA;HIPOTESE,"Geração e utilidades: reforço de Tubarão; hidroeletricidade e redes aproximadas. Fator de produção, não de carbono.",https://pt.wikipedia.org/wiki/Complexo_Termoel%C3%A9trico_Jorge_Lacerda,2026-09-18
42013,Itajaí,3680,"Água, esgoto e gestão de resíduos",industria,517,2015,4591690.0,60267845.0,1160787000.0,0.004785137923762272,0.09216400532114996,0.051919813023405675,0.003955669730967008,0.07618805683196404,1.5,estimativa_julgamental,baixa,HIPOTESE,Saneamento: demanda urbana presumida.,,2026-09-18
42013,Itajaí,4180,Construção,industria,517,2015,4591690.0,60267845.0,1160787000.0,0.008985242193713192,0.1730599875169544,0.051919813023405675,0.003955669730967008,0.07618805683196404,3.0,estimativa_julgamental,baixa,WIKI_FLORIPA;HIPOTESE,Construção: reforço presumido do litoral urbano.,https://pt.wikipedia.org/wiki/Regi%C3%A3o_Metropolitana_de_Florian%C3%B3polis,2026-09-18
42013,Itajaí,4580,Comércio por atacado e varejo,servicos,6575,2015,16418836.0,108382198.0,2850260000.0,0.008672736265822985,0.22807761327138804,0.038025372773010185,0.005760469571197014,0.15149015523748652,2.0,estimativa_julgamental,baixa,HIPOTESE,Comércio: centralidade regional e logística presumidas.,,2026-09-18
42013,Itajaí,4900,Transporte terrestre,servicos,6575,2015,16418836.0,108382198.0,2850260000.0,0.00948407958647302,0.2494145065477089,0.038025372773010185,0.005760469571197014,0.15149015523748652,2.5,estimativa_julgamental,baixa,FIESC_PORTOS;HIPOTESE,Transporte terrestre: conexão presumida de polos produtivos e portos.,https://fiesc.com.br/pt-br/imprensa/podio-da-industria-os-setores-que-mais-se-destacaram-em-sc,2026-09-18
42013,Itajaí,5000,Transporte aquaviário,servicos,6575,2015,16418836.0,108382198.0,2850260000.0,0.01946575015342377,0.5119147751587659,0.038025372773010185,0.005760469571197014,0.15149015523748652,12.0,estimativa_julgamental,baixa,FIESC_PORTOS,Concentração portuária; sede de transportadora e movimentação não são equivalentes.,https://fiesc.com.br/pt-br/imprensa/podio-da-industria-os-setores-que-mais-se-destacaram-em-sc,2026-09-18
42013,Itajaí,5100,Transporte aéreo,servicos,6575,2015,16418836.0,108382198.0,2850260000.0,0.011074920091358648,0.2912507960794918,0.038025372773010185,0.005760469571197014,0.15149015523748652,8.0,estimativa_julgamental,baixa,HIPOTESE,"Transporte aéreo: aproximação por aeroportos, não por sede de companhia.",,2026-09-18
42013,Itajaí,5280,"Armazenamento, atividades auxiliares dos transportes e correio",servicos,6575,2015,16418836.0,108382198.0,2850260000.0,0.018800020551543613,0.49440726495356213,0.038025372773010185,0.005760469571197014,0.15149015523748652,10.0,estimativa_julgamental,baixa,FIESC_PORTOS;HIPOTESE,Armazenamento e apoio: concentração logística estimada.,https://fiesc.com.br/pt-br/imprensa/podio-da-industria-os-setores-que-mais-se-destacaram-em-sc,2026-09-18
42013,Itajaí,5500,Alojamento,servicos,6575,2015,16418836.0,108382198.0,2850260000.0,0.012763666512949483,0.33566183792967136,0.038025372773010185,0.005760469571197014,0.15149015523748652,5.0,estimativa_julgamental,baixa,WIKI_FLORIPA;HIPOTESE,Alojamento: litoral e turismo serrano/rural presumidos.,https://pt.wikipedia.org/wiki/Regi%C3%A3o_Metropolitana_de_Florian%C3%B3polis,2026-09-18
42013,Itajaí,5600,Alimentação,servicos,6575,2015,16418836.0,108382198.0,2850260000.0,0.009441282235668522,0.24828901197175893,0.038025372773010185,0.005760469571197014,0.15149015523748652,2.5,estimativa_julgamental,baixa,WIKI_FLORIPA;HIPOTESE,Alimentação acompanha turismo e mercados urbanos.,https://pt.wikipedia.org/wiki/Regi%C3%A3o_Metropolitana_de_Florian%C3%B3polis,2026-09-18
42013,Itajaí,5800,Edição e edição integrada à impressão,servicos,6575,2015,16418836.0,108382198.0,2850260000.0,0.0026140004927779036,0.06874358624653064,0.038025372773010185,0.005760469571197014,0.15149015523748652,0.8,estimativa_julgamental,baixa,HIPOTESE,Edição: concentração urbana presumida.,,2026-09-18
42013,Itajaí,5980,"Atividades de televisão, rádio, cinema e  gravação/edição de som e imagem",servicos,6575,2015,16418836.0,108382198.0,2850260000.0,0.0013955936344506757,0.0367016424212742,0.038025372773010185,0.005760469571197014,0.15149015523748652,0.5,estimativa_julgamental,baixa,HIPOTESE,Mídia: centralidade da capital e polos regionais presumida.,,2026-09-18
42013,Itajaí,6100,Telecomunicações,servicos,6575,2015,16418836.0,108382198.0,2850260000.0,0.004921143226954029,0.12941735657216172,0.038025372773010185,0.005760469571197014,0.15149015523748652,1.4,estimativa_julgamental,baixa,ACATE;HIPOTESE,Telecom: perfil urbano inferido; polos de TI são apenas contexto.,https://www.acate.com.br/noticias/acate-completa-30-anos-e-comemora-consolidacao-do-setor-em-sc/,2026-09-18
42013,Itajaí,6280,Desenvolvimento de sistemas e outros serviços de informação,servicos,6575,2015,16418836.0,108382198.0,2850260000.0,0.0009121015652539277,0.023986656769906096,0.038025372773010185,0.005760469571197014,0.15149015523748652,0.5,estimativa_julgamental,baixa,ACATE,Software e informação: polos documentados; multiplicadores julgamentais.,https://www.acate.com.br/noticias/acate-completa-30-anos-e-comemora-consolidacao-do-setor-em-sc/,2026-09-18
42013,Itajaí,6480,"Intermediação financeira, seguros e previdência complementar",servicos,6575,2015,16418836.0,108382198.0,2850260000.0,0.004623164622494976,0.12158104668934175,0.038025372773010185,0.005760469571197014,0.15149015523748652,1.5,estimativa_julgamental,baixa,HIPOTESE,Finanças: sedes e mercados urbanos presumidos.,,2026-09-18
42013,Itajaí,6800,Atividades imobiliárias,servicos,6575,2015,16418836.0,108382198.0,2850260000.0,0.010405260629970752,0.27363993752498444,0.038025372773010185,0.005760469571197014,0.15149015523748652,3.0,estimativa_julgamental,baixa,WIKI_FLORIPA;HIPOTESE,Imobiliário: reforço litorâneo presumido; inclui aluguéis imputados.,https://pt.wikipedia.org/wiki/Regi%C3%A3o_Metropolitana_de_Florian%C3%B3polis,2026-09-18
42013,Itajaí,6980,"Atividades jurídicas, contábeis, consultoria e sedes de empresas ",servicos,6575,2015,16418836.0,108382198.0,2850260000.0,0.005549453657640274,0.14594080880593469,0.038025372773010185,0.005760469571197014,0.15149015523748652,2.0,estimativa_julgamental,baixa,HIPOTESE,Serviços empresariais: sedes e centralidade presumidas.,,2026-09-18
42013,Itajaí,7180,"Serviços de arquitetura, engenharia, testes/análises técnicas e P & D",servicos,6575,2015,16418836.0,108382198.0,2850260000.0,0.001894681966103521,0.04982678217025493,0.038025372773010185,0.005760469571197014,0.15149015523748652,0.7,estimativa_julgamental,baixa,ACATE;HIPOTESE,Engenharia e P&D: integração presumida com tecnologia e indústria.,https://www.acate.com.br/noticias/acate-completa-30-anos-e-comemora-consolidacao-do-setor-em-sc/,2026-09-18
42013,Itajaí,7380,"Outras atividades profissionais, científicas e técnicas",servicos,6575,2015,16418836.0,108382198.0,2850260000.0,0.005033624162518008,0.13237540608913625,0.038025372773010185,0.005760469571197014,0.15149015523748652,1.5,estimativa_julgamental,baixa,HIPOTESE,Outros serviços técnicos: concentração urbana moderada.,,2026-09-18
42013,Itajaí,7700,Aluguéis não imobiliários e gestão de ativos de propriedade intelectual,servicos,6575,2015,16418836.0,108382198.0,2850260000.0,0.008560749534165649,0.22513256044243002,0.038025372773010185,0.005760469571197014,0.15149015523748652,2.5,estimativa_julgamental,baixa,HIPOTESE,Aluguéis de equipamentos: demanda empresarial presumida.,,2026-09-18
42013,Itajaí,7880,Outras atividades administrativas e serviços complementares,servicos,6575,2015,16418836.0,108382198.0,2850260000.0,0.00641181774709089,0.1686194579962645,0.038025372773010185,0.005760469571197014,0.15149015523748652,1.8,estimativa_julgamental,baixa,HIPOTESE,Serviços administrativos: mercados urbanos presumidos.,,2026-09-18
42013,Itajaí,8000,"Atividades de vigilância, segurança e investigação",servicos,6575,2015,16418836.0,108382198.0,2850260000.0,0.0073816917871745,0.19412542859839915,0.038025372773010185,0.005760469571197014,0.15149015523748652,2.0,estimativa_julgamental,baixa,HIPOTESE,Segurança: demanda industrial e urbana presumida.,,2026-09-18
42013,Itajaí,8400,"Administração pública, defesa e seguridade social",administracao_publica,525,2015,3122734.0,28534686.0,885587000.0,0.002700640438034499,0.08381560825998427,0.03222121146764802,0.003526174164706573,0.10943642414708891,1.0,estimativa_julgamental,baixa,VAB;HIPOTESE,Administração: reforço da capital; não mede empregos públicos municipais.,https://sidra.ibge.gov.br/tabela/5938,2026-09-18
42013,Itajaí,8591,Educação pública,administracao_publica,525,2015,3122734.0,28534686.0,885587000.0,0.0031945428350612474,0.09914409451267081,0.03222121146764802,0.003526174164706573,0.10943642414708891,1.0,estimativa_julgamental,baixa,VAB;HIPOTESE,Educação pública: perfil difuso com polos de ensino presumidos.,https://sidra.ibge.gov.br/tabela/5938,2026-09-18
42013,Itajaí,8592,Educação privada,servicos,6575,2015,16418836.0,108382198.0,2850260000.0,0.005572855359528166,0.1465562321451768,0.038025372773010185,0.005760469571197014,0.15149015523748652,1.8,estimativa_julgamental,baixa,HIPOTESE,Educação privada: centros regionais presumidos.,,2026-09-18
42013,Itajaí,8691,Saúde pública,administracao_publica,525,2015,3122734.0,28534686.0,885587000.0,0.002935571852116444,0.09110681189203361,0.03222121146764802,0.003526174164706573,0.10943642414708891,1.0,estimativa_julgamental,baixa,VAB;HIPOTESE,"Saúde pública: rede regional presumida, sem contagem de leitos.",https://sidra.ibge.gov.br/tabela/5938,2026-09-18
42013,Itajaí,8692,Saúde privada,servicos,6575,2015,16418836.0,108382198.0,2850260000.0,0.004894104174912066,0.12870627736188361,0.038025372773010185,0.005760469571197014,0.15149015523748652,1.5,estimativa_julgamental,baixa,HIPOTESE,Saúde privada: centralidade regional presumida.,,2026-09-18
42013,Itajaí,9080,"Atividades artísticas, criativas e de espetáculos",servicos,6575,2015,16418836.0,108382198.0,2850260000.0,0.009191946041596403,0.2417319113863021,0.038025372773010185,0.005760469571197014,0.15149015523748652,3.0,estimativa_julgamental,baixa,WIKI_FLORIPA;HIPOTESE,Cultura e lazer: turismo e centralidade presumidos.,https://pt.wikipedia.org/wiki/Regi%C3%A3o_Metropolitana_de_Florian%C3%B3polis,2026-09-18
42013,Itajaí,9480,Organizações associativas e outros serviços pessoais,servicos,6575,2015,16418836.0,108382198.0,2850260000.0,0.005517778819110262,0.14510781661624356,0.038025372773010185,0.005760469571197014,0.15149015523748652,1.2,estimativa_julgamental,baixa,HIPOTESE,Serviços pessoais e associações: demanda urbana presumida.,,2026-09-18
42013,Itajaí,9700,Serviços domésticos,servicos,6575,2015,16418836.0,108382198.0,2850260000.0,0.007522114577243874,0.19781829943250295,0.038025372773010185,0.005760469571197014,0.15149015523748652,1.8,estimativa_julgamental,baixa,HIPOTESE,"Serviços domésticos: demanda residencial presumida, não emprego observado.",,2026-09-18
42014,Ituporanga,0191,"Agricultura, inclusive o apoio à agricultura e a pós-colheita",agropecuaria,513,2015,332618.0,12485693.0,258967000.0,0.0036252506257599165,0.07519168971981434,0.04821344804550388,0.0012844030320465541,0.026639930999424702,4.0,estimativa_julgamental,baixa,ITUPORANGA;VAB;HIPOTESE,Reforço agrícola rural; escolha dos multiplicadores é hipótese.,https://cimamavi.sc.gov.br/municipios-associados/perfil/ituporanga ; https://sidra.ibge.gov.br/tabela/5938,2026-09-18
42014,Ituporanga,0192,"Pecuária, inclusive o apoio à pecuária",agropecuaria,513,2015,332618.0,12485693.0,258967000.0,0.0002710489626161774,0.005621853935034085,0.04821344804550388,0.0012844030320465541,0.026639930999424702,0.5,estimativa_julgamental,baixa,ITAPIRANGA;FIESC_OESTE,Maior concentração pecuária no Oeste; magnitudes estimadas.,https://servicos.itapiranga.sc.gov.br/pagina-4919/ ; https://fiesc.com.br/imprensa/muito-mais-do-que-aves-e-suinos,2026-09-18
42014,Ituporanga,0280,Produção florestal; pesca e aquicultura,agropecuaria,513,2015,332618.0,12485693.0,258967000.0,0.00031136363990611507,0.006458024732274902,0.04821344804550388,0.0012844030320465541,0.026639930999424702,0.5,estimativa_julgamental,baixa,FIESC_MADEIRA;HIPOTESE,Combinação estimada de florestas interiores e pesca costeira.,https://fiesc.com.br/imprensa/portas-abertas-para-o-futuro,2026-09-18
42014,Ituporanga,0580,Extração de carvão mineral e de minerais não metálicos,industria,517,2015,322523.0,60267845.0,1160787000.0,6.589627289630093e-05,0.0012691931857804382,0.051919813023405675,0.00027784856308694017,0.005351493818967643,0.3,estimativa_julgamental,baixa,FIESC_HISTORIA;TIJUCAS,Carvão no Sul e minerais para construção; distribuição estimada.,https://fiesc.com.br/pt-br/imprensa/superar-desafios-e-historia-da-industria ; https://cincatarina.sc.gov.br/noticias.aspx?id=3670&s=43,2026-09-18
42014,Ituporanga,0680,"Extração de petróleo e gás, inclusive as atividades de apoio",industria,517,2015,322523.0,60267845.0,1160787000.0,3.059434679219849e-05,0.00058926149788726,0.051919813023405675,0.00027784856308694017,0.005351493818967643,0.1,estimativa_julgamental,muito_baixa,HIPOTESE,Localização hipotética de apoio costeiro; não comprova extração local ou offshore.,,2026-09-18
42014,Ituporanga,0791,"Extração de minério de ferro, inclusive beneficiamentos e a aglomeração",industria,517,2015,322523.0,60267845.0,1160787000.0,0.0002678879938194195,0.005159648662422079,0.051919813023405675,0.00027784856308694017,0.005351493818967643,1.0,estimativa_julgamental,muito_baixa,HIPOTESE,Sem evidência de polo de extração de ferro; prior quase VAB e confiança muito baixa.,,2026-09-18
42014,Ituporanga,0792,"Extração de minerais metálicos não ferrosos, inclusive beneficiamentos",industria,517,2015,322523.0,60267845.0,1160787000.0,0.00027125260293834474,0.0052244526153447995,0.051919813023405675,0.00027784856308694017,0.005351493818967643,1.0,estimativa_julgamental,muito_baixa,HIPOTESE,Sem dados de extração metálica; pequenas diferenças apenas como hipótese.,,2026-09-18
42014,Ituporanga,1091,"Abate e produtos de carne, inclusive os produtos do laticínio e da pesca",industria,517,2015,322523.0,60267845.0,1160787000.0,6.172404153928538e-05,0.0011888340489874245,0.051919813023405675,0.00027784856308694017,0.005351493818967643,0.4,estimativa_julgamental,baixa,FIESC_OESTE;ITAPIRANGA;HIPOTESE,Carnes e laticínios no Oeste; pesca incorporada de modo aproximado.,https://fiesc.com.br/imprensa/muito-mais-do-que-aves-e-suinos ; https://servicos.itapiranga.sc.gov.br/pagina-4919/,2026-09-18
42014,Ituporanga,1092,Fabricação e refino de açúcar,industria,517,2015,322523.0,60267845.0,1160787000.0,0.0012462476795439663,0.024003316016992442,0.051919813023405675,0.00027784856308694017,0.005351493818967643,3.0,estimativa_julgamental,muito_baixa,HIPOTESE,Açúcar: produção dispersa presumida; nenhuma usina identificada por esta pesquisa.,,2026-09-18
42014,Ituporanga,1093,Outros produtos alimentares,industria,517,2015,322523.0,60267845.0,1160787000.0,0.0001854361830057496,0.0035715880356147313,0.051919813023405675,0.00027784856308694017,0.005351493818967643,1.0,estimativa_julgamental,baixa,FIESC_OESTE;HIPOTESE,Alimentos diversos: extensão qualitativa da agroindústria.,https://fiesc.com.br/imprensa/muito-mais-do-que-aves-e-suinos,2026-09-18
42014,Ituporanga,1100,Fabricação de bebidas,industria,517,2015,322523.0,60267845.0,1160787000.0,0.0001238919258507725,0.0023862167183637873,0.051919813023405675,0.00027784856308694017,0.005351493818967643,0.8,estimativa_julgamental,baixa,HIPOTESE,Bebidas: hipótese de polos urbanos e produção regional.,,2026-09-18
42014,Ituporanga,1200,Fabricação de produtos do fumo,industria,517,2015,322523.0,60267845.0,1160787000.0,0.0022167662412933315,0.04269595963864515,0.051919813023405675,0.00027784856308694017,0.005351493818967643,5.0,estimativa_julgamental,baixa,HIPOTESE,Beneficiamento de fumo presumido próximo a áreas rurais; cultivo não equivale a fabricação.,,2026-09-18
42014,Ituporanga,1300,Fabricação de produtos têxteis,industria,517,2015,322523.0,60267845.0,1160787000.0,0.00024613124932215664,0.004740603538213815,0.051919813023405675,0.00027784856308694017,0.005351493818967643,2.0,estimativa_julgamental,baixa,FIESC_HISTORIA,Têxteis no Vale; intensidade relativa estimada.,https://fiesc.com.br/pt-br/imprensa/superar-desafios-e-historia-da-industria,2026-09-18
42014,Ituporanga,1400,Confecção de artefatos do vestuário e acessórios,industria,517,2015,322523.0,60267845.0,1160787000.0,0.00044550569646355015,0.008580649091758367,0.051919813023405675,0.00027784856308694017,0.005351493818967643,3.0,estimativa_julgamental,baixa,FIESC_HISTORIA;HIPOTESE,Vestuário no Vale e extensões presumidas ao Sul.,https://fiesc.com.br/pt-br/imprensa/superar-desafios-e-historia-da-industria,2026-09-18
42014,Ituporanga,1500,Fabricação de calçados e de artefatos de couro,industria,517,2015,322523.0,60267845.0,1160787000.0,5.729710285943239e-05,0.0011035691294497268,0.051919813023405675,0.00027784856308694017,0.005351493818967643,0.2,estimativa_julgamental,baixa,FIESC_CALCADOS;HIPOTESE,São João Batista ancora o fator de Tijucas; demais polos são hipóteses.,https://fiesc.com.br/sites/default/files/2018-04/IC_FIESC15_REVISAO_FINAL_0.pdf,2026-09-18
42014,Ituporanga,1600,Fabricação de produtos da madeira,industria,517,2015,322523.0,60267845.0,1160787000.0,0.00010045837595578885,0.0019348755341337955,0.051919813023405675,0.00027784856308694017,0.005351493818967643,0.5,estimativa_julgamental,baixa,FIESC_MADEIRA;FIESC_OESTE,Distribuição estimada da base madeireira.,https://fiesc.com.br/imprensa/portas-abertas-para-o-futuro ; https://fiesc.com.br/imprensa/muito-mais-do-que-aves-e-suinos,2026-09-18
42014,Ituporanga,1700,"Fabricação de celulose, papel e produtos de papel",industria,517,2015,322523.0,60267845.0,1160787000.0,7.668756146788684e-05,0.001477038475337262,0.051919813023405675,0.00027784856308694017,0.005351493818967643,0.3,estimativa_julgamental,baixa,FIESC_MADEIRA;HIPOTESE,Papel e celulose próximos da base florestal; fatores inferidos.,https://fiesc.com.br/imprensa/portas-abertas-para-o-futuro,2026-09-18
42014,Ituporanga,1800,Impressão e reprodução de gravações,industria,517,2015,322523.0,60267845.0,1160787000.0,0.00017644855161806863,0.0033984820310990886,0.051919813023405675,0.00027784856308694017,0.005351493818967643,1.0,estimativa_julgamental,baixa,HIPOTESE,Impressão: demanda urbana e empresarial presumida.,,2026-09-18
42014,Ituporanga,1991,Refino de petróleo e coquerias,industria,517,2015,322523.0,60267845.0,1160787000.0,4.9079919067457896e-05,0.0009453023077208013,0.051919813023405675,0.00027784856308694017,0.005351493818967643,0.2,estimativa_julgamental,muito_baixa,HIPOTESE,Hipótese de coquerias no Sul; terminais de petróleo não tratados como refinarias.,,2026-09-18
42014,Ituporanga,1992,Fabricação de biocombustíveis,industria,517,2015,322523.0,60267845.0,1160787000.0,0.00012195565911552142,0.0023489233110401088,0.051919813023405675,0.00027784856308694017,0.005351493818967643,0.4,estimativa_julgamental,muito_baixa,HIPOTESE,Biocombustíveis: proximidade presumida de insumos agropecuários; baixa confiança.,,2026-09-18
42014,Ituporanga,2091,"Fabricação de químicos orgânicos e inorgânicos, resinas e elastômeros",industria,517,2015,322523.0,60267845.0,1160787000.0,7.749780921253684e-05,0.001492644227697825,0.051919813023405675,0.00027784856308694017,0.005351493818967643,0.5,estimativa_julgamental,baixa,HIPOTESE,Química básica: proximidade industrial presumida.,,2026-09-18
42014,Ituporanga,2092,"Fabricação de defensivos, desinfestantes, tintas e químicos diversos",industria,517,2015,322523.0,60267845.0,1160787000.0,0.00010837793205994886,0.0020874099067169525,0.051919813023405675,0.00027784856308694017,0.005351493818967643,0.7,estimativa_julgamental,baixa,HIPOTESE,Tintas e químicos: hipótese de integração com manufaturas.,,2026-09-18
42014,Ituporanga,2093,"Fabricação de produtos de limpeza, cosméticos/perfumaria e higiene pessoal",industria,517,2015,322523.0,60267845.0,1160787000.0,0.0001775962690673527,0.0034205876085742363,0.051919813023405675,0.00027784856308694017,0.005351493818967643,1.0,estimativa_julgamental,baixa,HIPOTESE,Limpeza e cosméticos: mercados urbanos presumidos.,,2026-09-18
42014,Ituporanga,2100,Fabricação de produtos farmoquímicos e farmacêuticos,industria,517,2015,322523.0,60267845.0,1160787000.0,9.096736249950423e-05,0.0017520741543983558,0.051919813023405675,0.00027784856308694017,0.005351493818967643,0.5,estimativa_julgamental,baixa,HIPOTESE,Fármacos: hipótese de infraestrutura técnica e urbana; não inventário de fábricas.,,2026-09-18
42014,Ituporanga,2200,Fabricação de produtos de borracha e de material plástico,industria,517,2015,322523.0,60267845.0,1160787000.0,7.631168886324178e-05,0.001469798992319948,0.051919813023405675,0.00027784856308694017,0.005351493818967643,0.6,estimativa_julgamental,baixa,FIESC_HISTORIA;HIPOTESE,"Plásticos dispersos, com reforço industrial estimado.",https://fiesc.com.br/pt-br/imprensa/superar-desafios-e-historia-da-industria,2026-09-18
42014,Ituporanga,2300,Fabricação de produtos de minerais não metálicos,industria,517,2015,322523.0,60267845.0,1160787000.0,6.762923203222964e-05,0.0013025707931910713,0.051919813023405675,0.00027784856308694017,0.005351493818967643,0.3,estimativa_julgamental,baixa,FIESC_HISTORIA;TIJUCAS,Cerâmica Sul e Tijucas; demais minerais agregados por hipótese.,https://fiesc.com.br/pt-br/imprensa/superar-desafios-e-historia-da-industria ; https://cincatarina.sc.gov.br/noticias.aspx?id=3670&s=43,2026-09-18
42014,Ituporanga,2491,"Produção de ferro gusa/ferroligas, siderurgia e tubos de aço sem costura",industria,517,2015,322523.0,60267845.0,1160787000.0,3.925326447853666e-05,0.0007560363220268363,0.051919813023405675,0.00027784856308694017,0.005351493818967643,0.3,estimativa_julgamental,baixa,HIPOTESE,Siderurgia presumida nos polos metalúrgicos; peso não observado.,,2026-09-18
42014,Ituporanga,2492,Metalurgia de metais não ferosos e a fundição de metais,industria,517,2015,322523.0,60267845.0,1160787000.0,2.7255937377874217e-05,0.0005249621635884383,0.051919813023405675,0.00027784856308694017,0.005351493818967643,0.3,estimativa_julgamental,baixa,FIESC_HISTORIA;HIPOTESE,Fundição e metais: extensão estimada do polo metalmecânico.,https://fiesc.com.br/pt-br/imprensa/superar-desafios-e-historia-da-industria,2026-09-18
42014,Ituporanga,2500,"Fabricação de produtos de metal, exceto máquinas e equipamentos",industria,517,2015,322523.0,60267845.0,1160787000.0,9.080678928056293e-05,0.001748981438735668,0.051919813023405675,0.00027784856308694017,0.005351493818967643,0.7,estimativa_julgamental,baixa,FIESC_HISTORIA;HIPOTESE,Produtos de metal: polos industriais e fornecedores presumidos.,https://fiesc.com.br/pt-br/imprensa/superar-desafios-e-historia-da-industria,2026-09-18
42014,Ituporanga,2600,"Fabricação de equipamentos de informática, produtos eletrônicos e ópticos",industria,517,2015,322523.0,60267845.0,1160787000.0,3.220580075794641e-05,0.0006202988586154557,0.051919813023405675,0.00027784856308694017,0.005351493818967643,0.3,estimativa_julgamental,baixa,ACATE;HIPOTESE,Eletrônica aproximada pelos polos tecnológicos; software não é fabricação.,https://www.acate.com.br/noticias/acate-completa-30-anos-e-comemora-consolidacao-do-setor-em-sc/,2026-09-18
42014,Ituporanga,2700,Fabricação de máquinas e equipamentos elétricos,industria,517,2015,322523.0,60267845.0,1160787000.0,2.3113045761235933e-05,0.00044516812398412285,0.051919813023405675,0.00027784856308694017,0.005351493818967643,0.3,estimativa_julgamental,baixa,FIESC_HISTORIA;HIPOTESE,Equipamentos elétricos no Norte; intensidades inferidas.,https://fiesc.com.br/pt-br/imprensa/superar-desafios-e-historia-da-industria,2026-09-18
42014,Ituporanga,2800,Fabricação de máquinas e equipamentos mecânicos,industria,517,2015,322523.0,60267845.0,1160787000.0,5.0560147425039384e-05,0.0009738122015625644,0.051919813023405675,0.00027784856308694017,0.005351493818967643,0.5,estimativa_julgamental,baixa,FIESC_HISTORIA;FIESC_OESTE,Máquinas: reforço estimado de polos industriais.,https://fiesc.com.br/pt-br/imprensa/superar-desafios-e-historia-da-industria ; https://fiesc.com.br/imprensa/muito-mais-do-que-aves-e-suinos,2026-09-18
42014,Ituporanga,2991,"Fabricação de automóveis, caminhões e ônibus, exceto peças",industria,517,2015,322523.0,60267845.0,1160787000.0,2.832035083625406e-06,5.454632670477284e-05,0.051919813023405675,0.00027784856308694017,0.005351493818967643,0.05,estimativa_julgamental,baixa,BMW;HIPOTESE,Araquari confirmado antes de 2015; outras produções agregadas são hipóteses.,https://www.press.bmwgroup.com/portugal/article/detail/T0194787PT/bmw-group-assembles-first-car-in-brazil?language=pt,2026-09-18
42014,Ituporanga,2992,Fabricação de peças e acessórios para veículos automotores,industria,517,2015,322523.0,60267845.0,1160787000.0,2.7255937377874217e-05,0.0005249621635884383,0.051919813023405675,0.00027784856308694017,0.005351493818967643,0.3,estimativa_julgamental,baixa,BMW;HIPOTESE,Autopeças: proximidade presumida de montagem e metalmecânica.,https://www.press.bmwgroup.com/portugal/article/detail/T0194787PT/bmw-group-assembles-first-car-in-brazil?language=pt,2026-09-18
42014,Ituporanga,3000,"Fabricação de outros equipamentos de transporte, exceto veículos automotores",industria,517,2015,322523.0,60267845.0,1160787000.0,2.7200667785818284e-05,0.0005238976452699494,0.051919813023405675,0.00027784856308694017,0.005351493818967643,0.2,estimativa_julgamental,baixa,FIESC_PORTOS;HIPOTESE,Transporte não automotivo: hipótese de produção naval costeira.,https://fiesc.com.br/pt-br/imprensa/podio-da-industria-os-setores-que-mais-se-destacaram-em-sc,2026-09-18
42014,Ituporanga,3180,Fabricação de móveis e de produtos de indústrias diversas,industria,517,2015,322523.0,60267845.0,1160787000.0,0.00011964696279672554,0.0023044567349036517,0.051919813023405675,0.00027784856308694017,0.005351493818967643,0.6,estimativa_julgamental,baixa,FIESC_MADEIRA;FIESC_OESTE,Móveis com polo em São Bento; outras indústrias agregadas ao mesmo perfil.,https://fiesc.com.br/imprensa/portas-abertas-para-o-futuro ; https://fiesc.com.br/imprensa/muito-mais-do-que-aves-e-suinos,2026-09-18
42014,Ituporanga,3300,"Manutenção, reparação e instalação de máquinas e equipamentos",industria,517,2015,322523.0,60267845.0,1160787000.0,0.00016480673602483465,0.0031742551913763453,0.051919813023405675,0.00027784856308694017,0.005351493818967643,1.0,estimativa_julgamental,baixa,HIPOTESE,Manutenção segue demanda industrial e logística presumida.,,2026-09-18
42014,Ituporanga,3500,"Energia elétrica, gás natural e outras utilidades",industria,517,2015,322523.0,60267845.0,1160787000.0,0.00018627442029817273,0.0035877328798198755,0.051919813023405675,0.00027784856308694017,0.005351493818967643,1.0,estimativa_julgamental,baixa,WIKI_ENERGIA;HIPOTESE,"Geração e utilidades: reforço de Tubarão; hidroeletricidade e redes aproximadas. Fator de produção, não de carbono.",https://pt.wikipedia.org/wiki/Complexo_Termoel%C3%A9trico_Jorge_Lacerda,2026-09-18
42014,Ituporanga,3680,"Água, esgoto e gestão de resíduos",industria,517,2015,322523.0,60267845.0,1160787000.0,0.00022407393045343206,0.00431576921034786,0.051919813023405675,0.00027784856308694017,0.005351493818967643,1.0,estimativa_julgamental,baixa,HIPOTESE,Saneamento: demanda urbana presumida.,,2026-09-18
42014,Ituporanga,4180,Construção,industria,517,2015,322523.0,60267845.0,1160787000.0,0.0002103762280731031,0.004051945024884134,0.051919813023405675,0.00027784856308694017,0.005351493818967643,1.0,estimativa_julgamental,baixa,WIKI_FLORIPA;HIPOTESE,Construção: reforço presumido do litoral urbano.,https://pt.wikipedia.org/wiki/Regi%C3%A3o_Metropolitana_de_Florian%C3%B3polis,2026-09-18
42014,Ituporanga,4580,Comércio por atacado e varejo,servicos,6575,2015,569787.0,108382198.0,2850260000.0,0.00015048607522160772,0.003957517421852084,0.038025372773010185,0.0001999070260256959,0.005257201002696033,1.0,estimativa_julgamental,baixa,HIPOTESE,Comércio: centralidade regional e logística presumidas.,,2026-09-18
42014,Ituporanga,4900,Transporte terrestre,servicos,6575,2015,569787.0,108382198.0,2850260000.0,0.0001316513607989678,0.003462197769495947,0.038025372773010185,0.0001999070260256959,0.005257201002696033,1.0,estimativa_julgamental,baixa,FIESC_PORTOS;HIPOTESE,Transporte terrestre: conexão presumida de polos produtivos e portos.,https://fiesc.com.br/pt-br/imprensa/podio-da-industria-os-setores-que-mais-se-destacaram-em-sc,2026-09-18
42014,Ituporanga,5000,Transporte aquaviário,servicos,6575,2015,569787.0,108382198.0,2850260000.0,2.8146867878527012e-06,7.402128059742578e-05,0.038025372773010185,0.0001999070260256959,0.005257201002696033,0.05,estimativa_julgamental,baixa,FIESC_PORTOS,Concentração portuária; sede de transportadora e movimentação não são equivalentes.,https://fiesc.com.br/pt-br/imprensa/podio-da-industria-os-setores-que-mais-se-destacaram-em-sc,2026-09-18
42014,Ituporanga,5100,Transporte aéreo,servicos,6575,2015,569787.0,108382198.0,2850260000.0,2.4020983788432726e-06,6.317093571133232e-05,0.038025372773010185,0.0001999070260256959,0.005257201002696033,0.05,estimativa_julgamental,baixa,HIPOTESE,"Transporte aéreo: aproximação por aeroportos, não por sede de companhia.",,2026-09-18
42014,Ituporanga,5280,"Armazenamento, atividades auxiliares dos transportes e correio",servicos,6575,2015,569787.0,108382198.0,2850260000.0,1.957265541236123e-05,0.000514726194249267,0.038025372773010185,0.0001999070260256959,0.005257201002696033,0.3,estimativa_julgamental,baixa,FIESC_PORTOS;HIPOTESE,Armazenamento e apoio: concentração logística estimada.,https://fiesc.com.br/pt-br/imprensa/podio-da-industria-os-setores-que-mais-se-destacaram-em-sc,2026-09-18
42014,Ituporanga,5500,Alojamento,servicos,6575,2015,569787.0,108382198.0,2850260000.0,6.201170260778245e-05,0.0016307980194686582,0.038025372773010185,0.0001999070260256959,0.005257201002696033,0.7,estimativa_julgamental,baixa,WIKI_FLORIPA;HIPOTESE,Alojamento: litoral e turismo serrano/rural presumidos.,https://pt.wikipedia.org/wiki/Regi%C3%A3o_Metropolitana_de_Florian%C3%B3polis,2026-09-18
42014,Ituporanga,5600,Alimentação,servicos,6575,2015,569787.0,108382198.0,2850260000.0,0.00013105727790240087,0.003446574440827659,0.038025372773010185,0.0001999070260256959,0.005257201002696033,1.0,estimativa_julgamental,baixa,WIKI_FLORIPA;HIPOTESE,Alimentação acompanha turismo e mercados urbanos.,https://pt.wikipedia.org/wiki/Regi%C3%A3o_Metropolitana_de_Florian%C3%B3polis,2026-09-18
42014,Ituporanga,5800,Edição e edição integrada à impressão,servicos,6575,2015,569787.0,108382198.0,2850260000.0,9.071431731082787e-05,0.002385625983270188,0.038025372773010185,0.0001999070260256959,0.005257201002696033,0.8,estimativa_julgamental,baixa,HIPOTESE,Edição: concentração urbana presumida.,,2026-09-18
42014,Ituporanga,5980,"Atividades de televisão, rádio, cinema e  gravação/edição de som e imagem",servicos,6575,2015,569787.0,108382198.0,2850260000.0,4.843163730929202e-05,0.0012736663384840777,0.038025372773010185,0.0001999070260256959,0.005257201002696033,0.5,estimativa_julgamental,baixa,HIPOTESE,Mídia: centralidade da capital e polos regionais presumida.,,2026-09-18
42014,Ituporanga,6100,Telecomunicações,servicos,6575,2015,569787.0,108382198.0,2850260000.0,0.00012198548039826483,0.0032080022233167485,0.038025372773010185,0.0001999070260256959,0.005257201002696033,1.0,estimativa_julgamental,baixa,ACATE;HIPOTESE,Telecom: perfil urbano inferido; polos de TI são apenas contexto.,https://www.acate.com.br/noticias/acate-completa-30-anos-e-comemora-consolidacao-do-setor-em-sc/,2026-09-18
42014,Ituporanga,6280,Desenvolvimento de sistemas e outros serviços de informação,servicos,6575,2015,569787.0,108382198.0,2850260000.0,3.165289028779748e-05,0.0008324149897687316,0.038025372773010185,0.0001999070260256959,0.005257201002696033,0.5,estimativa_julgamental,baixa,ACATE,Software e informação: polos documentados; multiplicadores julgamentais.,https://www.acate.com.br/noticias/acate-completa-30-anos-e-comemora-consolidacao-do-setor-em-sc/,2026-09-18
42014,Ituporanga,6480,"Intermediação financeira, seguros e previdência complementar",servicos,6575,2015,569787.0,108382198.0,2850260000.0,8.556738454159342e-05,0.0022502707613777243,0.038025372773010185,0.0001999070260256959,0.005257201002696033,0.8,estimativa_julgamental,baixa,HIPOTESE,Finanças: sedes e mercados urbanos presumidos.,,2026-09-18
42014,Ituporanga,6800,Atividades imobiliárias,servicos,6575,2015,569787.0,108382198.0,2850260000.0,0.0001203654599016468,0.003165398551650237,0.038025372773010185,0.0001999070260256959,0.005257201002696033,1.0,estimativa_julgamental,baixa,WIKI_FLORIPA;HIPOTESE,Imobiliário: reforço litorâneo presumido; inclui aluguéis imputados.,https://pt.wikipedia.org/wiki/Regi%C3%A3o_Metropolitana_de_Florian%C3%B3polis,2026-09-18
42014,Ituporanga,6980,"Atividades jurídicas, contábeis, consultoria e sedes de empresas ",servicos,6575,2015,569787.0,108382198.0,2850260000.0,6.740443067517436e-05,0.0017726172226513182,0.038025372773010185,0.0001999070260256959,0.005257201002696033,0.7,estimativa_julgamental,baixa,HIPOTESE,Serviços empresariais: sedes e centralidade presumidas.,,2026-09-18
42014,Ituporanga,7180,"Serviços de arquitetura, engenharia, testes/análises técnicas e P & D",servicos,6575,2015,569787.0,108382198.0,2850260000.0,6.575162535396704e-05,0.0017291513681264032,0.038025372773010185,0.0001999070260256959,0.005257201002696033,0.7,estimativa_julgamental,baixa,ACATE;HIPOTESE,Engenharia e P&D: integração presumida com tecnologia e indústria.,https://www.acate.com.br/noticias/acate-completa-30-anos-e-comemora-consolidacao-do-setor-em-sc/,2026-09-18
42014,Ituporanga,7380,"Outras atividades profissionais, científicas e técnicas",servicos,6575,2015,569787.0,108382198.0,2850260000.0,0.00011645541785823096,0.0030625713665820837,0.038025372773010185,0.0001999070260256959,0.005257201002696033,1.0,estimativa_julgamental,baixa,HIPOTESE,Outros serviços técnicos: concentração urbana moderada.,,2026-09-18
42014,Ituporanga,7700,Aluguéis não imobiliários e gestão de ativos de propriedade intelectual,servicos,6575,2015,569787.0,108382198.0,2850260000.0,0.00011883433867842133,0.0031251327735245266,0.038025372773010185,0.0001999070260256959,0.005257201002696033,1.0,estimativa_julgamental,baixa,HIPOTESE,Aluguéis de equipamentos: demanda empresarial presumida.,,2026-09-18
42014,Ituporanga,7880,Outras atividades administrativas e serviços complementares,servicos,6575,2015,569787.0,108382198.0,2850260000.0,0.00012361718099131446,0.0032509130608459414,0.038025372773010185,0.0001999070260256959,0.005257201002696033,1.0,estimativa_julgamental,baixa,HIPOTESE,Serviços administrativos: mercados urbanos presumidos.,,2026-09-18
42014,Ituporanga,8000,"Atividades de vigilância, segurança e investigação",servicos,6575,2015,569787.0,108382198.0,2850260000.0,0.00012808435440669474,0.0033683918148885842,0.038025372773010185,0.0001999070260256959,0.005257201002696033,1.0,estimativa_julgamental,baixa,HIPOTESE,Segurança: demanda industrial e urbana presumida.,,2026-09-18
42014,Ituporanga,8400,"Administração pública, defesa e seguridade social",administracao_publica,525,2015,244162.0,28534686.0,885587000.0,0.00021115912230480706,0.006553419709771719,0.03222121146764802,0.00027570639587076143,0.008556673796936122,1.0,estimativa_julgamental,baixa,VAB;HIPOTESE,Administração: reforço da capital; não mede empregos públicos municipais.,https://sidra.ibge.gov.br/tabela/5938,2026-09-18
42014,Ituporanga,8591,Educação pública,administracao_publica,525,2015,244162.0,28534686.0,885587000.0,0.00024977662769042264,0.007751931610057958,0.03222121146764802,0.00027570639587076143,0.008556673796936122,1.0,estimativa_julgamental,baixa,VAB;HIPOTESE,Educação pública: perfil difuso com polos de ensino presumidos.,https://sidra.ibge.gov.br/tabela/5938,2026-09-18
42014,Ituporanga,8592,Educação privada,servicos,6575,2015,569787.0,108382198.0,2850260000.0,8.595386790958264e-05,0.0022604345898902365,0.038025372773010185,0.0001999070260256959,0.005257201002696033,0.8,estimativa_julgamental,baixa,HIPOTESE,Educação privada: centros regionais presumidos.,,2026-09-18
42014,Ituporanga,8691,Saúde pública,administracao_publica,525,2015,244162.0,28534686.0,885587000.0,0.0002295280656490291,0.0071235082479592276,0.03222121146764802,0.00027570639587076143,0.008556673796936122,1.0,estimativa_julgamental,baixa,VAB;HIPOTESE,"Saúde pública: rede regional presumida, sem contagem de leitos.",https://sidra.ibge.gov.br/tabela/5938,2026-09-18
42014,Ituporanga,8692,Saúde privada,servicos,6575,2015,569787.0,108382198.0,2850260000.0,9.058204241390792e-05,0.0023821473876043534,0.038025372773010185,0.0001999070260256959,0.005257201002696033,0.8,estimativa_julgamental,baixa,HIPOTESE,Saúde privada: centralidade regional presumida.,,2026-09-18
42014,Ituporanga,9080,"Atividades artísticas, criativas e de espetáculos",servicos,6575,2015,569787.0,108382198.0,2850260000.0,8.506411147461919e-05,0.002237035570496665,0.038025372773010185,0.0001999070260256959,0.005257201002696033,0.8,estimativa_julgamental,baixa,WIKI_FLORIPA;HIPOTESE,Cultura e lazer: turismo e centralidade presumidos.,https://pt.wikipedia.org/wiki/Regi%C3%A3o_Metropolitana_de_Florian%C3%B3polis,2026-09-18
42014,Ituporanga,9480,Organizações associativas e outros serviços pessoais,servicos,6575,2015,569787.0,108382198.0,2850260000.0,0.00015957072312172327,0.004196427582032387,0.038025372773010185,0.0001999070260256959,0.005257201002696033,1.0,estimativa_julgamental,baixa,HIPOTESE,Serviços pessoais e associações: demanda urbana presumida.,,2026-09-18
42014,Ituporanga,9700,Serviços domésticos,servicos,6575,2015,569787.0,108382198.0,2850260000.0,0.00014502324236437465,0.0038138545867802743,0.038025372773010185,0.0001999070260256959,0.005257201002696033,1.0,estimativa_julgamental,baixa,HIPOTESE,"Serviços domésticos: demanda residencial presumida, não emprego observado.",,2026-09-18
42015,Tijucas,0191,"Agricultura, inclusive o apoio à agricultura e a pós-colheita",agropecuaria,513,2015,152212.0,12485693.0,258967000.0,0.0004147450290183998,0.008602268575086421,0.04821344804550388,0.0005877660087964876,0.012190913231648415,1.0,estimativa_julgamental,baixa,ITUPORANGA;VAB;HIPOTESE,Reforço agrícola rural; escolha dos multiplicadores é hipótese.,https://cimamavi.sc.gov.br/municipios-associados/perfil/ituporanga ; https://sidra.ibge.gov.br/tabela/5938,2026-09-18
42015,Tijucas,0192,"Pecuária, inclusive o apoio à pecuária",agropecuaria,513,2015,152212.0,12485693.0,258967000.0,0.00012403689727475239,0.002572661825756297,0.04821344804550388,0.0005877660087964876,0.012190913231648415,0.5,estimativa_julgamental,baixa,ITAPIRANGA;FIESC_OESTE,Maior concentração pecuária no Oeste; magnitudes estimadas.,https://servicos.itapiranga.sc.gov.br/pagina-4919/ ; https://fiesc.com.br/imprensa/muito-mais-do-que-aves-e-suinos,2026-09-18
42015,Tijucas,0280,Produção florestal; pesca e aquicultura,agropecuaria,513,2015,152212.0,12485693.0,258967000.0,0.0001424856212152968,0.0029553086740616184,0.04821344804550388,0.0005877660087964876,0.012190913231648415,0.5,estimativa_julgamental,baixa,FIESC_MADEIRA;HIPOTESE,Combinação estimada de florestas interiores e pesca costeira.,https://fiesc.com.br/imprensa/portas-abertas-para-o-futuro,2026-09-18
42015,Tijucas,0580,Extração de carvão mineral e de minerais não metálicos,industria,517,2015,930207.0,60267845.0,1160787000.0,0.0019005520326317628,0.03660552536610611,0.051919813023405675,0.000801358905639019,0.015434548887553554,3.0,estimativa_julgamental,baixa,FIESC_HISTORIA;TIJUCAS,Carvão no Sul e minerais para construção; distribuição estimada.,https://fiesc.com.br/pt-br/imprensa/superar-desafios-e-historia-da-industria ; https://cincatarina.sc.gov.br/noticias.aspx?id=3670&s=43,2026-09-18
42015,Tijucas,0680,"Extração de petróleo e gás, inclusive as atividades de apoio",industria,517,2015,930207.0,60267845.0,1160787000.0,8.823890248611908e-05,0.0016995227322244132,0.051919813023405675,0.000801358905639019,0.015434548887553554,0.1,estimativa_julgamental,muito_baixa,HIPOTESE,Localização hipotética de apoio costeiro; não comprova extração local ou offshore.,,2026-09-18
42015,Tijucas,0791,"Extração de minério de ferro, inclusive beneficiamentos e a aglomeração",industria,517,2015,930207.0,60267845.0,1160787000.0,0.0007726310590772775,0.014881237317418153,0.051919813023405675,0.000801358905639019,0.015434548887553554,1.0,estimativa_julgamental,muito_baixa,HIPOTESE,Sem evidência de polo de extração de ferro; prior quase VAB e confiança muito baixa.,,2026-09-18
42015,Tijucas,0792,"Extração de minerais metálicos não ferrosos, inclusive beneficiamentos",industria,517,2015,930207.0,60267845.0,1160787000.0,0.0007823351203525605,0.015068142098275285,0.051919813023405675,0.000801358905639019,0.015434548887553554,1.0,estimativa_julgamental,muito_baixa,HIPOTESE,Sem dados de extração metálica; pequenas diferenças apenas como hipótese.,,2026-09-18
42015,Tijucas,1091,"Abate e produtos de carne, inclusive os produtos do laticínio e da pesca",industria,517,2015,930207.0,60267845.0,1160787000.0,0.00017802183257669698,0.003428784161769688,0.051919813023405675,0.000801358905639019,0.015434548887553554,0.4,estimativa_julgamental,baixa,FIESC_OESTE;ITAPIRANGA;HIPOTESE,Carnes e laticínios no Oeste; pesca incorporada de modo aproximado.,https://fiesc.com.br/imprensa/muito-mais-do-que-aves-e-suinos ; https://servicos.itapiranga.sc.gov.br/pagina-4919/,2026-09-18
42015,Tijucas,1092,Fabricação e refino de açúcar,industria,517,2015,930207.0,60267845.0,1160787000.0,0.0005990623486519071,0.011538222381152397,0.051919813023405675,0.000801358905639019,0.015434548887553554,0.5,estimativa_julgamental,muito_baixa,HIPOTESE,Açúcar: produção dispersa presumida; nenhuma usina identificada por esta pesquisa.,,2026-09-18
42015,Tijucas,1093,Outros produtos alimentares,industria,517,2015,930207.0,60267845.0,1160787000.0,0.000534827083604051,0.010301020987170131,0.051919813023405675,0.000801358905639019,0.015434548887553554,1.0,estimativa_julgamental,baixa,FIESC_OESTE;HIPOTESE,Alimentos diversos: extensão qualitativa da agroindústria.,https://fiesc.com.br/imprensa/muito-mais-do-que-aves-e-suinos,2026-09-18
42015,Tijucas,1100,Fabricação de bebidas,industria,517,2015,930207.0,60267845.0,1160787000.0,0.00035732377743562336,0.006882223887719708,0.051919813023405675,0.000801358905639019,0.015434548887553554,0.8,estimativa_julgamental,baixa,HIPOTESE,Bebidas: hipótese de polos urbanos e produção regional.,,2026-09-18
42015,Tijucas,1200,Fabricação de produtos do fumo,industria,517,2015,930207.0,60267845.0,1160787000.0,0.0003836101254821664,0.0073885113051010655,0.051919813023405675,0.000801358905639019,0.015434548887553554,0.3,estimativa_julgamental,baixa,HIPOTESE,Beneficiamento de fumo presumido próximo a áreas rurais; cultivo não equivale a fabricação.,,2026-09-18
42015,Tijucas,1300,Fabricação de produtos têxteis,industria,517,2015,930207.0,60267845.0,1160787000.0,0.00014197623799742365,0.0027345290695369056,0.051919813023405675,0.000801358905639019,0.015434548887553554,0.4,estimativa_julgamental,baixa,FIESC_HISTORIA,Têxteis no Vale; intensidade relativa estimada.,https://fiesc.com.br/pt-br/imprensa/superar-desafios-e-historia-da-industria,2026-09-18
42015,Tijucas,1400,Confecção de artefatos do vestuário e acessórios,industria,517,2015,930207.0,60267845.0,1160787000.0,0.000856605611362641,0.01649862666062529,0.051919813023405675,0.000801358905639019,0.015434548887553554,2.0,estimativa_julgamental,baixa,FIESC_HISTORIA;HIPOTESE,Vestuário no Vale e extensões presumidas ao Sul.,https://fiesc.com.br/pt-br/imprensa/superar-desafios-e-historia-da-industria,2026-09-18
42015,Tijucas,1500,Fabricação de calçados e de artefatos de couro,industria,517,2015,930207.0,60267845.0,1160787000.0,0.020656730744615114,0.3978583423500191,0.051919813023405675,0.000801358905639019,0.015434548887553554,25.0,estimativa_julgamental,baixa,FIESC_CALCADOS;HIPOTESE,São João Batista ancora o fator de Tijucas; demais polos são hipóteses.,https://fiesc.com.br/sites/default/files/2018-04/IC_FIESC15_REVISAO_FINAL_0.pdf,2026-09-18
42015,Tijucas,1600,Fabricação de produtos da madeira,industria,517,2015,930207.0,60267845.0,1160787000.0,0.00028973773815419823,0.005580485007208774,0.051919813023405675,0.000801358905639019,0.015434548887553554,0.5,estimativa_julgamental,baixa,FIESC_MADEIRA;FIESC_OESTE,Distribuição estimada da base madeireira.,https://fiesc.com.br/imprensa/portas-abertas-para-o-futuro ; https://fiesc.com.br/imprensa/muito-mais-do-que-aves-e-suinos,2026-09-18
42015,Tijucas,1700,"Fabricação de celulose, papel e produtos de papel",industria,517,2015,930207.0,60267845.0,1160787000.0,0.00022117897480290898,0.004260011003953357,0.051919813023405675,0.000801358905639019,0.015434548887553554,0.3,estimativa_julgamental,baixa,FIESC_MADEIRA;HIPOTESE,Papel e celulose próximos da base florestal; fatores inferidos.,https://fiesc.com.br/imprensa/portas-abertas-para-o-futuro,2026-09-18
42015,Tijucas,1800,Impressão e reprodução de gravações,industria,517,2015,930207.0,60267845.0,1160787000.0,0.0005089053427352119,0.009801756075388699,0.051919813023405675,0.000801358905639019,0.015434548887553554,1.0,estimativa_julgamental,baixa,HIPOTESE,Impressão: demanda urbana e empresarial presumida.,,2026-09-18
42015,Tijucas,1991,Refino de petróleo e coquerias,industria,517,2015,930207.0,60267845.0,1160787000.0,0.00014155419699054893,0.0027264003613945162,0.051919813023405675,0.000801358905639019,0.015434548887553554,0.2,estimativa_julgamental,muito_baixa,HIPOTESE,Hipótese de coquerias no Sul; terminais de petróleo não tratados como refinarias.,,2026-09-18
42015,Tijucas,1992,Fabricação de biocombustíveis,industria,517,2015,930207.0,60267845.0,1160787000.0,0.00035173927998583617,0.006774663842245937,0.051919813023405675,0.000801358905639019,0.015434548887553554,0.4,estimativa_julgamental,muito_baixa,HIPOTESE,Biocombustíveis: proximidade presumida de insumos agropecuários; baixa confiança.,,2026-09-18
42015,Tijucas,2091,"Fabricação de químicos orgânicos e inorgânicos, resinas e elastômeros",industria,517,2015,930207.0,60267845.0,1160787000.0,0.00022351585658748758,0.004305020445407337,0.051919813023405675,0.000801358905639019,0.015434548887553554,0.5,estimativa_julgamental,baixa,HIPOTESE,Química básica: proximidade industrial presumida.,,2026-09-18
42015,Tijucas,2092,"Fabricação de defensivos, desinfestantes, tintas e químicos diversos",industria,517,2015,930207.0,60267845.0,1160787000.0,0.0003125789821119388,0.0060204181007167115,0.051919813023405675,0.000801358905639019,0.015434548887553554,0.7,estimativa_julgamental,baixa,HIPOTESE,Tintas e químicos: hipótese de integração com manufaturas.,,2026-09-18
42015,Tijucas,2093,"Fabricação de produtos de limpeza, cosméticos/perfumaria e higiene pessoal",industria,517,2015,930207.0,60267845.0,1160787000.0,0.0005122155401640657,0.009865512033588347,0.051919813023405675,0.000801358905639019,0.015434548887553554,1.0,estimativa_julgamental,baixa,HIPOTESE,Limpeza e cosméticos: mercados urbanos presumidos.,,2026-09-18
42015,Tijucas,2100,Fabricação de produtos farmoquímicos e farmacêuticos,industria,517,2015,930207.0,60267845.0,1160787000.0,0.0002623641643187504,0.005053257110160923,0.051919813023405675,0.000801358905639019,0.015434548887553554,0.5,estimativa_julgamental,baixa,HIPOTESE,Fármacos: hipótese de infraestrutura técnica e urbana; não inventário de fábricas.,,2026-09-18
42015,Tijucas,2200,Fabricação de produtos de borracha e de material plástico,industria,517,2015,930207.0,60267845.0,1160787000.0,0.00022009489916194984,0.004239131197616796,0.051919813023405675,0.000801358905639019,0.015434548887553554,0.6,estimativa_julgamental,baixa,FIESC_HISTORIA;HIPOTESE,"Plásticos dispersos, com reforço industrial estimado.",https://fiesc.com.br/pt-br/imprensa/superar-desafios-e-historia-da-industria,2026-09-18
42015,Tijucas,2300,Fabricação de produtos de minerais não metálicos,industria,517,2015,930207.0,60267845.0,1160787000.0,0.007802133186284913,0.1502727519986961,0.051919813023405675,0.000801358905639019,0.015434548887553554,12.0,estimativa_julgamental,baixa,FIESC_HISTORIA;TIJUCAS,Cerâmica Sul e Tijucas; demais minerais agregados por hipótese.,https://fiesc.com.br/pt-br/imprensa/superar-desafios-e-historia-da-industria ; https://cincatarina.sc.gov.br/noticias.aspx?id=3670&s=43,2026-09-18
42015,Tijucas,2491,"Produção de ferro gusa/ferroligas, siderurgia e tubos de aço sem costura",industria,517,2015,930207.0,60267845.0,1160787000.0,0.0001132125813997332,0.002180527525179963,0.051919813023405675,0.000801358905639019,0.015434548887553554,0.3,estimativa_julgamental,baixa,HIPOTESE,Siderurgia presumida nos polos metalúrgicos; peso não observado.,,2026-09-18
42015,Tijucas,2492,Metalurgia de metais não ferosos e a fundição de metais,industria,517,2015,930207.0,60267845.0,1160787000.0,7.861040527484937e-05,0.001514073350753622,0.051919813023405675,0.000801358905639019,0.015434548887553554,0.3,estimativa_julgamental,baixa,FIESC_HISTORIA;HIPOTESE,Fundição e metais: extensão estimada do polo metalmecânico.,https://fiesc.com.br/pt-br/imprensa/superar-desafios-e-historia-da-industria,2026-09-18
42015,Tijucas,2500,"Fabricação de produtos de metal, exceto máquinas e equipamentos",industria,517,2015,930207.0,60267845.0,1160787000.0,0.0002619010459294518,0.005044337232327583,0.051919813023405675,0.000801358905639019,0.015434548887553554,0.7,estimativa_julgamental,baixa,FIESC_HISTORIA;HIPOTESE,Produtos de metal: polos industriais e fornecedores presumidos.,https://fiesc.com.br/pt-br/imprensa/superar-desafios-e-historia-da-industria,2026-09-18
42015,Tijucas,2600,"Fabricação de equipamentos de informática, produtos eletrônicos e ópticos",industria,517,2015,930207.0,60267845.0,1160787000.0,9.288658888093889e-05,0.0017890393564989383,0.051919813023405675,0.000801358905639019,0.015434548887553554,0.3,estimativa_julgamental,baixa,ACATE;HIPOTESE,Eletrônica aproximada pelos polos tecnológicos; software não é fabricação.,https://www.acate.com.br/noticias/acate-completa-30-anos-e-comemora-consolidacao-do-setor-em-sc/,2026-09-18
42015,Tijucas,2700,Fabricação de máquinas e equipamentos elétricos,industria,517,2015,930207.0,60267845.0,1160787000.0,6.666165500885826e-05,0.0012839348049810367,0.051919813023405675,0.000801358905639019,0.015434548887553554,0.3,estimativa_julgamental,baixa,FIESC_HISTORIA;HIPOTESE,Equipamentos elétricos no Norte; intensidades inferidas.,https://fiesc.com.br/pt-br/imprensa/superar-desafios-e-historia-da-industria,2026-09-18
42015,Tijucas,2800,Fabricação de máquinas e equipamentos mecânicos,industria,517,2015,930207.0,60267845.0,1160787000.0,0.0001458234081160215,0.0028086273741063685,0.051919813023405675,0.000801358905639019,0.015434548887553554,0.5,estimativa_julgamental,baixa,FIESC_HISTORIA;FIESC_OESTE,Máquinas: reforço estimado de polos industriais.,https://fiesc.com.br/pt-br/imprensa/superar-desafios-e-historia-da-industria ; https://fiesc.com.br/imprensa/muito-mais-do-que-aves-e-suinos,2026-09-18
42015,Tijucas,2991,"Fabricação de automóveis, caminhões e ônibus, exceto peças",industria,517,2015,930207.0,60267845.0,1160787000.0,8.168034090697215e-06,0.0001573201753830475,0.051919813023405675,0.000801358905639019,0.015434548887553554,0.05,estimativa_julgamental,baixa,BMW;HIPOTESE,Araquari confirmado antes de 2015; outras produções agregadas são hipóteses.,https://www.press.bmwgroup.com/portugal/article/detail/T0194787PT/bmw-group-assembles-first-car-in-brazil?language=pt,2026-09-18
42015,Tijucas,2992,Fabricação de peças e acessórios para veículos automotores,industria,517,2015,930207.0,60267845.0,1160787000.0,7.861040527484937e-05,0.001514073350753622,0.051919813023405675,0.000801358905639019,0.015434548887553554,0.3,estimativa_julgamental,baixa,BMW;HIPOTESE,Autopeças: proximidade presumida de montagem e metalmecânica.,https://www.press.bmwgroup.com/portugal/article/detail/T0194787PT/bmw-group-assembles-first-car-in-brazil?language=pt,2026-09-18
42015,Tijucas,3000,"Fabricação de outros equipamentos de transporte, exceto veículos automotores",industria,517,2015,930207.0,60267845.0,1160787000.0,7.84509990885694e-05,0.001511003112688471,0.051919813023405675,0.000801358905639019,0.015434548887553554,0.2,estimativa_julgamental,baixa,FIESC_PORTOS;HIPOTESE,Transporte não automotivo: hipótese de produção naval costeira.,https://fiesc.com.br/pt-br/imprensa/podio-da-industria-os-setores-que-mais-se-destacaram-em-sc,2026-09-18
42015,Tijucas,3180,Fabricação de móveis e de produtos de indústrias diversas,industria,517,2015,930207.0,60267845.0,1160787000.0,0.0003450806371088377,0.006646415251019372,0.051919813023405675,0.000801358905639019,0.015434548887553554,0.6,estimativa_julgamental,baixa,FIESC_MADEIRA;FIESC_OESTE,Móveis com polo em São Bento; outras indústrias agregadas ao mesmo perfil.,https://fiesc.com.br/imprensa/portas-abertas-para-o-futuro ; https://fiesc.com.br/imprensa/muito-mais-do-que-aves-e-suinos,2026-09-18
42015,Tijucas,3300,"Manutenção, reparação e instalação de máquinas e equipamentos",industria,517,2015,930207.0,60267845.0,1160787000.0,0.00047532851764820914,0.009155050643844365,0.051919813023405675,0.000801358905639019,0.015434548887553554,1.0,estimativa_julgamental,baixa,HIPOTESE,Manutenção segue demanda industrial e logística presumida.,,2026-09-18
42015,Tijucas,3500,"Energia elétrica, gás natural e outras utilidades",industria,517,2015,930207.0,60267845.0,1160787000.0,0.0005372446916415336,0.010347585254194606,0.051919813023405675,0.000801358905639019,0.015434548887553554,1.0,estimativa_julgamental,baixa,WIKI_ENERGIA;HIPOTESE,"Geração e utilidades: reforço de Tubarão; hidroeletricidade e redes aproximadas. Fator de produção, não de carbono.",https://pt.wikipedia.org/wiki/Complexo_Termoel%C3%A9trico_Jorge_Lacerda,2026-09-18
42015,Tijucas,3680,"Água, esgoto e gestão de resíduos",industria,517,2015,930207.0,60267845.0,1160787000.0,0.0006462644171897684,0.012447356405124758,0.051919813023405675,0.000801358905639019,0.015434548887553554,1.0,estimativa_julgamental,baixa,HIPOTESE,Saneamento: demanda urbana presumida.,,2026-09-18
42015,Tijucas,4180,Construção,industria,517,2015,930207.0,60267845.0,1160787000.0,0.0012135161832625703,0.023372892015530024,0.051919813023405675,0.000801358905639019,0.015434548887553554,2.0,estimativa_julgamental,baixa,WIKI_FLORIPA;HIPOTESE,Construção: reforço presumido do litoral urbano.,https://pt.wikipedia.org/wiki/Regi%C3%A3o_Metropolitana_de_Florian%C3%B3polis,2026-09-18
42015,Tijucas,4580,Comércio por atacado e varejo,servicos,6575,2015,1110566.0,108382198.0,2850260000.0,0.0002933108663668353,0.00771355663277081,0.038025372773010185,0.0003896367348943605,0.010246756575281856,1.0,estimativa_julgamental,baixa,HIPOTESE,Comércio: centralidade regional e logística presumidas.,,2026-09-18
42015,Tijucas,4900,Transporte terrestre,servicos,6575,2015,1110566.0,108382198.0,2850260000.0,0.00025660031758721494,0.006748134176592368,0.038025372773010185,0.0003896367348943605,0.010246756575281856,1.0,estimativa_julgamental,baixa,FIESC_PORTOS;HIPOTESE,Transporte terrestre: conexão presumida de polos produtivos e portos.,https://fiesc.com.br/pt-br/imprensa/podio-da-industria-os-setores-que-mais-se-destacaram-em-sc,2026-09-18
42015,Tijucas,5000,Transporte aquaviário,servicos,6575,2015,1110566.0,108382198.0,2850260000.0,5.486077160831017e-06,0.00014427411911461784,0.038025372773010185,0.0003896367348943605,0.010246756575281856,0.05,estimativa_julgamental,baixa,FIESC_PORTOS,Concentração portuária; sede de transportadora e movimentação não são equivalentes.,https://fiesc.com.br/pt-br/imprensa/podio-da-industria-os-setores-que-mais-se-destacaram-em-sc,2026-09-18
42015,Tijucas,5100,Transporte aéreo,servicos,6575,2015,1110566.0,108382198.0,2850260000.0,4.681905322863557e-06,0.0001231258231395091,0.038025372773010185,0.0003896367348943605,0.010246756575281856,0.05,estimativa_julgamental,baixa,HIPOTESE,"Transporte aéreo: aproximação por aeroportos, não por sede de companhia.",,2026-09-18
42015,Tijucas,5280,"Armazenamento, atividades auxiliares dos transportes e correio",servicos,6575,2015,1110566.0,108382198.0,2850260000.0,3.8148861996999504e-05,0.001003247548018174,0.038025372773010185,0.0003896367348943605,0.010246756575281856,0.3,estimativa_julgamental,baixa,FIESC_PORTOS;HIPOTESE,Armazenamento e apoio: concentração logística estimada.,https://fiesc.com.br/pt-br/imprensa/podio-da-industria-os-setores-que-mais-se-destacaram-em-sc,2026-09-18
42015,Tijucas,5500,Alojamento,servicos,6575,2015,1110566.0,108382198.0,2850260000.0,0.0002589993723907149,0.006811225071659221,0.038025372773010185,0.0003896367348943605,0.010246756575281856,1.5,estimativa_julgamental,baixa,WIKI_FLORIPA;HIPOTESE,Alojamento: litoral e turismo serrano/rural presumidos.,https://pt.wikipedia.org/wiki/Regi%C3%A3o_Metropolitana_de_Florian%C3%B3polis,2026-09-18
42015,Tijucas,5600,Alimentação,servicos,6575,2015,1110566.0,108382198.0,2850260000.0,0.00025544239670430833,0.006717682906862056,0.038025372773010185,0.0003896367348943605,0.010246756575281856,1.0,estimativa_julgamental,baixa,WIKI_FLORIPA;HIPOTESE,Alimentação acompanha turismo e mercados urbanos.,https://pt.wikipedia.org/wiki/Regi%C3%A3o_Metropolitana_de_Florian%C3%B3polis,2026-09-18
42015,Tijucas,5800,Edição e edição integrada à impressão,servicos,6575,2015,1110566.0,108382198.0,2850260000.0,0.00017681034582855845,0.004649799145534102,0.038025372773010185,0.0003896367348943605,0.010246756575281856,0.8,estimativa_julgamental,baixa,HIPOTESE,Edição: concentração urbana presumida.,,2026-09-18
42015,Tijucas,5980,"Atividades de televisão, rádio, cinema e  gravação/edição de som e imagem",servicos,6575,2015,1110566.0,108382198.0,2850260000.0,9.439760773768302e-05,0.0024824900021673153,0.038025372773010185,0.0003896367348943605,0.010246756575281856,0.5,estimativa_julgamental,baixa,HIPOTESE,Mídia: centralidade da capital e polos regionais presumida.,,2026-09-18
42015,Tijucas,6100,Telecomunicações,servicos,6575,2015,1110566.0,108382198.0,2850260000.0,0.0002377606491969444,0.0062526842436559414,0.038025372773010185,0.0003896367348943605,0.010246756575281856,1.0,estimativa_julgamental,baixa,ACATE;HIPOTESE,Telecom: perfil urbano inferido; polos de TI são apenas contexto.,https://www.acate.com.br/noticias/acate-completa-30-anos-e-comemora-consolidacao-do-setor-em-sc/,2026-09-18
42015,Tijucas,6280,Desenvolvimento de sistemas e outros serviços de informação,servicos,6575,2015,1110566.0,108382198.0,2850260000.0,6.169432394097811e-05,0.0016224515222837677,0.038025372773010185,0.0003896367348943605,0.010246756575281856,0.5,estimativa_julgamental,baixa,ACATE,Software e informação: polos documentados; multiplicadores julgamentais.,https://www.acate.com.br/noticias/acate-completa-30-anos-e-comemora-consolidacao-do-setor-em-sc/,2026-09-18
42015,Tijucas,6480,"Intermediação financeira, seguros e previdência complementar",servicos,6575,2015,1110566.0,108382198.0,2850260000.0,0.0001667785119365995,0.004385979670263122,0.038025372773010185,0.0003896367348943605,0.010246756575281856,0.8,estimativa_julgamental,baixa,HIPOTESE,Finanças: sedes e mercados urbanos presumidos.,,2026-09-18
42015,Tijucas,6800,Atividades imobiliárias,servicos,6575,2015,1110566.0,108382198.0,2850260000.0,0.0004692061677122583,0.012339291728003611,0.038025372773010185,0.0003896367348943605,0.010246756575281856,2.0,estimativa_julgamental,baixa,WIKI_FLORIPA;HIPOTESE,Imobiliário: reforço litorâneo presumido; inclui aluguéis imputados.,https://pt.wikipedia.org/wiki/Regi%C3%A3o_Metropolitana_de_Florian%C3%B3polis,2026-09-18
42015,Tijucas,6980,"Atividades jurídicas, contábeis, consultoria e sedes de empresas ",servicos,6575,2015,1110566.0,108382198.0,2850260000.0,0.00013137728476993277,0.0034549900550398366,0.038025372773010185,0.0003896367348943605,0.010246756575281856,0.7,estimativa_julgamental,baixa,HIPOTESE,Serviços empresariais: sedes e centralidade presumidas.,,2026-09-18
42015,Tijucas,7180,"Serviços de arquitetura, engenharia, testes/análises técnicas e P & D",servicos,6575,2015,1110566.0,108382198.0,2850260000.0,0.00012815581886363458,0.0033702712036158544,0.038025372773010185,0.0003896367348943605,0.010246756575281856,0.7,estimativa_julgamental,baixa,ACATE;HIPOTESE,Engenharia e P&D: integração presumida com tecnologia e indústria.,https://www.acate.com.br/noticias/acate-completa-30-anos-e-comemora-consolidacao-do-setor-em-sc/,2026-09-18
42015,Tijucas,7380,"Outras atividades profissionais, científicas e técnicas",servicos,6575,2015,1110566.0,108382198.0,2850260000.0,0.00022698206099673056,0.005969226451813745,0.038025372773010185,0.0003896367348943605,0.010246756575281856,1.0,estimativa_julgamental,baixa,HIPOTESE,Outros serviços técnicos: concentração urbana moderada.,,2026-09-18
42015,Tijucas,7700,Aluguéis não imobiliários e gestão de ativos de propriedade intelectual,servicos,6575,2015,1110566.0,108382198.0,2850260000.0,0.00023161879117765004,0.006091164248678962,0.038025372773010185,0.0003896367348943605,0.010246756575281856,1.0,estimativa_julgamental,baixa,HIPOTESE,Aluguéis de equipamentos: demanda empresarial presumida.,,2026-09-18
42015,Tijucas,7880,Outras atividades administrativas e serviços complementares,servicos,6575,2015,1110566.0,108382198.0,2850260000.0,0.00024094098009396514,0.006336321317143833,0.038025372773010185,0.0003896367348943605,0.010246756575281856,1.0,estimativa_julgamental,baixa,HIPOTESE,Serviços administrativos: mercados urbanos presumidos.,,2026-09-18
42015,Tijucas,8000,"Atividades de vigilância, segurança e investigação",servicos,6575,2015,1110566.0,108382198.0,2850260000.0,0.0002496479019985106,0.006565297952205922,0.038025372773010185,0.0003896367348943605,0.010246756575281856,1.0,estimativa_julgamental,baixa,HIPOTESE,Segurança: demanda industrial e urbana presumida.,,2026-09-18
42015,Tijucas,8400,"Administração pública, defesa e seguridade social",administracao_publica,525,2015,425210.0,28534686.0,885587000.0,0.0003677352347835741,0.011412830804105606,0.03222121146764802,0.0004801448079070718,0.014901513196956154,1.0,estimativa_julgamental,baixa,VAB;HIPOTESE,Administração: reforço da capital; não mede empregos públicos municipais.,https://sidra.ibge.gov.br/tabela/5938,2026-09-18
42015,Tijucas,8591,Educação pública,administracao_publica,525,2015,425210.0,28534686.0,885587000.0,0.0004349879172854278,0.013500048492037028,0.03222121146764802,0.0004801448079070718,0.014901513196956154,1.0,estimativa_julgamental,baixa,VAB;HIPOTESE,Educação pública: perfil difuso com polos de ensino presumidos.,https://sidra.ibge.gov.br/tabela/5938,2026-09-18
42015,Tijucas,8592,Educação privada,servicos,6575,2015,1110566.0,108382198.0,2850260000.0,0.00016753180270675453,0.004405789884212943,0.038025372773010185,0.0003896367348943605,0.010246756575281856,0.8,estimativa_julgamental,baixa,HIPOTESE,Educação privada: centros regionais presumidos.,,2026-09-18
42015,Tijucas,8691,Saúde pública,administracao_publica,525,2015,425210.0,28534686.0,885587000.0,0.00039972489082913665,0.012405644375925586,0.03222121146764802,0.0004801448079070718,0.014901513196956154,1.0,estimativa_julgamental,baixa,VAB;HIPOTESE,"Saúde pública: rede regional presumida, sem contagem de leitos.",https://sidra.ibge.gov.br/tabela/5938,2026-09-18
42015,Tijucas,8692,Saúde privada,servicos,6575,2015,1110566.0,108382198.0,2850260000.0,0.00017655253018311062,0.004643019050385874,0.038025372773010185,0.0003896367348943605,0.010246756575281856,0.8,estimativa_julgamental,baixa,HIPOTESE,Saúde privada: centralidade regional presumida.,,2026-09-18
42015,Tijucas,9080,"Atividades artísticas, criativas e de espetáculos",servicos,6575,2015,1110566.0,108382198.0,2850260000.0,0.00016579758756153079,0.004360183095409687,0.038025372773010185,0.0003896367348943605,0.010246756575281856,0.8,estimativa_julgamental,baixa,WIKI_FLORIPA;HIPOTESE,Cultura e lazer: turismo e centralidade presumidos.,https://pt.wikipedia.org/wiki/Regi%C3%A3o_Metropolitana_de_Florian%C3%B3polis,2026-09-18
42015,Tijucas,9480,Organizações associativas e outros serviços pessoais,servicos,6575,2015,1110566.0,108382198.0,2850260000.0,0.00031101766044925504,0.008179213976569101,0.038025372773010185,0.0003896367348943605,0.010246756575281856,1.0,estimativa_julgamental,baixa,HIPOTESE,Serviços pessoais e associações: demanda urbana presumida.,,2026-09-18
42015,Tijucas,9700,Serviços domésticos,servicos,6575,2015,1110566.0,108382198.0,2850260000.0,0.0003674623093077314,0.00966360833597272,0.038025372773010185,0.0003896367348943605,0.010246756575281856,1.3,estimativa_julgamental,baixa,HIPOTESE,"Serviços domésticos: demanda residencial presumida, não emprego observado.",,2026-09-18
42016,Florianópolis,0191,"Agricultura, inclusive o apoio à agricultura e a pós-colheita",agropecuaria,513,2015,474803.0,12485693.0,258967000.0,0.0005174945050666789,0.010733405845154805,0.04821344804550388,0.0018334498217919659,0.03802776505877567,0.4,estimativa_julgamental,baixa,ITUPORANGA;VAB;HIPOTESE,Reforço agrícola rural; escolha dos multiplicadores é hipótese.,https://cimamavi.sc.gov.br/municipios-associados/perfil/ituporanga ; https://sidra.ibge.gov.br/tabela/5938,2026-09-18
42016,Florianópolis,0192,"Pecuária, inclusive o apoio à pecuária",agropecuaria,513,2015,474803.0,12485693.0,258967000.0,0.0003869149011690554,0.008025041079905443,0.04821344804550388,0.0018334498217919659,0.03802776505877567,0.5,estimativa_julgamental,baixa,ITAPIRANGA;FIESC_OESTE,Maior concentração pecuária no Oeste; magnitudes estimadas.,https://servicos.itapiranga.sc.gov.br/pagina-4919/ ; https://fiesc.com.br/imprensa/muito-mais-do-que-aves-e-suinos,2026-09-18
42016,Florianópolis,0280,Produção florestal; pesca e aquicultura,agropecuaria,513,2015,474803.0,12485693.0,258967000.0,0.0026667779311704684,0.055311910665538006,0.04821344804550388,0.0018334498217919659,0.03802776505877567,3.0,estimativa_julgamental,baixa,FIESC_MADEIRA;HIPOTESE,Combinação estimada de florestas interiores e pesca costeira.,https://fiesc.com.br/imprensa/portas-abertas-para-o-futuro,2026-09-18
42016,Florianópolis,0580,Extração de carvão mineral e de minerais não metálicos,industria,517,2015,4502998.0,60267845.0,1160787000.0,0.000920029843017389,0.01772020717028845,0.051919813023405675,0.0038792629483272987,0.07471642631323552,0.3,estimativa_julgamental,baixa,FIESC_HISTORIA;TIJUCAS,Carvão no Sul e minerais para construção; distribuição estimada.,https://fiesc.com.br/pt-br/imprensa/superar-desafios-e-historia-da-industria ; https://cincatarina.sc.gov.br/noticias.aspx?id=3670&s=43,2026-09-18
42016,Florianópolis,0680,"Extração de petróleo e gás, inclusive as atividades de apoio",industria,517,2015,4502998.0,60267845.0,1160787000.0,0.004271518075193901,0.08227144564770066,0.051919813023405675,0.0038792629483272987,0.07471642631323552,1.0,estimativa_julgamental,muito_baixa,HIPOTESE,Localização hipotética de apoio costeiro; não comprova extração local ou offshore.,,2026-09-18
42016,Florianópolis,0791,"Extração de minério de ferro, inclusive beneficiamentos e a aglomeração",industria,517,2015,4502998.0,60267845.0,1160787000.0,0.003740195584168753,0.07203792476068156,0.051919813023405675,0.0038792629483272987,0.07471642631323552,1.0,estimativa_julgamental,muito_baixa,HIPOTESE,Sem evidência de polo de extração de ferro; prior quase VAB e confiança muito baixa.,,2026-09-18
42016,Florianópolis,0792,"Extração de minerais metálicos não ferrosos, inclusive beneficiamentos",industria,517,2015,4502998.0,60267845.0,1160787000.0,0.0037871715459863657,0.07294270386295676,0.051919813023405675,0.0038792629483272987,0.07471642631323552,1.0,estimativa_julgamental,muito_baixa,HIPOTESE,Sem dados de extração metálica; pequenas diferenças apenas como hipótese.,,2026-09-18
42016,Florianópolis,1091,"Abate e produtos de carne, inclusive os produtos do laticínio e da pesca",industria,517,2015,4502998.0,60267845.0,1160787000.0,0.0008617780301042685,0.016598249876511983,0.051919813023405675,0.0038792629483272987,0.07471642631323552,0.4,estimativa_julgamental,baixa,FIESC_OESTE;ITAPIRANGA;HIPOTESE,Carnes e laticínios no Oeste; pesca incorporada de modo aproximado.,https://fiesc.com.br/imprensa/muito-mais-do-que-aves-e-suinos ; https://servicos.itapiranga.sc.gov.br/pagina-4919/,2026-09-18
42016,Florianópolis,1092,Fabricação e refino de açúcar,industria,517,2015,4502998.0,60267845.0,1160787000.0,0.0028999744764926947,0.055854871341415924,0.051919813023405675,0.0038792629483272987,0.07471642631323552,0.5,estimativa_julgamental,muito_baixa,HIPOTESE,Açúcar: produção dispersa presumida; nenhuma usina identificada por esta pesquisa.,,2026-09-18
42016,Florianópolis,1093,Outros produtos alimentares,industria,517,2015,4502998.0,60267845.0,1160787000.0,0.002589020817747958,0.04986575773261772,0.051919813023405675,0.0038792629483272987,0.07471642631323552,1.0,estimativa_julgamental,baixa,FIESC_OESTE;HIPOTESE,Alimentos diversos: extensão qualitativa da agroindústria.,https://fiesc.com.br/imprensa/muito-mais-do-que-aves-e-suinos,2026-09-18
42016,Florianópolis,1100,Fabricação de bebidas,industria,517,2015,4502998.0,60267845.0,1160787000.0,0.0017297528992418429,0.03331585378518337,0.051919813023405675,0.0038792629483272987,0.07471642631323552,0.8,estimativa_julgamental,baixa,HIPOTESE,Bebidas: hipótese de polos urbanos e produção regional.,,2026-09-18
42016,Florianópolis,1200,Fabricação de produtos do fumo,industria,517,2015,4502998.0,60267845.0,1160787000.0,0.0018570013210241854,0.0357667181926684,0.051919813023405675,0.0038792629483272987,0.07471642631323552,0.3,estimativa_julgamental,baixa,HIPOTESE,Beneficiamento de fumo presumido próximo a áreas rurais; cultivo não equivale a fabricação.,,2026-09-18
42016,Florianópolis,1300,Fabricação de produtos têxteis,industria,517,2015,4502998.0,60267845.0,1160787000.0,0.0006872865026278266,0.013237461050138892,0.051919813023405675,0.0038792629483272987,0.07471642631323552,0.4,estimativa_julgamental,baixa,FIESC_HISTORIA,Têxteis no Vale; intensidade relativa estimada.,https://fiesc.com.br/pt-br/imprensa/superar-desafios-e-historia-da-industria,2026-09-18
42016,Florianópolis,1400,Confecção de artefatos do vestuário e acessórios,industria,517,2015,4502998.0,60267845.0,1160787000.0,0.001451346500471575,0.02795361569998917,0.051919813023405675,0.0038792629483272987,0.07471642631323552,0.7,estimativa_julgamental,baixa,FIESC_HISTORIA;HIPOTESE,Vestuário no Vale e extensões presumidas ao Sul.,https://fiesc.com.br/pt-br/imprensa/superar-desafios-e-historia-da-industria,2026-09-18
42016,Florianópolis,1500,Fabricação de calçados e de artefatos de couro,industria,517,2015,4502998.0,60267845.0,1160787000.0,0.0007999700473510983,0.015407799080294615,0.051919813023405675,0.0038792629483272987,0.07471642631323552,0.2,estimativa_julgamental,baixa,FIESC_CALCADOS;HIPOTESE,São João Batista ancora o fator de Tijucas; demais polos são hipóteses.,https://fiesc.com.br/sites/default/files/2018-04/IC_FIESC15_REVISAO_FINAL_0.pdf,2026-09-18
42016,Florianópolis,1600,Fabricação de produtos da madeira,industria,517,2015,4502998.0,60267845.0,1160787000.0,0.001402578625438078,0.027014323507016283,0.051919813023405675,0.0038792629483272987,0.07471642631323552,0.5,estimativa_julgamental,baixa,FIESC_MADEIRA;FIESC_OESTE,Distribuição estimada da base madeireira.,https://fiesc.com.br/imprensa/portas-abertas-para-o-futuro ; https://fiesc.com.br/imprensa/muito-mais-do-que-aves-e-suinos,2026-09-18
42016,Florianópolis,1700,"Fabricação de celulose, papel e produtos de papel",industria,517,2015,4502998.0,60267845.0,1160787000.0,0.0010706955346278298,0.020622099200263984,0.051919813023405675,0.0038792629483272987,0.07471642631323552,0.3,estimativa_julgamental,baixa,FIESC_MADEIRA;HIPOTESE,Papel e celulose próximos da base florestal; fatores inferidos.,https://fiesc.com.br/imprensa/portas-abertas-para-o-futuro,2026-09-18
42016,Florianópolis,1800,Impressão e reprodução de gravações,industria,517,2015,4502998.0,60267845.0,1160787000.0,0.007390612220267018,0.14234666478739624,0.051919813023405675,0.0038792629483272987,0.07471642631323552,3.0,estimativa_julgamental,baixa,HIPOTESE,Impressão: demanda urbana e empresarial presumida.,,2026-09-18
42016,Florianópolis,1991,Refino de petróleo e coquerias,industria,517,2015,4502998.0,60267845.0,1160787000.0,0.0006852434629496959,0.01319811114575442,0.051919813023405675,0.0038792629483272987,0.07471642631323552,0.2,estimativa_julgamental,muito_baixa,HIPOTESE,Hipótese de coquerias no Sul; terminais de petróleo não tratados como refinarias.,,2026-09-18
42016,Florianópolis,1992,Fabricação de biocombustíveis,industria,517,2015,4502998.0,60267845.0,1160787000.0,0.001702719152078688,0.03279517110955494,0.051919813023405675,0.0038792629483272987,0.07471642631323552,0.4,estimativa_julgamental,muito_baixa,HIPOTESE,Biocombustíveis: proximidade presumida de insumos agropecuários; baixa confiança.,,2026-09-18
42016,Florianópolis,2091,"Fabricação de químicos orgânicos e inorgânicos, resinas e elastômeros",industria,517,2015,4502998.0,60267845.0,1160787000.0,0.0010820080424913416,0.020839983418344893,0.051919813023405675,0.0038792629483272987,0.07471642631323552,0.5,estimativa_julgamental,baixa,HIPOTESE,Química básica: proximidade industrial presumida.,,2026-09-18
42016,Florianópolis,2092,"Fabricação de defensivos, desinfestantes, tintas e químicos diversos",industria,517,2015,4502998.0,60267845.0,1160787000.0,0.001513149794929619,0.02914397619743901,0.051919813023405675,0.0038792629483272987,0.07471642631323552,0.7,estimativa_julgamental,baixa,HIPOTESE,Tintas e químicos: hipótese de integração com manufaturas.,,2026-09-18
42016,Florianópolis,2093,"Fabricação de produtos de limpeza, cosméticos/perfumaria e higiene pessoal",industria,517,2015,4502998.0,60267845.0,1160787000.0,0.007438684786056355,0.14327256499754656,0.051919813023405675,0.0038792629483272987,0.07471642631323552,3.0,estimativa_julgamental,baixa,HIPOTESE,Limpeza e cosméticos: mercados urbanos presumidos.,,2026-09-18
42016,Florianópolis,2100,Fabricação de produtos farmoquímicos e farmacêuticos,industria,517,2015,4502998.0,60267845.0,1160787000.0,0.012700671003325111,0.2446208925598325,0.051919813023405675,0.0038792629483272987,0.07471642631323552,5.0,estimativa_julgamental,baixa,HIPOTESE,Fármacos: hipótese de infraestrutura técnica e urbana; não inventário de fábricas.,,2026-09-18
42016,Florianópolis,2200,Fabricação de produtos de borracha e de material plástico,industria,517,2015,4502998.0,60267845.0,1160787000.0,0.0010654476807167243,0.020521023067560276,0.051919813023405675,0.0038792629483272987,0.07471642631323552,0.6,estimativa_julgamental,baixa,FIESC_HISTORIA;HIPOTESE,"Plásticos dispersos, com reforço industrial estimado.",https://fiesc.com.br/pt-br/imprensa/superar-desafios-e-historia-da-industria,2026-09-18
42016,Florianópolis,2300,Fabricação de produtos de minerais não metálicos,industria,517,2015,4502998.0,60267845.0,1160787000.0,0.0009442250524231326,0.018186218274658883,0.051919813023405675,0.0038792629483272987,0.07471642631323552,0.3,estimativa_julgamental,baixa,FIESC_HISTORIA;TIJUCAS,Cerâmica Sul e Tijucas; demais minerais agregados por hipótese.,https://fiesc.com.br/pt-br/imprensa/superar-desafios-e-historia-da-industria ; https://cincatarina.sc.gov.br/noticias.aspx?id=3670&s=43,2026-09-18
42016,Florianópolis,2491,"Produção de ferro gusa/ferroligas, siderurgia e tubos de aço sem costura",industria,517,2015,4502998.0,60267845.0,1160787000.0,0.0005480457872471782,0.010555619431836489,0.051919813023405675,0.0038792629483272987,0.07471642631323552,0.3,estimativa_julgamental,baixa,HIPOTESE,Siderurgia presumida nos polos metalúrgicos; peso não observado.,,2026-09-18
42016,Florianópolis,2492,Metalurgia de metais não ferosos e a fundição de metais,industria,517,2015,4502998.0,60267845.0,1160787000.0,0.0003805416404432951,0.007329410841131983,0.051919813023405675,0.0038792629483272987,0.07471642631323552,0.3,estimativa_julgamental,baixa,FIESC_HISTORIA;HIPOTESE,Fundição e metais: extensão estimada do polo metalmecânico.,https://fiesc.com.br/pt-br/imprensa/superar-desafios-e-historia-da-industria,2026-09-18
42016,Florianópolis,2500,"Fabricação de produtos de metal, exceto máquinas e equipamentos",industria,517,2015,4502998.0,60267845.0,1160787000.0,0.0012678252109672682,0.024418909413170018,0.051919813023405675,0.0038792629483272987,0.07471642631323552,0.7,estimativa_julgamental,baixa,FIESC_HISTORIA;HIPOTESE,Produtos de metal: polos industriais e fornecedores presumidos.,https://fiesc.com.br/pt-br/imprensa/superar-desafios-e-historia-da-industria,2026-09-18
42016,Florianópolis,2600,"Fabricação de equipamentos de informática, produtos eletrônicos e ópticos",industria,517,2015,4502998.0,60267845.0,1160787000.0,0.013489517622132173,0.2598144491786024,0.051919813023405675,0.0038792629483272987,0.07471642631323552,9.0,estimativa_julgamental,baixa,ACATE;HIPOTESE,Eletrônica aproximada pelos polos tecnológicos; software não é fabricação.,https://www.acate.com.br/noticias/acate-completa-30-anos-e-comemora-consolidacao-do-setor-em-sc/,2026-09-18
42016,Florianópolis,2700,Fabricação de máquinas e equipamentos elétricos,industria,517,2015,4502998.0,60267845.0,1160787000.0,0.0021513297519195817,0.04143562209959718,0.051919813023405675,0.0038792629483272987,0.07471642631323552,2.0,estimativa_julgamental,baixa,FIESC_HISTORIA;HIPOTESE,Equipamentos elétricos no Norte; intensidades inferidas.,https://fiesc.com.br/pt-br/imprensa/superar-desafios-e-historia-da-industria,2026-09-18
42016,Florianópolis,2800,Fabricação de máquinas e equipamentos mecânicos,industria,517,2015,4502998.0,60267845.0,1160787000.0,0.0007059100986120602,0.01359616026147538,0.051919813023405675,0.0038792629483272987,0.07471642631323552,0.5,estimativa_julgamental,baixa,FIESC_HISTORIA;FIESC_OESTE,Máquinas: reforço estimado de polos industriais.,https://fiesc.com.br/pt-br/imprensa/superar-desafios-e-historia-da-industria ; https://fiesc.com.br/imprensa/muito-mais-do-que-aves-e-suinos,2026-09-18
42016,Florianópolis,2991,"Fabricação de automóveis, caminhões e ônibus, exceto peças",industria,517,2015,4502998.0,60267845.0,1160787000.0,3.9540275631489954e-05,0.0007615642917216406,0.051919813023405675,0.0038792629483272987,0.07471642631323552,0.05,estimativa_julgamental,baixa,BMW;HIPOTESE,Araquari confirmado antes de 2015; outras produções agregadas são hipóteses.,https://www.press.bmwgroup.com/portugal/article/detail/T0194787PT/bmw-group-assembles-first-car-in-brazil?language=pt,2026-09-18
42016,Florianópolis,2992,Fabricação de peças e acessórios para veículos automotores,industria,517,2015,4502998.0,60267845.0,1160787000.0,0.0003805416404432951,0.007329410841131983,0.051919813023405675,0.0038792629483272987,0.07471642631323552,0.3,estimativa_julgamental,baixa,BMW;HIPOTESE,Autopeças: proximidade presumida de montagem e metalmecânica.,https://www.press.bmwgroup.com/portugal/article/detail/T0194787PT/bmw-group-assembles-first-car-in-brazil?language=pt,2026-09-18
42016,Florianópolis,3000,"Fabricação de outros equipamentos de transporte, exceto veículos automotores",industria,517,2015,4502998.0,60267845.0,1160787000.0,0.003797699780735146,0.07314548261225684,0.051919813023405675,0.0038792629483272987,0.07471642631323552,2.0,estimativa_julgamental,baixa,FIESC_PORTOS;HIPOTESE,Transporte não automotivo: hipótese de produção naval costeira.,https://fiesc.com.br/pt-br/imprensa/podio-da-industria-os-setores-que-mais-se-destacaram-em-sc,2026-09-18
42016,Florianópolis,3180,Fabricação de móveis e de produtos de indústrias diversas,industria,517,2015,4502998.0,60267845.0,1160787000.0,0.001670485621737766,0.03217433816613908,0.051919813023405675,0.0038792629483272987,0.07471642631323552,0.6,estimativa_julgamental,baixa,FIESC_MADEIRA;FIESC_OESTE,Móveis com polo em São Bento; outras indústrias agregadas ao mesmo perfil.,https://fiesc.com.br/imprensa/portas-abertas-para-o-futuro ; https://fiesc.com.br/imprensa/muito-mais-do-que-aves-e-suinos,2026-09-18
42016,Florianópolis,3300,"Manutenção, reparação e instalação de máquinas e equipamentos",industria,517,2015,4502998.0,60267845.0,1160787000.0,0.002300996836524398,0.04431828048932107,0.051919813023405675,0.0038792629483272987,0.07471642631323552,1.0,estimativa_julgamental,baixa,HIPOTESE,Manutenção segue demanda industrial e logística presumida.,,2026-09-18
42016,Florianópolis,3500,"Energia elétrica, gás natural e outras utilidades",industria,517,2015,4502998.0,60267845.0,1160787000.0,0.0039010861646479374,0.07513675295574179,0.051919813023405675,0.0038792629483272987,0.07471642631323552,1.5,estimativa_julgamental,baixa,WIKI_ENERGIA;HIPOTESE,"Geração e utilidades: reforço de Tubarão; hidroeletricidade e redes aproximadas. Fator de produção, não de carbono.",https://pt.wikipedia.org/wiki/Complexo_Termoel%C3%A9trico_Jorge_Lacerda,2026-09-18
42016,Florianópolis,3680,"Água, esgoto e gestão de resíduos",industria,517,2015,4502998.0,60267845.0,1160787000.0,0.005631251195204989,0.10846054458374872,0.051919813023405675,0.0038792629483272987,0.07471642631323552,1.8,estimativa_julgamental,baixa,HIPOTESE,Saneamento: demanda urbana presumida.,,2026-09-18
42016,Florianópolis,4180,Construção,industria,517,2015,4502998.0,60267845.0,1160787000.0,0.005874456917867731,0.11314480110356907,0.051919813023405675,0.0038792629483272987,0.07471642631323552,2.0,estimativa_julgamental,baixa,WIKI_FLORIPA;HIPOTESE,Construção: reforço presumido do litoral urbano.,https://pt.wikipedia.org/wiki/Regi%C3%A3o_Metropolitana_de_Florian%C3%B3polis,2026-09-18
42016,Florianópolis,4580,Comércio por atacado e varejo,servicos,6575,2015,19550295.0,108382198.0,2850260000.0,0.006712440461377687,0.17652530328754784,0.038025372773010185,0.006859126886669988,0.18038289830586385,1.3,estimativa_julgamental,baixa,HIPOTESE,Comércio: centralidade regional e logística presumidas.,,2026-09-18
42016,Florianópolis,4900,Transporte terrestre,servicos,6575,2015,19550295.0,108382198.0,2850260000.0,0.004517166837381787,0.11879349255421372,0.038025372773010185,0.006859126886669988,0.18038289830586385,1.0,estimativa_julgamental,baixa,FIESC_PORTOS;HIPOTESE,Transporte terrestre: conexão presumida de polos produtivos e portos.,https://fiesc.com.br/pt-br/imprensa/podio-da-industria-os-setores-que-mais-se-destacaram-em-sc,2026-09-18
42016,Florianópolis,5000,Transporte aquaviário,servicos,6575,2015,19550295.0,108382198.0,2850260000.0,0.0019315272912552486,0.05079574900646908,0.038025372773010185,0.006859126886669988,0.18038289830586385,1.0,estimativa_julgamental,baixa,FIESC_PORTOS,Concentração portuária; sede de transportadora e movimentação não são equivalentes.,https://fiesc.com.br/pt-br/imprensa/podio-da-industria-os-setores-que-mais-se-destacaram-em-sc,2026-09-18
42016,Florianópolis,5100,Transporte aéreo,servicos,6575,2015,19550295.0,108382198.0,2850260000.0,0.01978075256560409,0.5201987810529541,0.038025372773010185,0.006859126886669988,0.18038289830586385,12.0,estimativa_julgamental,baixa,HIPOTESE,"Transporte aéreo: aproximação por aeroportos, não por sede de companhia.",,2026-09-18
42016,Florianópolis,5280,"Armazenamento, atividades auxiliares dos transportes e correio",servicos,6575,2015,19550295.0,108382198.0,2850260000.0,0.004477125513510706,0.11774047660851598,0.038025372773010185,0.006859126886669988,0.18038289830586385,2.0,estimativa_julgamental,baixa,FIESC_PORTOS;HIPOTESE,Armazenamento e apoio: concentração logística estimada.,https://fiesc.com.br/pt-br/imprensa/podio-da-industria-os-setores-que-mais-se-destacaram-em-sc,2026-09-18
42016,Florianópolis,5500,Alojamento,servicos,6575,2015,19550295.0,108382198.0,2850260000.0,0.015197998543245314,0.3996804616214733,0.038025372773010185,0.006859126886669988,0.18038289830586385,5.0,estimativa_julgamental,baixa,WIKI_FLORIPA;HIPOTESE,Alojamento: litoral e turismo serrano/rural presumidos.,https://pt.wikipedia.org/wiki/Regi%C3%A3o_Metropolitana_de_Florian%C3%B3polis,2026-09-18
42016,Florianópolis,5600,Alimentação,servicos,6575,2015,19550295.0,108382198.0,2850260000.0,0.011241957279162735,0.29564357846722017,0.038025372773010185,0.006859126886669988,0.18038289830586385,2.5,estimativa_julgamental,baixa,WIKI_FLORIPA;HIPOTESE,Alimentação acompanha turismo e mercados urbanos.,https://pt.wikipedia.org/wiki/Regi%C3%A3o_Metropolitana_de_Florian%C3%B3polis,2026-09-18
42016,Florianópolis,5800,Edição e edição integrada à impressão,servicos,6575,2015,19550295.0,108382198.0,2850260000.0,0.01556275998004773,0.40927304179103097,0.038025372773010185,0.006859126886669988,0.18038289830586385,4.0,estimativa_julgamental,baixa,HIPOTESE,Edição: concentração urbana presumida.,,2026-09-18
42016,Florianópolis,5980,"Atividades de televisão, rádio, cinema e  gravação/edição de som e imagem",servicos,6575,2015,19550295.0,108382198.0,2850260000.0,0.019941194798680884,0.5244181278042548,0.038025372773010185,0.006859126886669988,0.18038289830586385,6.0,estimativa_julgamental,baixa,HIPOTESE,Mídia: centralidade da capital e polos regionais presumida.,,2026-09-18
42016,Florianópolis,6100,Telecomunicações,servicos,6575,2015,19550295.0,108382198.0,2850260000.0,0.012556545485432953,0.3302149215048693,0.038025372773010185,0.006859126886669988,0.18038289830586385,3.0,estimativa_julgamental,baixa,ACATE;HIPOTESE,Telecom: perfil urbano inferido; polos de TI são apenas contexto.,https://www.acate.com.br/noticias/acate-completa-30-anos-e-comemora-consolidacao-do-setor-em-sc/,2026-09-18
42016,Florianópolis,6280,Desenvolvimento de sistemas e outros serviços de informação,servicos,6575,2015,19550295.0,108382198.0,2850260000.0,0.0173769732964515,0.4569836409016193,0.038025372773010185,0.006859126886669988,0.18038289830586385,8.0,estimativa_julgamental,baixa,ACATE,Software e informação: polos documentados; multiplicadores julgamentais.,https://www.acate.com.br/noticias/acate-completa-30-anos-e-comemora-consolidacao-do-setor-em-sc/,2026-09-18
42016,Florianópolis,6480,"Intermediação financeira, seguros e previdência complementar",servicos,6575,2015,19550295.0,108382198.0,2850260000.0,0.014679762877764768,0.38605178088311165,0.038025372773010185,0.006859126886669988,0.18038289830586385,4.0,estimativa_julgamental,baixa,HIPOTESE,Finanças: sedes e mercados urbanos presumidos.,,2026-09-18
42016,Florianópolis,6800,Atividades imobiliárias,servicos,6575,2015,19550295.0,108382198.0,2850260000.0,0.011563803135006632,0.3041075548170415,0.038025372773010185,0.006859126886669988,0.18038289830586385,2.8,estimativa_julgamental,baixa,WIKI_FLORIPA;HIPOTESE,Imobiliário: reforço litorâneo presumido; inclui aluguéis imputados.,https://pt.wikipedia.org/wiki/Regi%C3%A3o_Metropolitana_de_Florian%C3%B3polis,2026-09-18
42016,Florianópolis,6980,"Atividades jurídicas, contábeis, consultoria e sedes de empresas ",servicos,6575,2015,19550295.0,108382198.0,2850260000.0,0.01321573052994699,0.3475503214350421,0.038025372773010185,0.006859126886669988,0.18038289830586385,4.0,estimativa_julgamental,baixa,HIPOTESE,Serviços empresariais: sedes e centralidade presumidas.,,2026-09-18
42016,Florianópolis,7180,"Serviços de arquitetura, engenharia, testes/análises técnicas e P & D",servicos,6575,2015,19550295.0,108382198.0,2850260000.0,0.016114589090804803,0.42378517068063265,0.038025372773010185,0.006859126886669988,0.18038289830586385,5.0,estimativa_julgamental,baixa,ACATE;HIPOTESE,Engenharia e P&D: integração presumida com tecnologia e indústria.,https://www.acate.com.br/noticias/acate-completa-30-anos-e-comemora-consolidacao-do-setor-em-sc/,2026-09-18
42016,Florianópolis,7380,"Outras atividades profissionais, científicas e técnicas",servicos,6575,2015,19550295.0,108382198.0,2850260000.0,0.01198730985513894,0.31524503196053727,0.038025372773010185,0.006859126886669988,0.18038289830586385,3.0,estimativa_julgamental,baixa,HIPOTESE,Outros serviços técnicos: concentração urbana moderada.,,2026-09-18
42016,Florianópolis,7700,Aluguéis não imobiliários e gestão de ativos de propriedade intelectual,servicos,6575,2015,19550295.0,108382198.0,2850260000.0,0.008154788990598407,0.214456516686315,0.038025372773010185,0.006859126886669988,0.18038289830586385,2.0,estimativa_julgamental,baixa,HIPOTESE,Aluguéis de equipamentos: demanda empresarial presumida.,,2026-09-18
42016,Florianópolis,7880,Outras atividades administrativas e serviços complementares,servicos,6575,2015,19550295.0,108382198.0,2850260000.0,0.010603753487920003,0.27885994836180494,0.038025372773010185,0.006859126886669988,0.18038289830586385,2.5,estimativa_julgamental,baixa,HIPOTESE,Serviços administrativos: mercados urbanos presumidos.,,2026-09-18
42016,Florianópolis,8000,"Atividades de vigilância, segurança e investigação",servicos,6575,2015,19550295.0,108382198.0,2850260000.0,0.008789554389747158,0.23114972316552398,0.038025372773010185,0.006859126886669988,0.18038289830586385,2.0,estimativa_julgamental,baixa,HIPOTESE,Segurança: demanda industrial e urbana presumida.,,2026-09-18
42016,Florianópolis,8400,"Administração pública, defesa e seguridade social",administracao_publica,525,2015,4155541.0,28534686.0,885587000.0,0.010781535090574784,0.3346098610041425,0.03222121146764802,0.004692414184038383,0.14563121528654635,3.0,estimativa_julgamental,baixa,VAB;HIPOTESE,Administração: reforço da capital; não mede empregos públicos municipais.,https://sidra.ibge.gov.br/tabela/5938,2026-09-18
42016,Florianópolis,8591,Educação pública,administracao_publica,525,2015,4155541.0,28534686.0,885587000.0,0.0063766496253058625,0.19790223070005894,0.03222121146764802,0.004692414184038383,0.14563121528654635,1.5,estimativa_julgamental,baixa,VAB;HIPOTESE,Educação pública: perfil difuso com polos de ensino presumidos.,https://sidra.ibge.gov.br/tabela/5938,2026-09-18
42016,Florianópolis,8592,Educação privada,servicos,6575,2015,19550295.0,108382198.0,2850260000.0,0.01105955037160843,0.290846599654069,0.038025372773010185,0.006859126886669988,0.18038289830586385,3.0,estimativa_julgamental,baixa,HIPOTESE,Educação privada: centros regionais presumidos.,,2026-09-18
42016,Florianópolis,8691,Saúde pública,administracao_publica,525,2015,4155541.0,28534686.0,885587000.0,0.0070316589699437985,0.2182307445827726,0.03222121146764802,0.004692414184038383,0.14563121528654635,1.8,estimativa_julgamental,baixa,VAB;HIPOTESE,"Saúde pública: rede regional presumida, sem contagem de leitos.",https://sidra.ibge.gov.br/tabela/5938,2026-09-18
42016,Florianópolis,8692,Saúde privada,servicos,6575,2015,19550295.0,108382198.0,2850260000.0,0.011655050379973646,0.30650719585440117,0.038025372773010185,0.006859126886669988,0.18038289830586385,3.0,estimativa_julgamental,baixa,HIPOTESE,Saúde privada: centralidade regional presumida.,,2026-09-18
42016,Florianópolis,9080,"Atividades artísticas, criativas e de espetáculos",servicos,6575,2015,19550295.0,108382198.0,2850260000.0,0.014593422395050171,0.3837811790081478,0.038025372773010185,0.006859126886669988,0.18038289830586385,4.0,estimativa_julgamental,baixa,WIKI_FLORIPA;HIPOTESE,Cultura e lazer: turismo e centralidade presumidos.,https://pt.wikipedia.org/wiki/Regi%C3%A3o_Metropolitana_de_Florian%C3%B3polis,2026-09-18
42016,Florianópolis,9480,Organizações associativas e outros serviços pessoais,servicos,6575,2015,19550295.0,108382198.0,2850260000.0,0.008760199050923973,0.23037772971266768,0.038025372773010185,0.006859126886669988,0.18038289830586385,1.6,estimativa_julgamental,baixa,HIPOTESE,Serviços pessoais e associações: demanda urbana presumida.,,2026-09-18
42016,Florianópolis,9700,Serviços domésticos,servicos,6575,2015,19550295.0,108382198.0,2850260000.0,0.009951954572779028,0.26171879056088493,0.038025372773010185,0.006859126886669988,0.18038289830586385,2.0,estimativa_julgamental,baixa,HIPOTESE,"Serviços domésticos: demanda residencial presumida, não emprego observado.",,2026-09-18
42017,Tabuleiro,0191,"Agricultura, inclusive o apoio à agricultura e a pós-colheita",agropecuaria,513,2015,185816.0,12485693.0,258967000.0,0.0010126174324242897,0.021002800535414534,0.04821344804550388,0.0007175277158865802,0.014882313700969582,2.0,estimativa_julgamental,baixa,ITUPORANGA;VAB;HIPOTESE,Reforço agrícola rural; escolha dos multiplicadores é hipótese.,https://cimamavi.sc.gov.br/municipios-associados/perfil/ituporanga ; https://sidra.ibge.gov.br/tabela/5938,2026-09-18
42017,Tabuleiro,0192,"Pecuária, inclusive o apoio à pecuária",agropecuaria,513,2015,185816.0,12485693.0,258967000.0,0.00015142065082914222,0.0031406310265598785,0.04821344804550388,0.0007175277158865802,0.014882313700969582,0.5,estimativa_julgamental,baixa,ITAPIRANGA;FIESC_OESTE,Maior concentração pecuária no Oeste; magnitudes estimadas.,https://servicos.itapiranga.sc.gov.br/pagina-4919/ ; https://fiesc.com.br/imprensa/muito-mais-do-que-aves-e-suinos,2026-09-18
42017,Tabuleiro,0280,Produção florestal; pesca e aquicultura,agropecuaria,513,2015,185816.0,12485693.0,258967000.0,0.00017394231855400092,0.003607755213645663,0.04821344804550388,0.0007175277158865802,0.014882313700969582,0.5,estimativa_julgamental,baixa,FIESC_MADEIRA;HIPOTESE,Combinação estimada de florestas interiores e pesca costeira.,https://fiesc.com.br/imprensa/portas-abertas-para-o-futuro,2026-09-18
42017,Tabuleiro,0580,Extração de carvão mineral e de minerais não metálicos,industria,517,2015,52653.0,60267845.0,1160787000.0,1.0757795434151775e-05,0.00020720019598880518,0.051919813023405675,4.535974300194609e-05,0.0008736499538020648,0.3,estimativa_julgamental,baixa,FIESC_HISTORIA;TIJUCAS,Carvão no Sul e minerais para construção; distribuição estimada.,https://fiesc.com.br/pt-br/imprensa/superar-desafios-e-historia-da-industria ; https://cincatarina.sc.gov.br/noticias.aspx?id=3670&s=43,2026-09-18
42017,Tabuleiro,0680,"Extração de petróleo e gás, inclusive as atividades de apoio",industria,517,2015,52653.0,60267845.0,1160787000.0,4.994633380098868e-06,9.619898626844565e-05,0.051919813023405675,4.535974300194609e-05,0.0008736499538020648,0.1,estimativa_julgamental,muito_baixa,HIPOTESE,Localização hipotética de apoio costeiro; não comprova extração local ou offshore.,,2026-09-18
42017,Tabuleiro,0791,"Extração de minério de ferro, inclusive beneficiamentos e a aglomeração",industria,517,2015,52653.0,60267845.0,1160787000.0,4.373364547202493e-05,0.0008423305656418604,0.051919813023405675,4.535974300194609e-05,0.0008736499538020648,1.0,estimativa_julgamental,muito_baixa,HIPOTESE,Sem evidência de polo de extração de ferro; prior quase VAB e confiança muito baixa.,,2026-09-18
42017,Tabuleiro,0792,"Extração de minerais metálicos não ferrosos, inclusive beneficiamentos",industria,517,2015,52653.0,60267845.0,1160787000.0,4.4282929597308304e-05,0.0008529100360462656,0.051919813023405675,4.535974300194609e-05,0.0008736499538020648,1.0,estimativa_julgamental,muito_baixa,HIPOTESE,Sem dados de extração metálica; pequenas diferenças apenas como hipótese.,,2026-09-18
42017,Tabuleiro,1091,"Abate e produtos de carne, inclusive os produtos do laticínio e da pesca",industria,517,2015,52653.0,60267845.0,1160787000.0,1.0076664173308548e-05,0.0001940812877882658,0.051919813023405675,4.535974300194609e-05,0.0008736499538020648,0.4,estimativa_julgamental,baixa,FIESC_OESTE;ITAPIRANGA;HIPOTESE,Carnes e laticínios no Oeste; pesca incorporada de modo aproximado.,https://fiesc.com.br/imprensa/muito-mais-do-que-aves-e-suinos ; https://servicos.itapiranga.sc.gov.br/pagina-4919/,2026-09-18
42017,Tabuleiro,1092,Fabricação e refino de açúcar,industria,517,2015,52653.0,60267845.0,1160787000.0,0.00013563617493125233,0.0026124164751923696,0.051919813023405675,4.535974300194609e-05,0.0008736499538020648,2.0,estimativa_julgamental,muito_baixa,HIPOTESE,Açúcar: produção dispersa presumida; nenhuma usina identificada por esta pesquisa.,,2026-09-18
42017,Tabuleiro,1093,Outros produtos alimentares,industria,517,2015,52653.0,60267845.0,1160787000.0,3.0273100968928523e-05,0.000583074152352615,0.051919813023405675,4.535974300194609e-05,0.0008736499538020648,1.0,estimativa_julgamental,baixa,FIESC_OESTE;HIPOTESE,Alimentos diversos: extensão qualitativa da agroindústria.,https://fiesc.com.br/imprensa/muito-mais-do-que-aves-e-suinos,2026-09-18
42017,Tabuleiro,1100,Fabricação de bebidas,industria,517,2015,52653.0,60267845.0,1160787000.0,2.0225787220820605e-05,0.00038955816754776703,0.051919813023405675,4.535974300194609e-05,0.0008736499538020648,0.8,estimativa_julgamental,baixa,HIPOTESE,Bebidas: hipótese de polos urbanos e produção regional.,,2026-09-18
42017,Tabuleiro,1200,Fabricação de produtos do fumo,industria,517,2015,52653.0,60267845.0,1160787000.0,2.171368731584745e-05,0.0004182158226582755,0.051919813023405675,4.535974300194609e-05,0.0008736499538020648,0.3,estimativa_julgamental,baixa,HIPOTESE,Beneficiamento de fumo presumido próximo a áreas rurais; cultivo não equivale a fabricação.,,2026-09-18
42017,Tabuleiro,1300,Fabricação de produtos têxteis,industria,517,2015,52653.0,60267845.0,1160787000.0,8.036356272612812e-06,0.00015478399872106602,0.051919813023405675,4.535974300194609e-05,0.0008736499538020648,0.4,estimativa_julgamental,baixa,FIESC_HISTORIA,Têxteis no Vale; intensidade relativa estimada.,https://fiesc.com.br/pt-br/imprensa/superar-desafios-e-historia-da-industria,2026-09-18
42017,Tabuleiro,1400,Confecção de artefatos do vestuário e acessórios,industria,517,2015,52653.0,60267845.0,1160787000.0,1.697041555189006e-05,0.0003268581792511411,0.051919813023405675,4.535974300194609e-05,0.0008736499538020648,0.7,estimativa_julgamental,baixa,FIESC_HISTORIA;HIPOTESE,Vestuário no Vale e extensões presumidas ao Sul.,https://fiesc.com.br/pt-br/imprensa/superar-desafios-e-historia-da-industria,2026-09-18
42017,Tabuleiro,1500,Fabricação de calçados e de artefatos de couro,industria,517,2015,52653.0,60267845.0,1160787000.0,9.353951057312788e-06,0.0001801614935149321,0.051919813023405675,4.535974300194609e-05,0.0008736499538020648,0.2,estimativa_julgamental,baixa,FIESC_CALCADOS;HIPOTESE,São João Batista ancora o fator de Tijucas; demais polos são hipóteses.,https://fiesc.com.br/sites/default/files/2018-04/IC_FIESC15_REVISAO_FINAL_0.pdf,2026-09-18
42017,Tabuleiro,1600,Fabricação de produtos da madeira,industria,517,2015,52653.0,60267845.0,1160787000.0,1.640017880647318e-05,0.0003158751515356943,0.051919813023405675,4.535974300194609e-05,0.0008736499538020648,0.5,estimativa_julgamental,baixa,FIESC_MADEIRA;FIESC_OESTE,Distribuição estimada da base madeireira.,https://fiesc.com.br/imprensa/portas-abertas-para-o-futuro ; https://fiesc.com.br/imprensa/muito-mais-do-que-aves-e-suinos,2026-09-18
42017,Tabuleiro,1700,"Fabricação de celulose, papel e produtos de papel",industria,517,2015,52653.0,60267845.0,1160787000.0,1.2519510775878453e-05,0.00024113166143789085,0.051919813023405675,4.535974300194609e-05,0.0008736499538020648,0.3,estimativa_julgamental,baixa,FIESC_MADEIRA;HIPOTESE,Papel e celulose próximos da base florestal; fatores inferidos.,https://fiesc.com.br/imprensa/portas-abertas-para-o-futuro,2026-09-18
42017,Tabuleiro,1800,Impressão e reprodução de gravações,industria,517,2015,52653.0,60267845.0,1160787000.0,2.8805838927289423e-05,0.0005548139958497853,0.051919813023405675,4.535974300194609e-05,0.0008736499538020648,1.0,estimativa_julgamental,baixa,HIPOTESE,Impressão: demanda urbana e empresarial presumida.,,2026-09-18
42017,Tabuleiro,1991,Refino de petróleo e coquerias,industria,517,2015,52653.0,60267845.0,1160787000.0,8.012467261742142e-06,0.0001543238851443877,0.051919813023405675,4.535974300194609e-05,0.0008736499538020648,0.2,estimativa_julgamental,muito_baixa,HIPOTESE,Hipótese de coquerias no Sul; terminais de petróleo não tratados como refinarias.,,2026-09-18
42017,Tabuleiro,1992,Fabricação de biocombustíveis,industria,517,2015,52653.0,60267845.0,1160787000.0,1.9909684950870323e-05,0.0003834698892674161,0.051919813023405675,4.535974300194609e-05,0.0008736499538020648,0.4,estimativa_julgamental,muito_baixa,HIPOTESE,Biocombustíveis: proximidade presumida de insumos agropecuários; baixa confiança.,,2026-09-18
42017,Tabuleiro,2091,"Fabricação de químicos orgânicos e inorgânicos, resinas e elastômeros",industria,517,2015,52653.0,60267845.0,1160787000.0,1.2651786534503593e-05,0.00024367935471570582,0.051919813023405675,4.535974300194609e-05,0.0008736499538020648,0.5,estimativa_julgamental,baixa,HIPOTESE,Química básica: proximidade industrial presumida.,,2026-09-18
42017,Tabuleiro,2092,"Fabricação de defensivos, desinfestantes, tintas e químicos diversos",industria,517,2015,52653.0,60267845.0,1160787000.0,1.7693073848229386e-05,0.00034077691767212784,0.051919813023405675,4.535974300194609e-05,0.0008736499538020648,0.7,estimativa_julgamental,baixa,HIPOTESE,Tintas e químicos: hipótese de integração com manufaturas.,,2026-09-18
42017,Tabuleiro,2093,"Fabricação de produtos de limpeza, cosméticos/perfumaria e higiene pessoal",industria,517,2015,52653.0,60267845.0,1160787000.0,2.89932077873619e-05,0.0005584228081540209,0.051919813023405675,4.535974300194609e-05,0.0008736499538020648,1.0,estimativa_julgamental,baixa,HIPOTESE,Limpeza e cosméticos: mercados urbanos presumidos.,,2026-09-18
42017,Tabuleiro,2100,Fabricação de produtos farmoquímicos e farmacêuticos,industria,517,2015,52653.0,60267845.0,1160787000.0,1.4850737893689429e-05,0.00028603219135235814,0.051919813023405675,4.535974300194609e-05,0.0008736499538020648,0.5,estimativa_julgamental,baixa,HIPOTESE,Fármacos: hipótese de infraestrutura técnica e urbana; não inventário de fábricas.,,2026-09-18
42017,Tabuleiro,2200,Fabricação de produtos de borracha e de material plástico,industria,517,2015,52653.0,60267845.0,1160787000.0,1.245814826761586e-05,0.0002399497906897252,0.051919813023405675,4.535974300194609e-05,0.0008736499538020648,0.6,estimativa_julgamental,baixa,FIESC_HISTORIA;HIPOTESE,"Plásticos dispersos, com reforço industrial estimado.",https://fiesc.com.br/pt-br/imprensa/superar-desafios-e-historia-da-industria,2026-09-18
42017,Tabuleiro,2300,Fabricação de produtos de minerais não metálicos,industria,517,2015,52653.0,60267845.0,1160787000.0,1.1040707032344939e-05,0.00021264920633222892,0.051919813023405675,4.535974300194609e-05,0.0008736499538020648,0.3,estimativa_julgamental,baixa,FIESC_HISTORIA;TIJUCAS,Cerâmica Sul e Tijucas; demais minerais agregados por hipótese.,https://fiesc.com.br/pt-br/imprensa/superar-desafios-e-historia-da-industria ; https://cincatarina.sc.gov.br/noticias.aspx?id=3670&s=43,2026-09-18
42017,Tabuleiro,2491,"Produção de ferro gusa/ferroligas, siderurgia e tubos de aço sem costura",industria,517,2015,52653.0,60267845.0,1160787000.0,6.408231768240996e-06,0.00012342555558418782,0.051919813023405675,4.535974300194609e-05,0.0008736499538020648,0.3,estimativa_julgamental,baixa,HIPOTESE,Siderurgia presumida nos polos metalúrgicos; peso não observado.,,2026-09-18
42017,Tabuleiro,2492,Metalurgia de metais não ferosos e a fundição de metais,industria,517,2015,52653.0,60267845.0,1160787000.0,4.44962644759354e-06,8.570189660713203e-05,0.051919813023405675,4.535974300194609e-05,0.0008736499538020648,0.3,estimativa_julgamental,baixa,FIESC_HISTORIA;HIPOTESE,Fundição e metais: extensão estimada do polo metalmecânico.,https://fiesc.com.br/pt-br/imprensa/superar-desafios-e-historia-da-industria,2026-09-18
42017,Tabuleiro,2500,"Fabricação de produtos de metal, exceto máquinas e equipamentos",industria,517,2015,52653.0,60267845.0,1160787000.0,1.4824523757962931e-05,0.0002855272947781991,0.051919813023405675,4.535974300194609e-05,0.0008736499538020648,0.7,estimativa_julgamental,baixa,FIESC_HISTORIA;HIPOTESE,Produtos de metal: polos industriais e fornecedores presumidos.,https://fiesc.com.br/pt-br/imprensa/superar-desafios-e-historia-da-industria,2026-09-18
42017,Tabuleiro,2600,"Fabricação de equipamentos de informática, produtos eletrônicos e ópticos",industria,517,2015,52653.0,60267845.0,1160787000.0,5.257708837224484e-06,0.00010126594321235876,0.051919813023405675,4.535974300194609e-05,0.0008736499538020648,0.3,estimativa_julgamental,baixa,ACATE;HIPOTESE,Eletrônica aproximada pelos polos tecnológicos; software não é fabricação.,https://www.acate.com.br/noticias/acate-completa-30-anos-e-comemora-consolidacao-do-setor-em-sc/,2026-09-18
42017,Tabuleiro,2700,Fabricação de máquinas e equipamentos elétricos,industria,517,2015,52653.0,60267845.0,1160787000.0,3.77328500127543e-06,7.267524248545381e-05,0.051919813023405675,4.535974300194609e-05,0.0008736499538020648,0.3,estimativa_julgamental,baixa,FIESC_HISTORIA;HIPOTESE,Equipamentos elétricos no Norte; intensidades inferidas.,https://fiesc.com.br/pt-br/imprensa/superar-desafios-e-historia-da-industria,2026-09-18
42017,Tabuleiro,2800,Fabricação de máquinas e equipamentos mecânicos,industria,517,2015,52653.0,60267845.0,1160787000.0,8.254119682536125e-06,0.00015897822434019808,0.051919813023405675,4.535974300194609e-05,0.0008736499538020648,0.5,estimativa_julgamental,baixa,FIESC_HISTORIA;FIESC_OESTE,Máquinas: reforço estimado de polos industriais.,https://fiesc.com.br/pt-br/imprensa/superar-desafios-e-historia-da-industria ; https://fiesc.com.br/imprensa/muito-mais-do-que-aves-e-suinos,2026-09-18
42017,Tabuleiro,2991,"Fabricação de automóveis, caminhões e ônibus, exceto peças",industria,517,2015,52653.0,60267845.0,1160787000.0,4.6233956418031733e-07,8.904877295530565e-06,0.051919813023405675,4.535974300194609e-05,0.0008736499538020648,0.05,estimativa_julgamental,baixa,BMW;HIPOTESE,Araquari confirmado antes de 2015; outras produções agregadas são hipóteses.,https://www.press.bmwgroup.com/portugal/article/detail/T0194787PT/bmw-group-assembles-first-car-in-brazil?language=pt,2026-09-18
42017,Tabuleiro,2992,Fabricação de peças e acessórios para veículos automotores,industria,517,2015,52653.0,60267845.0,1160787000.0,4.44962644759354e-06,8.570189660713203e-05,0.051919813023405675,4.535974300194609e-05,0.0008736499538020648,0.3,estimativa_julgamental,baixa,BMW;HIPOTESE,Autopeças: proximidade presumida de montagem e metalmecânica.,https://www.press.bmwgroup.com/portugal/article/detail/T0194787PT/bmw-group-assembles-first-car-in-brazil?language=pt,2026-09-18
42017,Tabuleiro,3000,"Fabricação de outros equipamentos de transporte, exceto veículos automotores",industria,517,2015,52653.0,60267845.0,1160787000.0,4.440603494717244e-06,8.552811029414534e-05,0.051919813023405675,4.535974300194609e-05,0.0008736499538020648,0.2,estimativa_julgamental,baixa,FIESC_PORTOS;HIPOTESE,Transporte não automotivo: hipótese de produção naval costeira.,https://fiesc.com.br/pt-br/imprensa/podio-da-industria-os-setores-que-mais-se-destacaram-em-sc,2026-09-18
42017,Tabuleiro,3180,Fabricação de móveis e de produtos de indústrias diversas,industria,517,2015,52653.0,60267845.0,1160787000.0,1.953278225781104e-05,0.00037621056626312534,0.051919813023405675,4.535974300194609e-05,0.0008736499538020648,0.6,estimativa_julgamental,baixa,FIESC_MADEIRA;FIESC_OESTE,Móveis com polo em São Bento; outras indústrias agregadas ao mesmo perfil.,https://fiesc.com.br/imprensa/portas-abertas-para-o-futuro ; https://fiesc.com.br/imprensa/muito-mais-do-que-aves-e-suinos,2026-09-18
42017,Tabuleiro,3300,"Manutenção, reparação e instalação de máquinas e equipamentos",industria,517,2015,52653.0,60267845.0,1160787000.0,2.69052720950618e-05,0.0005182081854365074,0.051919813023405675,4.535974300194609e-05,0.0008736499538020648,1.0,estimativa_julgamental,baixa,HIPOTESE,Manutenção segue demanda industrial e logística presumida.,,2026-09-18
42017,Tabuleiro,3500,"Energia elétrica, gás natural e outras utilidades",industria,517,2015,52653.0,60267845.0,1160787000.0,3.0409946118446398e-05,0.0005857098542465371,0.051919813023405675,4.535974300194609e-05,0.0008736499538020648,1.0,estimativa_julgamental,baixa,WIKI_ENERGIA;HIPOTESE,"Geração e utilidades: reforço de Tubarão; hidroeletricidade e redes aproximadas. Fator de produção, não de carbono.",https://pt.wikipedia.org/wiki/Complexo_Termoel%C3%A9trico_Jorge_Lacerda,2026-09-18
42017,Tabuleiro,3680,"Água, esgoto e gestão de resíduos",industria,517,2015,52653.0,60267845.0,1160787000.0,3.658084744394836e-05,0.0007045643139634874,0.051919813023405675,4.535974300194609e-05,0.0008736499538020648,1.0,estimativa_julgamental,baixa,HIPOTESE,Saneamento: demanda urbana presumida.,,2026-09-18
42017,Tabuleiro,4180,Construção,industria,517,2015,52653.0,60267845.0,1160787000.0,3.434464995281917e-05,0.0006614940993207439,0.051919813023405675,4.535974300194609e-05,0.0008736499538020648,1.0,estimativa_julgamental,baixa,WIKI_FLORIPA;HIPOTESE,Construção: reforço presumido do litoral urbano.,https://pt.wikipedia.org/wiki/Regi%C3%A3o_Metropolitana_de_Florian%C3%B3polis,2026-09-18
42017,Tabuleiro,4580,Comércio por atacado e varejo,servicos,6575,2015,169656.0,108382198.0,2850260000.0,4.480773618527112e-05,0.0011783641531339557,0.038025372773010185,5.9522990885042065e-05,0.001565349320559083,1.0,estimativa_julgamental,baixa,HIPOTESE,Comércio: centralidade regional e logística presumidas.,,2026-09-18
42017,Tabuleiro,4900,Transporte terrestre,servicos,6575,2015,169656.0,108382198.0,2850260000.0,3.919963647417311e-05,0.0010308810569240863,0.038025372773010185,5.9522990885042065e-05,0.001565349320559083,1.0,estimativa_julgamental,baixa,FIESC_PORTOS;HIPOTESE,Transporte terrestre: conexão presumida de polos produtivos e portos.,https://fiesc.com.br/pt-br/imprensa/podio-da-industria-os-setores-que-mais-se-destacaram-em-sc,2026-09-18
42017,Tabuleiro,5000,Transporte aquaviário,servicos,6575,2015,169656.0,108382198.0,2850260000.0,8.380824793825375e-07,2.2040085823363586e-05,0.038025372773010185,5.9522990885042065e-05,0.001565349320559083,0.05,estimativa_julgamental,baixa,FIESC_PORTOS,Concentração portuária; sede de transportadora e movimentação não são equivalentes.,https://fiesc.com.br/pt-br/imprensa/podio-da-industria-os-setores-que-mais-se-destacaram-em-sc,2026-09-18
42017,Tabuleiro,5100,Transporte aéreo,servicos,6575,2015,169656.0,108382198.0,2850260000.0,7.152328897658849e-07,1.8809359057054294e-05,0.038025372773010185,5.9522990885042065e-05,0.001565349320559083,0.05,estimativa_julgamental,baixa,HIPOTESE,"Transporte aéreo: aproximação por aeroportos, não por sede de companhia.",,2026-09-18
42017,Tabuleiro,5280,"Armazenamento, atividades auxiliares dos transportes e correio",servicos,6575,2015,169656.0,108382198.0,2850260000.0,5.8278241283840394e-06,0.0001532614594779341,0.038025372773010185,5.9522990885042065e-05,0.001565349320559083,0.3,estimativa_julgamental,baixa,FIESC_PORTOS;HIPOTESE,Armazenamento e apoio: concentração logística estimada.,https://fiesc.com.br/pt-br/imprensa/podio-da-industria-os-setores-que-mais-se-destacaram-em-sc,2026-09-18
42017,Tabuleiro,5500,Alojamento,servicos,6575,2015,169656.0,108382198.0,2850260000.0,5.275483855057587e-05,0.0013873588791750236,0.038025372773010185,5.9522990885042065e-05,0.001565349320559083,2.0,estimativa_julgamental,baixa,WIKI_FLORIPA;HIPOTESE,Alojamento: litoral e turismo serrano/rural presumidos.,https://pt.wikipedia.org/wiki/Regi%C3%A3o_Metropolitana_de_Florian%C3%B3polis,2026-09-18
42017,Tabuleiro,5600,Alimentação,servicos,6575,2015,169656.0,108382198.0,2850260000.0,3.9022746289068934e-05,0.0010262291581469168,0.038025372773010185,5.9522990885042065e-05,0.001565349320559083,1.0,estimativa_julgamental,baixa,WIKI_FLORIPA;HIPOTESE,Alimentação acompanha turismo e mercados urbanos.,https://pt.wikipedia.org/wiki/Regi%C3%A3o_Metropolitana_de_Florian%C3%B3polis,2026-09-18
42017,Tabuleiro,5800,Edição e edição integrada à impressão,servicos,6575,2015,169656.0,108382198.0,2850260000.0,2.7010493776947895e-05,0.0007103281784556106,0.038025372773010185,5.9522990885042065e-05,0.001565349320559083,0.8,estimativa_julgamental,baixa,HIPOTESE,Edição: concentração urbana presumida.,,2026-09-18
42017,Tabuleiro,5980,"Atividades de televisão, rádio, cinema e  gravação/edição de som e imagem",servicos,6575,2015,169656.0,108382198.0,2850260000.0,1.4420683271723025e-05,0.0003792384458084419,0.038025372773010185,5.9522990885042065e-05,0.001565349320559083,0.5,estimativa_julgamental,baixa,HIPOTESE,Mídia: centralidade da capital e polos regionais presumida.,,2026-09-18
42017,Tabuleiro,6100,Telecomunicações,servicos,6575,2015,169656.0,108382198.0,2850260000.0,3.632158800121452e-05,0.0009551934761569258,0.038025372773010185,5.9522990885042065e-05,0.001565349320559083,1.0,estimativa_julgamental,baixa,ACATE;HIPOTESE,Telecom: perfil urbano inferido; polos de TI são apenas contexto.,https://www.acate.com.br/noticias/acate-completa-30-anos-e-comemora-consolidacao-do-setor-em-sc/,2026-09-18
42017,Tabuleiro,6280,Desenvolvimento de sistemas e outros serviços de informação,servicos,6575,2015,169656.0,108382198.0,2850260000.0,9.424754784975033e-06,0.0002478543692716821,0.038025372773010185,5.9522990885042065e-05,0.001565349320559083,0.5,estimativa_julgamental,baixa,ACATE,Software e informação: polos documentados; multiplicadores julgamentais.,https://www.acate.com.br/noticias/acate-completa-30-anos-e-comemora-consolidacao-do-setor-em-sc/,2026-09-18
42017,Tabuleiro,6480,"Intermediação financeira, seguros e previdência complementar",servicos,6575,2015,169656.0,108382198.0,2850260000.0,2.547797719461583e-05,0.0006700257048551461,0.038025372773010185,5.9522990885042065e-05,0.001565349320559083,0.8,estimativa_julgamental,baixa,HIPOTESE,Finanças: sedes e mercados urbanos presumidos.,,2026-09-18
42017,Tabuleiro,6800,Atividades imobiliárias,servicos,6575,2015,169656.0,108382198.0,2850260000.0,3.5839221437263024e-05,0.0009425080893013926,0.038025372773010185,5.9522990885042065e-05,0.001565349320559083,1.0,estimativa_julgamental,baixa,WIKI_FLORIPA;HIPOTESE,Imobiliário: reforço litorâneo presumido; inclui aluguéis imputados.,https://pt.wikipedia.org/wiki/Regi%C3%A3o_Metropolitana_de_Florian%C3%B3polis,2026-09-18
42017,Tabuleiro,6980,"Atividades jurídicas, contábeis, consultoria e sedes de empresas ",servicos,6575,2015,169656.0,108382198.0,2850260000.0,2.0069896453635103e-05,0.0005278027535309372,0.038025372773010185,5.9522990885042065e-05,0.001565349320559083,0.7,estimativa_julgamental,baixa,HIPOTESE,Serviços empresariais: sedes e centralidade presumidas.,,2026-09-18
42017,Tabuleiro,7180,"Serviços de arquitetura, engenharia, testes/análises técnicas e P & D",servicos,6575,2015,169656.0,108382198.0,2850260000.0,1.9577768097644616e-05,0.0005148606488228989,0.038025372773010185,5.9522990885042065e-05,0.001565349320559083,0.7,estimativa_julgamental,baixa,ACATE;HIPOTESE,Engenharia e P&D: integração presumida com tecnologia e indústria.,https://www.acate.com.br/noticias/acate-completa-30-anos-e-comemora-consolidacao-do-setor-em-sc/,2026-09-18
42017,Tabuleiro,7380,"Outras atividades profissionais, científicas e técnicas",servicos,6575,2015,169656.0,108382198.0,2850260000.0,3.46749932380978e-05,0.0009118909483172659,0.038025372773010185,5.9522990885042065e-05,0.001565349320559083,1.0,estimativa_julgamental,baixa,HIPOTESE,Outros serviços técnicos: concentração urbana moderada.,,2026-09-18
42017,Tabuleiro,7700,Aluguéis não imobiliários e gestão de ativos de propriedade intelectual,servicos,6575,2015,169656.0,108382198.0,2850260000.0,3.538332493164332e-05,0.0009305188181286642,0.038025372773010185,5.9522990885042065e-05,0.001565349320559083,1.0,estimativa_julgamental,baixa,HIPOTESE,Aluguéis de equipamentos: demanda empresarial presumida.,,2026-09-18
42017,Tabuleiro,7880,Outras atividades administrativas e serviços complementares,servicos,6575,2015,169656.0,108382198.0,2850260000.0,3.6807432353252086e-05,0.0009679703226835274,0.038025372773010185,5.9522990885042065e-05,0.001565349320559083,1.0,estimativa_julgamental,baixa,HIPOTESE,Serviços administrativos: mercados urbanos presumidos.,,2026-09-18
42017,Tabuleiro,8000,"Atividades de vigilância, segurança e investigação",servicos,6575,2015,169656.0,108382198.0,2850260000.0,3.813754829650764e-05,0.0010029500177201965,0.038025372773010185,5.9522990885042065e-05,0.001565349320559083,1.0,estimativa_julgamental,baixa,HIPOTESE,Segurança: demanda industrial e urbana presumida.,,2026-09-18
42017,Tabuleiro,8400,"Administração pública, defesa e seguridade social",administracao_publica,525,2015,105884.0,28534686.0,885587000.0,9.157187648414655e-05,0.0028419749696900775,0.03222121146764802,0.00011956363406418567,0.003710711938445722,1.0,estimativa_julgamental,baixa,VAB;HIPOTESE,Administração: reforço da capital; não mede empregos públicos municipais.,https://sidra.ibge.gov.br/tabela/5938,2026-09-18
42017,Tabuleiro,8591,Educação pública,administracao_publica,525,2015,105884.0,28534686.0,885587000.0,0.00010831885570388805,0.003361725111194113,0.03222121146764802,0.00011956363406418567,0.003710711938445722,1.0,estimativa_julgamental,baixa,VAB;HIPOTESE,Educação pública: perfil difuso com polos de ensino presumidos.,https://sidra.ibge.gov.br/tabela/5938,2026-09-18
42017,Tabuleiro,8592,Educação privada,servicos,6575,2015,169656.0,108382198.0,2850260000.0,2.5593053920268716e-05,0.0006730520190569773,0.038025372773010185,5.9522990885042065e-05,0.001565349320559083,0.8,estimativa_julgamental,baixa,HIPOTESE,Educação privada: centros regionais presumidos.,,2026-09-18
42017,Tabuleiro,8691,Saúde pública,administracao_publica,525,2015,105884.0,28534686.0,885587000.0,9.953780565027234e-05,0.0030892012161061705,0.03222121146764802,0.00011956363406418567,0.003710711938445722,1.0,estimativa_julgamental,baixa,VAB;HIPOTESE,"Saúde pública: rede regional presumida, sem contagem de leitos.",https://sidra.ibge.gov.br/tabela/5938,2026-09-18
42017,Tabuleiro,8692,Saúde privada,servicos,6575,2015,169656.0,108382198.0,2850260000.0,2.6971108480491764e-05,0.0007092924148697744,0.038025372773010185,5.9522990885042065e-05,0.001565349320559083,0.8,estimativa_julgamental,baixa,HIPOTESE,Saúde privada: centralidade regional presumida.,,2026-09-18
42017,Tabuleiro,9080,"Atividades artísticas, criativas e de espetáculos",servicos,6575,2015,169656.0,108382198.0,2850260000.0,2.53281259423925e-05,0.0006660848821545283,0.038025372773010185,5.9522990885042065e-05,0.001565349320559083,0.8,estimativa_julgamental,baixa,WIKI_FLORIPA;HIPOTESE,Cultura e lazer: turismo e centralidade presumidos.,https://pt.wikipedia.org/wiki/Regi%C3%A3o_Metropolitana_de_Florian%C3%B3polis,2026-09-18
42017,Tabuleiro,9480,Organizações associativas e outros serviços pessoais,servicos,6575,2015,169656.0,108382198.0,2850260000.0,4.751272072184708e-05,0.0012495004586929616,0.038025372773010185,5.9522990885042065e-05,0.001565349320559083,1.0,estimativa_julgamental,baixa,HIPOTESE,Serviços pessoais e associações: demanda urbana presumida.,,2026-09-18
42017,Tabuleiro,9700,Serviços domésticos,servicos,6575,2015,169656.0,108382198.0,2850260000.0,4.3181159286839366e-05,0.0011355880597044056,0.038025372773010185,5.9522990885042065e-05,0.001565349320559083,1.0,estimativa_julgamental,baixa,HIPOTESE,"Serviços domésticos: demanda residencial presumida, não emprego observado.",,2026-09-18
42018,Tubarão,0191,"Agricultura, inclusive o apoio à agricultura e a pós-colheita",agropecuaria,513,2015,848114.0,12485693.0,258967000.0,0.002310928609708243,0.04793120391487428,0.04821344804550388,0.003274988705124591,0.06792686637417723,1.0,estimativa_julgamental,baixa,ITUPORANGA;VAB;HIPOTESE,Reforço agrícola rural; escolha dos multiplicadores é hipótese.,https://cimamavi.sc.gov.br/municipios-associados/perfil/ituporanga ; https://sidra.ibge.gov.br/tabela/5938,2026-09-18
42018,Tubarão,0192,"Pecuária, inclusive o apoio à pecuária",agropecuaria,513,2015,848114.0,12485693.0,258967000.0,0.0006911244126302746,0.014334681310865611,0.04821344804550388,0.003274988705124591,0.06792686637417723,0.5,estimativa_julgamental,baixa,ITAPIRANGA;FIESC_OESTE,Maior concentração pecuária no Oeste; magnitudes estimadas.,https://servicos.itapiranga.sc.gov.br/pagina-4919/ ; https://fiesc.com.br/imprensa/muito-mais-do-que-aves-e-suinos,2026-09-18
42018,Tubarão,0280,Produção florestal; pesca e aquicultura,agropecuaria,513,2015,848114.0,12485693.0,258967000.0,0.0031756773487344025,0.06586704493188698,0.04821344804550388,0.003274988705124591,0.06792686637417723,2.0,estimativa_julgamental,baixa,FIESC_MADEIRA;HIPOTESE,Combinação estimada de florestas interiores e pesca costeira.,https://fiesc.com.br/imprensa/portas-abertas-para-o-futuro,2026-09-18
42018,Tubarão,0580,Extração de carvão mineral e de minerais não metálicos,industria,517,2015,2354589.0,60267845.0,1160787000.0,0.0080179625072025,0.1544297261545986,0.051919813023405675,0.0020284419105313896,0.0390687438716284,5.0,estimativa_julgamental,baixa,FIESC_HISTORIA;TIJUCAS,Carvão no Sul e minerais para construção; distribuição estimada.,https://fiesc.com.br/pt-br/imprensa/superar-desafios-e-historia-da-industria ; https://cincatarina.sc.gov.br/noticias.aspx?id=3670&s=43,2026-09-18
42018,Tubarão,0680,"Extração de petróleo e gás, inclusive as atividades de apoio",industria,517,2015,2354589.0,60267845.0,1160787000.0,0.004467099240618242,0.08603843081261588,0.051919813023405675,0.0020284419105313896,0.0390687438716284,2.0,estimativa_julgamental,muito_baixa,HIPOTESE,Localização hipotética de apoio costeiro; não comprova extração local ou offshore.,,2026-09-18
42018,Tubarão,0791,"Extração de minério de ferro, inclusive beneficiamentos e a aglomeração",industria,517,2015,2354589.0,60267845.0,1160787000.0,0.00195572447074867,0.03766817245406914,0.051919813023405675,0.0020284419105313896,0.0390687438716284,1.0,estimativa_julgamental,muito_baixa,HIPOTESE,Sem evidência de polo de extração de ferro; prior quase VAB e confiança muito baixa.,,2026-09-18
42018,Tubarão,0792,"Extração de minerais metálicos não ferrosos, inclusive beneficiamentos",industria,517,2015,2354589.0,60267845.0,1160787000.0,0.0019802879022581157,0.03814127568921316,0.051919813023405675,0.0020284419105313896,0.0390687438716284,1.0,estimativa_julgamental,muito_baixa,HIPOTESE,Sem dados de extração metálica; pequenas diferenças apenas como hipótese.,,2026-09-18
42018,Tubarão,1091,"Abate e produtos de carne, inclusive os produtos do laticínio e da pesca",industria,517,2015,2354589.0,60267845.0,1160787000.0,0.0004506182481371699,0.008679119239779027,0.051919813023405675,0.0020284419105313896,0.0390687438716284,0.4,estimativa_julgamental,baixa,FIESC_OESTE;ITAPIRANGA;HIPOTESE,Carnes e laticínios no Oeste; pesca incorporada de modo aproximado.,https://fiesc.com.br/imprensa/muito-mais-do-que-aves-e-suinos ; https://servicos.itapiranga.sc.gov.br/pagina-4919/,2026-09-18
42018,Tubarão,1092,Fabricação e refino de açúcar,industria,517,2015,2354589.0,60267845.0,1160787000.0,0.001516378200174741,0.02920615679973946,0.051919813023405675,0.0020284419105313896,0.0390687438716284,0.5,estimativa_julgamental,muito_baixa,HIPOTESE,Açúcar: produção dispersa presumida; nenhuma usina identificada por esta pesquisa.,,2026-09-18
42018,Tubarão,1093,Outros produtos alimentares,industria,517,2015,2354589.0,60267845.0,1160787000.0,0.0013537825107273744,0.02607448740458837,0.051919813023405675,0.0020284419105313896,0.0390687438716284,1.0,estimativa_julgamental,baixa,FIESC_OESTE;HIPOTESE,Alimentos diversos: extensão qualitativa da agroindústria.,https://fiesc.com.br/imprensa/muito-mais-do-que-aves-e-suinos,2026-09-18
42018,Tubarão,1100,Fabricação de bebidas,industria,517,2015,2354589.0,60267845.0,1160787000.0,0.0009044767839721343,0.017420647943481464,0.051919813023405675,0.0020284419105313896,0.0390687438716284,0.8,estimativa_julgamental,baixa,HIPOTESE,Bebidas: hipótese de polos urbanos e produção regional.,,2026-09-18
42018,Tubarão,1200,Fabricação de produtos do fumo,industria,517,2015,2354589.0,60267845.0,1160787000.0,0.00971014173994529,0.18702189346421405,0.051919813023405675,0.0020284419105313896,0.0390687438716284,3.0,estimativa_julgamental,baixa,HIPOTESE,Beneficiamento de fumo presumido próximo a áreas rurais; cultivo não equivale a fabricação.,,2026-09-18
42018,Tubarão,1300,Fabricação de produtos têxteis,industria,517,2015,2354589.0,60267845.0,1160787000.0,0.0003593777387722473,0.006921784148379699,0.051919813023405675,0.0020284419105313896,0.0390687438716284,0.4,estimativa_julgamental,baixa,FIESC_HISTORIA,Têxteis no Vale; intensidade relativa estimada.,https://fiesc.com.br/pt-br/imprensa/superar-desafios-e-historia-da-industria,2026-09-18
42018,Tubarão,1400,Confecção de artefatos do vestuário e acessórios,industria,517,2015,2354589.0,60267845.0,1160787000.0,0.0007588998496554663,0.014616767770587905,0.051919813023405675,0.0020284419105313896,0.0390687438716284,0.7,estimativa_julgamental,baixa,FIESC_HISTORIA;HIPOTESE,Vestuário no Vale e extensões presumidas ao Sul.,https://fiesc.com.br/pt-br/imprensa/superar-desafios-e-historia-da-industria,2026-09-18
42018,Tubarão,1500,Fabricação de calçados e de artefatos de couro,industria,517,2015,2354589.0,60267845.0,1160787000.0,0.00041829924726201865,0.008056640093704643,0.051919813023405675,0.0020284419105313896,0.0390687438716284,0.2,estimativa_julgamental,baixa,FIESC_CALCADOS;HIPOTESE,São João Batista ancora o fator de Tijucas; demais polos são hipóteses.,https://fiesc.com.br/sites/default/files/2018-04/IC_FIESC15_REVISAO_FINAL_0.pdf,2026-09-18
42018,Tubarão,1600,Fabricação de produtos da madeira,industria,517,2015,2354589.0,60267845.0,1160787000.0,0.0007333994381280247,0.014125617859937304,0.051919813023405675,0.0020284419105313896,0.0390687438716284,0.5,estimativa_julgamental,baixa,FIESC_MADEIRA;FIESC_OESTE,Distribuição estimada da base madeireira.,https://fiesc.com.br/imprensa/portas-abertas-para-o-futuro ; https://fiesc.com.br/imprensa/muito-mais-do-que-aves-e-suinos,2026-09-18
42018,Tubarão,1700,"Fabricação de celulose, papel e produtos de papel",industria,517,2015,2354589.0,60267845.0,1160787000.0,0.0005598598818351258,0.010783164445964753,0.051919813023405675,0.0020284419105313896,0.0390687438716284,0.3,estimativa_julgamental,baixa,FIESC_MADEIRA;HIPOTESE,Papel e celulose próximos da base florestal; fatores inferidos.,https://fiesc.com.br/imprensa/portas-abertas-para-o-futuro,2026-09-18
42018,Tubarão,1800,Impressão e reprodução de gravações,industria,517,2015,2354589.0,60267845.0,1160787000.0,0.0012881680336157006,0.024810721738057664,0.051919813023405675,0.0020284419105313896,0.0390687438716284,1.0,estimativa_julgamental,baixa,HIPOTESE,Impressão: demanda urbana e empresarial presumida.,,2026-09-18
42018,Tubarão,1991,Refino de petróleo e coquerias,industria,517,2015,2354589.0,60267845.0,1160787000.0,0.007166188926503017,0.13802416667549378,0.051919813023405675,0.0020284419105313896,0.0390687438716284,4.0,estimativa_julgamental,muito_baixa,HIPOTESE,Hipótese de coquerias no Sul; terminais de petróleo não tratados como refinarias.,,2026-09-18
42018,Tubarão,1992,Fabricação de biocombustíveis,industria,517,2015,2354589.0,60267845.0,1160787000.0,0.0008903410096060018,0.017148386285686972,0.051919813023405675,0.0020284419105313896,0.0390687438716284,0.4,estimativa_julgamental,muito_baixa,HIPOTESE,Biocombustíveis: proximidade presumida de insumos agropecuários; baixa confiança.,,2026-09-18
42018,Tubarão,2091,"Fabricação de químicos orgânicos e inorgânicos, resinas e elastômeros",industria,517,2015,2354589.0,60267845.0,1160787000.0,0.0022631004808455575,0.04358837886849365,0.051919813023405675,0.0020284419105313896,0.0390687438716284,2.0,estimativa_julgamental,baixa,HIPOTESE,Química básica: proximidade industrial presumida.,,2026-09-18
42018,Tubarão,2092,"Fabricação de defensivos, desinfestantes, tintas e químicos diversos",industria,517,2015,2354589.0,60267845.0,1160787000.0,0.002260618283002656,0.043540570571461025,0.051919813023405675,0.0020284419105313896,0.0390687438716284,2.0,estimativa_julgamental,baixa,HIPOTESE,Tintas e químicos: hipótese de integração com manufaturas.,,2026-09-18
42018,Tubarão,2093,"Fabricação de produtos de limpeza, cosméticos/perfumaria e higiene pessoal",industria,517,2015,2354589.0,60267845.0,1160787000.0,0.0019448204697976375,0.03745815627111184,0.051919813023405675,0.0020284419105313896,0.0390687438716284,1.5,estimativa_julgamental,baixa,HIPOTESE,Limpeza e cosméticos: mercados urbanos presumidos.,,2026-09-18
42018,Tubarão,2100,Fabricação de produtos farmoquímicos e farmacêuticos,industria,517,2015,2354589.0,60267845.0,1160787000.0,0.00398466002921364,0.07674642486515386,0.051919813023405675,0.0020284419105313896,0.0390687438716284,3.0,estimativa_julgamental,baixa,HIPOTESE,Fármacos: hipótese de infraestrutura técnica e urbana; não inventário de fábricas.,,2026-09-18
42018,Tubarão,2200,Fabricação de produtos de borracha e de material plástico,industria,517,2015,2354589.0,60267845.0,1160787000.0,0.0027855790620949766,0.053651561896789296,0.051919813023405675,0.0020284419105313896,0.0390687438716284,3.0,estimativa_julgamental,baixa,FIESC_HISTORIA;HIPOTESE,"Plásticos dispersos, com reforço industrial estimado.",https://fiesc.com.br/pt-br/imprensa/superar-desafios-e-historia-da-industria,2026-09-18
42018,Tubarão,2300,Fabricação de produtos de minerais não metálicos,industria,517,2015,2354589.0,60267845.0,1160787000.0,0.006583056952900953,0.12679277080472695,0.051919813023405675,0.0020284419105313896,0.0390687438716284,4.0,estimativa_julgamental,baixa,FIESC_HISTORIA;TIJUCAS,Cerâmica Sul e Tijucas; demais minerais agregados por hipótese.,https://fiesc.com.br/pt-br/imprensa/superar-desafios-e-historia-da-industria ; https://cincatarina.sc.gov.br/noticias.aspx?id=3670&s=43,2026-09-18
42018,Tubarão,2491,"Produção de ferro gusa/ferroligas, siderurgia e tubos de aço sem costura",industria,517,2015,2354589.0,60267845.0,1160787000.0,0.0019104643649239107,0.036796441544630853,0.051919813023405675,0.0020284419105313896,0.0390687438716284,2.0,estimativa_julgamental,baixa,HIPOTESE,Siderurgia presumida nos polos metalúrgicos; peso não observado.,,2026-09-18
42018,Tubarão,2492,Metalurgia de metais não ferosos e a fundição de metais,industria,517,2015,2354589.0,60267845.0,1160787000.0,0.00019898280226412224,0.0038325022891438367,0.051919813023405675,0.0020284419105313896,0.0390687438716284,0.3,estimativa_julgamental,baixa,FIESC_HISTORIA;HIPOTESE,Fundição e metais: extensão estimada do polo metalmecânico.,https://fiesc.com.br/pt-br/imprensa/superar-desafios-e-historia-da-industria,2026-09-18
42018,Tubarão,2500,"Fabricação de produtos de metal, exceto máquinas e equipamentos",industria,517,2015,2354589.0,60267845.0,1160787000.0,0.0006629377351858049,0.012768492345820847,0.051919813023405675,0.0020284419105313896,0.0390687438716284,0.7,estimativa_julgamental,baixa,FIESC_HISTORIA;HIPOTESE,Produtos de metal: polos industriais e fornecedores presumidos.,https://fiesc.com.br/pt-br/imprensa/superar-desafios-e-historia-da-industria,2026-09-18
42018,Tubarão,2600,"Fabricação de equipamentos de informática, produtos eletrônicos e ópticos",industria,517,2015,2354589.0,60267845.0,1160787000.0,0.00023511943086493764,0.004528510739415506,0.051919813023405675,0.0020284419105313896,0.0390687438716284,0.3,estimativa_julgamental,baixa,ACATE;HIPOTESE,Eletrônica aproximada pelos polos tecnológicos; software não é fabricação.,https://www.acate.com.br/noticias/acate-completa-30-anos-e-comemora-consolidacao-do-setor-em-sc/,2026-09-18
42018,Tubarão,2700,Fabricação de máquinas e equipamentos elétricos,industria,517,2015,2354589.0,60267845.0,1160787000.0,0.00016873749563876922,0.0032499634689112157,0.051919813023405675,0.0020284419105313896,0.0390687438716284,0.3,estimativa_julgamental,baixa,FIESC_HISTORIA;HIPOTESE,Equipamentos elétricos no Norte; intensidades inferidas.,https://fiesc.com.br/pt-br/imprensa/superar-desafios-e-historia-da-industria,2026-09-18
42018,Tubarão,2800,Fabricação de máquinas e equipamentos mecânicos,industria,517,2015,2354589.0,60267845.0,1160787000.0,0.00036911589860374626,0.007109345683455124,0.051919813023405675,0.0020284419105313896,0.0390687438716284,0.5,estimativa_julgamental,baixa,FIESC_HISTORIA;FIESC_OESTE,Máquinas: reforço estimado de polos industriais.,https://fiesc.com.br/pt-br/imprensa/superar-desafios-e-historia-da-industria ; https://fiesc.com.br/imprensa/muito-mais-do-que-aves-e-suinos,2026-09-18
42018,Tubarão,2991,"Fabricação de automóveis, caminhões e ônibus, exceto peças",industria,517,2015,2354589.0,60267845.0,1160787000.0,2.0675358518674517e-05,0.00039821712203304694,0.051919813023405675,0.0020284419105313896,0.0390687438716284,0.05,estimativa_julgamental,baixa,BMW;HIPOTESE,Araquari confirmado antes de 2015; outras produções agregadas são hipóteses.,https://www.press.bmwgroup.com/portugal/article/detail/T0194787PT/bmw-group-assembles-first-car-in-brazil?language=pt,2026-09-18
42018,Tubarão,2992,Fabricação de peças e acessórios para veículos automotores,industria,517,2015,2354589.0,60267845.0,1160787000.0,0.00019898280226412224,0.0038325022891438367,0.051919813023405675,0.0020284419105313896,0.0390687438716284,0.3,estimativa_julgamental,baixa,BMW;HIPOTESE,Autopeças: proximidade presumida de montagem e metalmecânica.,https://www.press.bmwgroup.com/portugal/article/detail/T0194787PT/bmw-group-assembles-first-car-in-brazil?language=pt,2026-09-18
42018,Tubarão,3000,"Fabricação de outros equipamentos de transporte, exceto veículos automotores",industria,517,2015,2354589.0,60267845.0,1160787000.0,0.001985793049213299,0.038247307406867874,0.051919813023405675,0.0020284419105313896,0.0390687438716284,2.0,estimativa_julgamental,baixa,FIESC_PORTOS;HIPOTESE,Transporte não automotivo: hipótese de produção naval costeira.,https://fiesc.com.br/pt-br/imprensa/podio-da-industria-os-setores-que-mais-se-destacaram-em-sc,2026-09-18
42018,Tubarão,3180,Fabricação de móveis e de produtos de indústrias diversas,industria,517,2015,2354589.0,60267845.0,1160787000.0,0.0008734863017043102,0.016823756690158703,0.051919813023405675,0.0020284419105313896,0.0390687438716284,0.6,estimativa_julgamental,baixa,FIESC_MADEIRA;FIESC_OESTE,Móveis com polo em São Bento; outras indústrias agregadas ao mesmo perfil.,https://fiesc.com.br/imprensa/portas-abertas-para-o-futuro ; https://fiesc.com.br/imprensa/muito-mais-do-que-aves-e-suinos,2026-09-18
42018,Tubarão,3300,"Manutenção, reparação e instalação de máquinas e equipamentos",industria,517,2015,2354589.0,60267845.0,1160787000.0,0.0012031766037460256,0.023173746854666607,0.051919813023405675,0.0020284419105313896,0.0390687438716284,1.0,estimativa_julgamental,baixa,HIPOTESE,Manutenção segue demanda industrial e logística presumida.,,2026-09-18
42018,Tubarão,3500,"Energia elétrica, gás natural e outras utilidades",industria,517,2015,2354589.0,60267845.0,1160787000.0,0.006799510438254855,0.13096176666101642,0.051919813023405675,0.0020284419105313896,0.0390687438716284,5.0,estimativa_julgamental,baixa,WIKI_ENERGIA;HIPOTESE,"Geração e utilidades: reforço de Tubarão; hidroeletricidade e redes aproximadas. Fator de produção, não de carbono.",https://pt.wikipedia.org/wiki/Complexo_Termoel%C3%A9trico_Jorge_Lacerda,2026-09-18
42018,Tubarão,3680,"Água, esgoto e gestão de resíduos",industria,517,2015,2354589.0,60267845.0,1160787000.0,0.0016358585646059852,0.031507404771826376,0.051919813023405675,0.0020284419105313896,0.0390687438716284,1.0,estimativa_julgamental,baixa,HIPOTESE,Saneamento: demanda urbana presumida.,,2026-09-18
42018,Tubarão,4180,Construção,industria,517,2015,2354589.0,60267845.0,1160787000.0,0.0018430296846392463,0.03549761790953293,0.051919813023405675,0.0020284419105313896,0.0390687438716284,1.2,estimativa_julgamental,baixa,WIKI_FLORIPA;HIPOTESE,Construção: reforço presumido do litoral urbano.,https://pt.wikipedia.org/wiki/Regi%C3%A3o_Metropolitana_de_Florian%C3%B3polis,2026-09-18
42018,Tubarão,4580,Comércio por atacado e varejo,servicos,6575,2015,4804600.0,108382198.0,2850260000.0,0.001268939791553223,0.03337087052711017,0.038025372773010185,0.001685670780911215,0.04433015835312733,1.0,estimativa_julgamental,baixa,HIPOTESE,Comércio: centralidade regional e logística presumidas.,,2026-09-18
42018,Tubarão,4900,Transporte terrestre,servicos,6575,2015,4804600.0,108382198.0,2850260000.0,0.001665180483482566,0.04379129938903545,0.038025372773010185,0.001685670780911215,0.04433015835312733,1.5,estimativa_julgamental,baixa,FIESC_PORTOS;HIPOTESE,Transporte terrestre: conexão presumida de polos produtivos e portos.,https://fiesc.com.br/pt-br/imprensa/podio-da-industria-os-setores-que-mais-se-destacaram-em-sc,2026-09-18
42018,Tubarão,5000,Transporte aquaviário,servicos,6575,2015,4804600.0,108382198.0,2850260000.0,0.0023734209697513432,0.062416770610489856,0.038025372773010185,0.001685670780911215,0.04433015835312733,5.0,estimativa_julgamental,baixa,FIESC_PORTOS,Concentração portuária; sede de transportadora e movimentação não são equivalentes.,https://fiesc.com.br/pt-br/imprensa/podio-da-industria-os-setores-que-mais-se-destacaram-em-sc,2026-09-18
42018,Tubarão,5100,Transporte aéreo,servicos,6575,2015,4804600.0,108382198.0,2850260000.0,2.0255151260015386e-05,0.000532674627042504,0.038025372773010185,0.001685670780911215,0.04433015835312733,0.05,estimativa_julgamental,baixa,HIPOTESE,"Transporte aéreo: aproximação por aeroportos, não por sede de companhia.",,2026-09-18
42018,Tubarão,5280,"Armazenamento, atividades auxiliares dos transportes e correio",servicos,6575,2015,4804600.0,108382198.0,2850260000.0,0.0016504198971586006,0.04340312209457268,0.038025372773010185,0.001685670780911215,0.04433015835312733,3.0,estimativa_julgamental,baixa,FIESC_PORTOS;HIPOTESE,Armazenamento e apoio: concentração logística estimada.,https://fiesc.com.br/pt-br/imprensa/podio-da-industria-os-setores-que-mais-se-destacaram-em-sc,2026-09-18
42018,Tubarão,5500,Alojamento,servicos,6575,2015,4804600.0,108382198.0,2850260000.0,0.0014939990174240628,0.03928952981848162,0.038025372773010185,0.001685670780911215,0.04433015835312733,2.0,estimativa_julgamental,baixa,WIKI_FLORIPA;HIPOTESE,Alojamento: litoral e turismo serrano/rural presumidos.,https://pt.wikipedia.org/wiki/Regi%C3%A3o_Metropolitana_de_Florian%C3%B3polis,2026-09-18
42018,Tubarão,5600,Alimentação,servicos,6575,2015,4804600.0,108382198.0,2850260000.0,0.0014366441084700736,0.037781197229702926,0.038025372773010185,0.001685670780911215,0.04433015835312733,1.3,estimativa_julgamental,baixa,WIKI_FLORIPA;HIPOTESE,Alimentação acompanha turismo e mercados urbanos.,https://pt.wikipedia.org/wiki/Regi%C3%A3o_Metropolitana_de_Florian%C3%B3polis,2026-09-18
42018,Tubarão,5800,Edição e edição integrada à impressão,servicos,6575,2015,4804600.0,108382198.0,2850260000.0,0.0007649279624694903,0.020116251510160714,0.038025372773010185,0.001685670780911215,0.04433015835312733,0.8,estimativa_julgamental,baixa,HIPOTESE,Edição: concentração urbana presumida.,,2026-09-18
42018,Tubarão,5980,"Atividades de televisão, rádio, cinema e  gravação/edição de som e imagem",servicos,6575,2015,4804600.0,108382198.0,2850260000.0,0.0004083888270813908,0.010739903314537887,0.038025372773010185,0.001685670780911215,0.04433015835312733,0.5,estimativa_julgamental,baixa,HIPOTESE,Mídia: centralidade da capital e polos regionais presumida.,,2026-09-18
42018,Tubarão,6100,Telecomunicações,servicos,6575,2015,4804600.0,108382198.0,2850260000.0,0.0010286149721237992,0.027050753144855267,0.038025372773010185,0.001685670780911215,0.04433015835312733,1.0,estimativa_julgamental,baixa,ACATE;HIPOTESE,Telecom: perfil urbano inferido; polos de TI são apenas contexto.,https://www.acate.com.br/noticias/acate-completa-30-anos-e-comemora-consolidacao-do-setor-em-sc/,2026-09-18
42018,Tubarão,6280,Desenvolvimento de sistemas e outros serviços de informação,servicos,6575,2015,4804600.0,108382198.0,2850260000.0,0.00026690583793022966,0.007019151121108147,0.038025372773010185,0.001685670780911215,0.04433015835312733,0.5,estimativa_julgamental,baixa,ACATE,Software e informação: polos documentados; multiplicadores julgamentais.,https://www.acate.com.br/noticias/acate-completa-30-anos-e-comemora-consolidacao-do-setor-em-sc/,2026-09-18
42018,Tubarão,6480,"Intermediação financeira, seguros e previdência complementar",servicos,6575,2015,4804600.0,108382198.0,2850260000.0,0.0007215276160539634,0.0189748992169274,0.038025372773010185,0.001685670780911215,0.04433015835312733,0.8,estimativa_julgamental,baixa,HIPOTESE,Finanças: sedes e mercados urbanos presumidos.,,2026-09-18
42018,Tubarão,6800,Atividades imobiliárias,servicos,6575,2015,4804600.0,108382198.0,2850260000.0,0.0014209363219954702,0.03736811024779824,0.038025372773010185,0.001685670780911215,0.04433015835312733,1.4,estimativa_julgamental,baixa,WIKI_FLORIPA;HIPOTESE,Imobiliário: reforço litorâneo presumido; inclui aluguéis imputados.,https://pt.wikipedia.org/wiki/Regi%C3%A3o_Metropolitana_de_Florian%C3%B3polis,2026-09-18
42018,Tubarão,6980,"Atividades jurídicas, contábeis, consultoria e sedes de empresas ",servicos,6575,2015,4804600.0,108382198.0,2850260000.0,0.0005683726157703541,0.014947193789873274,0.038025372773010185,0.001685670780911215,0.04433015835312733,0.7,estimativa_julgamental,baixa,HIPOTESE,Serviços empresariais: sedes e centralidade presumidas.,,2026-09-18
42018,Tubarão,7180,"Serviços de arquitetura, engenharia, testes/análises técnicas e P & D",servicos,6575,2015,4804600.0,108382198.0,2850260000.0,0.0005544357087397047,0.014580677802933584,0.038025372773010185,0.001685670780911215,0.04433015835312733,0.7,estimativa_julgamental,baixa,ACATE;HIPOTESE,Engenharia e P&D: integração presumida com tecnologia e indústria.,https://www.acate.com.br/noticias/acate-completa-30-anos-e-comemora-consolidacao-do-setor-em-sc/,2026-09-18
42018,Tubarão,7380,"Outras atividades profissionais, científicas e técnicas",servicos,6575,2015,4804600.0,108382198.0,2850260000.0,0.0009819839705743662,0.02582444033977658,0.038025372773010185,0.001685670780911215,0.04433015835312733,1.0,estimativa_julgamental,baixa,HIPOTESE,Outros serviços técnicos: concentração urbana moderada.,,2026-09-18
42018,Tubarão,7700,Aluguéis não imobiliários e gestão de ativos de propriedade intelectual,servicos,6575,2015,4804600.0,108382198.0,2850260000.0,0.0010020436823134666,0.026351975253341934,0.038025372773010185,0.001685670780911215,0.04433015835312733,1.0,estimativa_julgamental,baixa,HIPOTESE,Aluguéis de equipamentos: demanda empresarial presumida.,,2026-09-18
42018,Tubarão,7880,Outras atividades administrativas e serviços complementares,servicos,6575,2015,4804600.0,108382198.0,2850260000.0,0.0010423739183078402,0.02741258907651527,0.038025372773010185,0.001685670780911215,0.04433015835312733,1.0,estimativa_julgamental,baixa,HIPOTESE,Serviços administrativos: mercados urbanos presumidos.,,2026-09-18
42018,Tubarão,8000,"Atividades de vigilância, segurança e investigação",servicos,6575,2015,4804600.0,108382198.0,2850260000.0,0.0010800423477236327,0.02840320209800099,0.038025372773010185,0.001685670780911215,0.04433015835312733,1.0,estimativa_julgamental,baixa,HIPOTESE,Segurança: demanda industrial e urbana presumida.,,2026-09-18
42018,Tubarão,8400,"Administração pública, defesa e seguridade social",administracao_publica,525,2015,1555865.0,28534686.0,885587000.0,0.001345561913093637,0.0417601279345024,0.03222121146764802,0.0017568742540258607,0.05452539411157354,1.0,estimativa_julgamental,baixa,VAB;HIPOTESE,Administração: reforço da capital; não mede empregos públicos municipais.,https://sidra.ibge.gov.br/tabela/5938,2026-09-18
42018,Tubarão,8591,Educação pública,administracao_publica,525,2015,1555865.0,28534686.0,885587000.0,0.0015916428962801724,0.04939736353110978,0.03222121146764802,0.0017568742540258607,0.05452539411157354,1.0,estimativa_julgamental,baixa,VAB;HIPOTESE,Educação pública: perfil difuso com polos de ensino presumidos.,https://sidra.ibge.gov.br/tabela/5938,2026-09-18
42018,Tubarão,8592,Educação privada,servicos,6575,2015,4804600.0,108382198.0,2850260000.0,0.0016307697366846846,0.04288635765438648,0.038025372773010185,0.001685670780911215,0.04433015835312733,1.8,estimativa_julgamental,baixa,HIPOTESE,Educação privada: centros regionais presumidos.,,2026-09-18
42018,Tubarão,8691,Saúde pública,administracao_publica,525,2015,1555865.0,28534686.0,885587000.0,0.0014626136903409484,0.045392883250510246,0.03222121146764802,0.0017568742540258607,0.05452539411157354,1.0,estimativa_julgamental,baixa,VAB;HIPOTESE,"Saúde pública: rede regional presumida, sem contagem de leitos.",https://sidra.ibge.gov.br/tabela/5938,2026-09-18
42018,Tubarão,8692,Saúde privada,servicos,6575,2015,4804600.0,108382198.0,2850260000.0,0.0007638125843198633,0.020086919039016115,0.038025372773010185,0.001685670780911215,0.04433015835312733,0.8,estimativa_julgamental,baixa,HIPOTESE,Saúde privada: centralidade regional presumida.,,2026-09-18
42018,Tubarão,9080,"Atividades artísticas, criativas e de espetáculos",servicos,6575,2015,4804600.0,108382198.0,2850260000.0,0.0007172838797497229,0.018863296463429803,0.038025372773010185,0.001685670780911215,0.04433015835312733,0.8,estimativa_julgamental,baixa,WIKI_FLORIPA;HIPOTESE,Cultura e lazer: turismo e centralidade presumidos.,https://pt.wikipedia.org/wiki/Regi%C3%A3o_Metropolitana_de_Florian%C3%B3polis,2026-09-18
42018,Tubarão,9480,Organizações associativas e outros serviços pessoais,servicos,6575,2015,4804600.0,108382198.0,2850260000.0,0.0013455440301562366,0.03538542641484064,0.038025372773010185,0.001685670780911215,0.04433015835312733,1.0,estimativa_julgamental,baixa,HIPOTESE,Serviços pessoais e associações: demanda urbana presumida.,,2026-09-18
42018,Tubarão,9700,Serviços domésticos,servicos,6575,2015,4804600.0,108382198.0,2850260000.0,0.0012228756890976355,0.03215946616480282,0.038025372773010185,0.001685670780911215,0.04433015835312733,1.0,estimativa_julgamental,baixa,HIPOTESE,"Serviços domésticos: demanda residencial presumida, não emprego observado.",,2026-09-18
42019,Criciúma,0191,"Agricultura, inclusive o apoio à agricultura e a pós-colheita",agropecuaria,513,2015,315062.0,12485693.0,258967000.0,0.0008584763246826471,0.017805744237010736,0.04821344804550388,0.0012166106106183414,0.02523384164579411,1.0,estimativa_julgamental,baixa,ITUPORANGA;VAB;HIPOTESE,Reforço agrícola rural; escolha dos multiplicadores é hipótese.,https://cimamavi.sc.gov.br/municipios-associados/perfil/ituporanga ; https://sidra.ibge.gov.br/tabela/5938,2026-09-18
42019,Criciúma,0192,"Pecuária, inclusive o apoio à pecuária",agropecuaria,513,2015,315062.0,12485693.0,258967000.0,0.0002567426545159254,0.005325125352445475,0.04821344804550388,0.0012166106106183414,0.02523384164579411,0.5,estimativa_julgamental,baixa,ITAPIRANGA;FIESC_OESTE,Maior concentração pecuária no Oeste; magnitudes estimadas.,https://servicos.itapiranga.sc.gov.br/pagina-4919/ ; https://fiesc.com.br/imprensa/muito-mais-do-que-aves-e-suinos,2026-09-18
42019,Criciúma,0280,Produção florestal; pesca e aquicultura,agropecuaria,513,2015,315062.0,12485693.0,258967000.0,0.000294929471995203,0.006117161994239624,0.04821344804550388,0.0012166106106183414,0.02523384164579411,0.5,estimativa_julgamental,baixa,FIESC_MADEIRA;HIPOTESE,Combinação estimada de florestas interiores e pesca costeira.,https://fiesc.com.br/imprensa/portas-abertas-para-o-futuro,2026-09-18
42019,Criciúma,0580,Extração de carvão mineral e de minerais não metálicos,industria,517,2015,4134789.0,60267845.0,1160787000.0,0.028159974566426084,0.5423743447175252,0.051919813023405675,0.003562056604700087,0.06860688315634979,10.0,estimativa_julgamental,baixa,FIESC_HISTORIA;TIJUCAS,Carvão no Sul e minerais para construção; distribuição estimada.,https://fiesc.com.br/pt-br/imprensa/superar-desafios-e-historia-da-industria ; https://cincatarina.sc.gov.br/noticias.aspx?id=3670&s=43,2026-09-18
42019,Criciúma,0680,"Extração de petróleo e gás, inclusive as atividades de apoio",industria,517,2015,4134789.0,60267845.0,1160787000.0,0.0003922237129710676,0.007554413048333811,0.051919813023405675,0.003562056604700087,0.06860688315634979,0.1,estimativa_julgamental,muito_baixa,HIPOTESE,Localização hipotética de apoio costeiro; não comprova extração local ou offshore.,,2026-09-18
42019,Criciúma,0791,"Extração de minério de ferro, inclusive beneficiamentos e a aglomeração",industria,517,2015,4134789.0,60267845.0,1160787000.0,0.004121232892202804,0.07937688239256437,0.051919813023405675,0.003562056604700087,0.06860688315634979,1.2,estimativa_julgamental,muito_baixa,HIPOTESE,Sem evidência de polo de extração de ferro; prior quase VAB e confiança muito baixa.,,2026-09-18
42019,Criciúma,0792,"Extração de minerais metálicos não ferrosos, inclusive beneficiamentos",industria,517,2015,4134789.0,60267845.0,1160787000.0,0.004172994591458602,0.08037383704709025,0.051919813023405675,0.003562056604700087,0.06860688315634979,1.2,estimativa_julgamental,muito_baixa,HIPOTESE,Sem dados de extração metálica; pequenas diferenças apenas como hipótese.,,2026-09-18
42019,Criciúma,1091,"Abate e produtos de carne, inclusive os produtos do laticínio e da pesca",industria,517,2015,4134789.0,60267845.0,1160787000.0,0.0007913106599906992,0.015241015210011888,0.051919813023405675,0.003562056604700087,0.06860688315634979,0.4,estimativa_julgamental,baixa,FIESC_OESTE;ITAPIRANGA;HIPOTESE,Carnes e laticínios no Oeste; pesca incorporada de modo aproximado.,https://fiesc.com.br/imprensa/muito-mais-do-que-aves-e-suinos ; https://servicos.itapiranga.sc.gov.br/pagina-4919/,2026-09-18
42019,Criciúma,1092,Fabricação e refino de açúcar,industria,517,2015,4134789.0,60267845.0,1160787000.0,0.0026628443018812693,0.05128763273243776,0.051919813023405675,0.003562056604700087,0.06860688315634979,0.5,estimativa_julgamental,muito_baixa,HIPOTESE,Açúcar: produção dispersa presumida; nenhuma usina identificada por esta pesquisa.,,2026-09-18
42019,Criciúma,1093,Outros produtos alimentares,industria,517,2015,4134789.0,60267845.0,1160787000.0,0.0023773172446435154,0.04578824741860705,0.051919813023405675,0.003562056604700087,0.06860688315634979,1.0,estimativa_julgamental,baixa,FIESC_OESTE;HIPOTESE,Alimentos diversos: extensão qualitativa da agroindústria.,https://fiesc.com.br/imprensa/muito-mais-do-que-aves-e-suinos,2026-09-18
42019,Criciúma,1100,Fabricação de bebidas,industria,517,2015,4134789.0,60267845.0,1160787000.0,0.0015883114450646614,0.030591624903360953,0.051919813023405675,0.003562056604700087,0.06860688315634979,0.8,estimativa_julgamental,baixa,HIPOTESE,Bebidas: hipótese de polos urbanos e produção regional.,,2026-09-18
42019,Criciúma,1200,Fabricação de produtos do fumo,industria,517,2015,4134789.0,60267845.0,1160787000.0,0.0017051547957952168,0.032842082752234214,0.051919813023405675,0.003562056604700087,0.06860688315634979,0.3,estimativa_julgamental,baixa,HIPOTESE,Beneficiamento de fumo presumido próximo a áreas rurais; cultivo não equivale a fabricação.,,2026-09-18
42019,Criciúma,1300,Fabricação de produtos têxteis,industria,517,2015,4134789.0,60267845.0,1160787000.0,0.0006310872602905905,0.012155037230316945,0.051919813023405675,0.003562056604700087,0.06860688315634979,0.4,estimativa_julgamental,baixa,FIESC_HISTORIA,Têxteis no Vale; intensidade relativa estimada.,https://fiesc.com.br/pt-br/imprensa/superar-desafios-e-historia-da-industria,2026-09-18
42019,Criciúma,1400,Confecção de artefatos do vestuário e acessórios,industria,517,2015,4134789.0,60267845.0,1160787000.0,0.00571144399988474,0.11000509569073365,0.051919813023405675,0.003562056604700087,0.06860688315634979,3.0,estimativa_julgamental,baixa,FIESC_HISTORIA;HIPOTESE,Vestuário no Vale e extensões presumidas ao Sul.,https://fiesc.com.br/pt-br/imprensa/superar-desafios-e-historia-da-industria,2026-09-18
42019,Criciúma,1500,Fabricação de calçados e de artefatos de couro,industria,517,2015,4134789.0,60267845.0,1160787000.0,0.0007345567002509885,0.014147907272313312,0.051919813023405675,0.003562056604700087,0.06860688315634979,0.2,estimativa_julgamental,baixa,FIESC_CALCADOS;HIPOTESE,São João Batista ancora o fator de Tijucas; demais polos são hipóteses.,https://fiesc.com.br/sites/default/files/2018-04/IC_FIESC15_REVISAO_FINAL_0.pdf,2026-09-18
42019,Criciúma,1600,Fabricação de produtos da madeira,industria,517,2015,4134789.0,60267845.0,1160787000.0,0.0012878901283314994,0.024805369151674583,0.051919813023405675,0.003562056604700087,0.06860688315634979,0.5,estimativa_julgamental,baixa,FIESC_MADEIRA;FIESC_OESTE,Distribuição estimada da base madeireira.,https://fiesc.com.br/imprensa/portas-abertas-para-o-futuro ; https://fiesc.com.br/imprensa/muito-mais-do-que-aves-e-suinos,2026-09-18
42019,Criciúma,1700,"Fabricação de celulose, papel e produtos de papel",industria,517,2015,4134789.0,60267845.0,1160787000.0,0.0009831450333596128,0.018935835399029783,0.051919813023405675,0.003562056604700087,0.06860688315634979,0.3,estimativa_julgamental,baixa,FIESC_MADEIRA;HIPOTESE,Papel e celulose próximos da base florestal; fatores inferidos.,https://fiesc.com.br/imprensa/portas-abertas-para-o-futuro,2026-09-18
42019,Criciúma,1800,Impressão e reprodução de gravações,industria,517,2015,4134789.0,60267845.0,1160787000.0,0.0022620945802200843,0.04356900474969589,0.051919813023405675,0.003562056604700087,0.06860688315634979,1.0,estimativa_julgamental,baixa,HIPOTESE,Impressão: demanda urbana e empresarial presumida.,,2026-09-18
42019,Criciúma,1991,Refino de petróleo e coquerias,industria,517,2015,4134789.0,60267845.0,1160787000.0,0.02516845117787137,0.4847561983038214,0.051919813023405675,0.003562056604700087,0.06860688315634979,8.0,estimativa_julgamental,muito_baixa,HIPOTESE,Hipótese de coquerias no Sul; terminais de petróleo não tratados como refinarias.,,2026-09-18
42019,Criciúma,1992,Fabricação de biocombustíveis,industria,517,2015,4134789.0,60267845.0,1160787000.0,0.0015634882405242655,0.03011351831755323,0.051919813023405675,0.003562056604700087,0.06860688315634979,0.4,estimativa_julgamental,muito_baixa,HIPOTESE,Biocombustíveis: proximidade presumida de insumos agropecuários; baixa confiança.,,2026-09-18
42019,Criciúma,2091,"Fabricação de químicos orgânicos e inorgânicos, resinas e elastômeros",industria,517,2015,4134789.0,60267845.0,1160787000.0,0.005961195122011689,0.11481541968042829,0.051919813023405675,0.003562056604700087,0.06860688315634979,3.0,estimativa_julgamental,baixa,HIPOTESE,Química básica: proximidade industrial presumida.,,2026-09-18
42019,Criciúma,2092,"Fabricação de defensivos, desinfestantes, tintas e químicos diversos",industria,517,2015,4134789.0,60267845.0,1160787000.0,0.00992442801032183,0.1911491477414962,0.051919813023405675,0.003562056604700087,0.06860688315634979,5.0,estimativa_julgamental,baixa,HIPOTESE,Tintas e químicos: hipótese de integração com manufaturas.,,2026-09-18
42019,Criciúma,2093,"Fabricação de produtos de limpeza, cosméticos/perfumaria e higiene pessoal",industria,517,2015,4134789.0,60267845.0,1160787000.0,0.0022768084749947453,0.0438524012782625,0.051919813023405675,0.003562056604700087,0.06860688315634979,1.0,estimativa_julgamental,baixa,HIPOTESE,Limpeza e cosméticos: mercados urbanos presumidos.,,2026-09-18
42019,Criciúma,2100,Fabricação de produtos farmoquímicos e farmacêuticos,industria,517,2015,4134789.0,60267845.0,1160787000.0,0.0011662140368964772,0.022461830445551546,0.051919813023405675,0.003562056604700087,0.06860688315634979,0.5,estimativa_julgamental,baixa,HIPOTESE,Fármacos: hipótese de infraestrutura técnica e urbana; não inventário de fábricas.,,2026-09-18
42019,Criciúma,2200,Fabricação de produtos de borracha e de material plástico,industria,517,2015,4134789.0,60267845.0,1160787000.0,0.00652217530084479,0.12562016157308897,0.051919813023405675,0.003562056604700087,0.06860688315634979,4.0,estimativa_julgamental,baixa,FIESC_HISTORIA;HIPOTESE,"Plásticos dispersos, com reforço industrial estimado.",https://fiesc.com.br/pt-br/imprensa/superar-desafios-e-historia-da-industria,2026-09-18
42019,Criciúma,2300,Fabricação de produtos de minerais não metálicos,industria,517,2015,4134789.0,60267845.0,1160787000.0,0.0231204269409467,0.44531028897434416,0.051919813023405675,0.003562056604700087,0.06860688315634979,8.0,estimativa_julgamental,baixa,FIESC_HISTORIA;TIJUCAS,Cerâmica Sul e Tijucas; demais minerais agregados por hipótese.,https://fiesc.com.br/pt-br/imprensa/superar-desafios-e-historia-da-industria ; https://cincatarina.sc.gov.br/noticias.aspx?id=3670&s=43,2026-09-18
42019,Criciúma,2491,"Produção de ferro gusa/ferroligas, siderurgia e tubos de aço sem costura",industria,517,2015,4134789.0,60267845.0,1160787000.0,0.005032322227560333,0.09692489118348212,0.051919813023405675,0.003562056604700087,0.06860688315634979,3.0,estimativa_julgamental,baixa,HIPOTESE,Siderurgia presumida nos polos metalúrgicos; peso não observado.,,2026-09-18
42019,Criciúma,2492,Metalurgia de metais não ferosos e a fundição de metais,industria,517,2015,4134789.0,60267845.0,1160787000.0,0.002329498982599136,0.044867245218101766,0.051919813023405675,0.003562056604700087,0.06860688315634979,2.0,estimativa_julgamental,baixa,FIESC_HISTORIA;HIPOTESE,Fundição e metais: extensão estimada do polo metalmecânico.,https://fiesc.com.br/pt-br/imprensa/superar-desafios-e-historia-da-industria,2026-09-18
42019,Criciúma,2500,"Fabricação de produtos de metal, exceto máquinas e equipamentos",industria,517,2015,4134789.0,60267845.0,1160787000.0,0.003326158475010991,0.06406337544997599,0.051919813023405675,0.003562056604700087,0.06860688315634979,2.0,estimativa_julgamental,baixa,FIESC_HISTORIA;HIPOTESE,Produtos de metal: polos industriais e fornecedores presumidos.,https://fiesc.com.br/pt-br/imprensa/superar-desafios-e-historia-da-industria,2026-09-18
42019,Criciúma,2600,"Fabricação de equipamentos de informática, produtos eletrônicos e ópticos",industria,517,2015,4134789.0,60267845.0,1160787000.0,0.00041288277335305845,0.007952316260594566,0.051919813023405675,0.003562056604700087,0.06860688315634979,0.3,estimativa_julgamental,baixa,ACATE;HIPOTESE,Eletrônica aproximada pelos polos tecnológicos; software não é fabricação.,https://www.acate.com.br/noticias/acate-completa-30-anos-e-comemora-consolidacao-do-setor-em-sc/,2026-09-18
42019,Criciúma,2700,Fabricação de máquinas e equipamentos elétricos,industria,517,2015,4134789.0,60267845.0,1160787000.0,0.000296312409874815,0.005707116274498833,0.051919813023405675,0.003562056604700087,0.06860688315634979,0.3,estimativa_julgamental,baixa,FIESC_HISTORIA;HIPOTESE,Equipamentos elétricos no Norte; intensidades inferidas.,https://fiesc.com.br/pt-br/imprensa/superar-desafios-e-historia-da-industria,2026-09-18
42019,Criciúma,2800,Fabricação de máquinas e equipamentos mecânicos,industria,517,2015,4134789.0,60267845.0,1160787000.0,0.0006481880095727472,0.012484405698467003,0.051919813023405675,0.003562056604700087,0.06860688315634979,0.5,estimativa_julgamental,baixa,FIESC_HISTORIA;FIESC_OESTE,Máquinas: reforço estimado de polos industriais.,https://fiesc.com.br/pt-br/imprensa/superar-desafios-e-historia-da-industria ; https://fiesc.com.br/imprensa/muito-mais-do-que-aves-e-suinos,2026-09-18
42019,Criciúma,2991,"Fabricação de automóveis, caminhões e ônibus, exceto peças",industria,517,2015,4134789.0,60267845.0,1160787000.0,0.000726141547200566,0.013985827469625484,0.051919813023405675,0.003562056604700087,0.06860688315634979,1.0,estimativa_julgamental,baixa,BMW;HIPOTESE,Araquari confirmado antes de 2015; outras produções agregadas são hipóteses.,https://www.press.bmwgroup.com/portugal/article/detail/T0194787PT/bmw-group-assembles-first-car-in-brazil?language=pt,2026-09-18
42019,Criciúma,2992,Fabricação de peças e acessórios para veículos automotores,industria,517,2015,4134789.0,60267845.0,1160787000.0,0.002329498982599136,0.044867245218101766,0.051919813023405675,0.003562056604700087,0.06860688315634979,2.0,estimativa_julgamental,baixa,BMW;HIPOTESE,Autopeças: proximidade presumida de montagem e metalmecânica.,https://www.press.bmwgroup.com/portugal/article/detail/T0194787PT/bmw-group-assembles-first-car-in-brazil?language=pt,2026-09-18
42019,Criciúma,3000,"Fabricação de outros equipamentos de transporte, exceto veículos automotores",industria,517,2015,4134789.0,60267845.0,1160787000.0,0.0003487162836556022,0.0067164395121839015,0.051919813023405675,0.003562056604700087,0.06860688315634979,0.2,estimativa_julgamental,baixa,FIESC_PORTOS;HIPOTESE,Transporte não automotivo: hipótese de produção naval costeira.,https://fiesc.com.br/pt-br/imprensa/podio-da-industria-os-setores-que-mais-se-destacaram-em-sc,2026-09-18
42019,Criciúma,3180,Fabricação de móveis e de produtos de indústrias diversas,industria,517,2015,4134789.0,60267845.0,1160787000.0,0.0015338904377526874,0.02954345072585687,0.051919813023405675,0.003562056604700087,0.06860688315634979,0.6,estimativa_julgamental,baixa,FIESC_MADEIRA;FIESC_OESTE,Móveis com polo em São Bento; outras indústrias agregadas ao mesmo perfil.,https://fiesc.com.br/imprensa/portas-abertas-para-o-futuro ; https://fiesc.com.br/imprensa/muito-mais-do-que-aves-e-suinos,2026-09-18
42019,Criciúma,3300,"Manutenção, reparação e instalação de máquinas e equipamentos",industria,517,2015,4134789.0,60267845.0,1160787000.0,0.004225689822067822,0.08138877195422223,0.051919813023405675,0.003562056604700087,0.06860688315634979,2.0,estimativa_julgamental,baixa,HIPOTESE,Manutenção segue demanda industrial e logística presumida.,,2026-09-18
42019,Criciúma,3500,"Energia elétrica, gás natural e outras utilidades",industria,517,2015,4134789.0,60267845.0,1160787000.0,0.002388063561452241,0.04599522653087545,0.051919813023405675,0.003562056604700087,0.06860688315634979,1.0,estimativa_julgamental,baixa,WIKI_ENERGIA;HIPOTESE,"Geração e utilidades: reforço de Tubarão; hidroeletricidade e redes aproximadas. Fator de produção, não de carbono.",https://pt.wikipedia.org/wiki/Complexo_Termoel%C3%A9trico_Jorge_Lacerda,2026-09-18
42019,Criciúma,3680,"Água, esgoto e gestão de resíduos",industria,517,2015,4134789.0,60267845.0,1160787000.0,0.002872658454825286,0.05532875192617276,0.051919813023405675,0.003562056604700087,0.06860688315634979,1.0,estimativa_julgamental,baixa,HIPOTESE,Saneamento: demanda urbana presumida.,,2026-09-18
42019,Criciúma,4180,Construção,industria,517,2015,4134789.0,60267845.0,1160787000.0,0.002697052035663062,0.05194648976195695,0.051919813023405675,0.003562056604700087,0.06860688315634979,1.0,estimativa_julgamental,baixa,WIKI_FLORIPA;HIPOTESE,Construção: reforço presumido do litoral urbano.,https://pt.wikipedia.org/wiki/Regi%C3%A3o_Metropolitana_de_Florian%C3%B3polis,2026-09-18
42019,Criciúma,4580,Comércio por atacado e varejo,servicos,6575,2015,5730931.0,108382198.0,2850260000.0,0.0015135924714952142,0.039804802980643976,0.038025372773010185,0.002010669552953064,0.052877050897233144,1.0,estimativa_julgamental,baixa,HIPOTESE,Comércio: centralidade regional e logística presumidas.,,2026-09-18
42019,Criciúma,4900,Transporte terrestre,servicos,6575,2015,5730931.0,108382198.0,2850260000.0,0.0013241524724063366,0.03482286630852438,0.038025372773010185,0.002010669552953064,0.052877050897233144,1.0,estimativa_julgamental,baixa,FIESC_PORTOS;HIPOTESE,Transporte terrestre: conexão presumida de polos produtivos e portos.,https://fiesc.com.br/pt-br/imprensa/podio-da-industria-os-setores-que-mais-se-destacaram-em-sc,2026-09-18
42019,Criciúma,5000,Transporte aquaviário,servicos,6575,2015,5730931.0,108382198.0,2850260000.0,2.8310185679553006e-05,0.0007445077750729411,0.038025372773010185,0.002010669552953064,0.052877050897233144,0.05,estimativa_julgamental,baixa,FIESC_PORTOS,Concentração portuária; sede de transportadora e movimentação não são equivalentes.,https://fiesc.com.br/pt-br/imprensa/podio-da-industria-os-setores-que-mais-se-destacaram-em-sc,2026-09-18
42019,Criciúma,5100,Transporte aéreo,servicos,6575,2015,5730931.0,108382198.0,2850260000.0,2.4160361791972533e-05,0.0006353747519109446,0.038025372773010185,0.002010669552953064,0.052877050897233144,0.05,estimativa_julgamental,baixa,HIPOTESE,"Transporte aéreo: aproximação por aeroportos, não por sede de companhia.",,2026-09-18
42019,Criciúma,5280,"Armazenamento, atividades auxiliares dos transportes e correio",servicos,6575,2015,5730931.0,108382198.0,2850260000.0,0.00019686222685849056,0.005177128125308485,0.038025372773010185,0.002010669552953064,0.052877050897233144,0.3,estimativa_julgamental,baixa,FIESC_PORTOS;HIPOTESE,Armazenamento e apoio: concentração logística estimada.,https://fiesc.com.br/pt-br/imprensa/podio-da-industria-os-setores-que-mais-se-destacaram-em-sc,2026-09-18
42019,Criciúma,5500,Alojamento,servicos,6575,2015,5730931.0,108382198.0,2850260000.0,0.0006237151581866932,0.016402604700548693,0.038025372773010185,0.002010669552953064,0.052877050897233144,0.7,estimativa_julgamental,baixa,WIKI_FLORIPA;HIPOTESE,Alojamento: litoral e turismo serrano/rural presumidos.,https://pt.wikipedia.org/wiki/Regi%C3%A3o_Metropolitana_de_Florian%C3%B3polis,2026-09-18
42019,Criciúma,5600,Alimentação,servicos,6575,2015,5730931.0,108382198.0,2850260000.0,0.001318177172709248,0.03466572650261747,0.038025372773010185,0.002010669552953064,0.052877050897233144,1.0,estimativa_julgamental,baixa,WIKI_FLORIPA;HIPOTESE,Alimentação acompanha turismo e mercados urbanos.,https://pt.wikipedia.org/wiki/Regi%C3%A3o_Metropolitana_de_Florian%C3%B3polis,2026-09-18
42019,Criciúma,5800,Edição e edição integrada à impressão,servicos,6575,2015,5730931.0,108382198.0,2850260000.0,0.000912406729568172,0.023994682051237747,0.038025372773010185,0.002010669552953064,0.052877050897233144,0.8,estimativa_julgamental,baixa,HIPOTESE,Edição: concentração urbana presumida.,,2026-09-18
42019,Criciúma,5980,"Atividades de televisão, rádio, cinema e  gravação/edição de som e imagem",servicos,6575,2015,5730931.0,108382198.0,2850260000.0,0.0014613796294224593,0.038431697649515845,0.038025372773010185,0.002010669552953064,0.052877050897233144,1.5,estimativa_julgamental,baixa,HIPOTESE,Mídia: centralidade da capital e polos regionais presumida.,,2026-09-18
42019,Criciúma,6100,Telecomunicações,servicos,6575,2015,5730931.0,108382198.0,2850260000.0,0.0012269328207984884,0.032266161547516665,0.038025372773010185,0.002010669552953064,0.052877050897233144,1.0,estimativa_julgamental,baixa,ACATE;HIPOTESE,Telecom: perfil urbano inferido; polos de TI são apenas contexto.,https://www.acate.com.br/noticias/acate-completa-30-anos-e-comemora-consolidacao-do-setor-em-sc/,2026-09-18
42019,Criciúma,6280,Desenvolvimento de sistemas e outros serviços de informação,servicos,6575,2015,5730931.0,108382198.0,2850260000.0,0.0009550965370740514,0.0251173484287829,0.038025372773010185,0.002010669552953064,0.052877050897233144,1.5,estimativa_julgamental,baixa,ACATE,Software e informação: polos documentados; multiplicadores julgamentais.,https://www.acate.com.br/noticias/acate-completa-30-anos-e-comemora-consolidacao-do-setor-em-sc/,2026-09-18
42019,Criciúma,6480,"Intermediação financeira, seguros e previdência complementar",servicos,6575,2015,5730931.0,108382198.0,2850260000.0,0.0008606387591474331,0.02263327605714627,0.038025372773010185,0.002010669552953064,0.052877050897233144,0.8,estimativa_julgamental,baixa,HIPOTESE,Finanças: sedes e mercados urbanos presumidos.,,2026-09-18
42019,Criciúma,6800,Atividades imobiliárias,servicos,6575,2015,5730931.0,108382198.0,2850260000.0,0.0012106386166753622,0.03183765281939996,0.038025372773010185,0.002010669552953064,0.052877050897233144,1.0,estimativa_julgamental,baixa,WIKI_FLORIPA;HIPOTESE,Imobiliário: reforço litorâneo presumido; inclui aluguéis imputados.,https://pt.wikipedia.org/wiki/Regi%C3%A3o_Metropolitana_de_Florian%C3%B3polis,2026-09-18
42019,Criciúma,6980,"Atividades jurídicas, contábeis, consultoria e sedes de empresas ",servicos,6575,2015,5730931.0,108382198.0,2850260000.0,0.0006779553434769621,0.01782902556995218,0.038025372773010185,0.002010669552953064,0.052877050897233144,0.7,estimativa_julgamental,baixa,HIPOTESE,Serviços empresariais: sedes e centralidade presumidas.,,2026-09-18
42019,Criciúma,7180,"Serviços de arquitetura, engenharia, testes/análises técnicas e P & D",servicos,6575,2015,5730931.0,108382198.0,2850260000.0,0.0018895182537706987,0.04969098567553949,0.038025372773010185,0.002010669552953064,0.052877050897233144,2.0,estimativa_julgamental,baixa,ACATE;HIPOTESE,Engenharia e P&D: integração presumida com tecnologia e indústria.,https://www.acate.com.br/noticias/acate-completa-30-anos-e-comemora-consolidacao-do-setor-em-sc/,2026-09-18
42019,Criciúma,7380,"Outras atividades profissionais, científicas e técnicas",servicos,6575,2015,5730931.0,108382198.0,2850260000.0,0.0011713113221637024,0.03080341458204141,0.038025372773010185,0.002010669552953064,0.052877050897233144,1.0,estimativa_julgamental,baixa,HIPOTESE,Outros serviços técnicos: concentração urbana moderada.,,2026-09-18
42019,Criciúma,7700,Aluguéis não imobiliários e gestão de ativos de propriedade intelectual,servicos,6575,2015,5730931.0,108382198.0,2850260000.0,0.0011952385635275356,0.031432658679309444,0.038025372773010185,0.002010669552953064,0.052877050897233144,1.0,estimativa_julgamental,baixa,HIPOTESE,Aluguéis de equipamentos: demanda empresarial presumida.,,2026-09-18
42019,Criciúma,7880,Outras atividades administrativas e serviços complementares,servicos,6575,2015,5730931.0,108382198.0,2850260000.0,0.0012433445036052677,0.032697759757079205,0.038025372773010185,0.002010669552953064,0.052877050897233144,1.0,estimativa_julgamental,baixa,HIPOTESE,Serviços administrativos: mercados urbanos presumidos.,,2026-09-18
42019,Criciúma,8000,"Atividades de vigilância, segurança e investigação",servicos,6575,2015,5730931.0,108382198.0,2850260000.0,0.0016747580700675999,0.04404317296414033,0.038025372773010185,0.002010669552953064,0.052877050897233144,1.3,estimativa_julgamental,baixa,HIPOTESE,Segurança: demanda industrial e urbana presumida.,,2026-09-18
42019,Criciúma,8400,"Administração pública, defesa e seguridade social",administracao_publica,525,2015,1559255.0,28534686.0,885587000.0,0.0013484936937335947,0.041851117084395206,0.03222121146764802,0.0017607022234969573,0.05464419689075955,1.0,estimativa_julgamental,baixa,VAB;HIPOTESE,Administração: reforço da capital; não mede empregos públicos municipais.,https://sidra.ibge.gov.br/tabela/5938,2026-09-18
42019,Criciúma,8591,Educação pública,administracao_publica,525,2015,1559255.0,28534686.0,885587000.0,0.0015951108510309957,0.04950499308918228,0.03222121146764802,0.0017607022234969573,0.05464419689075955,1.0,estimativa_julgamental,baixa,VAB;HIPOTESE,Educação pública: perfil difuso com polos de ensino presumidos.,https://sidra.ibge.gov.br/tabela/5938,2026-09-18
42019,Criciúma,8592,Educação privada,servicos,6575,2015,5730931.0,108382198.0,2850260000.0,0.0019451835403213793,0.051154884185699294,0.038025372773010185,0.002010669552953064,0.052877050897233144,1.8,estimativa_julgamental,baixa,HIPOTESE,Educação privada: centros regionais presumidos.,,2026-09-18
42019,Criciúma,8691,Saúde pública,administracao_publica,525,2015,1559255.0,28534686.0,885587000.0,0.0019055406623661746,0.05913932392887986,0.03222121146764802,0.0017607022234969573,0.05464419689075955,1.3,estimativa_julgamental,baixa,VAB;HIPOTESE,"Saúde pública: rede regional presumida, sem contagem de leitos.",https://sidra.ibge.gov.br/tabela/5938,2026-09-18
42019,Criciúma,8692,Saúde privada,servicos,6575,2015,5730931.0,108382198.0,2850260000.0,0.0019360371493040499,0.05091435029082,0.038025372773010185,0.002010669552953064,0.052877050897233144,1.7,estimativa_julgamental,baixa,HIPOTESE,Saúde privada: centralidade regional presumida.,,2026-09-18
42019,Criciúma,9080,"Atividades artísticas, criativas e de espetáculos",servicos,6575,2015,5730931.0,108382198.0,2850260000.0,0.0008555768268446821,0.022500156197073684,0.038025372773010185,0.002010669552953064,0.052877050897233144,0.8,estimativa_julgamental,baixa,WIKI_FLORIPA;HIPOTESE,Cultura e lazer: turismo e centralidade presumidos.,https://pt.wikipedia.org/wiki/Regi%C3%A3o_Metropolitana_de_Florian%C3%B3polis,2026-09-18
42019,Criciúma,9480,Organizações associativas e outros serviços pessoais,servicos,6575,2015,5730931.0,108382198.0,2850260000.0,0.001604966072989908,0.04220776697103382,0.038025372773010185,0.002010669552953064,0.052877050897233144,1.0,estimativa_julgamental,baixa,HIPOTESE,Serviços pessoais e associações: demanda urbana presumida.,,2026-09-18
42019,Criciúma,9700,Serviços domésticos,servicos,6575,2015,5730931.0,108382198.0,2850260000.0,0.001458647170585689,0.03835983881849053,0.038025372773010185,0.002010669552953064,0.052877050897233144,1.0,estimativa_julgamental,baixa,HIPOTESE,"Serviços domésticos: demanda residencial presumida, não emprego observado.",,2026-09-18
42020,Araranguá,0191,"Agricultura, inclusive o apoio à agricultura e a pós-colheita",agropecuaria,513,2015,566624.0,12485693.0,258967000.0,0.0030878575581757255,0.0640455657778594,0.04821344804550388,0.0021880162337286216,0.045381862264273196,2.0,estimativa_julgamental,baixa,ITUPORANGA;VAB;HIPOTESE,Reforço agrícola rural; escolha dos multiplicadores é hipótese.,https://cimamavi.sc.gov.br/municipios-associados/perfil/ituporanga ; https://sidra.ibge.gov.br/tabela/5938,2026-09-18
42020,Araranguá,0192,"Pecuária, inclusive o apoio à pecuária",agropecuaria,513,2015,566624.0,12485693.0,258967000.0,0.0004617394350078135,0.009576984300563269,0.04821344804550388,0.0021880162337286216,0.045381862264273196,0.5,estimativa_julgamental,baixa,ITAPIRANGA;FIESC_OESTE,Maior concentração pecuária no Oeste; magnitudes estimadas.,https://servicos.itapiranga.sc.gov.br/pagina-4919/ ; https://fiesc.com.br/imprensa/muito-mais-do-que-aves-e-suinos,2026-09-18
42020,Araranguá,0280,Produção florestal; pesca e aquicultura,agropecuaria,513,2015,566624.0,12485693.0,258967000.0,0.0021216664293353038,0.04400569789849657,0.04821344804550388,0.0021880162337286216,0.045381862264273196,2.0,estimativa_julgamental,baixa,FIESC_MADEIRA;HIPOTESE,Combinação estimada de florestas interiores e pesca costeira.,https://fiesc.com.br/imprensa/portas-abertas-para-o-futuro,2026-09-18
42020,Araranguá,0580,Extração de carvão mineral e de minerais não metálicos,industria,517,2015,832422.0,60267845.0,1160787000.0,0.0017007626518693122,0.03275748799601033,0.051919813023405675,0.0007171186445058395,0.013812041893981775,3.0,estimativa_julgamental,baixa,FIESC_HISTORIA;TIJUCAS,Carvão no Sul e minerais para construção; distribuição estimada.,https://fiesc.com.br/pt-br/imprensa/superar-desafios-e-historia-da-industria ; https://cincatarina.sc.gov.br/noticias.aspx?id=3670&s=43,2026-09-18
42020,Araranguá,0680,"Extração de petróleo e gás, inclusive as atividades de apoio",industria,517,2015,832422.0,60267845.0,1160787000.0,7.896307347214138e-05,0.0015208659059797556,0.051919813023405675,0.0007171186445058395,0.013812041893981775,0.1,estimativa_julgamental,muito_baixa,HIPOTESE,Localização hipotética de apoio costeiro; não comprova extração local ou offshore.,,2026-09-18
42020,Araranguá,0791,"Extração de minério de ferro, inclusive beneficiamentos e a aglomeração",industria,517,2015,832422.0,60267845.0,1160787000.0,0.0006914107198281947,0.01331689541170928,0.051919813023405675,0.0007171186445058395,0.013812041893981775,1.0,estimativa_julgamental,muito_baixa,HIPOTESE,Sem evidência de polo de extração de ferro; prior quase VAB e confiança muito baixa.,,2026-09-18
42020,Araranguá,0792,"Extração de minerais metálicos não ferrosos, inclusive beneficiamentos",industria,517,2015,832422.0,60267845.0,1160787000.0,0.0007000946730718207,0.013484152432448378,0.051919813023405675,0.0007171186445058395,0.013812041893981775,1.0,estimativa_julgamental,muito_baixa,HIPOTESE,Sem dados de extração metálica; pequenas diferenças apenas como hipótese.,,2026-09-18
42020,Araranguá,1091,"Abate e produtos de carne, inclusive os produtos do laticínio e da pesca",industria,517,2015,832422.0,60267845.0,1160787000.0,0.00015930786364449983,0.0030683443249821247,0.051919813023405675,0.0007171186445058395,0.013812041893981775,0.4,estimativa_julgamental,baixa,FIESC_OESTE;ITAPIRANGA;HIPOTESE,Carnes e laticínios no Oeste; pesca incorporada de modo aproximado.,https://fiesc.com.br/imprensa/muito-mais-do-que-aves-e-suinos ; https://servicos.itapiranga.sc.gov.br/pagina-4919/,2026-09-18
42020,Araranguá,1092,Fabricação e refino de açúcar,industria,517,2015,832422.0,60267845.0,1160787000.0,0.0005360878582826379,0.01032530410001606,0.051919813023405675,0.0007171186445058395,0.013812041893981775,0.5,estimativa_julgamental,muito_baixa,HIPOTESE,Açúcar: produção dispersa presumida; nenhuma usina identificada por esta pesquisa.,,2026-09-18
42020,Araranguá,1093,Outros produtos alimentares,industria,517,2015,832422.0,60267845.0,1160787000.0,0.0009572102351150901,0.018436318996056005,0.051919813023405675,0.0007171186445058395,0.013812041893981775,2.0,estimativa_julgamental,baixa,FIESC_OESTE;HIPOTESE,Alimentos diversos: extensão qualitativa da agroindústria.,https://fiesc.com.br/imprensa/muito-mais-do-que-aves-e-suinos,2026-09-18
42020,Araranguá,1100,Fabricação de bebidas,industria,517,2015,832422.0,60267845.0,1160787000.0,0.00031976127191100093,0.00615875237776475,0.051919813023405675,0.0007171186445058395,0.013812041893981775,0.8,estimativa_julgamental,baixa,HIPOTESE,Bebidas: hipótese de polos urbanos e produção regional.,,2026-09-18
42020,Araranguá,1200,Fabricação de produtos do fumo,industria,517,2015,832422.0,60267845.0,1160787000.0,0.0034328435270226513,0.06611817969134655,0.051919813023405675,0.0007171186445058395,0.013812041893981775,3.0,estimativa_julgamental,baixa,HIPOTESE,Beneficiamento de fumo presumido próximo a áreas rurais; cultivo não equivale a fabricação.,,2026-09-18
42020,Araranguá,1300,Fabricação de produtos têxteis,industria,517,2015,832422.0,60267845.0,1160787000.0,0.000127051445523729,0.0024470705521696247,0.051919813023405675,0.0007171186445058395,0.013812041893981775,0.4,estimativa_julgamental,baixa,FIESC_HISTORIA,Têxteis no Vale; intensidade relativa estimada.,https://fiesc.com.br/pt-br/imprensa/superar-desafios-e-historia-da-industria,2026-09-18
42020,Araranguá,1400,Confecção de artefatos do vestuário e acessórios,industria,517,2015,832422.0,60267845.0,1160787000.0,0.0015331154382233468,0.02952852387068905,0.051919813023405675,0.0007171186445058395,0.013812041893981775,4.0,estimativa_julgamental,baixa,FIESC_HISTORIA;HIPOTESE,Vestuário no Vale e extensões presumidas ao Sul.,https://fiesc.com.br/pt-br/imprensa/superar-desafios-e-historia-da-industria,2026-09-18
42020,Araranguá,1500,Fabricação de calçados e de artefatos de couro,industria,517,2015,832422.0,60267845.0,1160787000.0,0.0029576414058193937,0.0569655635024355,0.051919813023405675,0.0007171186445058395,0.013812041893981775,4.0,estimativa_julgamental,baixa,FIESC_CALCADOS;HIPOTESE,São João Batista ancora o fator de Tijucas; demais polos são hipóteses.,https://fiesc.com.br/sites/default/files/2018-04/IC_FIESC15_REVISAO_FINAL_0.pdf,2026-09-18
42020,Araranguá,1600,Fabricação de produtos da madeira,industria,517,2015,832422.0,60267845.0,1160787000.0,0.0002592799962479254,0.004993854583625733,0.051919813023405675,0.0007171186445058395,0.013812041893981775,0.5,estimativa_julgamental,baixa,FIESC_MADEIRA;FIESC_OESTE,Distribuição estimada da base madeireira.,https://fiesc.com.br/imprensa/portas-abertas-para-o-futuro ; https://fiesc.com.br/imprensa/muito-mais-do-que-aves-e-suinos,2026-09-18
42020,Araranguá,1700,"Fabricação de celulose, papel e produtos de papel",industria,517,2015,832422.0,60267845.0,1160787000.0,0.00019792825098433693,0.0038121911358792843,0.051919813023405675,0.0007171186445058395,0.013812041893981775,0.3,estimativa_julgamental,baixa,FIESC_MADEIRA;HIPOTESE,Papel e celulose próximos da base florestal; fatores inferidos.,https://fiesc.com.br/imprensa/portas-abertas-para-o-futuro,2026-09-18
42020,Araranguá,1800,Impressão e reprodução de gravações,industria,517,2015,832422.0,60267845.0,1160787000.0,0.0004554083157945818,0.008771378194087135,0.051919813023405675,0.0007171186445058395,0.013812041893981775,1.0,estimativa_julgamental,baixa,HIPOTESE,Impressão: demanda urbana e empresarial presumida.,,2026-09-18
42020,Araranguá,1991,Refino de petróleo e coquerias,industria,517,2015,832422.0,60267845.0,1160787000.0,0.00012667377021164826,0.0024397963481598665,0.051919813023405675,0.0007171186445058395,0.013812041893981775,0.2,estimativa_julgamental,muito_baixa,HIPOTESE,Hipótese de coquerias no Sul; terminais de petróleo não tratados como refinarias.,,2026-09-18
42020,Araranguá,1992,Fabricação de biocombustíveis,industria,517,2015,832422.0,60267845.0,1160787000.0,0.00031476382667983545,0.006062499233923253,0.051919813023405675,0.0007171186445058395,0.013812041893981775,0.4,estimativa_julgamental,muito_baixa,HIPOTESE,Biocombustíveis: proximidade presumida de insumos agropecuários; baixa confiança.,,2026-09-18
42020,Araranguá,2091,"Fabricação de químicos orgânicos e inorgânicos, resinas e elastômeros",industria,517,2015,832422.0,60267845.0,1160787000.0,0.00020001947563528288,0.0038524691054860546,0.051919813023405675,0.0007171186445058395,0.013812041893981775,0.5,estimativa_julgamental,baixa,HIPOTESE,Química básica: proximidade industrial presumida.,,2026-09-18
42020,Araranguá,2092,"Fabricação de defensivos, desinfestantes, tintas e químicos diversos",industria,517,2015,832422.0,60267845.0,1160787000.0,0.00027972012836668,0.005387541134645091,0.051919813023405675,0.0007171186445058395,0.013812041893981775,0.7,estimativa_julgamental,baixa,HIPOTESE,Tintas e químicos: hipótese de integração com manufaturas.,,2026-09-18
42020,Araranguá,2093,"Fabricação de produtos de limpeza, cosméticos/perfumaria e higiene pessoal",industria,517,2015,832422.0,60267845.0,1160787000.0,0.0004583705394331067,0.008828432013545027,0.051919813023405675,0.0007171186445058395,0.013812041893981775,1.0,estimativa_julgamental,baixa,HIPOTESE,Limpeza e cosméticos: mercados urbanos presumidos.,,2026-09-18
42020,Araranguá,2100,Fabricação de produtos farmoquímicos e farmacêuticos,industria,517,2015,832422.0,60267845.0,1160787000.0,0.00023478398075970489,0.004522049812734558,0.051919813023405675,0.0007171186445058395,0.013812041893981775,0.5,estimativa_julgamental,baixa,HIPOTESE,Fármacos: hipótese de infraestrutura técnica e urbana; não inventário de fábricas.,,2026-09-18
42020,Araranguá,2200,Fabricação de produtos de borracha e de material plástico,industria,517,2015,832422.0,60267845.0,1160787000.0,0.00019695813528621973,0.003793506251600524,0.051919813023405675,0.0007171186445058395,0.013812041893981775,0.6,estimativa_julgamental,baixa,FIESC_HISTORIA;HIPOTESE,"Plásticos dispersos, com reforço industrial estimado.",https://fiesc.com.br/pt-br/imprensa/superar-desafios-e-historia-da-industria,2026-09-18
42020,Araranguá,2300,Fabricação de produtos de minerais não metálicos,industria,517,2015,832422.0,60267845.0,1160787000.0,0.0017454897972154746,0.03361895383615115,0.051919813023405675,0.0007171186445058395,0.013812041893981775,3.0,estimativa_julgamental,baixa,FIESC_HISTORIA;TIJUCAS,Cerâmica Sul e Tijucas; demais minerais agregados por hipótese.,https://fiesc.com.br/pt-br/imprensa/superar-desafios-e-historia-da-industria ; https://cincatarina.sc.gov.br/noticias.aspx?id=3670&s=43,2026-09-18
42020,Araranguá,2491,"Produção de ferro gusa/ferroligas, siderurgia e tubos de aço sem costura",industria,517,2015,832422.0,60267845.0,1160787000.0,0.00010131147522425514,0.0019513066269823331,0.051919813023405675,0.0007171186445058395,0.013812041893981775,0.3,estimativa_julgamental,baixa,HIPOTESE,Siderurgia presumida nos polos metalúrgicos; peso não observado.,,2026-09-18
42020,Araranguá,2492,Metalurgia de metais não ferosos e a fundição de metais,industria,517,2015,832422.0,60267845.0,1160787000.0,7.034674086488347e-05,0.0013549112904773146,0.051919813023405675,0.0007171186445058395,0.013812041893981775,0.3,estimativa_julgamental,baixa,FIESC_HISTORIA;HIPOTESE,Fundição e metais: extensão estimada do polo metalmecânico.,https://fiesc.com.br/pt-br/imprensa/superar-desafios-e-historia-da-industria,2026-09-18
42020,Araranguá,2500,"Fabricação de produtos de metal, exceto máquinas e equipamentos",industria,517,2015,832422.0,60267845.0,1160787000.0,0.00023436954619206917,0.00451406760818677,0.051919813023405675,0.0007171186445058395,0.013812041893981775,0.7,estimativa_julgamental,baixa,FIESC_HISTORIA;HIPOTESE,Produtos de metal: polos industriais e fornecedores presumidos.,https://fiesc.com.br/pt-br/imprensa/superar-desafios-e-historia-da-industria,2026-09-18
42020,Araranguá,2600,"Fabricação de equipamentos de informática, produtos eletrônicos e ópticos",industria,517,2015,832422.0,60267845.0,1160787000.0,8.312218687824206e-05,0.0016009723848730004,0.051919813023405675,0.0007171186445058395,0.013812041893981775,0.3,estimativa_julgamental,baixa,ACATE;HIPOTESE,Eletrônica aproximada pelos polos tecnológicos; software não é fabricação.,https://www.acate.com.br/noticias/acate-completa-30-anos-e-comemora-consolidacao-do-setor-em-sc/,2026-09-18
42020,Araranguá,2700,Fabricação de máquinas e equipamentos elétricos,industria,517,2015,832422.0,60267845.0,1160787000.0,5.965406429513411e-05,0.0011489653144213328,0.051919813023405675,0.0007171186445058395,0.013812041893981775,0.3,estimativa_julgamental,baixa,FIESC_HISTORIA;HIPOTESE,Equipamentos elétricos no Norte; intensidades inferidas.,https://fiesc.com.br/pt-br/imprensa/superar-desafios-e-historia-da-industria,2026-09-18
42020,Araranguá,2800,Fabricação de máquinas e equipamentos mecânicos,industria,517,2015,832422.0,60267845.0,1160787000.0,0.00013049419433605085,0.0025133795123111,0.051919813023405675,0.0007171186445058395,0.013812041893981775,0.5,estimativa_julgamental,baixa,FIESC_HISTORIA;FIESC_OESTE,Máquinas: reforço estimado de polos industriais.,https://fiesc.com.br/pt-br/imprensa/superar-desafios-e-historia-da-industria ; https://fiesc.com.br/imprensa/muito-mais-do-que-aves-e-suinos,2026-09-18
42020,Araranguá,2991,"Fabricação de automóveis, caminhões e ônibus, exceto peças",industria,517,2015,832422.0,60267845.0,1160787000.0,7.309395945038423e-06,0.00014078240115663197,0.051919813023405675,0.0007171186445058395,0.013812041893981775,0.05,estimativa_julgamental,baixa,BMW;HIPOTESE,Araquari confirmado antes de 2015; outras produções agregadas são hipóteses.,https://www.press.bmwgroup.com/portugal/article/detail/T0194787PT/bmw-group-assembles-first-car-in-brazil?language=pt,2026-09-18
42020,Araranguá,2992,Fabricação de peças e acessórios para veículos automotores,industria,517,2015,832422.0,60267845.0,1160787000.0,7.034674086488347e-05,0.0013549112904773146,0.051919813023405675,0.0007171186445058395,0.013812041893981775,0.3,estimativa_julgamental,baixa,BMW;HIPOTESE,Autopeças: proximidade presumida de montagem e metalmecânica.,https://www.press.bmwgroup.com/portugal/article/detail/T0194787PT/bmw-group-assembles-first-car-in-brazil?language=pt,2026-09-18
42020,Araranguá,3000,"Fabricação de outros equipamentos de transporte, exceto veículos automotores",industria,517,2015,832422.0,60267845.0,1160787000.0,7.02040917379735e-05,0.001352163801251079,0.051919813023405675,0.0007171186445058395,0.013812041893981775,0.2,estimativa_julgamental,baixa,FIESC_PORTOS;HIPOTESE,Transporte não automotivo: hipótese de produção naval costeira.,https://fiesc.com.br/pt-br/imprensa/podio-da-industria-os-setores-que-mais-se-destacaram-em-sc,2026-09-18
42020,Araranguá,3180,Fabricação de móveis e de produtos de indústrias diversas,industria,517,2015,832422.0,60267845.0,1160787000.0,0.00030880515208272233,0.005947732360736963,0.051919813023405675,0.0007171186445058395,0.013812041893981775,0.6,estimativa_julgamental,baixa,FIESC_MADEIRA;FIESC_OESTE,Móveis com polo em São Bento; outras indústrias agregadas ao mesmo perfil.,https://fiesc.com.br/imprensa/portas-abertas-para-o-futuro ; https://fiesc.com.br/imprensa/muito-mais-do-que-aves-e-suinos,2026-09-18
42020,Araranguá,3300,"Manutenção, reparação e instalação de máquinas e equipamentos",industria,517,2015,832422.0,60267845.0,1160787000.0,0.0004253611457640692,0.008192655577790978,0.051919813023405675,0.0007171186445058395,0.013812041893981775,1.0,estimativa_julgamental,baixa,HIPOTESE,Manutenção segue demanda industrial e logística presumida.,,2026-09-18
42020,Araranguá,3500,"Energia elétrica, gás natural e outras utilidades",industria,517,2015,832422.0,60267845.0,1160787000.0,0.0004807685823753516,0.009259828847199798,0.051919813023405675,0.0007171186445058395,0.013812041893981775,1.0,estimativa_julgamental,baixa,WIKI_ENERGIA;HIPOTESE,"Geração e utilidades: reforço de Tubarão; hidroeletricidade e redes aproximadas. Fator de produção, não de carbono.",https://pt.wikipedia.org/wiki/Complexo_Termoel%C3%A9trico_Jorge_Lacerda,2026-09-18
42020,Araranguá,3680,"Água, esgoto e gestão de resíduos",industria,517,2015,832422.0,60267845.0,1160787000.0,0.000578327962148147,0.011138868352384748,0.051919813023405675,0.0007171186445058395,0.013812041893981775,1.0,estimativa_julgamental,baixa,HIPOTESE,Saneamento: demanda urbana presumida.,,2026-09-18
42020,Araranguá,4180,Construção,industria,517,2015,832422.0,60267845.0,1160787000.0,0.0005429746111907325,0.01045794619764823,0.051919813023405675,0.0007171186445058395,0.013812041893981775,1.0,estimativa_julgamental,baixa,WIKI_FLORIPA;HIPOTESE,Construção: reforço presumido do litoral urbano.,https://pt.wikipedia.org/wiki/Regi%C3%A3o_Metropolitana_de_Florian%C3%B3polis,2026-09-18
42020,Araranguá,4580,Comércio por atacado e varejo,servicos,6575,2015,1873377.0,108382198.0,2850260000.0,0.0004947763851060657,0.013011743186834719,0.038025372773010185,0.0006572653021127897,0.01728491426239575,1.0,estimativa_julgamental,baixa,HIPOTESE,Comércio: centralidade regional e logística presumidas.,,2026-09-18
42020,Araranguá,4900,Transporte terrestre,servicos,6575,2015,1873377.0,108382198.0,2850260000.0,0.0004328505763372767,0.011383204023301707,0.038025372773010185,0.0006572653021127897,0.01728491426239575,1.0,estimativa_julgamental,baixa,FIESC_PORTOS;HIPOTESE,Transporte terrestre: conexão presumida de polos produtivos e portos.,https://fiesc.com.br/pt-br/imprensa/podio-da-industria-os-setores-que-mais-se-destacaram-em-sc,2026-09-18
42020,Araranguá,5000,Transporte aquaviário,servicos,6575,2015,1873377.0,108382198.0,2850260000.0,9.25428184666749e-06,0.00024337123272690268,0.038025372773010185,0.0006572653021127897,0.01728491426239575,0.05,estimativa_julgamental,baixa,FIESC_PORTOS,Concentração portuária; sede de transportadora e movimentação não são equivalentes.,https://fiesc.com.br/pt-br/imprensa/podio-da-industria-os-setores-que-mais-se-destacaram-em-sc,2026-09-18
42020,Araranguá,5100,Transporte aéreo,servicos,6575,2015,1873377.0,108382198.0,2850260000.0,7.89775100987259e-06,0.00020769687274382987,0.038025372773010185,0.0006572653021127897,0.01728491426239575,0.05,estimativa_julgamental,baixa,HIPOTESE,"Transporte aéreo: aproximação por aeroportos, não por sede de companhia.",,2026-09-18
42020,Araranguá,5280,"Armazenamento, atividades auxiliares dos transportes e correio",servicos,6575,2015,1873377.0,108382198.0,2850260000.0,6.435205169377864e-05,0.0016923450580727697,0.038025372773010185,0.0006572653021127897,0.01728491426239575,0.3,estimativa_julgamental,baixa,FIESC_PORTOS;HIPOTESE,Armazenamento e apoio: concentração logística estimada.,https://fiesc.com.br/pt-br/imprensa/podio-da-industria-os-setores-que-mais-se-destacaram-em-sc,2026-09-18
42020,Araranguá,5500,Alojamento,servicos,6575,2015,1873377.0,108382198.0,2850260000.0,0.0005825299498948588,0.015319506619231078,0.038025372773010185,0.0006572653021127897,0.01728491426239575,2.0,estimativa_julgamental,baixa,WIKI_FLORIPA;HIPOTESE,Alojamento: litoral e turismo serrano/rural presumidos.,https://pt.wikipedia.org/wiki/Regi%C3%A3o_Metropolitana_de_Florian%C3%B3polis,2026-09-18
42020,Araranguá,5600,Alimentação,servicos,6575,2015,1873377.0,108382198.0,2850260000.0,0.0005601665133399953,0.014731387820544726,0.038025372773010185,0.0006572653021127897,0.01728491426239575,1.3,estimativa_julgamental,baixa,WIKI_FLORIPA;HIPOTESE,Alimentação acompanha turismo e mercados urbanos.,https://pt.wikipedia.org/wiki/Regi%C3%A3o_Metropolitana_de_Florian%C3%B3polis,2026-09-18
42020,Araranguá,5800,Edição e edição integrada à impressão,servicos,6575,2015,1873377.0,108382198.0,2850260000.0,0.0002982555158696263,0.007843592162791981,0.038025372773010185,0.0006572653021127897,0.01728491426239575,0.8,estimativa_julgamental,baixa,HIPOTESE,Edição: concentração urbana presumida.,,2026-09-18
42020,Araranguá,5980,"Atividades de televisão, rádio, cinema e  gravação/edição de som e imagem",servicos,6575,2015,1873377.0,108382198.0,2850260000.0,0.000159236197750334,0.004187630156866138,0.038025372773010185,0.0006572653021127897,0.01728491426239575,0.5,estimativa_julgamental,baixa,HIPOTESE,Mídia: centralidade da capital e polos regionais presumida.,,2026-09-18
42020,Araranguá,6100,Telecomunicações,servicos,6575,2015,1873377.0,108382198.0,2850260000.0,0.0004010705637581415,0.010547445942273973,0.038025372773010185,0.0006572653021127897,0.01728491426239575,1.0,estimativa_julgamental,baixa,ACATE;HIPOTESE,Telecom: perfil urbano inferido; polos de TI são apenas contexto.,https://www.acate.com.br/noticias/acate-completa-30-anos-e-comemora-consolidacao-do-setor-em-sc/,2026-09-18
42020,Araranguá,6280,Desenvolvimento de sistemas e outros serviços de informação,servicos,6575,2015,1873377.0,108382198.0,2850260000.0,0.00010407011154814552,0.002736859732299925,0.038025372773010185,0.0006572653021127897,0.01728491426239575,0.5,estimativa_julgamental,baixa,ACATE,Software e informação: polos documentados; multiplicadores julgamentais.,https://www.acate.com.br/noticias/acate-completa-30-anos-e-comemora-consolidacao-do-setor-em-sc/,2026-09-18
42020,Araranguá,6480,"Intermediação financeira, seguros e previdência complementar",servicos,6575,2015,1873377.0,108382198.0,2850260000.0,0.0002813331475628202,0.007398563828478916,0.038025372773010185,0.0006572653021127897,0.01728491426239575,0.8,estimativa_julgamental,baixa,HIPOTESE,Finanças: sedes e mercados urbanos presumidos.,,2026-09-18
42020,Araranguá,6800,Atividades imobiliárias,servicos,6575,2015,1873377.0,108382198.0,2850260000.0,0.0005144674227850366,0.013529582625162257,0.038025372773010185,0.0006572653021127897,0.01728491426239575,1.3,estimativa_julgamental,baixa,WIKI_FLORIPA;HIPOTESE,Imobiliário: reforço litorâneo presumido; inclui aluguéis imputados.,https://pt.wikipedia.org/wiki/Regi%C3%A3o_Metropolitana_de_Florian%C3%B3polis,2026-09-18
42020,Araranguá,6980,"Atividades jurídicas, contábeis, consultoria e sedes de empresas ",servicos,6575,2015,1873377.0,108382198.0,2850260000.0,0.00022161599005411872,0.005828108283830377,0.038025372773010185,0.0006572653021127897,0.01728491426239575,0.7,estimativa_julgamental,baixa,HIPOTESE,Serviços empresariais: sedes e centralidade presumidas.,,2026-09-18
42020,Araranguá,7180,"Serviços de arquitetura, engenharia, testes/análises técnicas e P & D",servicos,6575,2015,1873377.0,108382198.0,2850260000.0,0.00021618180592175449,0.005685198859515112,0.038025372773010185,0.0006572653021127897,0.01728491426239575,0.7,estimativa_julgamental,baixa,ACATE;HIPOTESE,Engenharia e P&D: integração presumida com tecnologia e indústria.,https://www.acate.com.br/noticias/acate-completa-30-anos-e-comemora-consolidacao-do-setor-em-sc/,2026-09-18
42020,Araranguá,7380,"Outras atividades profissionais, científicas e técnicas",servicos,6575,2015,1873377.0,108382198.0,2850260000.0,0.0003828885203435655,0.010069290382219048,0.038025372773010185,0.0006572653021127897,0.01728491426239575,1.0,estimativa_julgamental,baixa,HIPOTESE,Outros serviços técnicos: concentração urbana moderada.,,2026-09-18
42020,Araranguá,7700,Aluguéis não imobiliários e gestão de ativos de propriedade intelectual,servicos,6575,2015,1873377.0,108382198.0,2850260000.0,0.00039071006690283376,0.010274983212791898,0.038025372773010185,0.0006572653021127897,0.01728491426239575,1.0,estimativa_julgamental,baixa,HIPOTESE,Aluguéis de equipamentos: demanda empresarial presumida.,,2026-09-18
42020,Araranguá,7880,Outras atividades administrativas e serviços complementares,servicos,6575,2015,1873377.0,108382198.0,2850260000.0,0.000406435358605875,0.010688530551220696,0.038025372773010185,0.0006572653021127897,0.01728491426239575,1.0,estimativa_julgamental,baixa,HIPOTESE,Serviços administrativos: mercados urbanos presumidos.,,2026-09-18
42020,Araranguá,8000,"Atividades de vigilância, segurança e investigação",servicos,6575,2015,1873377.0,108382198.0,2850260000.0,0.0004211227767663189,0.011074783652488616,0.038025372773010185,0.0006572653021127897,0.01728491426239575,1.0,estimativa_julgamental,baixa,HIPOTESE,Segurança: demanda industrial e urbana presumida.,,2026-09-18
42020,Araranguá,8400,"Administração pública, defesa e seguridade social",administracao_publica,525,2015,739236.0,28534686.0,885587000.0,0.0006393149832329205,0.019841432215384893,0.03222121146764802,0.00083474125071845,0.025906575597152183,1.0,estimativa_julgamental,baixa,VAB;HIPOTESE,Administração: reforço da capital; não mede empregos públicos municipais.,https://sidra.ibge.gov.br/tabela/5938,2026-09-18
42020,Araranguá,8591,Educação pública,administracao_publica,525,2015,739236.0,28534686.0,885587000.0,0.0007562351027078631,0.02347010147235362,0.03222121146764802,0.00083474125071845,0.025906575597152183,1.0,estimativa_julgamental,baixa,VAB;HIPOTESE,Educação pública: perfil difuso com polos de ensino presumidos.,https://sidra.ibge.gov.br/tabela/5938,2026-09-18
42020,Araranguá,8592,Educação privada,servicos,6575,2015,1873377.0,108382198.0,2850260000.0,0.0002826038488116615,0.007431981022214969,0.038025372773010185,0.0006572653021127897,0.01728491426239575,0.8,estimativa_julgamental,baixa,HIPOTESE,Educação privada: centros regionais presumidos.,,2026-09-18
42020,Araranguá,8691,Saúde pública,administracao_publica,525,2015,739236.0,28534686.0,885587000.0,0.0006949296333505035,0.021567458257994228,0.03222121146764802,0.00083474125071845,0.025906575597152183,1.0,estimativa_julgamental,baixa,VAB;HIPOTESE,"Saúde pública: rede regional presumida, sem contagem de leitos.",https://sidra.ibge.gov.br/tabela/5938,2026-09-18
42020,Araranguá,8692,Saúde privada,servicos,6575,2015,1873377.0,108382198.0,2850260000.0,0.00029782061519697633,0.007832155044864274,0.038025372773010185,0.0006572653021127897,0.01728491426239575,0.8,estimativa_julgamental,baixa,HIPOTESE,Saúde privada: centralidade regional presumida.,,2026-09-18
42020,Araranguá,9080,"Atividades artísticas, criativas e de espetáculos",servicos,6575,2015,1873377.0,108382198.0,2850260000.0,0.00027967845872578295,0.007355048440821449,0.038025372773010185,0.0006572653021127897,0.01728491426239575,0.8,estimativa_julgamental,baixa,WIKI_FLORIPA;HIPOTESE,Cultura e lazer: turismo e centralidade presumidos.,https://pt.wikipedia.org/wiki/Regi%C3%A3o_Metropolitana_de_Florian%C3%B3polis,2026-09-18
42020,Araranguá,9480,Organizações associativas e outros serviços pessoais,servicos,6575,2015,1873377.0,108382198.0,2850260000.0,0.0005246453895396079,0.013797245136068541,0.038025372773010185,0.0006572653021127897,0.01728491426239575,1.0,estimativa_julgamental,baixa,HIPOTESE,Serviços pessoais e associações: demanda urbana presumida.,,2026-09-18
42020,Araranguá,9700,Serviços domésticos,servicos,6575,2015,1873377.0,108382198.0,2850260000.0,0.0004768153831358825,0.012539400625529662,0.038025372773010185,0.0006572653021127897,0.01728491426239575,1.0,estimativa_julgamental,baixa,HIPOTESE,"Serviços domésticos: demanda residencial presumida, não emprego observado.",,2026-09-18
