codigo_ibge,microrregiao,atividade,descricao,grupo_vab,variavel_sidra,ano,vab_micro_mil_reais,vab_sc_mil_reais,vab_brasil_mil_reais,peso_micro_brasil,peso_micro_sc,peso_sc_brasil
42001,São Miguel do Oeste,0191,"Agricultura, inclusive o apoio à agricultura e a pós-colheita",agropecuaria,513,2015,906976.0,12485693.0,258967000.0,0.003502284074804898,0.07264122223732396,0.04821345190699974
42001,São Miguel do Oeste,0192,"Pecuária, inclusive o apoio à pecuária",agropecuaria,513,2015,906976.0,12485693.0,258967000.0,0.003502284074804898,0.07264122223732396,0.04821345190699974
42001,São Miguel do Oeste,0280,Produção florestal; pesca e aquicultura,agropecuaria,513,2015,906976.0,12485693.0,258967000.0,0.003502284074804898,0.07264122223732396,0.04821345190699974
42001,São Miguel do Oeste,0580,Extração de carvão mineral e de minerais não metálicos,industria,517,2015,1108280.0,60267845.0,1160787000.0,0.0009547660337340097,0.018389242223610287,0.05191981388489016
42001,São Miguel do Oeste,0680,"Extração de petróleo e gás, inclusive as atividades de apoio",industria,517,2015,1108280.0,60267845.0,1160787000.0,0.0009547660337340097,0.018389242223610287,0.05191981388489016
42001,São Miguel do Oeste,0791,"Extração de minério de ferro, inclusive beneficiamentos e a aglomeração",industria,517,2015,1108280.0,60267845.0,1160787000.0,0.0009547660337340097,0.018389242223610287,0.05191981388489016
42001,São Miguel do Oeste,0792,"Extração de minerais metálicos não ferrosos, inclusive beneficiamentos",industria,517,2015,1108280.0,60267845.0,1160787000.0,0.0009547660337340097,0.018389242223610287,0.05191981388489016
42001,São Miguel do Oeste,1091,"Abate e produtos de carne, inclusive os produtos do laticínio e da pesca",industria,517,2015,1108280.0,60267845.0,1160787000.0,0.0009547660337340097,0.018389242223610287,0.05191981388489016
42001,São Miguel do Oeste,1092,Fabricação e refino de açúcar,industria,517,2015,1108280.0,60267845.0,1160787000.0,0.0009547660337340097,0.018389242223610287,0.05191981388489016
42001,São Miguel do Oeste,1093,Outros produtos alimentares,industria,517,2015,1108280.0,60267845.0,1160787000.0,0.0009547660337340097,0.018389242223610287,0.05191981388489016
42001,São Miguel do Oeste,1100,Fabricação de bebidas,industria,517,2015,1108280.0,60267845.0,1160787000.0,0.0009547660337340097,0.018389242223610287,0.05191981388489016
42001,São Miguel do Oeste,1200,Fabricação de produtos do fumo,industria,517,2015,1108280.0,60267845.0,1160787000.0,0.0009547660337340097,0.018389242223610287,0.05191981388489016
42001,São Miguel do Oeste,1300,Fabricação de produtos têxteis,industria,517,2015,1108280.0,60267845.0,1160787000.0,0.0009547660337340097,0.018389242223610287,0.05191981388489016
42001,São Miguel do Oeste,1400,Confecção de artefatos do vestuário e acessórios,industria,517,2015,1108280.0,60267845.0,1160787000.0,0.0009547660337340097,0.018389242223610287,0.05191981388489016
42001,São Miguel do Oeste,1500,Fabricação de calçados e de artefatos de couro,industria,517,2015,1108280.0,60267845.0,1160787000.0,0.0009547660337340097,0.018389242223610287,0.05191981388489016
42001,São Miguel do Oeste,1600,Fabricação de produtos da madeira,industria,517,2015,1108280.0,60267845.0,1160787000.0,0.0009547660337340097,0.018389242223610287,0.05191981388489016
42001,São Miguel do Oeste,1700,"Fabricação de celulose, papel e produtos de papel",industria,517,2015,1108280.0,60267845.0,1160787000.0,0.0009547660337340097,0.018389242223610287,0.05191981388489016
42001,São Miguel do Oeste,1800,Impressão e reprodução de gravações,industria,517,2015,1108280.0,60267845.0,1160787000.0,0.0009547660337340097,0.018389242223610287,0.05191981388489016
42001,São Miguel do Oeste,1991,Refino de petróleo e coquerias,industria,517,2015,1108280.0,60267845.0,1160787000.0,0.0009547660337340097,0.018389242223610287,0.05191981388489016
42001,São Miguel do Oeste,1992,Fabricação de biocombustíveis,industria,517,2015,1108280.0,60267845.0,1160787000.0,0.0009547660337340097,0.018389242223610287,0.05191981388489016
42001,São Miguel do Oeste,2091,"Fabricação de químicos orgânicos e inorgânicos, resinas e elastômeros",industria,517,2015,1108280.0,60267845.0,1160787000.0,0.0009547660337340097,0.018389242223610287,0.05191981388489016
42001,São Miguel do Oeste,2092,"Fabricação de defensivos, desinfestantes, tintas e químicos diversos",industria,517,2015,1108280.0,60267845.0,1160787000.0,0.0009547660337340097,0.018389242223610287,0.05191981388489016
42001,São Miguel do Oeste,2093,"Fabricação de produtos de limpeza, cosméticos/perfumaria e higiene pessoal",industria,517,2015,1108280.0,60267845.0,1160787000.0,0.0009547660337340097,0.018389242223610287,0.05191981388489016
42001,São Miguel do Oeste,2100,Fabricação de produtos farmoquímicos e farmacêuticos,industria,517,2015,1108280.0,60267845.0,1160787000.0,0.0009547660337340097,0.018389242223610287,0.05191981388489016
42001,São Miguel do Oeste,2200,Fabricação de produtos de borracha e de material plástico,industria,517,2015,1108280.0,60267845.0,1160787000.0,0.0009547660337340097,0.018389242223610287,0.05191981388489016
42001,São Miguel do Oeste,2300,Fabricação de produtos de minerais não metálicos,industria,517,2015,1108280.0,60267845.0,1160787000.0,0.0009547660337340097,0.018389242223610287,0.05191981388489016
42001,São Miguel do Oeste,2491,"Produção de ferro gusa/ferroligas, siderurgia e tubos de aço sem costura",industria,517,2015,1108280.0,60267845.0,1160787000.0,0.0009547660337340097,0.018389242223610287,0.05191981388489016
42001,São Miguel do Oeste,2492,Metalurgia de metais não ferosos e a fundição de metais,industria,517,2015,1108280.0,60267845.0,1160787000.0,0.0009547660337340097,0.018389242223610287,0.05191981388489016
42001,São Miguel do Oeste,2500,"Fabricação de produtos de metal, exceto máquinas e equipamentos",industria,517,2015,1108280.0,60267845.0,1160787000.0,0.0009547660337340097,0.018389242223610287,0.05191981388489016
42001,São Miguel do Oeste,2600,"Fabricação de equipamentos de informática, produtos eletrônicos e ópticos",industria,517,2015,1108280.0,60267845.0,1160787000.0,0.0009547660337340097,0.018389242223610287,0.05191981388489016
42001,São Miguel do Oeste,2700,Fabricação de máquinas e equipamentos elétricos,industria,517,2015,1108280.0,60267845.0,1160787000.0,0.0009547660337340097,0.018389242223610287,0.05191981388489016
42001,São Miguel do Oeste,2800,Fabricação de máquinas e equipamentos mecânicos,industria,517,2015,1108280.0,60267845.0,1160787000.0,0.0009547660337340097,0.018389242223610287,0.05191981388489016
42001,São Miguel do Oeste,2991,"Fabricação de automóveis, caminhões e ônibus, exceto peças",industria,517,2015,1108280.0,60267845.0,1160787000.0,0.0009547660337340097,0.018389242223610287,0.05191981388489016
42001,São Miguel do Oeste,2992,Fabricação de peças e acessórios para veículos automotores,industria,517,2015,1108280.0,60267845.0,1160787000.0,0.0009547660337340097,0.018389242223610287,0.05191981388489016
42001,São Miguel do Oeste,3000,"Fabricação de outros equipamentos de transporte, exceto veículos automotores",industria,517,2015,1108280.0,60267845.0,1160787000.0,0.0009547660337340097,0.018389242223610287,0.05191981388489016
42001,São Miguel do Oeste,3180,Fabricação de móveis e de produtos de indústrias diversas,industria,517,2015,1108280.0,60267845.0,1160787000.0,0.0009547660337340097,0.018389242223610287,0.05191981388489016
42001,São Miguel do Oeste,3300,"Manutenção, reparação e instalação de máquinas e equipamentos",industria,517,2015,1108280.0,60267845.0,1160787000.0,0.0009547660337340097,0.018389242223610287,0.05191981388489016
42001,São Miguel do Oeste,3500,"Energia elétrica, gás natural e outras utilidades",industria,517,2015,1108280.0,60267845.0,1160787000.0,0.0009547660337340097,0.018389242223610287,0.05191981388489016
42001,São Miguel do Oeste,3680,"Água, esgoto e gestão de resíduos",industria,517,2015,1108280.0,60267845.0,1160787000.0,0.0009547660337340097,0.018389242223610287,0.05191981388489016
42001,São Miguel do Oeste,4180,Construção,industria,517,2015,1108280.0,60267845.0,1160787000.0,0.0009547660337340097,0.018389242223610287,0.05191981388489016
42001,São Miguel do Oeste,4580,Comércio por atacado e varejo,servicos,6575,2015,1897187.0,108382198.0,2850260000.0,0.0006656189259927164,0.01750459978676572,0.03802537242216499
42001,São Miguel do Oeste,4900,Transporte terrestre,servicos,6575,2015,1897187.0,108382198.0,2850260000.0,0.0006656189259927164,0.01750459978676572,0.03802537242216499
42001,São Miguel do Oeste,5000,Transporte aquaviário,servicos,6575,2015,1897187.0,108382198.0,2850260000.0,0.0006656189259927164,0.01750459978676572,0.03802537242216499
42001,São Miguel do Oeste,5100,Transporte aéreo,servicos,6575,2015,1897187.0,108382198.0,2850260000.0,0.0006656189259927164,0.01750459978676572,0.03802537242216499
42001,São Miguel do Oeste,5280,"Armazenamento, atividades auxiliares dos transportes e correio",servicos,6575,2015,1897187.0,108382198.0,2850260000.0,0.0006656189259927164,0.01750459978676572,0.03802537242216499
42001,São Miguel do Oeste,5500,Alojamento,servicos,6575,2015,1897187.0,108382198.0,2850260000.0,0.0006656189259927164,0.01750459978676572,0.03802537242216499
42001,São Miguel do Oeste,5600,Alimentação,servicos,6575,2015,1897187.0,108382198.0,2850260000.0,0.0006656189259927164,0.01750459978676572,0.03802537242216499
42001,São Miguel do Oeste,5800,Edição e edição integrada à impressão,servicos,6575,2015,1897187.0,108382198.0,2850260000.0,0.0006656189259927164,0.01750459978676572,0.03802537242216499
42001,São Miguel do Oeste,5980,"Atividades de televisão, rádio, cinema e  gravação/edição de som e imagem",servicos,6575,2015,1897187.0,108382198.0,2850260000.0,0.0006656189259927164,0.01750459978676572,0.03802537242216499
42001,São Miguel do Oeste,6100,Telecomunicações,servicos,6575,2015,1897187.0,108382198.0,2850260000.0,0.0006656189259927164,0.01750459978676572,0.03802537242216499
42001,São Miguel do Oeste,6280,Desenvolvimento de sistemas e outros serviços de informação,servicos,6575,2015,1897187.0,108382198.0,2850260000.0,0.0006656189259927164,0.01750459978676572,0.03802537242216499
42001,São Miguel do Oeste,6480,"Intermediação financeira, seguros e previdência complementar",servicos,6575,2015,1897187.0,108382198.0,2850260000.0,0.0006656189259927164,0.01750459978676572,0.03802537242216499
42001,São Miguel do Oeste,6800,Atividades imobiliárias,servicos,6575,2015,1897187.0,108382198.0,2850260000.0,0.0006656189259927164,0.01750459978676572,0.03802537242216499
42001,São Miguel do Oeste,6980,"Atividades jurídicas, contábeis, consultoria e sedes de empresas ",servicos,6575,2015,1897187.0,108382198.0,2850260000.0,0.0006656189259927164,0.01750459978676572,0.03802537242216499
42001,São Miguel do Oeste,7180,"Serviços de arquitetura, engenharia, testes/análises técnicas e P & D",servicos,6575,2015,1897187.0,108382198.0,2850260000.0,0.0006656189259927164,0.01750459978676572,0.03802537242216499
42001,São Miguel do Oeste,7380,"Outras atividades profissionais, científicas e técnicas",servicos,6575,2015,1897187.0,108382198.0,2850260000.0,0.0006656189259927164,0.01750459978676572,0.03802537242216499
42001,São Miguel do Oeste,7700,Aluguéis não imobiliários e gestão de ativos de propriedade intelectual,servicos,6575,2015,1897187.0,108382198.0,2850260000.0,0.0006656189259927164,0.01750459978676572,0.03802537242216499
42001,São Miguel do Oeste,7880,Outras atividades administrativas e serviços complementares,servicos,6575,2015,1897187.0,108382198.0,2850260000.0,0.0006656189259927164,0.01750459978676572,0.03802537242216499
42001,São Miguel do Oeste,8000,"Atividades de vigilância, segurança e investigação",servicos,6575,2015,1897187.0,108382198.0,2850260000.0,0.0006656189259927164,0.01750459978676572,0.03802537242216499
42001,São Miguel do Oeste,8400,"Administração pública, defesa e seguridade social",administracao_publica,525,2015,740788.0,28534686.0,885587000.0,0.0008364937606356011,0.025960965542077455,0.03222121146764801
42001,São Miguel do Oeste,8591,Educação pública,administracao_publica,525,2015,740788.0,28534686.0,885587000.0,0.0008364937606356011,0.025960965542077455,0.03222121146764801
42001,São Miguel do Oeste,8592,Educação privada,servicos,6575,2015,1897187.0,108382198.0,2850260000.0,0.0006656189259927164,0.01750459978676572,0.03802537242216499
42001,São Miguel do Oeste,8691,Saúde pública,administracao_publica,525,2015,740788.0,28534686.0,885587000.0,0.0008364937606356011,0.025960965542077455,0.03222121146764801
42001,São Miguel do Oeste,8692,Saúde privada,servicos,6575,2015,1897187.0,108382198.0,2850260000.0,0.0006656189259927164,0.01750459978676572,0.03802537242216499
42001,São Miguel do Oeste,9080,"Atividades artísticas, criativas e de espetáculos",servicos,6575,2015,1897187.0,108382198.0,2850260000.0,0.0006656189259927164,0.01750459978676572,0.03802537242216499
42001,São Miguel do Oeste,9480,Organizações associativas e outros serviços pessoais,servicos,6575,2015,1897187.0,108382198.0,2850260000.0,0.0006656189259927164,0.01750459978676572,0.03802537242216499
42001,São Miguel do Oeste,9700,Serviços domésticos,servicos,6575,2015,1897187.0,108382198.0,2850260000.0,0.0006656189259927164,0.01750459978676572,0.03802537242216499
42002,Chapecó,0191,"Agricultura, inclusive o apoio à agricultura e a pós-colheita",agropecuaria,513,2015,1440029.0,12485693.0,258967000.0,0.005560666030807014,0.11533432705737678,0.04821345190699974
42002,Chapecó,0192,"Pecuária, inclusive o apoio à pecuária",agropecuaria,513,2015,1440029.0,12485693.0,258967000.0,0.005560666030807014,0.11533432705737678,0.04821345190699974
42002,Chapecó,0280,Produção florestal; pesca e aquicultura,agropecuaria,513,2015,1440029.0,12485693.0,258967000.0,0.005560666030807014,0.11533432705737678,0.04821345190699974
42002,Chapecó,0580,Extração de carvão mineral e de minerais não metálicos,industria,517,2015,3581200.0,60267845.0,1160787000.0,0.0030851482657886418,0.05942140456490522,0.05191981388489016
42002,Chapecó,0680,"Extração de petróleo e gás, inclusive as atividades de apoio",industria,517,2015,3581200.0,60267845.0,1160787000.0,0.0030851482657886418,0.05942140456490522,0.05191981388489016
42002,Chapecó,0791,"Extração de minério de ferro, inclusive beneficiamentos e a aglomeração",industria,517,2015,3581200.0,60267845.0,1160787000.0,0.0030851482657886418,0.05942140456490522,0.05191981388489016
42002,Chapecó,0792,"Extração de minerais metálicos não ferrosos, inclusive beneficiamentos",industria,517,2015,3581200.0,60267845.0,1160787000.0,0.0030851482657886418,0.05942140456490522,0.05191981388489016
42002,Chapecó,1091,"Abate e produtos de carne, inclusive os produtos do laticínio e da pesca",industria,517,2015,3581200.0,60267845.0,1160787000.0,0.0030851482657886418,0.05942140456490522,0.05191981388489016
42002,Chapecó,1092,Fabricação e refino de açúcar,industria,517,2015,3581200.0,60267845.0,1160787000.0,0.0030851482657886418,0.05942140456490522,0.05191981388489016
42002,Chapecó,1093,Outros produtos alimentares,industria,517,2015,3581200.0,60267845.0,1160787000.0,0.0030851482657886418,0.05942140456490522,0.05191981388489016
42002,Chapecó,1100,Fabricação de bebidas,industria,517,2015,3581200.0,60267845.0,1160787000.0,0.0030851482657886418,0.05942140456490522,0.05191981388489016
42002,Chapecó,1200,Fabricação de produtos do fumo,industria,517,2015,3581200.0,60267845.0,1160787000.0,0.0030851482657886418,0.05942140456490522,0.05191981388489016
42002,Chapecó,1300,Fabricação de produtos têxteis,industria,517,2015,3581200.0,60267845.0,1160787000.0,0.0030851482657886418,0.05942140456490522,0.05191981388489016
42002,Chapecó,1400,Confecção de artefatos do vestuário e acessórios,industria,517,2015,3581200.0,60267845.0,1160787000.0,0.0030851482657886418,0.05942140456490522,0.05191981388489016
42002,Chapecó,1500,Fabricação de calçados e de artefatos de couro,industria,517,2015,3581200.0,60267845.0,1160787000.0,0.0030851482657886418,0.05942140456490522,0.05191981388489016
42002,Chapecó,1600,Fabricação de produtos da madeira,industria,517,2015,3581200.0,60267845.0,1160787000.0,0.0030851482657886418,0.05942140456490522,0.05191981388489016
42002,Chapecó,1700,"Fabricação de celulose, papel e produtos de papel",industria,517,2015,3581200.0,60267845.0,1160787000.0,0.0030851482657886418,0.05942140456490522,0.05191981388489016
42002,Chapecó,1800,Impressão e reprodução de gravações,industria,517,2015,3581200.0,60267845.0,1160787000.0,0.0030851482657886418,0.05942140456490522,0.05191981388489016
42002,Chapecó,1991,Refino de petróleo e coquerias,industria,517,2015,3581200.0,60267845.0,1160787000.0,0.0030851482657886418,0.05942140456490522,0.05191981388489016
42002,Chapecó,1992,Fabricação de biocombustíveis,industria,517,2015,3581200.0,60267845.0,1160787000.0,0.0030851482657886418,0.05942140456490522,0.05191981388489016
42002,Chapecó,2091,"Fabricação de químicos orgânicos e inorgânicos, resinas e elastômeros",industria,517,2015,3581200.0,60267845.0,1160787000.0,0.0030851482657886418,0.05942140456490522,0.05191981388489016
42002,Chapecó,2092,"Fabricação de defensivos, desinfestantes, tintas e químicos diversos",industria,517,2015,3581200.0,60267845.0,1160787000.0,0.0030851482657886418,0.05942140456490522,0.05191981388489016
42002,Chapecó,2093,"Fabricação de produtos de limpeza, cosméticos/perfumaria e higiene pessoal",industria,517,2015,3581200.0,60267845.0,1160787000.0,0.0030851482657886418,0.05942140456490522,0.05191981388489016
42002,Chapecó,2100,Fabricação de produtos farmoquímicos e farmacêuticos,industria,517,2015,3581200.0,60267845.0,1160787000.0,0.0030851482657886418,0.05942140456490522,0.05191981388489016
42002,Chapecó,2200,Fabricação de produtos de borracha e de material plástico,industria,517,2015,3581200.0,60267845.0,1160787000.0,0.0030851482657886418,0.05942140456490522,0.05191981388489016
42002,Chapecó,2300,Fabricação de produtos de minerais não metálicos,industria,517,2015,3581200.0,60267845.0,1160787000.0,0.0030851482657886418,0.05942140456490522,0.05191981388489016
42002,Chapecó,2491,"Produção de ferro gusa/ferroligas, siderurgia e tubos de aço sem costura",industria,517,2015,3581200.0,60267845.0,1160787000.0,0.0030851482657886418,0.05942140456490522,0.05191981388489016
42002,Chapecó,2492,Metalurgia de metais não ferosos e a fundição de metais,industria,517,2015,3581200.0,60267845.0,1160787000.0,0.0030851482657886418,0.05942140456490522,0.05191981388489016
42002,Chapecó,2500,"Fabricação de produtos de metal, exceto máquinas e equipamentos",industria,517,2015,3581200.0,60267845.0,1160787000.0,0.0030851482657886418,0.05942140456490522,0.05191981388489016
42002,Chapecó,2600,"Fabricação de equipamentos de informática, produtos eletrônicos e ópticos",industria,517,2015,3581200.0,60267845.0,1160787000.0,0.0030851482657886418,0.05942140456490522,0.05191981388489016
42002,Chapecó,2700,Fabricação de máquinas e equipamentos elétricos,industria,517,2015,3581200.0,60267845.0,1160787000.0,0.0030851482657886418,0.05942140456490522,0.05191981388489016
42002,Chapecó,2800,Fabricação de máquinas e equipamentos mecânicos,industria,517,2015,3581200.0,60267845.0,1160787000.0,0.0030851482657886418,0.05942140456490522,0.05191981388489016
42002,Chapecó,2991,"Fabricação de automóveis, caminhões e ônibus, exceto peças",industria,517,2015,3581200.0,60267845.0,1160787000.0,0.0030851482657886418,0.05942140456490522,0.05191981388489016
42002,Chapecó,2992,Fabricação de peças e acessórios para veículos automotores,industria,517,2015,3581200.0,60267845.0,1160787000.0,0.0030851482657886418,0.05942140456490522,0.05191981388489016
42002,Chapecó,3000,"Fabricação de outros equipamentos de transporte, exceto veículos automotores",industria,517,2015,3581200.0,60267845.0,1160787000.0,0.0030851482657886418,0.05942140456490522,0.05191981388489016
42002,Chapecó,3180,Fabricação de móveis e de produtos de indústrias diversas,industria,517,2015,3581200.0,60267845.0,1160787000.0,0.0030851482657886418,0.05942140456490522,0.05191981388489016
42002,Chapecó,3300,"Manutenção, reparação e instalação de máquinas e equipamentos",industria,517,2015,3581200.0,60267845.0,1160787000.0,0.0030851482657886418,0.05942140456490522,0.05191981388489016
42002,Chapecó,3500,"Energia elétrica, gás natural e outras utilidades",industria,517,2015,3581200.0,60267845.0,1160787000.0,0.0030851482657886418,0.05942140456490522,0.05191981388489016
42002,Chapecó,3680,"Água, esgoto e gestão de resíduos",industria,517,2015,3581200.0,60267845.0,1160787000.0,0.0030851482657886418,0.05942140456490522,0.05191981388489016
42002,Chapecó,4180,Construção,industria,517,2015,3581200.0,60267845.0,1160787000.0,0.0030851482657886418,0.05942140456490522,0.05191981388489016
42002,Chapecó,4580,Comércio por atacado e varejo,servicos,6575,2015,6356584.0,108382198.0,2850260000.0,0.002230176896142808,0.058649705554043106,0.03802537242216499
42002,Chapecó,4900,Transporte terrestre,servicos,6575,2015,6356584.0,108382198.0,2850260000.0,0.002230176896142808,0.058649705554043106,0.03802537242216499
42002,Chapecó,5000,Transporte aquaviário,servicos,6575,2015,6356584.0,108382198.0,2850260000.0,0.002230176896142808,0.058649705554043106,0.03802537242216499
42002,Chapecó,5100,Transporte aéreo,servicos,6575,2015,6356584.0,108382198.0,2850260000.0,0.002230176896142808,0.058649705554043106,0.03802537242216499
42002,Chapecó,5280,"Armazenamento, atividades auxiliares dos transportes e correio",servicos,6575,2015,6356584.0,108382198.0,2850260000.0,0.002230176896142808,0.058649705554043106,0.03802537242216499
42002,Chapecó,5500,Alojamento,servicos,6575,2015,6356584.0,108382198.0,2850260000.0,0.002230176896142808,0.058649705554043106,0.03802537242216499
42002,Chapecó,5600,Alimentação,servicos,6575,2015,6356584.0,108382198.0,2850260000.0,0.002230176896142808,0.058649705554043106,0.03802537242216499
42002,Chapecó,5800,Edição e edição integrada à impressão,servicos,6575,2015,6356584.0,108382198.0,2850260000.0,0.002230176896142808,0.058649705554043106,0.03802537242216499
42002,Chapecó,5980,"Atividades de televisão, rádio, cinema e  gravação/edição de som e imagem",servicos,6575,2015,6356584.0,108382198.0,2850260000.0,0.002230176896142808,0.058649705554043106,0.03802537242216499
42002,Chapecó,6100,Telecomunicações,servicos,6575,2015,6356584.0,108382198.0,2850260000.0,0.002230176896142808,0.058649705554043106,0.03802537242216499
42002,Chapecó,6280,Desenvolvimento de sistemas e outros serviços de informação,servicos,6575,2015,6356584.0,108382198.0,2850260000.0,0.002230176896142808,0.058649705554043106,0.03802537242216499
42002,Chapecó,6480,"Intermediação financeira, seguros e previdência complementar",servicos,6575,2015,6356584.0,108382198.0,2850260000.0,0.002230176896142808,0.058649705554043106,0.03802537242216499
42002,Chapecó,6800,Atividades imobiliárias,servicos,6575,2015,6356584.0,108382198.0,2850260000.0,0.002230176896142808,0.058649705554043106,0.03802537242216499
42002,Chapecó,6980,"Atividades jurídicas, contábeis, consultoria e sedes de empresas ",servicos,6575,2015,6356584.0,108382198.0,2850260000.0,0.002230176896142808,0.058649705554043106,0.03802537242216499
42002,Chapecó,7180,"Serviços de arquitetura, engenharia, testes/análises técnicas e P & D",servicos,6575,2015,6356584.0,108382198.0,2850260000.0,0.002230176896142808,0.058649705554043106,0.03802537242216499
42002,Chapecó,7380,"Outras atividades profissionais, científicas e técnicas",servicos,6575,2015,6356584.0,108382198.0,2850260000.0,0.002230176896142808,0.058649705554043106,0.03802537242216499
42002,Chapecó,7700,Aluguéis não imobiliários e gestão de ativos de propriedade intelectual,servicos,6575,2015,6356584.0,108382198.0,2850260000.0,0.002230176896142808,0.058649705554043106,0.03802537242216499
42002,Chapecó,7880,Outras atividades administrativas e serviços complementares,servicos,6575,2015,6356584.0,108382198.0,2850260000.0,0.002230176896142808,0.058649705554043106,0.03802537242216499
42002,Chapecó,8000,"Atividades de vigilância, segurança e investigação",servicos,6575,2015,6356584.0,108382198.0,2850260000.0,0.002230176896142808,0.058649705554043106,0.03802537242216499
42002,Chapecó,8400,"Administração pública, defesa e seguridade social",administracao_publica,525,2015,1796970.0,28534686.0,885587000.0,0.00202912870220543,0.06297493513683662,0.03222121146764801
42002,Chapecó,8591,Educação pública,administracao_publica,525,2015,1796970.0,28534686.0,885587000.0,0.00202912870220543,0.06297493513683662,0.03222121146764801
42002,Chapecó,8592,Educação privada,servicos,6575,2015,6356584.0,108382198.0,2850260000.0,0.002230176896142808,0.058649705554043106,0.03802537242216499
42002,Chapecó,8691,Saúde pública,administracao_publica,525,2015,1796970.0,28534686.0,885587000.0,0.00202912870220543,0.06297493513683662,0.03222121146764801
42002,Chapecó,8692,Saúde privada,servicos,6575,2015,6356584.0,108382198.0,2850260000.0,0.002230176896142808,0.058649705554043106,0.03802537242216499
42002,Chapecó,9080,"Atividades artísticas, criativas e de espetáculos",servicos,6575,2015,6356584.0,108382198.0,2850260000.0,0.002230176896142808,0.058649705554043106,0.03802537242216499
42002,Chapecó,9480,Organizações associativas e outros serviços pessoais,servicos,6575,2015,6356584.0,108382198.0,2850260000.0,0.002230176896142808,0.058649705554043106,0.03802537242216499
42002,Chapecó,9700,Serviços domésticos,servicos,6575,2015,6356584.0,108382198.0,2850260000.0,0.002230176896142808,0.058649705554043106,0.03802537242216499
42003,Xanxerê,0191,"Agricultura, inclusive o apoio à agricultura e a pós-colheita",agropecuaria,513,2015,816373.0,12485693.0,258967000.0,0.0031524209648333573,0.0653846766855472,0.04821345190699974
42003,Xanxerê,0192,"Pecuária, inclusive o apoio à pecuária",agropecuaria,513,2015,816373.0,12485693.0,258967000.0,0.0031524209648333573,0.0653846766855472,0.04821345190699974
42003,Xanxerê,0280,Produção florestal; pesca e aquicultura,agropecuaria,513,2015,816373.0,12485693.0,258967000.0,0.0031524209648333573,0.0653846766855472,0.04821345190699974
42003,Xanxerê,0580,Extração de carvão mineral e de minerais não metálicos,industria,517,2015,992957.0,60267845.0,1160787000.0,0.0008554170575652553,0.016475734282518313,0.05191981388489016
42003,Xanxerê,0680,"Extração de petróleo e gás, inclusive as atividades de apoio",industria,517,2015,992957.0,60267845.0,1160787000.0,0.0008554170575652553,0.016475734282518313,0.05191981388489016
42003,Xanxerê,0791,"Extração de minério de ferro, inclusive beneficiamentos e a aglomeração",industria,517,2015,992957.0,60267845.0,1160787000.0,0.0008554170575652553,0.016475734282518313,0.05191981388489016
42003,Xanxerê,0792,"Extração de minerais metálicos não ferrosos, inclusive beneficiamentos",industria,517,2015,992957.0,60267845.0,1160787000.0,0.0008554170575652553,0.016475734282518313,0.05191981388489016
42003,Xanxerê,1091,"Abate e produtos de carne, inclusive os produtos do laticínio e da pesca",industria,517,2015,992957.0,60267845.0,1160787000.0,0.0008554170575652553,0.016475734282518313,0.05191981388489016
42003,Xanxerê,1092,Fabricação e refino de açúcar,industria,517,2015,992957.0,60267845.0,1160787000.0,0.0008554170575652553,0.016475734282518313,0.05191981388489016
42003,Xanxerê,1093,Outros produtos alimentares,industria,517,2015,992957.0,60267845.0,1160787000.0,0.0008554170575652553,0.016475734282518313,0.05191981388489016
42003,Xanxerê,1100,Fabricação de bebidas,industria,517,2015,992957.0,60267845.0,1160787000.0,0.0008554170575652553,0.016475734282518313,0.05191981388489016
42003,Xanxerê,1200,Fabricação de produtos do fumo,industria,517,2015,992957.0,60267845.0,1160787000.0,0.0008554170575652553,0.016475734282518313,0.05191981388489016
42003,Xanxerê,1300,Fabricação de produtos têxteis,industria,517,2015,992957.0,60267845.0,1160787000.0,0.0008554170575652553,0.016475734282518313,0.05191981388489016
42003,Xanxerê,1400,Confecção de artefatos do vestuário e acessórios,industria,517,2015,992957.0,60267845.0,1160787000.0,0.0008554170575652553,0.016475734282518313,0.05191981388489016
42003,Xanxerê,1500,Fabricação de calçados e de artefatos de couro,industria,517,2015,992957.0,60267845.0,1160787000.0,0.0008554170575652553,0.016475734282518313,0.05191981388489016
42003,Xanxerê,1600,Fabricação de produtos da madeira,industria,517,2015,992957.0,60267845.0,1160787000.0,0.0008554170575652553,0.016475734282518313,0.05191981388489016
42003,Xanxerê,1700,"Fabricação de celulose, papel e produtos de papel",industria,517,2015,992957.0,60267845.0,1160787000.0,0.0008554170575652553,0.016475734282518313,0.05191981388489016
42003,Xanxerê,1800,Impressão e reprodução de gravações,industria,517,2015,992957.0,60267845.0,1160787000.0,0.0008554170575652553,0.016475734282518313,0.05191981388489016
42003,Xanxerê,1991,Refino de petróleo e coquerias,industria,517,2015,992957.0,60267845.0,1160787000.0,0.0008554170575652553,0.016475734282518313,0.05191981388489016
42003,Xanxerê,1992,Fabricação de biocombustíveis,industria,517,2015,992957.0,60267845.0,1160787000.0,0.0008554170575652553,0.016475734282518313,0.05191981388489016
42003,Xanxerê,2091,"Fabricação de químicos orgânicos e inorgânicos, resinas e elastômeros",industria,517,2015,992957.0,60267845.0,1160787000.0,0.0008554170575652553,0.016475734282518313,0.05191981388489016
42003,Xanxerê,2092,"Fabricação de defensivos, desinfestantes, tintas e químicos diversos",industria,517,2015,992957.0,60267845.0,1160787000.0,0.0008554170575652553,0.016475734282518313,0.05191981388489016
42003,Xanxerê,2093,"Fabricação de produtos de limpeza, cosméticos/perfumaria e higiene pessoal",industria,517,2015,992957.0,60267845.0,1160787000.0,0.0008554170575652553,0.016475734282518313,0.05191981388489016
42003,Xanxerê,2100,Fabricação de produtos farmoquímicos e farmacêuticos,industria,517,2015,992957.0,60267845.0,1160787000.0,0.0008554170575652553,0.016475734282518313,0.05191981388489016
42003,Xanxerê,2200,Fabricação de produtos de borracha e de material plástico,industria,517,2015,992957.0,60267845.0,1160787000.0,0.0008554170575652553,0.016475734282518313,0.05191981388489016
42003,Xanxerê,2300,Fabricação de produtos de minerais não metálicos,industria,517,2015,992957.0,60267845.0,1160787000.0,0.0008554170575652553,0.016475734282518313,0.05191981388489016
42003,Xanxerê,2491,"Produção de ferro gusa/ferroligas, siderurgia e tubos de aço sem costura",industria,517,2015,992957.0,60267845.0,1160787000.0,0.0008554170575652553,0.016475734282518313,0.05191981388489016
42003,Xanxerê,2492,Metalurgia de metais não ferosos e a fundição de metais,industria,517,2015,992957.0,60267845.0,1160787000.0,0.0008554170575652553,0.016475734282518313,0.05191981388489016
42003,Xanxerê,2500,"Fabricação de produtos de metal, exceto máquinas e equipamentos",industria,517,2015,992957.0,60267845.0,1160787000.0,0.0008554170575652553,0.016475734282518313,0.05191981388489016
42003,Xanxerê,2600,"Fabricação de equipamentos de informática, produtos eletrônicos e ópticos",industria,517,2015,992957.0,60267845.0,1160787000.0,0.0008554170575652553,0.016475734282518313,0.05191981388489016
42003,Xanxerê,2700,Fabricação de máquinas e equipamentos elétricos,industria,517,2015,992957.0,60267845.0,1160787000.0,0.0008554170575652553,0.016475734282518313,0.05191981388489016
42003,Xanxerê,2800,Fabricação de máquinas e equipamentos mecânicos,industria,517,2015,992957.0,60267845.0,1160787000.0,0.0008554170575652553,0.016475734282518313,0.05191981388489016
42003,Xanxerê,2991,"Fabricação de automóveis, caminhões e ônibus, exceto peças",industria,517,2015,992957.0,60267845.0,1160787000.0,0.0008554170575652553,0.016475734282518313,0.05191981388489016
42003,Xanxerê,2992,Fabricação de peças e acessórios para veículos automotores,industria,517,2015,992957.0,60267845.0,1160787000.0,0.0008554170575652553,0.016475734282518313,0.05191981388489016
42003,Xanxerê,3000,"Fabricação de outros equipamentos de transporte, exceto veículos automotores",industria,517,2015,992957.0,60267845.0,1160787000.0,0.0008554170575652553,0.016475734282518313,0.05191981388489016
42003,Xanxerê,3180,Fabricação de móveis e de produtos de indústrias diversas,industria,517,2015,992957.0,60267845.0,1160787000.0,0.0008554170575652553,0.016475734282518313,0.05191981388489016
42003,Xanxerê,3300,"Manutenção, reparação e instalação de máquinas e equipamentos",industria,517,2015,992957.0,60267845.0,1160787000.0,0.0008554170575652553,0.016475734282518313,0.05191981388489016
42003,Xanxerê,3500,"Energia elétrica, gás natural e outras utilidades",industria,517,2015,992957.0,60267845.0,1160787000.0,0.0008554170575652553,0.016475734282518313,0.05191981388489016
42003,Xanxerê,3680,"Água, esgoto e gestão de resíduos",industria,517,2015,992957.0,60267845.0,1160787000.0,0.0008554170575652553,0.016475734282518313,0.05191981388489016
42003,Xanxerê,4180,Construção,industria,517,2015,992957.0,60267845.0,1160787000.0,0.0008554170575652553,0.016475734282518313,0.05191981388489016
42003,Xanxerê,4580,Comércio por atacado e varejo,servicos,6575,2015,1697053.0,108382198.0,2850260000.0,0.0005954028755271449,0.015658041923084086,0.03802537242216499
42003,Xanxerê,4900,Transporte terrestre,servicos,6575,2015,1697053.0,108382198.0,2850260000.0,0.0005954028755271449,0.015658041923084086,0.03802537242216499
42003,Xanxerê,5000,Transporte aquaviário,servicos,6575,2015,1697053.0,108382198.0,2850260000.0,0.0005954028755271449,0.015658041923084086,0.03802537242216499
42003,Xanxerê,5100,Transporte aéreo,servicos,6575,2015,1697053.0,108382198.0,2850260000.0,0.0005954028755271449,0.015658041923084086,0.03802537242216499
42003,Xanxerê,5280,"Armazenamento, atividades auxiliares dos transportes e correio",servicos,6575,2015,1697053.0,108382198.0,2850260000.0,0.0005954028755271449,0.015658041923084086,0.03802537242216499
42003,Xanxerê,5500,Alojamento,servicos,6575,2015,1697053.0,108382198.0,2850260000.0,0.0005954028755271449,0.015658041923084086,0.03802537242216499
42003,Xanxerê,5600,Alimentação,servicos,6575,2015,1697053.0,108382198.0,2850260000.0,0.0005954028755271449,0.015658041923084086,0.03802537242216499
42003,Xanxerê,5800,Edição e edição integrada à impressão,servicos,6575,2015,1697053.0,108382198.0,2850260000.0,0.0005954028755271449,0.015658041923084086,0.03802537242216499
42003,Xanxerê,5980,"Atividades de televisão, rádio, cinema e  gravação/edição de som e imagem",servicos,6575,2015,1697053.0,108382198.0,2850260000.0,0.0005954028755271449,0.015658041923084086,0.03802537242216499
42003,Xanxerê,6100,Telecomunicações,servicos,6575,2015,1697053.0,108382198.0,2850260000.0,0.0005954028755271449,0.015658041923084086,0.03802537242216499
42003,Xanxerê,6280,Desenvolvimento de sistemas e outros serviços de informação,servicos,6575,2015,1697053.0,108382198.0,2850260000.0,0.0005954028755271449,0.015658041923084086,0.03802537242216499
42003,Xanxerê,6480,"Intermediação financeira, seguros e previdência complementar",servicos,6575,2015,1697053.0,108382198.0,2850260000.0,0.0005954028755271449,0.015658041923084086,0.03802537242216499
42003,Xanxerê,6800,Atividades imobiliárias,servicos,6575,2015,1697053.0,108382198.0,2850260000.0,0.0005954028755271449,0.015658041923084086,0.03802537242216499
42003,Xanxerê,6980,"Atividades jurídicas, contábeis, consultoria e sedes de empresas ",servicos,6575,2015,1697053.0,108382198.0,2850260000.0,0.0005954028755271449,0.015658041923084086,0.03802537242216499
42003,Xanxerê,7180,"Serviços de arquitetura, engenharia, testes/análises técnicas e P & D",servicos,6575,2015,1697053.0,108382198.0,2850260000.0,0.0005954028755271449,0.015658041923084086,0.03802537242216499
42003,Xanxerê,7380,"Outras atividades profissionais, científicas e técnicas",servicos,6575,2015,1697053.0,108382198.0,2850260000.0,0.0005954028755271449,0.015658041923084086,0.03802537242216499
42003,Xanxerê,7700,Aluguéis não imobiliários e gestão de ativos de propriedade intelectual,servicos,6575,2015,1697053.0,108382198.0,2850260000.0,0.0005954028755271449,0.015658041923084086,0.03802537242216499
42003,Xanxerê,7880,Outras atividades administrativas e serviços complementares,servicos,6575,2015,1697053.0,108382198.0,2850260000.0,0.0005954028755271449,0.015658041923084086,0.03802537242216499
42003,Xanxerê,8000,"Atividades de vigilância, segurança e investigação",servicos,6575,2015,1697053.0,108382198.0,2850260000.0,0.0005954028755271449,0.015658041923084086,0.03802537242216499
42003,Xanxerê,8400,"Administração pública, defesa e seguridade social",administracao_publica,525,2015,671807.0,28534686.0,885587000.0,0.0007586007924687241,0.02354352173351408,0.03222121146764801
42003,Xanxerê,8591,Educação pública,administracao_publica,525,2015,671807.0,28534686.0,885587000.0,0.0007586007924687241,0.02354352173351408,0.03222121146764801
42003,Xanxerê,8592,Educação privada,servicos,6575,2015,1697053.0,108382198.0,2850260000.0,0.0005954028755271449,0.015658041923084086,0.03802537242216499
42003,Xanxerê,8691,Saúde pública,administracao_publica,525,2015,671807.0,28534686.0,885587000.0,0.0007586007924687241,0.02354352173351408,0.03222121146764801
42003,Xanxerê,8692,Saúde privada,servicos,6575,2015,1697053.0,108382198.0,2850260000.0,0.0005954028755271449,0.015658041923084086,0.03802537242216499
42003,Xanxerê,9080,"Atividades artísticas, criativas e de espetáculos",servicos,6575,2015,1697053.0,108382198.0,2850260000.0,0.0005954028755271449,0.015658041923084086,0.03802537242216499
42003,Xanxerê,9480,Organizações associativas e outros serviços pessoais,servicos,6575,2015,1697053.0,108382198.0,2850260000.0,0.0005954028755271449,0.015658041923084086,0.03802537242216499
42003,Xanxerê,9700,Serviços domésticos,servicos,6575,2015,1697053.0,108382198.0,2850260000.0,0.0005954028755271449,0.015658041923084086,0.03802537242216499
42004,Joaçaba,0191,"Agricultura, inclusive o apoio à agricultura e a pós-colheita",agropecuaria,513,2015,1330799.0,12485693.0,258967000.0,0.005138874837334486,0.10658591397369774,0.04821345190699974
42004,Joaçaba,0192,"Pecuária, inclusive o apoio à pecuária",agropecuaria,513,2015,1330799.0,12485693.0,258967000.0,0.005138874837334486,0.10658591397369774,0.04821345190699974
42004,Joaçaba,0280,Produção florestal; pesca e aquicultura,agropecuaria,513,2015,1330799.0,12485693.0,258967000.0,0.005138874837334486,0.10658591397369774,0.04821345190699974
42004,Joaçaba,0580,Extração de carvão mineral e de minerais não metálicos,industria,517,2015,3397195.0,60267845.0,1160787000.0,0.0029266308116820744,0.05636828394975795,0.05191981388489016
42004,Joaçaba,0680,"Extração de petróleo e gás, inclusive as atividades de apoio",industria,517,2015,3397195.0,60267845.0,1160787000.0,0.0029266308116820744,0.05636828394975795,0.05191981388489016
42004,Joaçaba,0791,"Extração de minério de ferro, inclusive beneficiamentos e a aglomeração",industria,517,2015,3397195.0,60267845.0,1160787000.0,0.0029266308116820744,0.05636828394975795,0.05191981388489016
42004,Joaçaba,0792,"Extração de minerais metálicos não ferrosos, inclusive beneficiamentos",industria,517,2015,3397195.0,60267845.0,1160787000.0,0.0029266308116820744,0.05636828394975795,0.05191981388489016
42004,Joaçaba,1091,"Abate e produtos de carne, inclusive os produtos do laticínio e da pesca",industria,517,2015,3397195.0,60267845.0,1160787000.0,0.0029266308116820744,0.05636828394975795,0.05191981388489016
42004,Joaçaba,1092,Fabricação e refino de açúcar,industria,517,2015,3397195.0,60267845.0,1160787000.0,0.0029266308116820744,0.05636828394975795,0.05191981388489016
42004,Joaçaba,1093,Outros produtos alimentares,industria,517,2015,3397195.0,60267845.0,1160787000.0,0.0029266308116820744,0.05636828394975795,0.05191981388489016
42004,Joaçaba,1100,Fabricação de bebidas,industria,517,2015,3397195.0,60267845.0,1160787000.0,0.0029266308116820744,0.05636828394975795,0.05191981388489016
42004,Joaçaba,1200,Fabricação de produtos do fumo,industria,517,2015,3397195.0,60267845.0,1160787000.0,0.0029266308116820744,0.05636828394975795,0.05191981388489016
42004,Joaçaba,1300,Fabricação de produtos têxteis,industria,517,2015,3397195.0,60267845.0,1160787000.0,0.0029266308116820744,0.05636828394975795,0.05191981388489016
42004,Joaçaba,1400,Confecção de artefatos do vestuário e acessórios,industria,517,2015,3397195.0,60267845.0,1160787000.0,0.0029266308116820744,0.05636828394975795,0.05191981388489016
42004,Joaçaba,1500,Fabricação de calçados e de artefatos de couro,industria,517,2015,3397195.0,60267845.0,1160787000.0,0.0029266308116820744,0.05636828394975795,0.05191981388489016
42004,Joaçaba,1600,Fabricação de produtos da madeira,industria,517,2015,3397195.0,60267845.0,1160787000.0,0.0029266308116820744,0.05636828394975795,0.05191981388489016
42004,Joaçaba,1700,"Fabricação de celulose, papel e produtos de papel",industria,517,2015,3397195.0,60267845.0,1160787000.0,0.0029266308116820744,0.05636828394975795,0.05191981388489016
42004,Joaçaba,1800,Impressão e reprodução de gravações,industria,517,2015,3397195.0,60267845.0,1160787000.0,0.0029266308116820744,0.05636828394975795,0.05191981388489016
42004,Joaçaba,1991,Refino de petróleo e coquerias,industria,517,2015,3397195.0,60267845.0,1160787000.0,0.0029266308116820744,0.05636828394975795,0.05191981388489016
42004,Joaçaba,1992,Fabricação de biocombustíveis,industria,517,2015,3397195.0,60267845.0,1160787000.0,0.0029266308116820744,0.05636828394975795,0.05191981388489016
42004,Joaçaba,2091,"Fabricação de químicos orgânicos e inorgânicos, resinas e elastômeros",industria,517,2015,3397195.0,60267845.0,1160787000.0,0.0029266308116820744,0.05636828394975795,0.05191981388489016
42004,Joaçaba,2092,"Fabricação de defensivos, desinfestantes, tintas e químicos diversos",industria,517,2015,3397195.0,60267845.0,1160787000.0,0.0029266308116820744,0.05636828394975795,0.05191981388489016
42004,Joaçaba,2093,"Fabricação de produtos de limpeza, cosméticos/perfumaria e higiene pessoal",industria,517,2015,3397195.0,60267845.0,1160787000.0,0.0029266308116820744,0.05636828394975795,0.05191981388489016
42004,Joaçaba,2100,Fabricação de produtos farmoquímicos e farmacêuticos,industria,517,2015,3397195.0,60267845.0,1160787000.0,0.0029266308116820744,0.05636828394975795,0.05191981388489016
42004,Joaçaba,2200,Fabricação de produtos de borracha e de material plástico,industria,517,2015,3397195.0,60267845.0,1160787000.0,0.0029266308116820744,0.05636828394975795,0.05191981388489016
42004,Joaçaba,2300,Fabricação de produtos de minerais não metálicos,industria,517,2015,3397195.0,60267845.0,1160787000.0,0.0029266308116820744,0.05636828394975795,0.05191981388489016
42004,Joaçaba,2491,"Produção de ferro gusa/ferroligas, siderurgia e tubos de aço sem costura",industria,517,2015,3397195.0,60267845.0,1160787000.0,0.0029266308116820744,0.05636828394975795,0.05191981388489016
42004,Joaçaba,2492,Metalurgia de metais não ferosos e a fundição de metais,industria,517,2015,3397195.0,60267845.0,1160787000.0,0.0029266308116820744,0.05636828394975795,0.05191981388489016
42004,Joaçaba,2500,"Fabricação de produtos de metal, exceto máquinas e equipamentos",industria,517,2015,3397195.0,60267845.0,1160787000.0,0.0029266308116820744,0.05636828394975795,0.05191981388489016
42004,Joaçaba,2600,"Fabricação de equipamentos de informática, produtos eletrônicos e ópticos",industria,517,2015,3397195.0,60267845.0,1160787000.0,0.0029266308116820744,0.05636828394975795,0.05191981388489016
42004,Joaçaba,2700,Fabricação de máquinas e equipamentos elétricos,industria,517,2015,3397195.0,60267845.0,1160787000.0,0.0029266308116820744,0.05636828394975795,0.05191981388489016
42004,Joaçaba,2800,Fabricação de máquinas e equipamentos mecânicos,industria,517,2015,3397195.0,60267845.0,1160787000.0,0.0029266308116820744,0.05636828394975795,0.05191981388489016
42004,Joaçaba,2991,"Fabricação de automóveis, caminhões e ônibus, exceto peças",industria,517,2015,3397195.0,60267845.0,1160787000.0,0.0029266308116820744,0.05636828394975795,0.05191981388489016
42004,Joaçaba,2992,Fabricação de peças e acessórios para veículos automotores,industria,517,2015,3397195.0,60267845.0,1160787000.0,0.0029266308116820744,0.05636828394975795,0.05191981388489016
42004,Joaçaba,3000,"Fabricação de outros equipamentos de transporte, exceto veículos automotores",industria,517,2015,3397195.0,60267845.0,1160787000.0,0.0029266308116820744,0.05636828394975795,0.05191981388489016
42004,Joaçaba,3180,Fabricação de móveis e de produtos de indústrias diversas,industria,517,2015,3397195.0,60267845.0,1160787000.0,0.0029266308116820744,0.05636828394975795,0.05191981388489016
42004,Joaçaba,3300,"Manutenção, reparação e instalação de máquinas e equipamentos",industria,517,2015,3397195.0,60267845.0,1160787000.0,0.0029266308116820744,0.05636828394975795,0.05191981388489016
42004,Joaçaba,3500,"Energia elétrica, gás natural e outras utilidades",industria,517,2015,3397195.0,60267845.0,1160787000.0,0.0029266308116820744,0.05636828394975795,0.05191981388489016
42004,Joaçaba,3680,"Água, esgoto e gestão de resíduos",industria,517,2015,3397195.0,60267845.0,1160787000.0,0.0029266308116820744,0.05636828394975795,0.05191981388489016
42004,Joaçaba,4180,Construção,industria,517,2015,3397195.0,60267845.0,1160787000.0,0.0029266308116820744,0.05636828394975795,0.05191981388489016
42004,Joaçaba,4580,Comércio por atacado e varejo,servicos,6575,2015,4232555.0,108382198.0,2850260000.0,0.0014849715464554112,0.03905212367071574,0.03802537242216499
42004,Joaçaba,4900,Transporte terrestre,servicos,6575,2015,4232555.0,108382198.0,2850260000.0,0.0014849715464554112,0.03905212367071574,0.03802537242216499
42004,Joaçaba,5000,Transporte aquaviário,servicos,6575,2015,4232555.0,108382198.0,2850260000.0,0.0014849715464554112,0.03905212367071574,0.03802537242216499
42004,Joaçaba,5100,Transporte aéreo,servicos,6575,2015,4232555.0,108382198.0,2850260000.0,0.0014849715464554112,0.03905212367071574,0.03802537242216499
42004,Joaçaba,5280,"Armazenamento, atividades auxiliares dos transportes e correio",servicos,6575,2015,4232555.0,108382198.0,2850260000.0,0.0014849715464554112,0.03905212367071574,0.03802537242216499
42004,Joaçaba,5500,Alojamento,servicos,6575,2015,4232555.0,108382198.0,2850260000.0,0.0014849715464554112,0.03905212367071574,0.03802537242216499
42004,Joaçaba,5600,Alimentação,servicos,6575,2015,4232555.0,108382198.0,2850260000.0,0.0014849715464554112,0.03905212367071574,0.03802537242216499
42004,Joaçaba,5800,Edição e edição integrada à impressão,servicos,6575,2015,4232555.0,108382198.0,2850260000.0,0.0014849715464554112,0.03905212367071574,0.03802537242216499
42004,Joaçaba,5980,"Atividades de televisão, rádio, cinema e  gravação/edição de som e imagem",servicos,6575,2015,4232555.0,108382198.0,2850260000.0,0.0014849715464554112,0.03905212367071574,0.03802537242216499
42004,Joaçaba,6100,Telecomunicações,servicos,6575,2015,4232555.0,108382198.0,2850260000.0,0.0014849715464554112,0.03905212367071574,0.03802537242216499
42004,Joaçaba,6280,Desenvolvimento de sistemas e outros serviços de informação,servicos,6575,2015,4232555.0,108382198.0,2850260000.0,0.0014849715464554112,0.03905212367071574,0.03802537242216499
42004,Joaçaba,6480,"Intermediação financeira, seguros e previdência complementar",servicos,6575,2015,4232555.0,108382198.0,2850260000.0,0.0014849715464554112,0.03905212367071574,0.03802537242216499
42004,Joaçaba,6800,Atividades imobiliárias,servicos,6575,2015,4232555.0,108382198.0,2850260000.0,0.0014849715464554112,0.03905212367071574,0.03802537242216499
42004,Joaçaba,6980,"Atividades jurídicas, contábeis, consultoria e sedes de empresas ",servicos,6575,2015,4232555.0,108382198.0,2850260000.0,0.0014849715464554112,0.03905212367071574,0.03802537242216499
42004,Joaçaba,7180,"Serviços de arquitetura, engenharia, testes/análises técnicas e P & D",servicos,6575,2015,4232555.0,108382198.0,2850260000.0,0.0014849715464554112,0.03905212367071574,0.03802537242216499
42004,Joaçaba,7380,"Outras atividades profissionais, científicas e técnicas",servicos,6575,2015,4232555.0,108382198.0,2850260000.0,0.0014849715464554112,0.03905212367071574,0.03802537242216499
42004,Joaçaba,7700,Aluguéis não imobiliários e gestão de ativos de propriedade intelectual,servicos,6575,2015,4232555.0,108382198.0,2850260000.0,0.0014849715464554112,0.03905212367071574,0.03802537242216499
42004,Joaçaba,7880,Outras atividades administrativas e serviços complementares,servicos,6575,2015,4232555.0,108382198.0,2850260000.0,0.0014849715464554112,0.03905212367071574,0.03802537242216499
42004,Joaçaba,8000,"Atividades de vigilância, segurança e investigação",servicos,6575,2015,4232555.0,108382198.0,2850260000.0,0.0014849715464554112,0.03905212367071574,0.03802537242216499
42004,Joaçaba,8400,"Administração pública, defesa e seguridade social",administracao_publica,525,2015,1440111.0,28534686.0,885587000.0,0.0016261654699086595,0.05046878735585175,0.03222121146764801
42004,Joaçaba,8591,Educação pública,administracao_publica,525,2015,1440111.0,28534686.0,885587000.0,0.0016261654699086595,0.05046878735585175,0.03222121146764801
42004,Joaçaba,8592,Educação privada,servicos,6575,2015,4232555.0,108382198.0,2850260000.0,0.0014849715464554112,0.03905212367071574,0.03802537242216499
42004,Joaçaba,8691,Saúde pública,administracao_publica,525,2015,1440111.0,28534686.0,885587000.0,0.0016261654699086595,0.05046878735585175,0.03222121146764801
42004,Joaçaba,8692,Saúde privada,servicos,6575,2015,4232555.0,108382198.0,2850260000.0,0.0014849715464554112,0.03905212367071574,0.03802537242216499
42004,Joaçaba,9080,"Atividades artísticas, criativas e de espetáculos",servicos,6575,2015,4232555.0,108382198.0,2850260000.0,0.0014849715464554112,0.03905212367071574,0.03802537242216499
42004,Joaçaba,9480,Organizações associativas e outros serviços pessoais,servicos,6575,2015,4232555.0,108382198.0,2850260000.0,0.0014849715464554112,0.03905212367071574,0.03802537242216499
42004,Joaçaba,9700,Serviços domésticos,servicos,6575,2015,4232555.0,108382198.0,2850260000.0,0.0014849715464554112,0.03905212367071574,0.03802537242216499
42005,Concórdia,0191,"Agricultura, inclusive o apoio à agricultura e a pós-colheita",agropecuaria,513,2015,693174.0,12485693.0,258967000.0,0.002676688535604923,0.05551746306752857,0.04821345190699974
42005,Concórdia,0192,"Pecuária, inclusive o apoio à pecuária",agropecuaria,513,2015,693174.0,12485693.0,258967000.0,0.002676688535604923,0.05551746306752857,0.04821345190699974
42005,Concórdia,0280,Produção florestal; pesca e aquicultura,agropecuaria,513,2015,693174.0,12485693.0,258967000.0,0.002676688535604923,0.05551746306752857,0.04821345190699974
42005,Concórdia,0580,Extração de carvão mineral e de minerais não metálicos,industria,517,2015,1941345.0,60267845.0,1160787000.0,0.001672438612768751,0.03221195315677871,0.05191981388489016
42005,Concórdia,0680,"Extração de petróleo e gás, inclusive as atividades de apoio",industria,517,2015,1941345.0,60267845.0,1160787000.0,0.001672438612768751,0.03221195315677871,0.05191981388489016
42005,Concórdia,0791,"Extração de minério de ferro, inclusive beneficiamentos e a aglomeração",industria,517,2015,1941345.0,60267845.0,1160787000.0,0.001672438612768751,0.03221195315677871,0.05191981388489016
42005,Concórdia,0792,"Extração de minerais metálicos não ferrosos, inclusive beneficiamentos",industria,517,2015,1941345.0,60267845.0,1160787000.0,0.001672438612768751,0.03221195315677871,0.05191981388489016
42005,Concórdia,1091,"Abate e produtos de carne, inclusive os produtos do laticínio e da pesca",industria,517,2015,1941345.0,60267845.0,1160787000.0,0.001672438612768751,0.03221195315677871,0.05191981388489016
42005,Concórdia,1092,Fabricação e refino de açúcar,industria,517,2015,1941345.0,60267845.0,1160787000.0,0.001672438612768751,0.03221195315677871,0.05191981388489016
42005,Concórdia,1093,Outros produtos alimentares,industria,517,2015,1941345.0,60267845.0,1160787000.0,0.001672438612768751,0.03221195315677871,0.05191981388489016
42005,Concórdia,1100,Fabricação de bebidas,industria,517,2015,1941345.0,60267845.0,1160787000.0,0.001672438612768751,0.03221195315677871,0.05191981388489016
42005,Concórdia,1200,Fabricação de produtos do fumo,industria,517,2015,1941345.0,60267845.0,1160787000.0,0.001672438612768751,0.03221195315677871,0.05191981388489016
42005,Concórdia,1300,Fabricação de produtos têxteis,industria,517,2015,1941345.0,60267845.0,1160787000.0,0.001672438612768751,0.03221195315677871,0.05191981388489016
42005,Concórdia,1400,Confecção de artefatos do vestuário e acessórios,industria,517,2015,1941345.0,60267845.0,1160787000.0,0.001672438612768751,0.03221195315677871,0.05191981388489016
42005,Concórdia,1500,Fabricação de calçados e de artefatos de couro,industria,517,2015,1941345.0,60267845.0,1160787000.0,0.001672438612768751,0.03221195315677871,0.05191981388489016
42005,Concórdia,1600,Fabricação de produtos da madeira,industria,517,2015,1941345.0,60267845.0,1160787000.0,0.001672438612768751,0.03221195315677871,0.05191981388489016
42005,Concórdia,1700,"Fabricação de celulose, papel e produtos de papel",industria,517,2015,1941345.0,60267845.0,1160787000.0,0.001672438612768751,0.03221195315677871,0.05191981388489016
42005,Concórdia,1800,Impressão e reprodução de gravações,industria,517,2015,1941345.0,60267845.0,1160787000.0,0.001672438612768751,0.03221195315677871,0.05191981388489016
42005,Concórdia,1991,Refino de petróleo e coquerias,industria,517,2015,1941345.0,60267845.0,1160787000.0,0.001672438612768751,0.03221195315677871,0.05191981388489016
42005,Concórdia,1992,Fabricação de biocombustíveis,industria,517,2015,1941345.0,60267845.0,1160787000.0,0.001672438612768751,0.03221195315677871,0.05191981388489016
42005,Concórdia,2091,"Fabricação de químicos orgânicos e inorgânicos, resinas e elastômeros",industria,517,2015,1941345.0,60267845.0,1160787000.0,0.001672438612768751,0.03221195315677871,0.05191981388489016
42005,Concórdia,2092,"Fabricação de defensivos, desinfestantes, tintas e químicos diversos",industria,517,2015,1941345.0,60267845.0,1160787000.0,0.001672438612768751,0.03221195315677871,0.05191981388489016
42005,Concórdia,2093,"Fabricação de produtos de limpeza, cosméticos/perfumaria e higiene pessoal",industria,517,2015,1941345.0,60267845.0,1160787000.0,0.001672438612768751,0.03221195315677871,0.05191981388489016
42005,Concórdia,2100,Fabricação de produtos farmoquímicos e farmacêuticos,industria,517,2015,1941345.0,60267845.0,1160787000.0,0.001672438612768751,0.03221195315677871,0.05191981388489016
42005,Concórdia,2200,Fabricação de produtos de borracha e de material plástico,industria,517,2015,1941345.0,60267845.0,1160787000.0,0.001672438612768751,0.03221195315677871,0.05191981388489016
42005,Concórdia,2300,Fabricação de produtos de minerais não metálicos,industria,517,2015,1941345.0,60267845.0,1160787000.0,0.001672438612768751,0.03221195315677871,0.05191981388489016
42005,Concórdia,2491,"Produção de ferro gusa/ferroligas, siderurgia e tubos de aço sem costura",industria,517,2015,1941345.0,60267845.0,1160787000.0,0.001672438612768751,0.03221195315677871,0.05191981388489016
42005,Concórdia,2492,Metalurgia de metais não ferosos e a fundição de metais,industria,517,2015,1941345.0,60267845.0,1160787000.0,0.001672438612768751,0.03221195315677871,0.05191981388489016
42005,Concórdia,2500,"Fabricação de produtos de metal, exceto máquinas e equipamentos",industria,517,2015,1941345.0,60267845.0,1160787000.0,0.001672438612768751,0.03221195315677871,0.05191981388489016
42005,Concórdia,2600,"Fabricação de equipamentos de informática, produtos eletrônicos e ópticos",industria,517,2015,1941345.0,60267845.0,1160787000.0,0.001672438612768751,0.03221195315677871,0.05191981388489016
42005,Concórdia,2700,Fabricação de máquinas e equipamentos elétricos,industria,517,2015,1941345.0,60267845.0,1160787000.0,0.001672438612768751,0.03221195315677871,0.05191981388489016
42005,Concórdia,2800,Fabricação de máquinas e equipamentos mecânicos,industria,517,2015,1941345.0,60267845.0,1160787000.0,0.001672438612768751,0.03221195315677871,0.05191981388489016
42005,Concórdia,2991,"Fabricação de automóveis, caminhões e ônibus, exceto peças",industria,517,2015,1941345.0,60267845.0,1160787000.0,0.001672438612768751,0.03221195315677871,0.05191981388489016
42005,Concórdia,2992,Fabricação de peças e acessórios para veículos automotores,industria,517,2015,1941345.0,60267845.0,1160787000.0,0.001672438612768751,0.03221195315677871,0.05191981388489016
42005,Concórdia,3000,"Fabricação de outros equipamentos de transporte, exceto veículos automotores",industria,517,2015,1941345.0,60267845.0,1160787000.0,0.001672438612768751,0.03221195315677871,0.05191981388489016
42005,Concórdia,3180,Fabricação de móveis e de produtos de indústrias diversas,industria,517,2015,1941345.0,60267845.0,1160787000.0,0.001672438612768751,0.03221195315677871,0.05191981388489016
42005,Concórdia,3300,"Manutenção, reparação e instalação de máquinas e equipamentos",industria,517,2015,1941345.0,60267845.0,1160787000.0,0.001672438612768751,0.03221195315677871,0.05191981388489016
42005,Concórdia,3500,"Energia elétrica, gás natural e outras utilidades",industria,517,2015,1941345.0,60267845.0,1160787000.0,0.001672438612768751,0.03221195315677871,0.05191981388489016
42005,Concórdia,3680,"Água, esgoto e gestão de resíduos",industria,517,2015,1941345.0,60267845.0,1160787000.0,0.001672438612768751,0.03221195315677871,0.05191981388489016
42005,Concórdia,4180,Construção,industria,517,2015,1941345.0,60267845.0,1160787000.0,0.001672438612768751,0.03221195315677871,0.05191981388489016
42005,Concórdia,4580,Comércio por atacado e varejo,servicos,6575,2015,1947916.0,108382198.0,2850260000.0,0.0006834169514360094,0.01797265635819639,0.03802537242216499
42005,Concórdia,4900,Transporte terrestre,servicos,6575,2015,1947916.0,108382198.0,2850260000.0,0.0006834169514360094,0.01797265635819639,0.03802537242216499
42005,Concórdia,5000,Transporte aquaviário,servicos,6575,2015,1947916.0,108382198.0,2850260000.0,0.0006834169514360094,0.01797265635819639,0.03802537242216499
42005,Concórdia,5100,Transporte aéreo,servicos,6575,2015,1947916.0,108382198.0,2850260000.0,0.0006834169514360094,0.01797265635819639,0.03802537242216499
42005,Concórdia,5280,"Armazenamento, atividades auxiliares dos transportes e correio",servicos,6575,2015,1947916.0,108382198.0,2850260000.0,0.0006834169514360094,0.01797265635819639,0.03802537242216499
42005,Concórdia,5500,Alojamento,servicos,6575,2015,1947916.0,108382198.0,2850260000.0,0.0006834169514360094,0.01797265635819639,0.03802537242216499
42005,Concórdia,5600,Alimentação,servicos,6575,2015,1947916.0,108382198.0,2850260000.0,0.0006834169514360094,0.01797265635819639,0.03802537242216499
42005,Concórdia,5800,Edição e edição integrada à impressão,servicos,6575,2015,1947916.0,108382198.0,2850260000.0,0.0006834169514360094,0.01797265635819639,0.03802537242216499
42005,Concórdia,5980,"Atividades de televisão, rádio, cinema e  gravação/edição de som e imagem",servicos,6575,2015,1947916.0,108382198.0,2850260000.0,0.0006834169514360094,0.01797265635819639,0.03802537242216499
42005,Concórdia,6100,Telecomunicações,servicos,6575,2015,1947916.0,108382198.0,2850260000.0,0.0006834169514360094,0.01797265635819639,0.03802537242216499
42005,Concórdia,6280,Desenvolvimento de sistemas e outros serviços de informação,servicos,6575,2015,1947916.0,108382198.0,2850260000.0,0.0006834169514360094,0.01797265635819639,0.03802537242216499
42005,Concórdia,6480,"Intermediação financeira, seguros e previdência complementar",servicos,6575,2015,1947916.0,108382198.0,2850260000.0,0.0006834169514360094,0.01797265635819639,0.03802537242216499
42005,Concórdia,6800,Atividades imobiliárias,servicos,6575,2015,1947916.0,108382198.0,2850260000.0,0.0006834169514360094,0.01797265635819639,0.03802537242216499
42005,Concórdia,6980,"Atividades jurídicas, contábeis, consultoria e sedes de empresas ",servicos,6575,2015,1947916.0,108382198.0,2850260000.0,0.0006834169514360094,0.01797265635819639,0.03802537242216499
42005,Concórdia,7180,"Serviços de arquitetura, engenharia, testes/análises técnicas e P & D",servicos,6575,2015,1947916.0,108382198.0,2850260000.0,0.0006834169514360094,0.01797265635819639,0.03802537242216499
42005,Concórdia,7380,"Outras atividades profissionais, científicas e técnicas",servicos,6575,2015,1947916.0,108382198.0,2850260000.0,0.0006834169514360094,0.01797265635819639,0.03802537242216499
42005,Concórdia,7700,Aluguéis não imobiliários e gestão de ativos de propriedade intelectual,servicos,6575,2015,1947916.0,108382198.0,2850260000.0,0.0006834169514360094,0.01797265635819639,0.03802537242216499
42005,Concórdia,7880,Outras atividades administrativas e serviços complementares,servicos,6575,2015,1947916.0,108382198.0,2850260000.0,0.0006834169514360094,0.01797265635819639,0.03802537242216499
42005,Concórdia,8000,"Atividades de vigilância, segurança e investigação",servicos,6575,2015,1947916.0,108382198.0,2850260000.0,0.0006834169514360094,0.01797265635819639,0.03802537242216499
42005,Concórdia,8400,"Administração pública, defesa e seguridade social",administracao_publica,525,2015,632231.0,28534686.0,885587000.0,0.0007139117895813737,0.02215657813791958,0.03222121146764801
42005,Concórdia,8591,Educação pública,administracao_publica,525,2015,632231.0,28534686.0,885587000.0,0.0007139117895813737,0.02215657813791958,0.03222121146764801
42005,Concórdia,8592,Educação privada,servicos,6575,2015,1947916.0,108382198.0,2850260000.0,0.0006834169514360094,0.01797265635819639,0.03802537242216499
42005,Concórdia,8691,Saúde pública,administracao_publica,525,2015,632231.0,28534686.0,885587000.0,0.0007139117895813737,0.02215657813791958,0.03222121146764801
42005,Concórdia,8692,Saúde privada,servicos,6575,2015,1947916.0,108382198.0,2850260000.0,0.0006834169514360094,0.01797265635819639,0.03802537242216499
42005,Concórdia,9080,"Atividades artísticas, criativas e de espetáculos",servicos,6575,2015,1947916.0,108382198.0,2850260000.0,0.0006834169514360094,0.01797265635819639,0.03802537242216499
42005,Concórdia,9480,Organizações associativas e outros serviços pessoais,servicos,6575,2015,1947916.0,108382198.0,2850260000.0,0.0006834169514360094,0.01797265635819639,0.03802537242216499
42005,Concórdia,9700,Serviços domésticos,servicos,6575,2015,1947916.0,108382198.0,2850260000.0,0.0006834169514360094,0.01797265635819639,0.03802537242216499
42006,Canoinhas,0191,"Agricultura, inclusive o apoio à agricultura e a pós-colheita",agropecuaria,513,2015,1194528.0,12485693.0,258967000.0,0.004612664934142188,0.09567174204907969,0.04821345190699974
42006,Canoinhas,0192,"Pecuária, inclusive o apoio à pecuária",agropecuaria,513,2015,1194528.0,12485693.0,258967000.0,0.004612664934142188,0.09567174204907969,0.04821345190699974
42006,Canoinhas,0280,Produção florestal; pesca e aquicultura,agropecuaria,513,2015,1194528.0,12485693.0,258967000.0,0.004612664934142188,0.09567174204907969,0.04821345190699974
42006,Canoinhas,0580,Extração de carvão mineral e de minerais não metálicos,industria,517,2015,1482542.0,60267845.0,1160787000.0,0.0012771869429964325,0.02459922036369477,0.05191981388489016
42006,Canoinhas,0680,"Extração de petróleo e gás, inclusive as atividades de apoio",industria,517,2015,1482542.0,60267845.0,1160787000.0,0.0012771869429964325,0.02459922036369477,0.05191981388489016
42006,Canoinhas,0791,"Extração de minério de ferro, inclusive beneficiamentos e a aglomeração",industria,517,2015,1482542.0,60267845.0,1160787000.0,0.0012771869429964325,0.02459922036369477,0.05191981388489016
42006,Canoinhas,0792,"Extração de minerais metálicos não ferrosos, inclusive beneficiamentos",industria,517,2015,1482542.0,60267845.0,1160787000.0,0.0012771869429964325,0.02459922036369477,0.05191981388489016
42006,Canoinhas,1091,"Abate e produtos de carne, inclusive os produtos do laticínio e da pesca",industria,517,2015,1482542.0,60267845.0,1160787000.0,0.0012771869429964325,0.02459922036369477,0.05191981388489016
42006,Canoinhas,1092,Fabricação e refino de açúcar,industria,517,2015,1482542.0,60267845.0,1160787000.0,0.0012771869429964325,0.02459922036369477,0.05191981388489016
42006,Canoinhas,1093,Outros produtos alimentares,industria,517,2015,1482542.0,60267845.0,1160787000.0,0.0012771869429964325,0.02459922036369477,0.05191981388489016
42006,Canoinhas,1100,Fabricação de bebidas,industria,517,2015,1482542.0,60267845.0,1160787000.0,0.0012771869429964325,0.02459922036369477,0.05191981388489016
42006,Canoinhas,1200,Fabricação de produtos do fumo,industria,517,2015,1482542.0,60267845.0,1160787000.0,0.0012771869429964325,0.02459922036369477,0.05191981388489016
42006,Canoinhas,1300,Fabricação de produtos têxteis,industria,517,2015,1482542.0,60267845.0,1160787000.0,0.0012771869429964325,0.02459922036369477,0.05191981388489016
42006,Canoinhas,1400,Confecção de artefatos do vestuário e acessórios,industria,517,2015,1482542.0,60267845.0,1160787000.0,0.0012771869429964325,0.02459922036369477,0.05191981388489016
42006,Canoinhas,1500,Fabricação de calçados e de artefatos de couro,industria,517,2015,1482542.0,60267845.0,1160787000.0,0.0012771869429964325,0.02459922036369477,0.05191981388489016
42006,Canoinhas,1600,Fabricação de produtos da madeira,industria,517,2015,1482542.0,60267845.0,1160787000.0,0.0012771869429964325,0.02459922036369477,0.05191981388489016
42006,Canoinhas,1700,"Fabricação de celulose, papel e produtos de papel",industria,517,2015,1482542.0,60267845.0,1160787000.0,0.0012771869429964325,0.02459922036369477,0.05191981388489016
42006,Canoinhas,1800,Impressão e reprodução de gravações,industria,517,2015,1482542.0,60267845.0,1160787000.0,0.0012771869429964325,0.02459922036369477,0.05191981388489016
42006,Canoinhas,1991,Refino de petróleo e coquerias,industria,517,2015,1482542.0,60267845.0,1160787000.0,0.0012771869429964325,0.02459922036369477,0.05191981388489016
42006,Canoinhas,1992,Fabricação de biocombustíveis,industria,517,2015,1482542.0,60267845.0,1160787000.0,0.0012771869429964325,0.02459922036369477,0.05191981388489016
42006,Canoinhas,2091,"Fabricação de químicos orgânicos e inorgânicos, resinas e elastômeros",industria,517,2015,1482542.0,60267845.0,1160787000.0,0.0012771869429964325,0.02459922036369477,0.05191981388489016
42006,Canoinhas,2092,"Fabricação de defensivos, desinfestantes, tintas e químicos diversos",industria,517,2015,1482542.0,60267845.0,1160787000.0,0.0012771869429964325,0.02459922036369477,0.05191981388489016
42006,Canoinhas,2093,"Fabricação de produtos de limpeza, cosméticos/perfumaria e higiene pessoal",industria,517,2015,1482542.0,60267845.0,1160787000.0,0.0012771869429964325,0.02459922036369477,0.05191981388489016
42006,Canoinhas,2100,Fabricação de produtos farmoquímicos e farmacêuticos,industria,517,2015,1482542.0,60267845.0,1160787000.0,0.0012771869429964325,0.02459922036369477,0.05191981388489016
42006,Canoinhas,2200,Fabricação de produtos de borracha e de material plástico,industria,517,2015,1482542.0,60267845.0,1160787000.0,0.0012771869429964325,0.02459922036369477,0.05191981388489016
42006,Canoinhas,2300,Fabricação de produtos de minerais não metálicos,industria,517,2015,1482542.0,60267845.0,1160787000.0,0.0012771869429964325,0.02459922036369477,0.05191981388489016
42006,Canoinhas,2491,"Produção de ferro gusa/ferroligas, siderurgia e tubos de aço sem costura",industria,517,2015,1482542.0,60267845.0,1160787000.0,0.0012771869429964325,0.02459922036369477,0.05191981388489016
42006,Canoinhas,2492,Metalurgia de metais não ferosos e a fundição de metais,industria,517,2015,1482542.0,60267845.0,1160787000.0,0.0012771869429964325,0.02459922036369477,0.05191981388489016
42006,Canoinhas,2500,"Fabricação de produtos de metal, exceto máquinas e equipamentos",industria,517,2015,1482542.0,60267845.0,1160787000.0,0.0012771869429964325,0.02459922036369477,0.05191981388489016
42006,Canoinhas,2600,"Fabricação de equipamentos de informática, produtos eletrônicos e ópticos",industria,517,2015,1482542.0,60267845.0,1160787000.0,0.0012771869429964325,0.02459922036369477,0.05191981388489016
42006,Canoinhas,2700,Fabricação de máquinas e equipamentos elétricos,industria,517,2015,1482542.0,60267845.0,1160787000.0,0.0012771869429964325,0.02459922036369477,0.05191981388489016
42006,Canoinhas,2800,Fabricação de máquinas e equipamentos mecânicos,industria,517,2015,1482542.0,60267845.0,1160787000.0,0.0012771869429964325,0.02459922036369477,0.05191981388489016
42006,Canoinhas,2991,"Fabricação de automóveis, caminhões e ônibus, exceto peças",industria,517,2015,1482542.0,60267845.0,1160787000.0,0.0012771869429964325,0.02459922036369477,0.05191981388489016
42006,Canoinhas,2992,Fabricação de peças e acessórios para veículos automotores,industria,517,2015,1482542.0,60267845.0,1160787000.0,0.0012771869429964325,0.02459922036369477,0.05191981388489016
42006,Canoinhas,3000,"Fabricação de outros equipamentos de transporte, exceto veículos automotores",industria,517,2015,1482542.0,60267845.0,1160787000.0,0.0012771869429964325,0.02459922036369477,0.05191981388489016
42006,Canoinhas,3180,Fabricação de móveis e de produtos de indústrias diversas,industria,517,2015,1482542.0,60267845.0,1160787000.0,0.0012771869429964325,0.02459922036369477,0.05191981388489016
42006,Canoinhas,3300,"Manutenção, reparação e instalação de máquinas e equipamentos",industria,517,2015,1482542.0,60267845.0,1160787000.0,0.0012771869429964325,0.02459922036369477,0.05191981388489016
42006,Canoinhas,3500,"Energia elétrica, gás natural e outras utilidades",industria,517,2015,1482542.0,60267845.0,1160787000.0,0.0012771869429964325,0.02459922036369477,0.05191981388489016
42006,Canoinhas,3680,"Água, esgoto e gestão de resíduos",industria,517,2015,1482542.0,60267845.0,1160787000.0,0.0012771869429964325,0.02459922036369477,0.05191981388489016
42006,Canoinhas,4180,Construção,industria,517,2015,1482542.0,60267845.0,1160787000.0,0.0012771869429964325,0.02459922036369477,0.05191981388489016
42006,Canoinhas,4580,Comércio por atacado e varejo,servicos,6575,2015,2274256.0,108382198.0,2850260000.0,0.0007979117694526113,0.020983667446936256,0.03802537242216499
42006,Canoinhas,4900,Transporte terrestre,servicos,6575,2015,2274256.0,108382198.0,2850260000.0,0.0007979117694526113,0.020983667446936256,0.03802537242216499
42006,Canoinhas,5000,Transporte aquaviário,servicos,6575,2015,2274256.0,108382198.0,2850260000.0,0.0007979117694526113,0.020983667446936256,0.03802537242216499
42006,Canoinhas,5100,Transporte aéreo,servicos,6575,2015,2274256.0,108382198.0,2850260000.0,0.0007979117694526113,0.020983667446936256,0.03802537242216499
42006,Canoinhas,5280,"Armazenamento, atividades auxiliares dos transportes e correio",servicos,6575,2015,2274256.0,108382198.0,2850260000.0,0.0007979117694526113,0.020983667446936256,0.03802537242216499
42006,Canoinhas,5500,Alojamento,servicos,6575,2015,2274256.0,108382198.0,2850260000.0,0.0007979117694526113,0.020983667446936256,0.03802537242216499
42006,Canoinhas,5600,Alimentação,servicos,6575,2015,2274256.0,108382198.0,2850260000.0,0.0007979117694526113,0.020983667446936256,0.03802537242216499
42006,Canoinhas,5800,Edição e edição integrada à impressão,servicos,6575,2015,2274256.0,108382198.0,2850260000.0,0.0007979117694526113,0.020983667446936256,0.03802537242216499
42006,Canoinhas,5980,"Atividades de televisão, rádio, cinema e  gravação/edição de som e imagem",servicos,6575,2015,2274256.0,108382198.0,2850260000.0,0.0007979117694526113,0.020983667446936256,0.03802537242216499
42006,Canoinhas,6100,Telecomunicações,servicos,6575,2015,2274256.0,108382198.0,2850260000.0,0.0007979117694526113,0.020983667446936256,0.03802537242216499
42006,Canoinhas,6280,Desenvolvimento de sistemas e outros serviços de informação,servicos,6575,2015,2274256.0,108382198.0,2850260000.0,0.0007979117694526113,0.020983667446936256,0.03802537242216499
42006,Canoinhas,6480,"Intermediação financeira, seguros e previdência complementar",servicos,6575,2015,2274256.0,108382198.0,2850260000.0,0.0007979117694526113,0.020983667446936256,0.03802537242216499
42006,Canoinhas,6800,Atividades imobiliárias,servicos,6575,2015,2274256.0,108382198.0,2850260000.0,0.0007979117694526113,0.020983667446936256,0.03802537242216499
42006,Canoinhas,6980,"Atividades jurídicas, contábeis, consultoria e sedes de empresas ",servicos,6575,2015,2274256.0,108382198.0,2850260000.0,0.0007979117694526113,0.020983667446936256,0.03802537242216499
42006,Canoinhas,7180,"Serviços de arquitetura, engenharia, testes/análises técnicas e P & D",servicos,6575,2015,2274256.0,108382198.0,2850260000.0,0.0007979117694526113,0.020983667446936256,0.03802537242216499
42006,Canoinhas,7380,"Outras atividades profissionais, científicas e técnicas",servicos,6575,2015,2274256.0,108382198.0,2850260000.0,0.0007979117694526113,0.020983667446936256,0.03802537242216499
42006,Canoinhas,7700,Aluguéis não imobiliários e gestão de ativos de propriedade intelectual,servicos,6575,2015,2274256.0,108382198.0,2850260000.0,0.0007979117694526113,0.020983667446936256,0.03802537242216499
42006,Canoinhas,7880,Outras atividades administrativas e serviços complementares,servicos,6575,2015,2274256.0,108382198.0,2850260000.0,0.0007979117694526113,0.020983667446936256,0.03802537242216499
42006,Canoinhas,8000,"Atividades de vigilância, segurança e investigação",servicos,6575,2015,2274256.0,108382198.0,2850260000.0,0.0007979117694526113,0.020983667446936256,0.03802537242216499
42006,Canoinhas,8400,"Administração pública, defesa e seguridade social",administracao_publica,525,2015,970685.0,28534686.0,885587000.0,0.0010960921964753322,0.03401772144960698,0.03222121146764801
42006,Canoinhas,8591,Educação pública,administracao_publica,525,2015,970685.0,28534686.0,885587000.0,0.0010960921964753322,0.03401772144960698,0.03222121146764801
42006,Canoinhas,8592,Educação privada,servicos,6575,2015,2274256.0,108382198.0,2850260000.0,0.0007979117694526113,0.020983667446936256,0.03802537242216499
42006,Canoinhas,8691,Saúde pública,administracao_publica,525,2015,970685.0,28534686.0,885587000.0,0.0010960921964753322,0.03401772144960698,0.03222121146764801
42006,Canoinhas,8692,Saúde privada,servicos,6575,2015,2274256.0,108382198.0,2850260000.0,0.0007979117694526113,0.020983667446936256,0.03802537242216499
42006,Canoinhas,9080,"Atividades artísticas, criativas e de espetáculos",servicos,6575,2015,2274256.0,108382198.0,2850260000.0,0.0007979117694526113,0.020983667446936256,0.03802537242216499
42006,Canoinhas,9480,Organizações associativas e outros serviços pessoais,servicos,6575,2015,2274256.0,108382198.0,2850260000.0,0.0007979117694526113,0.020983667446936256,0.03802537242216499
42006,Canoinhas,9700,Serviços domésticos,servicos,6575,2015,2274256.0,108382198.0,2850260000.0,0.0007979117694526113,0.020983667446936256,0.03802537242216499
42007,São Bento do Sul,0191,"Agricultura, inclusive o apoio à agricultura e a pós-colheita",agropecuaria,513,2015,162999.0,12485693.0,258967000.0,0.0006294199647059278,0.013054862072934197,0.04821345190699974
42007,São Bento do Sul,0192,"Pecuária, inclusive o apoio à pecuária",agropecuaria,513,2015,162999.0,12485693.0,258967000.0,0.0006294199647059278,0.013054862072934197,0.04821345190699974
42007,São Bento do Sul,0280,Produção florestal; pesca e aquicultura,agropecuaria,513,2015,162999.0,12485693.0,258967000.0,0.0006294199647059278,0.013054862072934197,0.04821345190699974
42007,São Bento do Sul,0580,Extração de carvão mineral e de minerais não metálicos,industria,517,2015,1527005.0,60267845.0,1160787000.0,0.0013154911280019504,0.025336976956783504,0.05191981388489016
42007,São Bento do Sul,0680,"Extração de petróleo e gás, inclusive as atividades de apoio",industria,517,2015,1527005.0,60267845.0,1160787000.0,0.0013154911280019504,0.025336976956783504,0.05191981388489016
42007,São Bento do Sul,0791,"Extração de minério de ferro, inclusive beneficiamentos e a aglomeração",industria,517,2015,1527005.0,60267845.0,1160787000.0,0.0013154911280019504,0.025336976956783504,0.05191981388489016
42007,São Bento do Sul,0792,"Extração de minerais metálicos não ferrosos, inclusive beneficiamentos",industria,517,2015,1527005.0,60267845.0,1160787000.0,0.0013154911280019504,0.025336976956783504,0.05191981388489016
42007,São Bento do Sul,1091,"Abate e produtos de carne, inclusive os produtos do laticínio e da pesca",industria,517,2015,1527005.0,60267845.0,1160787000.0,0.0013154911280019504,0.025336976956783504,0.05191981388489016
42007,São Bento do Sul,1092,Fabricação e refino de açúcar,industria,517,2015,1527005.0,60267845.0,1160787000.0,0.0013154911280019504,0.025336976956783504,0.05191981388489016
42007,São Bento do Sul,1093,Outros produtos alimentares,industria,517,2015,1527005.0,60267845.0,1160787000.0,0.0013154911280019504,0.025336976956783504,0.05191981388489016
42007,São Bento do Sul,1100,Fabricação de bebidas,industria,517,2015,1527005.0,60267845.0,1160787000.0,0.0013154911280019504,0.025336976956783504,0.05191981388489016
42007,São Bento do Sul,1200,Fabricação de produtos do fumo,industria,517,2015,1527005.0,60267845.0,1160787000.0,0.0013154911280019504,0.025336976956783504,0.05191981388489016
42007,São Bento do Sul,1300,Fabricação de produtos têxteis,industria,517,2015,1527005.0,60267845.0,1160787000.0,0.0013154911280019504,0.025336976956783504,0.05191981388489016
42007,São Bento do Sul,1400,Confecção de artefatos do vestuário e acessórios,industria,517,2015,1527005.0,60267845.0,1160787000.0,0.0013154911280019504,0.025336976956783504,0.05191981388489016
42007,São Bento do Sul,1500,Fabricação de calçados e de artefatos de couro,industria,517,2015,1527005.0,60267845.0,1160787000.0,0.0013154911280019504,0.025336976956783504,0.05191981388489016
42007,São Bento do Sul,1600,Fabricação de produtos da madeira,industria,517,2015,1527005.0,60267845.0,1160787000.0,0.0013154911280019504,0.025336976956783504,0.05191981388489016
42007,São Bento do Sul,1700,"Fabricação de celulose, papel e produtos de papel",industria,517,2015,1527005.0,60267845.0,1160787000.0,0.0013154911280019504,0.025336976956783504,0.05191981388489016
42007,São Bento do Sul,1800,Impressão e reprodução de gravações,industria,517,2015,1527005.0,60267845.0,1160787000.0,0.0013154911280019504,0.025336976956783504,0.05191981388489016
42007,São Bento do Sul,1991,Refino de petróleo e coquerias,industria,517,2015,1527005.0,60267845.0,1160787000.0,0.0013154911280019504,0.025336976956783504,0.05191981388489016
42007,São Bento do Sul,1992,Fabricação de biocombustíveis,industria,517,2015,1527005.0,60267845.0,1160787000.0,0.0013154911280019504,0.025336976956783504,0.05191981388489016
42007,São Bento do Sul,2091,"Fabricação de químicos orgânicos e inorgânicos, resinas e elastômeros",industria,517,2015,1527005.0,60267845.0,1160787000.0,0.0013154911280019504,0.025336976956783504,0.05191981388489016
42007,São Bento do Sul,2092,"Fabricação de defensivos, desinfestantes, tintas e químicos diversos",industria,517,2015,1527005.0,60267845.0,1160787000.0,0.0013154911280019504,0.025336976956783504,0.05191981388489016
42007,São Bento do Sul,2093,"Fabricação de produtos de limpeza, cosméticos/perfumaria e higiene pessoal",industria,517,2015,1527005.0,60267845.0,1160787000.0,0.0013154911280019504,0.025336976956783504,0.05191981388489016
42007,São Bento do Sul,2100,Fabricação de produtos farmoquímicos e farmacêuticos,industria,517,2015,1527005.0,60267845.0,1160787000.0,0.0013154911280019504,0.025336976956783504,0.05191981388489016
42007,São Bento do Sul,2200,Fabricação de produtos de borracha e de material plástico,industria,517,2015,1527005.0,60267845.0,1160787000.0,0.0013154911280019504,0.025336976956783504,0.05191981388489016
42007,São Bento do Sul,2300,Fabricação de produtos de minerais não metálicos,industria,517,2015,1527005.0,60267845.0,1160787000.0,0.0013154911280019504,0.025336976956783504,0.05191981388489016
42007,São Bento do Sul,2491,"Produção de ferro gusa/ferroligas, siderurgia e tubos de aço sem costura",industria,517,2015,1527005.0,60267845.0,1160787000.0,0.0013154911280019504,0.025336976956783504,0.05191981388489016
42007,São Bento do Sul,2492,Metalurgia de metais não ferosos e a fundição de metais,industria,517,2015,1527005.0,60267845.0,1160787000.0,0.0013154911280019504,0.025336976956783504,0.05191981388489016
42007,São Bento do Sul,2500,"Fabricação de produtos de metal, exceto máquinas e equipamentos",industria,517,2015,1527005.0,60267845.0,1160787000.0,0.0013154911280019504,0.025336976956783504,0.05191981388489016
42007,São Bento do Sul,2600,"Fabricação de equipamentos de informática, produtos eletrônicos e ópticos",industria,517,2015,1527005.0,60267845.0,1160787000.0,0.0013154911280019504,0.025336976956783504,0.05191981388489016
42007,São Bento do Sul,2700,Fabricação de máquinas e equipamentos elétricos,industria,517,2015,1527005.0,60267845.0,1160787000.0,0.0013154911280019504,0.025336976956783504,0.05191981388489016
42007,São Bento do Sul,2800,Fabricação de máquinas e equipamentos mecânicos,industria,517,2015,1527005.0,60267845.0,1160787000.0,0.0013154911280019504,0.025336976956783504,0.05191981388489016
42007,São Bento do Sul,2991,"Fabricação de automóveis, caminhões e ônibus, exceto peças",industria,517,2015,1527005.0,60267845.0,1160787000.0,0.0013154911280019504,0.025336976956783504,0.05191981388489016
42007,São Bento do Sul,2992,Fabricação de peças e acessórios para veículos automotores,industria,517,2015,1527005.0,60267845.0,1160787000.0,0.0013154911280019504,0.025336976956783504,0.05191981388489016
42007,São Bento do Sul,3000,"Fabricação de outros equipamentos de transporte, exceto veículos automotores",industria,517,2015,1527005.0,60267845.0,1160787000.0,0.0013154911280019504,0.025336976956783504,0.05191981388489016
42007,São Bento do Sul,3180,Fabricação de móveis e de produtos de indústrias diversas,industria,517,2015,1527005.0,60267845.0,1160787000.0,0.0013154911280019504,0.025336976956783504,0.05191981388489016
42007,São Bento do Sul,3300,"Manutenção, reparação e instalação de máquinas e equipamentos",industria,517,2015,1527005.0,60267845.0,1160787000.0,0.0013154911280019504,0.025336976956783504,0.05191981388489016
42007,São Bento do Sul,3500,"Energia elétrica, gás natural e outras utilidades",industria,517,2015,1527005.0,60267845.0,1160787000.0,0.0013154911280019504,0.025336976956783504,0.05191981388489016
42007,São Bento do Sul,3680,"Água, esgoto e gestão de resíduos",industria,517,2015,1527005.0,60267845.0,1160787000.0,0.0013154911280019504,0.025336976956783504,0.05191981388489016
42007,São Bento do Sul,4180,Construção,industria,517,2015,1527005.0,60267845.0,1160787000.0,0.0013154911280019504,0.025336976956783504,0.05191981388489016
42007,São Bento do Sul,4580,Comércio por atacado e varejo,servicos,6575,2015,1425449.0,108382198.0,2850260000.0,0.000500111919614351,0.013152058421992881,0.03802537242216499
42007,São Bento do Sul,4900,Transporte terrestre,servicos,6575,2015,1425449.0,108382198.0,2850260000.0,0.000500111919614351,0.013152058421992881,0.03802537242216499
42007,São Bento do Sul,5000,Transporte aquaviário,servicos,6575,2015,1425449.0,108382198.0,2850260000.0,0.000500111919614351,0.013152058421992881,0.03802537242216499
42007,São Bento do Sul,5100,Transporte aéreo,servicos,6575,2015,1425449.0,108382198.0,2850260000.0,0.000500111919614351,0.013152058421992881,0.03802537242216499
42007,São Bento do Sul,5280,"Armazenamento, atividades auxiliares dos transportes e correio",servicos,6575,2015,1425449.0,108382198.0,2850260000.0,0.000500111919614351,0.013152058421992881,0.03802537242216499
42007,São Bento do Sul,5500,Alojamento,servicos,6575,2015,1425449.0,108382198.0,2850260000.0,0.000500111919614351,0.013152058421992881,0.03802537242216499
42007,São Bento do Sul,5600,Alimentação,servicos,6575,2015,1425449.0,108382198.0,2850260000.0,0.000500111919614351,0.013152058421992881,0.03802537242216499
42007,São Bento do Sul,5800,Edição e edição integrada à impressão,servicos,6575,2015,1425449.0,108382198.0,2850260000.0,0.000500111919614351,0.013152058421992881,0.03802537242216499
42007,São Bento do Sul,5980,"Atividades de televisão, rádio, cinema e  gravação/edição de som e imagem",servicos,6575,2015,1425449.0,108382198.0,2850260000.0,0.000500111919614351,0.013152058421992881,0.03802537242216499
42007,São Bento do Sul,6100,Telecomunicações,servicos,6575,2015,1425449.0,108382198.0,2850260000.0,0.000500111919614351,0.013152058421992881,0.03802537242216499
42007,São Bento do Sul,6280,Desenvolvimento de sistemas e outros serviços de informação,servicos,6575,2015,1425449.0,108382198.0,2850260000.0,0.000500111919614351,0.013152058421992881,0.03802537242216499
42007,São Bento do Sul,6480,"Intermediação financeira, seguros e previdência complementar",servicos,6575,2015,1425449.0,108382198.0,2850260000.0,0.000500111919614351,0.013152058421992881,0.03802537242216499
42007,São Bento do Sul,6800,Atividades imobiliárias,servicos,6575,2015,1425449.0,108382198.0,2850260000.0,0.000500111919614351,0.013152058421992881,0.03802537242216499
42007,São Bento do Sul,6980,"Atividades jurídicas, contábeis, consultoria e sedes de empresas ",servicos,6575,2015,1425449.0,108382198.0,2850260000.0,0.000500111919614351,0.013152058421992881,0.03802537242216499
42007,São Bento do Sul,7180,"Serviços de arquitetura, engenharia, testes/análises técnicas e P & D",servicos,6575,2015,1425449.0,108382198.0,2850260000.0,0.000500111919614351,0.013152058421992881,0.03802537242216499
42007,São Bento do Sul,7380,"Outras atividades profissionais, científicas e técnicas",servicos,6575,2015,1425449.0,108382198.0,2850260000.0,0.000500111919614351,0.013152058421992881,0.03802537242216499
42007,São Bento do Sul,7700,Aluguéis não imobiliários e gestão de ativos de propriedade intelectual,servicos,6575,2015,1425449.0,108382198.0,2850260000.0,0.000500111919614351,0.013152058421992881,0.03802537242216499
42007,São Bento do Sul,7880,Outras atividades administrativas e serviços complementares,servicos,6575,2015,1425449.0,108382198.0,2850260000.0,0.000500111919614351,0.013152058421992881,0.03802537242216499
42007,São Bento do Sul,8000,"Atividades de vigilância, segurança e investigação",servicos,6575,2015,1425449.0,108382198.0,2850260000.0,0.000500111919614351,0.013152058421992881,0.03802537242216499
42007,São Bento do Sul,8400,"Administração pública, defesa e seguridade social",administracao_publica,525,2015,565703.0,28534686.0,885587000.0,0.0006387887356070042,0.019825099880194933,0.03222121146764801
42007,São Bento do Sul,8591,Educação pública,administracao_publica,525,2015,565703.0,28534686.0,885587000.0,0.0006387887356070042,0.019825099880194933,0.03222121146764801
42007,São Bento do Sul,8592,Educação privada,servicos,6575,2015,1425449.0,108382198.0,2850260000.0,0.000500111919614351,0.013152058421992881,0.03802537242216499
42007,São Bento do Sul,8691,Saúde pública,administracao_publica,525,2015,565703.0,28534686.0,885587000.0,0.0006387887356070042,0.019825099880194933,0.03222121146764801
42007,São Bento do Sul,8692,Saúde privada,servicos,6575,2015,1425449.0,108382198.0,2850260000.0,0.000500111919614351,0.013152058421992881,0.03802537242216499
42007,São Bento do Sul,9080,"Atividades artísticas, criativas e de espetáculos",servicos,6575,2015,1425449.0,108382198.0,2850260000.0,0.000500111919614351,0.013152058421992881,0.03802537242216499
42007,São Bento do Sul,9480,Organizações associativas e outros serviços pessoais,servicos,6575,2015,1425449.0,108382198.0,2850260000.0,0.000500111919614351,0.013152058421992881,0.03802537242216499
42007,São Bento do Sul,9700,Serviços domésticos,servicos,6575,2015,1425449.0,108382198.0,2850260000.0,0.000500111919614351,0.013152058421992881,0.03802537242216499
42008,Joinville,0191,"Agricultura, inclusive o apoio à agricultura e a pós-colheita",agropecuaria,513,2015,372391.0,12485693.0,258967000.0,0.0014379863071356583,0.02982541697925778,0.04821345190699974
42008,Joinville,0192,"Pecuária, inclusive o apoio à pecuária",agropecuaria,513,2015,372391.0,12485693.0,258967000.0,0.0014379863071356583,0.02982541697925778,0.04821345190699974
42008,Joinville,0280,Produção florestal; pesca e aquicultura,agropecuaria,513,2015,372391.0,12485693.0,258967000.0,0.0014379863071356583,0.02982541697925778,0.04821345190699974
42008,Joinville,0580,Extração de carvão mineral e de minerais não metálicos,industria,517,2015,14139117.0,60267845.0,1160787000.0,0.012180630038068999,0.2346046552684935,0.05191981388489016
42008,Joinville,0680,"Extração de petróleo e gás, inclusive as atividades de apoio",industria,517,2015,14139117.0,60267845.0,1160787000.0,0.012180630038068999,0.2346046552684935,0.05191981388489016
42008,Joinville,0791,"Extração de minério de ferro, inclusive beneficiamentos e a aglomeração",industria,517,2015,14139117.0,60267845.0,1160787000.0,0.012180630038068999,0.2346046552684935,0.05191981388489016
42008,Joinville,0792,"Extração de minerais metálicos não ferrosos, inclusive beneficiamentos",industria,517,2015,14139117.0,60267845.0,1160787000.0,0.012180630038068999,0.2346046552684935,0.05191981388489016
42008,Joinville,1091,"Abate e produtos de carne, inclusive os produtos do laticínio e da pesca",industria,517,2015,14139117.0,60267845.0,1160787000.0,0.012180630038068999,0.2346046552684935,0.05191981388489016
42008,Joinville,1092,Fabricação e refino de açúcar,industria,517,2015,14139117.0,60267845.0,1160787000.0,0.012180630038068999,0.2346046552684935,0.05191981388489016
42008,Joinville,1093,Outros produtos alimentares,industria,517,2015,14139117.0,60267845.0,1160787000.0,0.012180630038068999,0.2346046552684935,0.05191981388489016
42008,Joinville,1100,Fabricação de bebidas,industria,517,2015,14139117.0,60267845.0,1160787000.0,0.012180630038068999,0.2346046552684935,0.05191981388489016
42008,Joinville,1200,Fabricação de produtos do fumo,industria,517,2015,14139117.0,60267845.0,1160787000.0,0.012180630038068999,0.2346046552684935,0.05191981388489016
42008,Joinville,1300,Fabricação de produtos têxteis,industria,517,2015,14139117.0,60267845.0,1160787000.0,0.012180630038068999,0.2346046552684935,0.05191981388489016
42008,Joinville,1400,Confecção de artefatos do vestuário e acessórios,industria,517,2015,14139117.0,60267845.0,1160787000.0,0.012180630038068999,0.2346046552684935,0.05191981388489016
42008,Joinville,1500,Fabricação de calçados e de artefatos de couro,industria,517,2015,14139117.0,60267845.0,1160787000.0,0.012180630038068999,0.2346046552684935,0.05191981388489016
42008,Joinville,1600,Fabricação de produtos da madeira,industria,517,2015,14139117.0,60267845.0,1160787000.0,0.012180630038068999,0.2346046552684935,0.05191981388489016
42008,Joinville,1700,"Fabricação de celulose, papel e produtos de papel",industria,517,2015,14139117.0,60267845.0,1160787000.0,0.012180630038068999,0.2346046552684935,0.05191981388489016
42008,Joinville,1800,Impressão e reprodução de gravações,industria,517,2015,14139117.0,60267845.0,1160787000.0,0.012180630038068999,0.2346046552684935,0.05191981388489016
42008,Joinville,1991,Refino de petróleo e coquerias,industria,517,2015,14139117.0,60267845.0,1160787000.0,0.012180630038068999,0.2346046552684935,0.05191981388489016
42008,Joinville,1992,Fabricação de biocombustíveis,industria,517,2015,14139117.0,60267845.0,1160787000.0,0.012180630038068999,0.2346046552684935,0.05191981388489016
42008,Joinville,2091,"Fabricação de químicos orgânicos e inorgânicos, resinas e elastômeros",industria,517,2015,14139117.0,60267845.0,1160787000.0,0.012180630038068999,0.2346046552684935,0.05191981388489016
42008,Joinville,2092,"Fabricação de defensivos, desinfestantes, tintas e químicos diversos",industria,517,2015,14139117.0,60267845.0,1160787000.0,0.012180630038068999,0.2346046552684935,0.05191981388489016
42008,Joinville,2093,"Fabricação de produtos de limpeza, cosméticos/perfumaria e higiene pessoal",industria,517,2015,14139117.0,60267845.0,1160787000.0,0.012180630038068999,0.2346046552684935,0.05191981388489016
42008,Joinville,2100,Fabricação de produtos farmoquímicos e farmacêuticos,industria,517,2015,14139117.0,60267845.0,1160787000.0,0.012180630038068999,0.2346046552684935,0.05191981388489016
42008,Joinville,2200,Fabricação de produtos de borracha e de material plástico,industria,517,2015,14139117.0,60267845.0,1160787000.0,0.012180630038068999,0.2346046552684935,0.05191981388489016
42008,Joinville,2300,Fabricação de produtos de minerais não metálicos,industria,517,2015,14139117.0,60267845.0,1160787000.0,0.012180630038068999,0.2346046552684935,0.05191981388489016
42008,Joinville,2491,"Produção de ferro gusa/ferroligas, siderurgia e tubos de aço sem costura",industria,517,2015,14139117.0,60267845.0,1160787000.0,0.012180630038068999,0.2346046552684935,0.05191981388489016
42008,Joinville,2492,Metalurgia de metais não ferosos e a fundição de metais,industria,517,2015,14139117.0,60267845.0,1160787000.0,0.012180630038068999,0.2346046552684935,0.05191981388489016
42008,Joinville,2500,"Fabricação de produtos de metal, exceto máquinas e equipamentos",industria,517,2015,14139117.0,60267845.0,1160787000.0,0.012180630038068999,0.2346046552684935,0.05191981388489016
42008,Joinville,2600,"Fabricação de equipamentos de informática, produtos eletrônicos e ópticos",industria,517,2015,14139117.0,60267845.0,1160787000.0,0.012180630038068999,0.2346046552684935,0.05191981388489016
42008,Joinville,2700,Fabricação de máquinas e equipamentos elétricos,industria,517,2015,14139117.0,60267845.0,1160787000.0,0.012180630038068999,0.2346046552684935,0.05191981388489016
42008,Joinville,2800,Fabricação de máquinas e equipamentos mecânicos,industria,517,2015,14139117.0,60267845.0,1160787000.0,0.012180630038068999,0.2346046552684935,0.05191981388489016
42008,Joinville,2991,"Fabricação de automóveis, caminhões e ônibus, exceto peças",industria,517,2015,14139117.0,60267845.0,1160787000.0,0.012180630038068999,0.2346046552684935,0.05191981388489016
42008,Joinville,2992,Fabricação de peças e acessórios para veículos automotores,industria,517,2015,14139117.0,60267845.0,1160787000.0,0.012180630038068999,0.2346046552684935,0.05191981388489016
42008,Joinville,3000,"Fabricação de outros equipamentos de transporte, exceto veículos automotores",industria,517,2015,14139117.0,60267845.0,1160787000.0,0.012180630038068999,0.2346046552684935,0.05191981388489016
42008,Joinville,3180,Fabricação de móveis e de produtos de indústrias diversas,industria,517,2015,14139117.0,60267845.0,1160787000.0,0.012180630038068999,0.2346046552684935,0.05191981388489016
42008,Joinville,3300,"Manutenção, reparação e instalação de máquinas e equipamentos",industria,517,2015,14139117.0,60267845.0,1160787000.0,0.012180630038068999,0.2346046552684935,0.05191981388489016
42008,Joinville,3500,"Energia elétrica, gás natural e outras utilidades",industria,517,2015,14139117.0,60267845.0,1160787000.0,0.012180630038068999,0.2346046552684935,0.05191981388489016
42008,Joinville,3680,"Água, esgoto e gestão de resíduos",industria,517,2015,14139117.0,60267845.0,1160787000.0,0.012180630038068999,0.2346046552684935,0.05191981388489016
42008,Joinville,4180,Construção,industria,517,2015,14139117.0,60267845.0,1160787000.0,0.012180630038068999,0.2346046552684935,0.05191981388489016
42008,Joinville,4580,Comércio por atacado e varejo,servicos,6575,2015,17723369.0,108382198.0,2850260000.0,0.0062181586942945555,0.1635265691880506,0.03802537242216499
42008,Joinville,4900,Transporte terrestre,servicos,6575,2015,17723369.0,108382198.0,2850260000.0,0.0062181586942945555,0.1635265691880506,0.03802537242216499
42008,Joinville,5000,Transporte aquaviário,servicos,6575,2015,17723369.0,108382198.0,2850260000.0,0.0062181586942945555,0.1635265691880506,0.03802537242216499
42008,Joinville,5100,Transporte aéreo,servicos,6575,2015,17723369.0,108382198.0,2850260000.0,0.0062181586942945555,0.1635265691880506,0.03802537242216499
42008,Joinville,5280,"Armazenamento, atividades auxiliares dos transportes e correio",servicos,6575,2015,17723369.0,108382198.0,2850260000.0,0.0062181586942945555,0.1635265691880506,0.03802537242216499
42008,Joinville,5500,Alojamento,servicos,6575,2015,17723369.0,108382198.0,2850260000.0,0.0062181586942945555,0.1635265691880506,0.03802537242216499
42008,Joinville,5600,Alimentação,servicos,6575,2015,17723369.0,108382198.0,2850260000.0,0.0062181586942945555,0.1635265691880506,0.03802537242216499
42008,Joinville,5800,Edição e edição integrada à impressão,servicos,6575,2015,17723369.0,108382198.0,2850260000.0,0.0062181586942945555,0.1635265691880506,0.03802537242216499
42008,Joinville,5980,"Atividades de televisão, rádio, cinema e  gravação/edição de som e imagem",servicos,6575,2015,17723369.0,108382198.0,2850260000.0,0.0062181586942945555,0.1635265691880506,0.03802537242216499
42008,Joinville,6100,Telecomunicações,servicos,6575,2015,17723369.0,108382198.0,2850260000.0,0.0062181586942945555,0.1635265691880506,0.03802537242216499
42008,Joinville,6280,Desenvolvimento de sistemas e outros serviços de informação,servicos,6575,2015,17723369.0,108382198.0,2850260000.0,0.0062181586942945555,0.1635265691880506,0.03802537242216499
42008,Joinville,6480,"Intermediação financeira, seguros e previdência complementar",servicos,6575,2015,17723369.0,108382198.0,2850260000.0,0.0062181586942945555,0.1635265691880506,0.03802537242216499
42008,Joinville,6800,Atividades imobiliárias,servicos,6575,2015,17723369.0,108382198.0,2850260000.0,0.0062181586942945555,0.1635265691880506,0.03802537242216499
42008,Joinville,6980,"Atividades jurídicas, contábeis, consultoria e sedes de empresas ",servicos,6575,2015,17723369.0,108382198.0,2850260000.0,0.0062181586942945555,0.1635265691880506,0.03802537242216499
42008,Joinville,7180,"Serviços de arquitetura, engenharia, testes/análises técnicas e P & D",servicos,6575,2015,17723369.0,108382198.0,2850260000.0,0.0062181586942945555,0.1635265691880506,0.03802537242216499
42008,Joinville,7380,"Outras atividades profissionais, científicas e técnicas",servicos,6575,2015,17723369.0,108382198.0,2850260000.0,0.0062181586942945555,0.1635265691880506,0.03802537242216499
42008,Joinville,7700,Aluguéis não imobiliários e gestão de ativos de propriedade intelectual,servicos,6575,2015,17723369.0,108382198.0,2850260000.0,0.0062181586942945555,0.1635265691880506,0.03802537242216499
42008,Joinville,7880,Outras atividades administrativas e serviços complementares,servicos,6575,2015,17723369.0,108382198.0,2850260000.0,0.0062181586942945555,0.1635265691880506,0.03802537242216499
42008,Joinville,8000,"Atividades de vigilância, segurança e investigação",servicos,6575,2015,17723369.0,108382198.0,2850260000.0,0.0062181586942945555,0.1635265691880506,0.03802537242216499
42008,Joinville,8400,"Administração pública, defesa e seguridade social",administracao_publica,525,2015,4114215.0,28534686.0,885587000.0,0.0046457490907161015,0.1441829428226405,0.03222121146764801
42008,Joinville,8591,Educação pública,administracao_publica,525,2015,4114215.0,28534686.0,885587000.0,0.0046457490907161015,0.1441829428226405,0.03222121146764801
42008,Joinville,8592,Educação privada,servicos,6575,2015,17723369.0,108382198.0,2850260000.0,0.0062181586942945555,0.1635265691880506,0.03802537242216499
42008,Joinville,8691,Saúde pública,administracao_publica,525,2015,4114215.0,28534686.0,885587000.0,0.0046457490907161015,0.1441829428226405,0.03222121146764801
42008,Joinville,8692,Saúde privada,servicos,6575,2015,17723369.0,108382198.0,2850260000.0,0.0062181586942945555,0.1635265691880506,0.03802537242216499
42008,Joinville,9080,"Atividades artísticas, criativas e de espetáculos",servicos,6575,2015,17723369.0,108382198.0,2850260000.0,0.0062181586942945555,0.1635265691880506,0.03802537242216499
42008,Joinville,9480,Organizações associativas e outros serviços pessoais,servicos,6575,2015,17723369.0,108382198.0,2850260000.0,0.0062181586942945555,0.1635265691880506,0.03802537242216499
42008,Joinville,9700,Serviços domésticos,servicos,6575,2015,17723369.0,108382198.0,2850260000.0,0.0062181586942945555,0.1635265691880506,0.03802537242216499
42009,Curitibanos,0191,"Agricultura, inclusive o apoio à agricultura e a pós-colheita",agropecuaria,513,2015,599195.0,12485693.0,258967000.0,0.002313789015588859,0.04799052803877206,0.04821345190699974
42009,Curitibanos,0192,"Pecuária, inclusive o apoio à pecuária",agropecuaria,513,2015,599195.0,12485693.0,258967000.0,0.002313789015588859,0.04799052803877206,0.04821345190699974
42009,Curitibanos,0280,Produção florestal; pesca e aquicultura,agropecuaria,513,2015,599195.0,12485693.0,258967000.0,0.002313789015588859,0.04799052803877206,0.04821345190699974
42009,Curitibanos,0580,Extração de carvão mineral e de minerais não metálicos,industria,517,2015,1235633.0,60267845.0,1160787000.0,0.0010644786683517303,0.020502359093808646,0.05191981388489016
42009,Curitibanos,0680,"Extração de petróleo e gás, inclusive as atividades de apoio",industria,517,2015,1235633.0,60267845.0,1160787000.0,0.0010644786683517303,0.020502359093808646,0.05191981388489016
42009,Curitibanos,0791,"Extração de minério de ferro, inclusive beneficiamentos e a aglomeração",industria,517,2015,1235633.0,60267845.0,1160787000.0,0.0010644786683517303,0.020502359093808646,0.05191981388489016
42009,Curitibanos,0792,"Extração de minerais metálicos não ferrosos, inclusive beneficiamentos",industria,517,2015,1235633.0,60267845.0,1160787000.0,0.0010644786683517303,0.020502359093808646,0.05191981388489016
42009,Curitibanos,1091,"Abate e produtos de carne, inclusive os produtos do laticínio e da pesca",industria,517,2015,1235633.0,60267845.0,1160787000.0,0.0010644786683517303,0.020502359093808646,0.05191981388489016
42009,Curitibanos,1092,Fabricação e refino de açúcar,industria,517,2015,1235633.0,60267845.0,1160787000.0,0.0010644786683517303,0.020502359093808646,0.05191981388489016
42009,Curitibanos,1093,Outros produtos alimentares,industria,517,2015,1235633.0,60267845.0,1160787000.0,0.0010644786683517303,0.020502359093808646,0.05191981388489016
42009,Curitibanos,1100,Fabricação de bebidas,industria,517,2015,1235633.0,60267845.0,1160787000.0,0.0010644786683517303,0.020502359093808646,0.05191981388489016
42009,Curitibanos,1200,Fabricação de produtos do fumo,industria,517,2015,1235633.0,60267845.0,1160787000.0,0.0010644786683517303,0.020502359093808646,0.05191981388489016
42009,Curitibanos,1300,Fabricação de produtos têxteis,industria,517,2015,1235633.0,60267845.0,1160787000.0,0.0010644786683517303,0.020502359093808646,0.05191981388489016
42009,Curitibanos,1400,Confecção de artefatos do vestuário e acessórios,industria,517,2015,1235633.0,60267845.0,1160787000.0,0.0010644786683517303,0.020502359093808646,0.05191981388489016
42009,Curitibanos,1500,Fabricação de calçados e de artefatos de couro,industria,517,2015,1235633.0,60267845.0,1160787000.0,0.0010644786683517303,0.020502359093808646,0.05191981388489016
42009,Curitibanos,1600,Fabricação de produtos da madeira,industria,517,2015,1235633.0,60267845.0,1160787000.0,0.0010644786683517303,0.020502359093808646,0.05191981388489016
42009,Curitibanos,1700,"Fabricação de celulose, papel e produtos de papel",industria,517,2015,1235633.0,60267845.0,1160787000.0,0.0010644786683517303,0.020502359093808646,0.05191981388489016
42009,Curitibanos,1800,Impressão e reprodução de gravações,industria,517,2015,1235633.0,60267845.0,1160787000.0,0.0010644786683517303,0.020502359093808646,0.05191981388489016
42009,Curitibanos,1991,Refino de petróleo e coquerias,industria,517,2015,1235633.0,60267845.0,1160787000.0,0.0010644786683517303,0.020502359093808646,0.05191981388489016
42009,Curitibanos,1992,Fabricação de biocombustíveis,industria,517,2015,1235633.0,60267845.0,1160787000.0,0.0010644786683517303,0.020502359093808646,0.05191981388489016
42009,Curitibanos,2091,"Fabricação de químicos orgânicos e inorgânicos, resinas e elastômeros",industria,517,2015,1235633.0,60267845.0,1160787000.0,0.0010644786683517303,0.020502359093808646,0.05191981388489016
42009,Curitibanos,2092,"Fabricação de defensivos, desinfestantes, tintas e químicos diversos",industria,517,2015,1235633.0,60267845.0,1160787000.0,0.0010644786683517303,0.020502359093808646,0.05191981388489016
42009,Curitibanos,2093,"Fabricação de produtos de limpeza, cosméticos/perfumaria e higiene pessoal",industria,517,2015,1235633.0,60267845.0,1160787000.0,0.0010644786683517303,0.020502359093808646,0.05191981388489016
42009,Curitibanos,2100,Fabricação de produtos farmoquímicos e farmacêuticos,industria,517,2015,1235633.0,60267845.0,1160787000.0,0.0010644786683517303,0.020502359093808646,0.05191981388489016
42009,Curitibanos,2200,Fabricação de produtos de borracha e de material plástico,industria,517,2015,1235633.0,60267845.0,1160787000.0,0.0010644786683517303,0.020502359093808646,0.05191981388489016
42009,Curitibanos,2300,Fabricação de produtos de minerais não metálicos,industria,517,2015,1235633.0,60267845.0,1160787000.0,0.0010644786683517303,0.020502359093808646,0.05191981388489016
42009,Curitibanos,2491,"Produção de ferro gusa/ferroligas, siderurgia e tubos de aço sem costura",industria,517,2015,1235633.0,60267845.0,1160787000.0,0.0010644786683517303,0.020502359093808646,0.05191981388489016
42009,Curitibanos,2492,Metalurgia de metais não ferosos e a fundição de metais,industria,517,2015,1235633.0,60267845.0,1160787000.0,0.0010644786683517303,0.020502359093808646,0.05191981388489016
42009,Curitibanos,2500,"Fabricação de produtos de metal, exceto máquinas e equipamentos",industria,517,2015,1235633.0,60267845.0,1160787000.0,0.0010644786683517303,0.020502359093808646,0.05191981388489016
42009,Curitibanos,2600,"Fabricação de equipamentos de informática, produtos eletrônicos e ópticos",industria,517,2015,1235633.0,60267845.0,1160787000.0,0.0010644786683517303,0.020502359093808646,0.05191981388489016
42009,Curitibanos,2700,Fabricação de máquinas e equipamentos elétricos,industria,517,2015,1235633.0,60267845.0,1160787000.0,0.0010644786683517303,0.020502359093808646,0.05191981388489016
42009,Curitibanos,2800,Fabricação de máquinas e equipamentos mecânicos,industria,517,2015,1235633.0,60267845.0,1160787000.0,0.0010644786683517303,0.020502359093808646,0.05191981388489016
42009,Curitibanos,2991,"Fabricação de automóveis, caminhões e ônibus, exceto peças",industria,517,2015,1235633.0,60267845.0,1160787000.0,0.0010644786683517303,0.020502359093808646,0.05191981388489016
42009,Curitibanos,2992,Fabricação de peças e acessórios para veículos automotores,industria,517,2015,1235633.0,60267845.0,1160787000.0,0.0010644786683517303,0.020502359093808646,0.05191981388489016
42009,Curitibanos,3000,"Fabricação de outros equipamentos de transporte, exceto veículos automotores",industria,517,2015,1235633.0,60267845.0,1160787000.0,0.0010644786683517303,0.020502359093808646,0.05191981388489016
42009,Curitibanos,3180,Fabricação de móveis e de produtos de indústrias diversas,industria,517,2015,1235633.0,60267845.0,1160787000.0,0.0010644786683517303,0.020502359093808646,0.05191981388489016
42009,Curitibanos,3300,"Manutenção, reparação e instalação de máquinas e equipamentos",industria,517,2015,1235633.0,60267845.0,1160787000.0,0.0010644786683517303,0.020502359093808646,0.05191981388489016
42009,Curitibanos,3500,"Energia elétrica, gás natural e outras utilidades",industria,517,2015,1235633.0,60267845.0,1160787000.0,0.0010644786683517303,0.020502359093808646,0.05191981388489016
42009,Curitibanos,3680,"Água, esgoto e gestão de resíduos",industria,517,2015,1235633.0,60267845.0,1160787000.0,0.0010644786683517303,0.020502359093808646,0.05191981388489016
42009,Curitibanos,4180,Construção,industria,517,2015,1235633.0,60267845.0,1160787000.0,0.0010644786683517303,0.020502359093808646,0.05191981388489016
42009,Curitibanos,4580,Comércio por atacado e varejo,servicos,6575,2015,1390801.0,108382198.0,2850260000.0,0.0004879558356079796,0.012832374925631237,0.03802537242216499
42009,Curitibanos,4900,Transporte terrestre,servicos,6575,2015,1390801.0,108382198.0,2850260000.0,0.0004879558356079796,0.012832374925631237,0.03802537242216499
42009,Curitibanos,5000,Transporte aquaviário,servicos,6575,2015,1390801.0,108382198.0,2850260000.0,0.0004879558356079796,0.012832374925631237,0.03802537242216499
42009,Curitibanos,5100,Transporte aéreo,servicos,6575,2015,1390801.0,108382198.0,2850260000.0,0.0004879558356079796,0.012832374925631237,0.03802537242216499
42009,Curitibanos,5280,"Armazenamento, atividades auxiliares dos transportes e correio",servicos,6575,2015,1390801.0,108382198.0,2850260000.0,0.0004879558356079796,0.012832374925631237,0.03802537242216499
42009,Curitibanos,5500,Alojamento,servicos,6575,2015,1390801.0,108382198.0,2850260000.0,0.0004879558356079796,0.012832374925631237,0.03802537242216499
42009,Curitibanos,5600,Alimentação,servicos,6575,2015,1390801.0,108382198.0,2850260000.0,0.0004879558356079796,0.012832374925631237,0.03802537242216499
42009,Curitibanos,5800,Edição e edição integrada à impressão,servicos,6575,2015,1390801.0,108382198.0,2850260000.0,0.0004879558356079796,0.012832374925631237,0.03802537242216499
42009,Curitibanos,5980,"Atividades de televisão, rádio, cinema e  gravação/edição de som e imagem",servicos,6575,2015,1390801.0,108382198.0,2850260000.0,0.0004879558356079796,0.012832374925631237,0.03802537242216499
42009,Curitibanos,6100,Telecomunicações,servicos,6575,2015,1390801.0,108382198.0,2850260000.0,0.0004879558356079796,0.012832374925631237,0.03802537242216499
42009,Curitibanos,6280,Desenvolvimento de sistemas e outros serviços de informação,servicos,6575,2015,1390801.0,108382198.0,2850260000.0,0.0004879558356079796,0.012832374925631237,0.03802537242216499
42009,Curitibanos,6480,"Intermediação financeira, seguros e previdência complementar",servicos,6575,2015,1390801.0,108382198.0,2850260000.0,0.0004879558356079796,0.012832374925631237,0.03802537242216499
42009,Curitibanos,6800,Atividades imobiliárias,servicos,6575,2015,1390801.0,108382198.0,2850260000.0,0.0004879558356079796,0.012832374925631237,0.03802537242216499
42009,Curitibanos,6980,"Atividades jurídicas, contábeis, consultoria e sedes de empresas ",servicos,6575,2015,1390801.0,108382198.0,2850260000.0,0.0004879558356079796,0.012832374925631237,0.03802537242216499
42009,Curitibanos,7180,"Serviços de arquitetura, engenharia, testes/análises técnicas e P & D",servicos,6575,2015,1390801.0,108382198.0,2850260000.0,0.0004879558356079796,0.012832374925631237,0.03802537242216499
42009,Curitibanos,7380,"Outras atividades profissionais, científicas e técnicas",servicos,6575,2015,1390801.0,108382198.0,2850260000.0,0.0004879558356079796,0.012832374925631237,0.03802537242216499
42009,Curitibanos,7700,Aluguéis não imobiliários e gestão de ativos de propriedade intelectual,servicos,6575,2015,1390801.0,108382198.0,2850260000.0,0.0004879558356079796,0.012832374925631237,0.03802537242216499
42009,Curitibanos,7880,Outras atividades administrativas e serviços complementares,servicos,6575,2015,1390801.0,108382198.0,2850260000.0,0.0004879558356079796,0.012832374925631237,0.03802537242216499
42009,Curitibanos,8000,"Atividades de vigilância, segurança e investigação",servicos,6575,2015,1390801.0,108382198.0,2850260000.0,0.0004879558356079796,0.012832374925631237,0.03802537242216499
42009,Curitibanos,8400,"Administração pública, defesa e seguridade social",administracao_publica,525,2015,538544.0,28534686.0,885587000.0,0.0006081209412513959,0.018873310889070235,0.03222121146764801
42009,Curitibanos,8591,Educação pública,administracao_publica,525,2015,538544.0,28534686.0,885587000.0,0.0006081209412513959,0.018873310889070235,0.03222121146764801
42009,Curitibanos,8592,Educação privada,servicos,6575,2015,1390801.0,108382198.0,2850260000.0,0.0004879558356079796,0.012832374925631237,0.03802537242216499
42009,Curitibanos,8691,Saúde pública,administracao_publica,525,2015,538544.0,28534686.0,885587000.0,0.0006081209412513959,0.018873310889070235,0.03222121146764801
42009,Curitibanos,8692,Saúde privada,servicos,6575,2015,1390801.0,108382198.0,2850260000.0,0.0004879558356079796,0.012832374925631237,0.03802537242216499
42009,Curitibanos,9080,"Atividades artísticas, criativas e de espetáculos",servicos,6575,2015,1390801.0,108382198.0,2850260000.0,0.0004879558356079796,0.012832374925631237,0.03802537242216499
42009,Curitibanos,9480,Organizações associativas e outros serviços pessoais,servicos,6575,2015,1390801.0,108382198.0,2850260000.0,0.0004879558356079796,0.012832374925631237,0.03802537242216499
42009,Curitibanos,9700,Serviços domésticos,servicos,6575,2015,1390801.0,108382198.0,2850260000.0,0.0004879558356079796,0.012832374925631237,0.03802537242216499
42010,Campos de Lages,0191,"Agricultura, inclusive o apoio à agricultura e a pós-colheita",agropecuaria,513,2015,912162.0,12485693.0,258967000.0,0.0035223097923673674,0.07305657763649963,0.04821345190699974
42010,Campos de Lages,0192,"Pecuária, inclusive o apoio à pecuária",agropecuaria,513,2015,912162.0,12485693.0,258967000.0,0.0035223097923673674,0.07305657763649963,0.04821345190699974
42010,Campos de Lages,0280,Produção florestal; pesca e aquicultura,agropecuaria,513,2015,912162.0,12485693.0,258967000.0,0.0035223097923673674,0.07305657763649963,0.04821345190699974
42010,Campos de Lages,0580,Extração de carvão mineral e de minerais não metálicos,industria,517,2015,1937929.0,60267845.0,1160787000.0,0.0016694957817411807,0.03215527284906238,0.05191981388489016
42010,Campos de Lages,0680,"Extração de petróleo e gás, inclusive as atividades de apoio",industria,517,2015,1937929.0,60267845.0,1160787000.0,0.0016694957817411807,0.03215527284906238,0.05191981388489016
42010,Campos de Lages,0791,"Extração de minério de ferro, inclusive beneficiamentos e a aglomeração",industria,517,2015,1937929.0,60267845.0,1160787000.0,0.0016694957817411807,0.03215527284906238,0.05191981388489016
42010,Campos de Lages,0792,"Extração de minerais metálicos não ferrosos, inclusive beneficiamentos",industria,517,2015,1937929.0,60267845.0,1160787000.0,0.0016694957817411807,0.03215527284906238,0.05191981388489016
42010,Campos de Lages,1091,"Abate e produtos de carne, inclusive os produtos do laticínio e da pesca",industria,517,2015,1937929.0,60267845.0,1160787000.0,0.0016694957817411807,0.03215527284906238,0.05191981388489016
42010,Campos de Lages,1092,Fabricação e refino de açúcar,industria,517,2015,1937929.0,60267845.0,1160787000.0,0.0016694957817411807,0.03215527284906238,0.05191981388489016
42010,Campos de Lages,1093,Outros produtos alimentares,industria,517,2015,1937929.0,60267845.0,1160787000.0,0.0016694957817411807,0.03215527284906238,0.05191981388489016
42010,Campos de Lages,1100,Fabricação de bebidas,industria,517,2015,1937929.0,60267845.0,1160787000.0,0.0016694957817411807,0.03215527284906238,0.05191981388489016
42010,Campos de Lages,1200,Fabricação de produtos do fumo,industria,517,2015,1937929.0,60267845.0,1160787000.0,0.0016694957817411807,0.03215527284906238,0.05191981388489016
42010,Campos de Lages,1300,Fabricação de produtos têxteis,industria,517,2015,1937929.0,60267845.0,1160787000.0,0.0016694957817411807,0.03215527284906238,0.05191981388489016
42010,Campos de Lages,1400,Confecção de artefatos do vestuário e acessórios,industria,517,2015,1937929.0,60267845.0,1160787000.0,0.0016694957817411807,0.03215527284906238,0.05191981388489016
42010,Campos de Lages,1500,Fabricação de calçados e de artefatos de couro,industria,517,2015,1937929.0,60267845.0,1160787000.0,0.0016694957817411807,0.03215527284906238,0.05191981388489016
42010,Campos de Lages,1600,Fabricação de produtos da madeira,industria,517,2015,1937929.0,60267845.0,1160787000.0,0.0016694957817411807,0.03215527284906238,0.05191981388489016
42010,Campos de Lages,1700,"Fabricação de celulose, papel e produtos de papel",industria,517,2015,1937929.0,60267845.0,1160787000.0,0.0016694957817411807,0.03215527284906238,0.05191981388489016
42010,Campos de Lages,1800,Impressão e reprodução de gravações,industria,517,2015,1937929.0,60267845.0,1160787000.0,0.0016694957817411807,0.03215527284906238,0.05191981388489016
42010,Campos de Lages,1991,Refino de petróleo e coquerias,industria,517,2015,1937929.0,60267845.0,1160787000.0,0.0016694957817411807,0.03215527284906238,0.05191981388489016
42010,Campos de Lages,1992,Fabricação de biocombustíveis,industria,517,2015,1937929.0,60267845.0,1160787000.0,0.0016694957817411807,0.03215527284906238,0.05191981388489016
42010,Campos de Lages,2091,"Fabricação de químicos orgânicos e inorgânicos, resinas e elastômeros",industria,517,2015,1937929.0,60267845.0,1160787000.0,0.0016694957817411807,0.03215527284906238,0.05191981388489016
42010,Campos de Lages,2092,"Fabricação de defensivos, desinfestantes, tintas e químicos diversos",industria,517,2015,1937929.0,60267845.0,1160787000.0,0.0016694957817411807,0.03215527284906238,0.05191981388489016
42010,Campos de Lages,2093,"Fabricação de produtos de limpeza, cosméticos/perfumaria e higiene pessoal",industria,517,2015,1937929.0,60267845.0,1160787000.0,0.0016694957817411807,0.03215527284906238,0.05191981388489016
42010,Campos de Lages,2100,Fabricação de produtos farmoquímicos e farmacêuticos,industria,517,2015,1937929.0,60267845.0,1160787000.0,0.0016694957817411807,0.03215527284906238,0.05191981388489016
42010,Campos de Lages,2200,Fabricação de produtos de borracha e de material plástico,industria,517,2015,1937929.0,60267845.0,1160787000.0,0.0016694957817411807,0.03215527284906238,0.05191981388489016
42010,Campos de Lages,2300,Fabricação de produtos de minerais não metálicos,industria,517,2015,1937929.0,60267845.0,1160787000.0,0.0016694957817411807,0.03215527284906238,0.05191981388489016
42010,Campos de Lages,2491,"Produção de ferro gusa/ferroligas, siderurgia e tubos de aço sem costura",industria,517,2015,1937929.0,60267845.0,1160787000.0,0.0016694957817411807,0.03215527284906238,0.05191981388489016
42010,Campos de Lages,2492,Metalurgia de metais não ferosos e a fundição de metais,industria,517,2015,1937929.0,60267845.0,1160787000.0,0.0016694957817411807,0.03215527284906238,0.05191981388489016
42010,Campos de Lages,2500,"Fabricação de produtos de metal, exceto máquinas e equipamentos",industria,517,2015,1937929.0,60267845.0,1160787000.0,0.0016694957817411807,0.03215527284906238,0.05191981388489016
42010,Campos de Lages,2600,"Fabricação de equipamentos de informática, produtos eletrônicos e ópticos",industria,517,2015,1937929.0,60267845.0,1160787000.0,0.0016694957817411807,0.03215527284906238,0.05191981388489016
42010,Campos de Lages,2700,Fabricação de máquinas e equipamentos elétricos,industria,517,2015,1937929.0,60267845.0,1160787000.0,0.0016694957817411807,0.03215527284906238,0.05191981388489016
42010,Campos de Lages,2800,Fabricação de máquinas e equipamentos mecânicos,industria,517,2015,1937929.0,60267845.0,1160787000.0,0.0016694957817411807,0.03215527284906238,0.05191981388489016
42010,Campos de Lages,2991,"Fabricação de automóveis, caminhões e ônibus, exceto peças",industria,517,2015,1937929.0,60267845.0,1160787000.0,0.0016694957817411807,0.03215527284906238,0.05191981388489016
42010,Campos de Lages,2992,Fabricação de peças e acessórios para veículos automotores,industria,517,2015,1937929.0,60267845.0,1160787000.0,0.0016694957817411807,0.03215527284906238,0.05191981388489016
42010,Campos de Lages,3000,"Fabricação de outros equipamentos de transporte, exceto veículos automotores",industria,517,2015,1937929.0,60267845.0,1160787000.0,0.0016694957817411807,0.03215527284906238,0.05191981388489016
42010,Campos de Lages,3180,Fabricação de móveis e de produtos de indústrias diversas,industria,517,2015,1937929.0,60267845.0,1160787000.0,0.0016694957817411807,0.03215527284906238,0.05191981388489016
42010,Campos de Lages,3300,"Manutenção, reparação e instalação de máquinas e equipamentos",industria,517,2015,1937929.0,60267845.0,1160787000.0,0.0016694957817411807,0.03215527284906238,0.05191981388489016
42010,Campos de Lages,3500,"Energia elétrica, gás natural e outras utilidades",industria,517,2015,1937929.0,60267845.0,1160787000.0,0.0016694957817411807,0.03215527284906238,0.05191981388489016
42010,Campos de Lages,3680,"Água, esgoto e gestão de resíduos",industria,517,2015,1937929.0,60267845.0,1160787000.0,0.0016694957817411807,0.03215527284906238,0.05191981388489016
42010,Campos de Lages,4180,Construção,industria,517,2015,1937929.0,60267845.0,1160787000.0,0.0016694957817411807,0.03215527284906238,0.05191981388489016
42010,Campos de Lages,4580,Comércio por atacado e varejo,servicos,6575,2015,3268374.0,108382198.0,2850260000.0,0.0011466932841214487,0.030156004033060853,0.03802537242216499
42010,Campos de Lages,4900,Transporte terrestre,servicos,6575,2015,3268374.0,108382198.0,2850260000.0,0.0011466932841214487,0.030156004033060853,0.03802537242216499
42010,Campos de Lages,5000,Transporte aquaviário,servicos,6575,2015,3268374.0,108382198.0,2850260000.0,0.0011466932841214487,0.030156004033060853,0.03802537242216499
42010,Campos de Lages,5100,Transporte aéreo,servicos,6575,2015,3268374.0,108382198.0,2850260000.0,0.0011466932841214487,0.030156004033060853,0.03802537242216499
42010,Campos de Lages,5280,"Armazenamento, atividades auxiliares dos transportes e correio",servicos,6575,2015,3268374.0,108382198.0,2850260000.0,0.0011466932841214487,0.030156004033060853,0.03802537242216499
42010,Campos de Lages,5500,Alojamento,servicos,6575,2015,3268374.0,108382198.0,2850260000.0,0.0011466932841214487,0.030156004033060853,0.03802537242216499
42010,Campos de Lages,5600,Alimentação,servicos,6575,2015,3268374.0,108382198.0,2850260000.0,0.0011466932841214487,0.030156004033060853,0.03802537242216499
42010,Campos de Lages,5800,Edição e edição integrada à impressão,servicos,6575,2015,3268374.0,108382198.0,2850260000.0,0.0011466932841214487,0.030156004033060853,0.03802537242216499
42010,Campos de Lages,5980,"Atividades de televisão, rádio, cinema e  gravação/edição de som e imagem",servicos,6575,2015,3268374.0,108382198.0,2850260000.0,0.0011466932841214487,0.030156004033060853,0.03802537242216499
42010,Campos de Lages,6100,Telecomunicações,servicos,6575,2015,3268374.0,108382198.0,2850260000.0,0.0011466932841214487,0.030156004033060853,0.03802537242216499
42010,Campos de Lages,6280,Desenvolvimento de sistemas e outros serviços de informação,servicos,6575,2015,3268374.0,108382198.0,2850260000.0,0.0011466932841214487,0.030156004033060853,0.03802537242216499
42010,Campos de Lages,6480,"Intermediação financeira, seguros e previdência complementar",servicos,6575,2015,3268374.0,108382198.0,2850260000.0,0.0011466932841214487,0.030156004033060853,0.03802537242216499
42010,Campos de Lages,6800,Atividades imobiliárias,servicos,6575,2015,3268374.0,108382198.0,2850260000.0,0.0011466932841214487,0.030156004033060853,0.03802537242216499
42010,Campos de Lages,6980,"Atividades jurídicas, contábeis, consultoria e sedes de empresas ",servicos,6575,2015,3268374.0,108382198.0,2850260000.0,0.0011466932841214487,0.030156004033060853,0.03802537242216499
42010,Campos de Lages,7180,"Serviços de arquitetura, engenharia, testes/análises técnicas e P & D",servicos,6575,2015,3268374.0,108382198.0,2850260000.0,0.0011466932841214487,0.030156004033060853,0.03802537242216499
42010,Campos de Lages,7380,"Outras atividades profissionais, científicas e técnicas",servicos,6575,2015,3268374.0,108382198.0,2850260000.0,0.0011466932841214487,0.030156004033060853,0.03802537242216499
42010,Campos de Lages,7700,Aluguéis não imobiliários e gestão de ativos de propriedade intelectual,servicos,6575,2015,3268374.0,108382198.0,2850260000.0,0.0011466932841214487,0.030156004033060853,0.03802537242216499
42010,Campos de Lages,7880,Outras atividades administrativas e serviços complementares,servicos,6575,2015,3268374.0,108382198.0,2850260000.0,0.0011466932841214487,0.030156004033060853,0.03802537242216499
42010,Campos de Lages,8000,"Atividades de vigilância, segurança e investigação",servicos,6575,2015,3268374.0,108382198.0,2850260000.0,0.0011466932841214487,0.030156004033060853,0.03802537242216499
42010,Campos de Lages,8400,"Administração pública, defesa e seguridade social",administracao_publica,525,2015,1185256.0,28534686.0,885587000.0,0.0013383845968831974,0.04153737665099942,0.03222121146764801
42010,Campos de Lages,8591,Educação pública,administracao_publica,525,2015,1185256.0,28534686.0,885587000.0,0.0013383845968831974,0.04153737665099942,0.03222121146764801
42010,Campos de Lages,8592,Educação privada,servicos,6575,2015,3268374.0,108382198.0,2850260000.0,0.0011466932841214487,0.030156004033060853,0.03802537242216499
42010,Campos de Lages,8691,Saúde pública,administracao_publica,525,2015,1185256.0,28534686.0,885587000.0,0.0013383845968831974,0.04153737665099942,0.03222121146764801
42010,Campos de Lages,8692,Saúde privada,servicos,6575,2015,3268374.0,108382198.0,2850260000.0,0.0011466932841214487,0.030156004033060853,0.03802537242216499
42010,Campos de Lages,9080,"Atividades artísticas, criativas e de espetáculos",servicos,6575,2015,3268374.0,108382198.0,2850260000.0,0.0011466932841214487,0.030156004033060853,0.03802537242216499
42010,Campos de Lages,9480,Organizações associativas e outros serviços pessoais,servicos,6575,2015,3268374.0,108382198.0,2850260000.0,0.0011466932841214487,0.030156004033060853,0.03802537242216499
42010,Campos de Lages,9700,Serviços domésticos,servicos,6575,2015,3268374.0,108382198.0,2850260000.0,0.0011466932841214487,0.030156004033060853,0.03802537242216499
42011,Rio do Sul,0191,"Agricultura, inclusive o apoio à agricultura e a pós-colheita",agropecuaria,513,2015,591790.0,12485693.0,258967000.0,0.002285194638699139,0.04739744922448438,0.04821345190699974
42011,Rio do Sul,0192,"Pecuária, inclusive o apoio à pecuária",agropecuaria,513,2015,591790.0,12485693.0,258967000.0,0.002285194638699139,0.04739744922448438,0.04821345190699974
42011,Rio do Sul,0280,Produção florestal; pesca e aquicultura,agropecuaria,513,2015,591790.0,12485693.0,258967000.0,0.002285194638699139,0.04739744922448438,0.04821345190699974
42011,Rio do Sul,0580,Extração de carvão mineral e de minerais não metálicos,industria,517,2015,1504251.0,60267845.0,1160787000.0,0.0012958889098516782,0.024959429028862737,0.05191981388489016
42011,Rio do Sul,0680,"Extração de petróleo e gás, inclusive as atividades de apoio",industria,517,2015,1504251.0,60267845.0,1160787000.0,0.0012958889098516782,0.024959429028862737,0.05191981388489016
42011,Rio do Sul,0791,"Extração de minério de ferro, inclusive beneficiamentos e a aglomeração",industria,517,2015,1504251.0,60267845.0,1160787000.0,0.0012958889098516782,0.024959429028862737,0.05191981388489016
42011,Rio do Sul,0792,"Extração de minerais metálicos não ferrosos, inclusive beneficiamentos",industria,517,2015,1504251.0,60267845.0,1160787000.0,0.0012958889098516782,0.024959429028862737,0.05191981388489016
42011,Rio do Sul,1091,"Abate e produtos de carne, inclusive os produtos do laticínio e da pesca",industria,517,2015,1504251.0,60267845.0,1160787000.0,0.0012958889098516782,0.024959429028862737,0.05191981388489016
42011,Rio do Sul,1092,Fabricação e refino de açúcar,industria,517,2015,1504251.0,60267845.0,1160787000.0,0.0012958889098516782,0.024959429028862737,0.05191981388489016
42011,Rio do Sul,1093,Outros produtos alimentares,industria,517,2015,1504251.0,60267845.0,1160787000.0,0.0012958889098516782,0.024959429028862737,0.05191981388489016
42011,Rio do Sul,1100,Fabricação de bebidas,industria,517,2015,1504251.0,60267845.0,1160787000.0,0.0012958889098516782,0.024959429028862737,0.05191981388489016
42011,Rio do Sul,1200,Fabricação de produtos do fumo,industria,517,2015,1504251.0,60267845.0,1160787000.0,0.0012958889098516782,0.024959429028862737,0.05191981388489016
42011,Rio do Sul,1300,Fabricação de produtos têxteis,industria,517,2015,1504251.0,60267845.0,1160787000.0,0.0012958889098516782,0.024959429028862737,0.05191981388489016
42011,Rio do Sul,1400,Confecção de artefatos do vestuário e acessórios,industria,517,2015,1504251.0,60267845.0,1160787000.0,0.0012958889098516782,0.024959429028862737,0.05191981388489016
42011,Rio do Sul,1500,Fabricação de calçados e de artefatos de couro,industria,517,2015,1504251.0,60267845.0,1160787000.0,0.0012958889098516782,0.024959429028862737,0.05191981388489016
42011,Rio do Sul,1600,Fabricação de produtos da madeira,industria,517,2015,1504251.0,60267845.0,1160787000.0,0.0012958889098516782,0.024959429028862737,0.05191981388489016
42011,Rio do Sul,1700,"Fabricação de celulose, papel e produtos de papel",industria,517,2015,1504251.0,60267845.0,1160787000.0,0.0012958889098516782,0.024959429028862737,0.05191981388489016
42011,Rio do Sul,1800,Impressão e reprodução de gravações,industria,517,2015,1504251.0,60267845.0,1160787000.0,0.0012958889098516782,0.024959429028862737,0.05191981388489016
42011,Rio do Sul,1991,Refino de petróleo e coquerias,industria,517,2015,1504251.0,60267845.0,1160787000.0,0.0012958889098516782,0.024959429028862737,0.05191981388489016
42011,Rio do Sul,1992,Fabricação de biocombustíveis,industria,517,2015,1504251.0,60267845.0,1160787000.0,0.0012958889098516782,0.024959429028862737,0.05191981388489016
42011,Rio do Sul,2091,"Fabricação de químicos orgânicos e inorgânicos, resinas e elastômeros",industria,517,2015,1504251.0,60267845.0,1160787000.0,0.0012958889098516782,0.024959429028862737,0.05191981388489016
42011,Rio do Sul,2092,"Fabricação de defensivos, desinfestantes, tintas e químicos diversos",industria,517,2015,1504251.0,60267845.0,1160787000.0,0.0012958889098516782,0.024959429028862737,0.05191981388489016
42011,Rio do Sul,2093,"Fabricação de produtos de limpeza, cosméticos/perfumaria e higiene pessoal",industria,517,2015,1504251.0,60267845.0,1160787000.0,0.0012958889098516782,0.024959429028862737,0.05191981388489016
42011,Rio do Sul,2100,Fabricação de produtos farmoquímicos e farmacêuticos,industria,517,2015,1504251.0,60267845.0,1160787000.0,0.0012958889098516782,0.024959429028862737,0.05191981388489016
42011,Rio do Sul,2200,Fabricação de produtos de borracha e de material plástico,industria,517,2015,1504251.0,60267845.0,1160787000.0,0.0012958889098516782,0.024959429028862737,0.05191981388489016
42011,Rio do Sul,2300,Fabricação de produtos de minerais não metálicos,industria,517,2015,1504251.0,60267845.0,1160787000.0,0.0012958889098516782,0.024959429028862737,0.05191981388489016
42011,Rio do Sul,2491,"Produção de ferro gusa/ferroligas, siderurgia e tubos de aço sem costura",industria,517,2015,1504251.0,60267845.0,1160787000.0,0.0012958889098516782,0.024959429028862737,0.05191981388489016
42011,Rio do Sul,2492,Metalurgia de metais não ferosos e a fundição de metais,industria,517,2015,1504251.0,60267845.0,1160787000.0,0.0012958889098516782,0.024959429028862737,0.05191981388489016
42011,Rio do Sul,2500,"Fabricação de produtos de metal, exceto máquinas e equipamentos",industria,517,2015,1504251.0,60267845.0,1160787000.0,0.0012958889098516782,0.024959429028862737,0.05191981388489016
42011,Rio do Sul,2600,"Fabricação de equipamentos de informática, produtos eletrônicos e ópticos",industria,517,2015,1504251.0,60267845.0,1160787000.0,0.0012958889098516782,0.024959429028862737,0.05191981388489016
42011,Rio do Sul,2700,Fabricação de máquinas e equipamentos elétricos,industria,517,2015,1504251.0,60267845.0,1160787000.0,0.0012958889098516782,0.024959429028862737,0.05191981388489016
42011,Rio do Sul,2800,Fabricação de máquinas e equipamentos mecânicos,industria,517,2015,1504251.0,60267845.0,1160787000.0,0.0012958889098516782,0.024959429028862737,0.05191981388489016
42011,Rio do Sul,2991,"Fabricação de automóveis, caminhões e ônibus, exceto peças",industria,517,2015,1504251.0,60267845.0,1160787000.0,0.0012958889098516782,0.024959429028862737,0.05191981388489016
42011,Rio do Sul,2992,Fabricação de peças e acessórios para veículos automotores,industria,517,2015,1504251.0,60267845.0,1160787000.0,0.0012958889098516782,0.024959429028862737,0.05191981388489016
42011,Rio do Sul,3000,"Fabricação de outros equipamentos de transporte, exceto veículos automotores",industria,517,2015,1504251.0,60267845.0,1160787000.0,0.0012958889098516782,0.024959429028862737,0.05191981388489016
42011,Rio do Sul,3180,Fabricação de móveis e de produtos de indústrias diversas,industria,517,2015,1504251.0,60267845.0,1160787000.0,0.0012958889098516782,0.024959429028862737,0.05191981388489016
42011,Rio do Sul,3300,"Manutenção, reparação e instalação de máquinas e equipamentos",industria,517,2015,1504251.0,60267845.0,1160787000.0,0.0012958889098516782,0.024959429028862737,0.05191981388489016
42011,Rio do Sul,3500,"Energia elétrica, gás natural e outras utilidades",industria,517,2015,1504251.0,60267845.0,1160787000.0,0.0012958889098516782,0.024959429028862737,0.05191981388489016
42011,Rio do Sul,3680,"Água, esgoto e gestão de resíduos",industria,517,2015,1504251.0,60267845.0,1160787000.0,0.0012958889098516782,0.024959429028862737,0.05191981388489016
42011,Rio do Sul,4180,Construção,industria,517,2015,1504251.0,60267845.0,1160787000.0,0.0012958889098516782,0.024959429028862737,0.05191981388489016
42011,Rio do Sul,4580,Comércio por atacado e varejo,servicos,6575,2015,2533093.0,108382198.0,2850260000.0,0.000888723484875064,0.0233718548501849,0.03802537242216499
42011,Rio do Sul,4900,Transporte terrestre,servicos,6575,2015,2533093.0,108382198.0,2850260000.0,0.000888723484875064,0.0233718548501849,0.03802537242216499
42011,Rio do Sul,5000,Transporte aquaviário,servicos,6575,2015,2533093.0,108382198.0,2850260000.0,0.000888723484875064,0.0233718548501849,0.03802537242216499
42011,Rio do Sul,5100,Transporte aéreo,servicos,6575,2015,2533093.0,108382198.0,2850260000.0,0.000888723484875064,0.0233718548501849,0.03802537242216499
42011,Rio do Sul,5280,"Armazenamento, atividades auxiliares dos transportes e correio",servicos,6575,2015,2533093.0,108382198.0,2850260000.0,0.000888723484875064,0.0233718548501849,0.03802537242216499
42011,Rio do Sul,5500,Alojamento,servicos,6575,2015,2533093.0,108382198.0,2850260000.0,0.000888723484875064,0.0233718548501849,0.03802537242216499
42011,Rio do Sul,5600,Alimentação,servicos,6575,2015,2533093.0,108382198.0,2850260000.0,0.000888723484875064,0.0233718548501849,0.03802537242216499
42011,Rio do Sul,5800,Edição e edição integrada à impressão,servicos,6575,2015,2533093.0,108382198.0,2850260000.0,0.000888723484875064,0.0233718548501849,0.03802537242216499
42011,Rio do Sul,5980,"Atividades de televisão, rádio, cinema e  gravação/edição de som e imagem",servicos,6575,2015,2533093.0,108382198.0,2850260000.0,0.000888723484875064,0.0233718548501849,0.03802537242216499
42011,Rio do Sul,6100,Telecomunicações,servicos,6575,2015,2533093.0,108382198.0,2850260000.0,0.000888723484875064,0.0233718548501849,0.03802537242216499
42011,Rio do Sul,6280,Desenvolvimento de sistemas e outros serviços de informação,servicos,6575,2015,2533093.0,108382198.0,2850260000.0,0.000888723484875064,0.0233718548501849,0.03802537242216499
42011,Rio do Sul,6480,"Intermediação financeira, seguros e previdência complementar",servicos,6575,2015,2533093.0,108382198.0,2850260000.0,0.000888723484875064,0.0233718548501849,0.03802537242216499
42011,Rio do Sul,6800,Atividades imobiliárias,servicos,6575,2015,2533093.0,108382198.0,2850260000.0,0.000888723484875064,0.0233718548501849,0.03802537242216499
42011,Rio do Sul,6980,"Atividades jurídicas, contábeis, consultoria e sedes de empresas ",servicos,6575,2015,2533093.0,108382198.0,2850260000.0,0.000888723484875064,0.0233718548501849,0.03802537242216499
42011,Rio do Sul,7180,"Serviços de arquitetura, engenharia, testes/análises técnicas e P & D",servicos,6575,2015,2533093.0,108382198.0,2850260000.0,0.000888723484875064,0.0233718548501849,0.03802537242216499
42011,Rio do Sul,7380,"Outras atividades profissionais, científicas e técnicas",servicos,6575,2015,2533093.0,108382198.0,2850260000.0,0.000888723484875064,0.0233718548501849,0.03802537242216499
42011,Rio do Sul,7700,Aluguéis não imobiliários e gestão de ativos de propriedade intelectual,servicos,6575,2015,2533093.0,108382198.0,2850260000.0,0.000888723484875064,0.0233718548501849,0.03802537242216499
42011,Rio do Sul,7880,Outras atividades administrativas e serviços complementares,servicos,6575,2015,2533093.0,108382198.0,2850260000.0,0.000888723484875064,0.0233718548501849,0.03802537242216499
42011,Rio do Sul,8000,"Atividades de vigilância, segurança e investigação",servicos,6575,2015,2533093.0,108382198.0,2850260000.0,0.000888723484875064,0.0233718548501849,0.03802537242216499
42011,Rio do Sul,8400,"Administração pública, defesa e seguridade social",administracao_publica,525,2015,894180.0,28534686.0,885587000.0,0.0010097031686327825,0.03133659855237236,0.03222121146764801
42011,Rio do Sul,8591,Educação pública,administracao_publica,525,2015,894180.0,28534686.0,885587000.0,0.0010097031686327825,0.03133659855237236,0.03222121146764801
42011,Rio do Sul,8592,Educação privada,servicos,6575,2015,2533093.0,108382198.0,2850260000.0,0.000888723484875064,0.0233718548501849,0.03802537242216499
42011,Rio do Sul,8691,Saúde pública,administracao_publica,525,2015,894180.0,28534686.0,885587000.0,0.0010097031686327825,0.03133659855237236,0.03222121146764801
42011,Rio do Sul,8692,Saúde privada,servicos,6575,2015,2533093.0,108382198.0,2850260000.0,0.000888723484875064,0.0233718548501849,0.03802537242216499
42011,Rio do Sul,9080,"Atividades artísticas, criativas e de espetáculos",servicos,6575,2015,2533093.0,108382198.0,2850260000.0,0.000888723484875064,0.0233718548501849,0.03802537242216499
42011,Rio do Sul,9480,Organizações associativas e outros serviços pessoais,servicos,6575,2015,2533093.0,108382198.0,2850260000.0,0.000888723484875064,0.0233718548501849,0.03802537242216499
42011,Rio do Sul,9700,Serviços domésticos,servicos,6575,2015,2533093.0,108382198.0,2850260000.0,0.000888723484875064,0.0233718548501849,0.03802537242216499
42012,Blumenau,0191,"Agricultura, inclusive o apoio à agricultura e a pós-colheita",agropecuaria,513,2015,246734.0,12485693.0,258967000.0,0.0009527623210679353,0.019761338037063703,0.04821345190699974
42012,Blumenau,0192,"Pecuária, inclusive o apoio à pecuária",agropecuaria,513,2015,246734.0,12485693.0,258967000.0,0.0009527623210679353,0.019761338037063703,0.04821345190699974
42012,Blumenau,0280,Produção florestal; pesca e aquicultura,agropecuaria,513,2015,246734.0,12485693.0,258967000.0,0.0009527623210679353,0.019761338037063703,0.04821345190699974
42012,Blumenau,0580,Extração de carvão mineral e de minerais não metálicos,industria,517,2015,9698519.0,60267845.0,1160787000.0,0.00835512372209544,0.16092360694164526,0.05191981388489016
42012,Blumenau,0680,"Extração de petróleo e gás, inclusive as atividades de apoio",industria,517,2015,9698519.0,60267845.0,1160787000.0,0.00835512372209544,0.16092360694164526,0.05191981388489016
42012,Blumenau,0791,"Extração de minério de ferro, inclusive beneficiamentos e a aglomeração",industria,517,2015,9698519.0,60267845.0,1160787000.0,0.00835512372209544,0.16092360694164526,0.05191981388489016
42012,Blumenau,0792,"Extração de minerais metálicos não ferrosos, inclusive beneficiamentos",industria,517,2015,9698519.0,60267845.0,1160787000.0,0.00835512372209544,0.16092360694164526,0.05191981388489016
42012,Blumenau,1091,"Abate e produtos de carne, inclusive os produtos do laticínio e da pesca",industria,517,2015,9698519.0,60267845.0,1160787000.0,0.00835512372209544,0.16092360694164526,0.05191981388489016
42012,Blumenau,1092,Fabricação e refino de açúcar,industria,517,2015,9698519.0,60267845.0,1160787000.0,0.00835512372209544,0.16092360694164526,0.05191981388489016
42012,Blumenau,1093,Outros produtos alimentares,industria,517,2015,9698519.0,60267845.0,1160787000.0,0.00835512372209544,0.16092360694164526,0.05191981388489016
42012,Blumenau,1100,Fabricação de bebidas,industria,517,2015,9698519.0,60267845.0,1160787000.0,0.00835512372209544,0.16092360694164526,0.05191981388489016
42012,Blumenau,1200,Fabricação de produtos do fumo,industria,517,2015,9698519.0,60267845.0,1160787000.0,0.00835512372209544,0.16092360694164526,0.05191981388489016
42012,Blumenau,1300,Fabricação de produtos têxteis,industria,517,2015,9698519.0,60267845.0,1160787000.0,0.00835512372209544,0.16092360694164526,0.05191981388489016
42012,Blumenau,1400,Confecção de artefatos do vestuário e acessórios,industria,517,2015,9698519.0,60267845.0,1160787000.0,0.00835512372209544,0.16092360694164526,0.05191981388489016
42012,Blumenau,1500,Fabricação de calçados e de artefatos de couro,industria,517,2015,9698519.0,60267845.0,1160787000.0,0.00835512372209544,0.16092360694164526,0.05191981388489016
42012,Blumenau,1600,Fabricação de produtos da madeira,industria,517,2015,9698519.0,60267845.0,1160787000.0,0.00835512372209544,0.16092360694164526,0.05191981388489016
42012,Blumenau,1700,"Fabricação de celulose, papel e produtos de papel",industria,517,2015,9698519.0,60267845.0,1160787000.0,0.00835512372209544,0.16092360694164526,0.05191981388489016
42012,Blumenau,1800,Impressão e reprodução de gravações,industria,517,2015,9698519.0,60267845.0,1160787000.0,0.00835512372209544,0.16092360694164526,0.05191981388489016
42012,Blumenau,1991,Refino de petróleo e coquerias,industria,517,2015,9698519.0,60267845.0,1160787000.0,0.00835512372209544,0.16092360694164526,0.05191981388489016
42012,Blumenau,1992,Fabricação de biocombustíveis,industria,517,2015,9698519.0,60267845.0,1160787000.0,0.00835512372209544,0.16092360694164526,0.05191981388489016
42012,Blumenau,2091,"Fabricação de químicos orgânicos e inorgânicos, resinas e elastômeros",industria,517,2015,9698519.0,60267845.0,1160787000.0,0.00835512372209544,0.16092360694164526,0.05191981388489016
42012,Blumenau,2092,"Fabricação de defensivos, desinfestantes, tintas e químicos diversos",industria,517,2015,9698519.0,60267845.0,1160787000.0,0.00835512372209544,0.16092360694164526,0.05191981388489016
42012,Blumenau,2093,"Fabricação de produtos de limpeza, cosméticos/perfumaria e higiene pessoal",industria,517,2015,9698519.0,60267845.0,1160787000.0,0.00835512372209544,0.16092360694164526,0.05191981388489016
42012,Blumenau,2100,Fabricação de produtos farmoquímicos e farmacêuticos,industria,517,2015,9698519.0,60267845.0,1160787000.0,0.00835512372209544,0.16092360694164526,0.05191981388489016
42012,Blumenau,2200,Fabricação de produtos de borracha e de material plástico,industria,517,2015,9698519.0,60267845.0,1160787000.0,0.00835512372209544,0.16092360694164526,0.05191981388489016
42012,Blumenau,2300,Fabricação de produtos de minerais não metálicos,industria,517,2015,9698519.0,60267845.0,1160787000.0,0.00835512372209544,0.16092360694164526,0.05191981388489016
42012,Blumenau,2491,"Produção de ferro gusa/ferroligas, siderurgia e tubos de aço sem costura",industria,517,2015,9698519.0,60267845.0,1160787000.0,0.00835512372209544,0.16092360694164526,0.05191981388489016
42012,Blumenau,2492,Metalurgia de metais não ferosos e a fundição de metais,industria,517,2015,9698519.0,60267845.0,1160787000.0,0.00835512372209544,0.16092360694164526,0.05191981388489016
42012,Blumenau,2500,"Fabricação de produtos de metal, exceto máquinas e equipamentos",industria,517,2015,9698519.0,60267845.0,1160787000.0,0.00835512372209544,0.16092360694164526,0.05191981388489016
42012,Blumenau,2600,"Fabricação de equipamentos de informática, produtos eletrônicos e ópticos",industria,517,2015,9698519.0,60267845.0,1160787000.0,0.00835512372209544,0.16092360694164526,0.05191981388489016
42012,Blumenau,2700,Fabricação de máquinas e equipamentos elétricos,industria,517,2015,9698519.0,60267845.0,1160787000.0,0.00835512372209544,0.16092360694164526,0.05191981388489016
42012,Blumenau,2800,Fabricação de máquinas e equipamentos mecânicos,industria,517,2015,9698519.0,60267845.0,1160787000.0,0.00835512372209544,0.16092360694164526,0.05191981388489016
42012,Blumenau,2991,"Fabricação de automóveis, caminhões e ônibus, exceto peças",industria,517,2015,9698519.0,60267845.0,1160787000.0,0.00835512372209544,0.16092360694164526,0.05191981388489016
42012,Blumenau,2992,Fabricação de peças e acessórios para veículos automotores,industria,517,2015,9698519.0,60267845.0,1160787000.0,0.00835512372209544,0.16092360694164526,0.05191981388489016
42012,Blumenau,3000,"Fabricação de outros equipamentos de transporte, exceto veículos automotores",industria,517,2015,9698519.0,60267845.0,1160787000.0,0.00835512372209544,0.16092360694164526,0.05191981388489016
42012,Blumenau,3180,Fabricação de móveis e de produtos de indústrias diversas,industria,517,2015,9698519.0,60267845.0,1160787000.0,0.00835512372209544,0.16092360694164526,0.05191981388489016
42012,Blumenau,3300,"Manutenção, reparação e instalação de máquinas e equipamentos",industria,517,2015,9698519.0,60267845.0,1160787000.0,0.00835512372209544,0.16092360694164526,0.05191981388489016
42012,Blumenau,3500,"Energia elétrica, gás natural e outras utilidades",industria,517,2015,9698519.0,60267845.0,1160787000.0,0.00835512372209544,0.16092360694164526,0.05191981388489016
42012,Blumenau,3680,"Água, esgoto e gestão de resíduos",industria,517,2015,9698519.0,60267845.0,1160787000.0,0.00835512372209544,0.16092360694164526,0.05191981388489016
42012,Blumenau,4180,Construção,industria,517,2015,9698519.0,60267845.0,1160787000.0,0.00835512372209544,0.16092360694164526,0.05191981388489016
42012,Blumenau,4580,Comércio por atacado e varejo,servicos,6575,2015,13407514.0,108382198.0,2850260000.0,0.004703961743840913,0.12370586911330217,0.03802537242216499
42012,Blumenau,4900,Transporte terrestre,servicos,6575,2015,13407514.0,108382198.0,2850260000.0,0.004703961743840913,0.12370586911330217,0.03802537242216499
42012,Blumenau,5000,Transporte aquaviário,servicos,6575,2015,13407514.0,108382198.0,2850260000.0,0.004703961743840913,0.12370586911330217,0.03802537242216499
42012,Blumenau,5100,Transporte aéreo,servicos,6575,2015,13407514.0,108382198.0,2850260000.0,0.004703961743840913,0.12370586911330217,0.03802537242216499
42012,Blumenau,5280,"Armazenamento, atividades auxiliares dos transportes e correio",servicos,6575,2015,13407514.0,108382198.0,2850260000.0,0.004703961743840913,0.12370586911330217,0.03802537242216499
42012,Blumenau,5500,Alojamento,servicos,6575,2015,13407514.0,108382198.0,2850260000.0,0.004703961743840913,0.12370586911330217,0.03802537242216499
42012,Blumenau,5600,Alimentação,servicos,6575,2015,13407514.0,108382198.0,2850260000.0,0.004703961743840913,0.12370586911330217,0.03802537242216499
42012,Blumenau,5800,Edição e edição integrada à impressão,servicos,6575,2015,13407514.0,108382198.0,2850260000.0,0.004703961743840913,0.12370586911330217,0.03802537242216499
42012,Blumenau,5980,"Atividades de televisão, rádio, cinema e  gravação/edição de som e imagem",servicos,6575,2015,13407514.0,108382198.0,2850260000.0,0.004703961743840913,0.12370586911330217,0.03802537242216499
42012,Blumenau,6100,Telecomunicações,servicos,6575,2015,13407514.0,108382198.0,2850260000.0,0.004703961743840913,0.12370586911330217,0.03802537242216499
42012,Blumenau,6280,Desenvolvimento de sistemas e outros serviços de informação,servicos,6575,2015,13407514.0,108382198.0,2850260000.0,0.004703961743840913,0.12370586911330217,0.03802537242216499
42012,Blumenau,6480,"Intermediação financeira, seguros e previdência complementar",servicos,6575,2015,13407514.0,108382198.0,2850260000.0,0.004703961743840913,0.12370586911330217,0.03802537242216499
42012,Blumenau,6800,Atividades imobiliárias,servicos,6575,2015,13407514.0,108382198.0,2850260000.0,0.004703961743840913,0.12370586911330217,0.03802537242216499
42012,Blumenau,6980,"Atividades jurídicas, contábeis, consultoria e sedes de empresas ",servicos,6575,2015,13407514.0,108382198.0,2850260000.0,0.004703961743840913,0.12370586911330217,0.03802537242216499
42012,Blumenau,7180,"Serviços de arquitetura, engenharia, testes/análises técnicas e P & D",servicos,6575,2015,13407514.0,108382198.0,2850260000.0,0.004703961743840913,0.12370586911330217,0.03802537242216499
42012,Blumenau,7380,"Outras atividades profissionais, científicas e técnicas",servicos,6575,2015,13407514.0,108382198.0,2850260000.0,0.004703961743840913,0.12370586911330217,0.03802537242216499
42012,Blumenau,7700,Aluguéis não imobiliários e gestão de ativos de propriedade intelectual,servicos,6575,2015,13407514.0,108382198.0,2850260000.0,0.004703961743840913,0.12370586911330217,0.03802537242216499
42012,Blumenau,7880,Outras atividades administrativas e serviços complementares,servicos,6575,2015,13407514.0,108382198.0,2850260000.0,0.004703961743840913,0.12370586911330217,0.03802537242216499
42012,Blumenau,8000,"Atividades de vigilância, segurança e investigação",servicos,6575,2015,13407514.0,108382198.0,2850260000.0,0.004703961743840913,0.12370586911330217,0.03802537242216499
42012,Blumenau,8400,"Administração pública, defesa e seguridade social",administracao_publica,525,2015,3076309.0,28534686.0,885587000.0,0.0034737513084541665,0.10780945688345756,0.03222121146764801
42012,Blumenau,8591,Educação pública,administracao_publica,525,2015,3076309.0,28534686.0,885587000.0,0.0034737513084541665,0.10780945688345756,0.03222121146764801
42012,Blumenau,8592,Educação privada,servicos,6575,2015,13407514.0,108382198.0,2850260000.0,0.004703961743840913,0.12370586911330217,0.03802537242216499
42012,Blumenau,8691,Saúde pública,administracao_publica,525,2015,3076309.0,28534686.0,885587000.0,0.0034737513084541665,0.10780945688345756,0.03222121146764801
42012,Blumenau,8692,Saúde privada,servicos,6575,2015,13407514.0,108382198.0,2850260000.0,0.004703961743840913,0.12370586911330217,0.03802537242216499
42012,Blumenau,9080,"Atividades artísticas, criativas e de espetáculos",servicos,6575,2015,13407514.0,108382198.0,2850260000.0,0.004703961743840913,0.12370586911330217,0.03802537242216499
42012,Blumenau,9480,Organizações associativas e outros serviços pessoais,servicos,6575,2015,13407514.0,108382198.0,2850260000.0,0.004703961743840913,0.12370586911330217,0.03802537242216499
42012,Blumenau,9700,Serviços domésticos,servicos,6575,2015,13407514.0,108382198.0,2850260000.0,0.004703961743840913,0.12370586911330217,0.03802537242216499
42013,Itajaí,0191,"Agricultura, inclusive o apoio à agricultura e a pós-colheita",agropecuaria,513,2015,343293.0,12485693.0,258967000.0,0.0013256245004189724,0.027494909573701674,0.04821345190699974
42013,Itajaí,0192,"Pecuária, inclusive o apoio à pecuária",agropecuaria,513,2015,343293.0,12485693.0,258967000.0,0.0013256245004189724,0.027494909573701674,0.04821345190699974
42013,Itajaí,0280,Produção florestal; pesca e aquicultura,agropecuaria,513,2015,343293.0,12485693.0,258967000.0,0.0013256245004189724,0.027494909573701674,0.04821345190699974
42013,Itajaí,0580,Extração de carvão mineral e de minerais não metálicos,industria,517,2015,4591690.0,60267845.0,1160787000.0,0.003955669730967008,0.07618805683196404,0.05191981388489016
42013,Itajaí,0680,"Extração de petróleo e gás, inclusive as atividades de apoio",industria,517,2015,4591690.0,60267845.0,1160787000.0,0.003955669730967008,0.07618805683196404,0.05191981388489016
42013,Itajaí,0791,"Extração de minério de ferro, inclusive beneficiamentos e a aglomeração",industria,517,2015,4591690.0,60267845.0,1160787000.0,0.003955669730967008,0.07618805683196404,0.05191981388489016
42013,Itajaí,0792,"Extração de minerais metálicos não ferrosos, inclusive beneficiamentos",industria,517,2015,4591690.0,60267845.0,1160787000.0,0.003955669730967008,0.07618805683196404,0.05191981388489016
42013,Itajaí,1091,"Abate e produtos de carne, inclusive os produtos do laticínio e da pesca",industria,517,2015,4591690.0,60267845.0,1160787000.0,0.003955669730967008,0.07618805683196404,0.05191981388489016
42013,Itajaí,1092,Fabricação e refino de açúcar,industria,517,2015,4591690.0,60267845.0,1160787000.0,0.003955669730967008,0.07618805683196404,0.05191981388489016
42013,Itajaí,1093,Outros produtos alimentares,industria,517,2015,4591690.0,60267845.0,1160787000.0,0.003955669730967008,0.07618805683196404,0.05191981388489016
42013,Itajaí,1100,Fabricação de bebidas,industria,517,2015,4591690.0,60267845.0,1160787000.0,0.003955669730967008,0.07618805683196404,0.05191981388489016
42013,Itajaí,1200,Fabricação de produtos do fumo,industria,517,2015,4591690.0,60267845.0,1160787000.0,0.003955669730967008,0.07618805683196404,0.05191981388489016
42013,Itajaí,1300,Fabricação de produtos têxteis,industria,517,2015,4591690.0,60267845.0,1160787000.0,0.003955669730967008,0.07618805683196404,0.05191981388489016
42013,Itajaí,1400,Confecção de artefatos do vestuário e acessórios,industria,517,2015,4591690.0,60267845.0,1160787000.0,0.003955669730967008,0.07618805683196404,0.05191981388489016
42013,Itajaí,1500,Fabricação de calçados e de artefatos de couro,industria,517,2015,4591690.0,60267845.0,1160787000.0,0.003955669730967008,0.07618805683196404,0.05191981388489016
42013,Itajaí,1600,Fabricação de produtos da madeira,industria,517,2015,4591690.0,60267845.0,1160787000.0,0.003955669730967008,0.07618805683196404,0.05191981388489016
42013,Itajaí,1700,"Fabricação de celulose, papel e produtos de papel",industria,517,2015,4591690.0,60267845.0,1160787000.0,0.003955669730967008,0.07618805683196404,0.05191981388489016
42013,Itajaí,1800,Impressão e reprodução de gravações,industria,517,2015,4591690.0,60267845.0,1160787000.0,0.003955669730967008,0.07618805683196404,0.05191981388489016
42013,Itajaí,1991,Refino de petróleo e coquerias,industria,517,2015,4591690.0,60267845.0,1160787000.0,0.003955669730967008,0.07618805683196404,0.05191981388489016
42013,Itajaí,1992,Fabricação de biocombustíveis,industria,517,2015,4591690.0,60267845.0,1160787000.0,0.003955669730967008,0.07618805683196404,0.05191981388489016
42013,Itajaí,2091,"Fabricação de químicos orgânicos e inorgânicos, resinas e elastômeros",industria,517,2015,4591690.0,60267845.0,1160787000.0,0.003955669730967008,0.07618805683196404,0.05191981388489016
42013,Itajaí,2092,"Fabricação de defensivos, desinfestantes, tintas e químicos diversos",industria,517,2015,4591690.0,60267845.0,1160787000.0,0.003955669730967008,0.07618805683196404,0.05191981388489016
42013,Itajaí,2093,"Fabricação de produtos de limpeza, cosméticos/perfumaria e higiene pessoal",industria,517,2015,4591690.0,60267845.0,1160787000.0,0.003955669730967008,0.07618805683196404,0.05191981388489016
42013,Itajaí,2100,Fabricação de produtos farmoquímicos e farmacêuticos,industria,517,2015,4591690.0,60267845.0,1160787000.0,0.003955669730967008,0.07618805683196404,0.05191981388489016
42013,Itajaí,2200,Fabricação de produtos de borracha e de material plástico,industria,517,2015,4591690.0,60267845.0,1160787000.0,0.003955669730967008,0.07618805683196404,0.05191981388489016
42013,Itajaí,2300,Fabricação de produtos de minerais não metálicos,industria,517,2015,4591690.0,60267845.0,1160787000.0,0.003955669730967008,0.07618805683196404,0.05191981388489016
42013,Itajaí,2491,"Produção de ferro gusa/ferroligas, siderurgia e tubos de aço sem costura",industria,517,2015,4591690.0,60267845.0,1160787000.0,0.003955669730967008,0.07618805683196404,0.05191981388489016
42013,Itajaí,2492,Metalurgia de metais não ferosos e a fundição de metais,industria,517,2015,4591690.0,60267845.0,1160787000.0,0.003955669730967008,0.07618805683196404,0.05191981388489016
42013,Itajaí,2500,"Fabricação de produtos de metal, exceto máquinas e equipamentos",industria,517,2015,4591690.0,60267845.0,1160787000.0,0.003955669730967008,0.07618805683196404,0.05191981388489016
42013,Itajaí,2600,"Fabricação de equipamentos de informática, produtos eletrônicos e ópticos",industria,517,2015,4591690.0,60267845.0,1160787000.0,0.003955669730967008,0.07618805683196404,0.05191981388489016
42013,Itajaí,2700,Fabricação de máquinas e equipamentos elétricos,industria,517,2015,4591690.0,60267845.0,1160787000.0,0.003955669730967008,0.07618805683196404,0.05191981388489016
42013,Itajaí,2800,Fabricação de máquinas e equipamentos mecânicos,industria,517,2015,4591690.0,60267845.0,1160787000.0,0.003955669730967008,0.07618805683196404,0.05191981388489016
42013,Itajaí,2991,"Fabricação de automóveis, caminhões e ônibus, exceto peças",industria,517,2015,4591690.0,60267845.0,1160787000.0,0.003955669730967008,0.07618805683196404,0.05191981388489016
42013,Itajaí,2992,Fabricação de peças e acessórios para veículos automotores,industria,517,2015,4591690.0,60267845.0,1160787000.0,0.003955669730967008,0.07618805683196404,0.05191981388489016
42013,Itajaí,3000,"Fabricação de outros equipamentos de transporte, exceto veículos automotores",industria,517,2015,4591690.0,60267845.0,1160787000.0,0.003955669730967008,0.07618805683196404,0.05191981388489016
42013,Itajaí,3180,Fabricação de móveis e de produtos de indústrias diversas,industria,517,2015,4591690.0,60267845.0,1160787000.0,0.003955669730967008,0.07618805683196404,0.05191981388489016
42013,Itajaí,3300,"Manutenção, reparação e instalação de máquinas e equipamentos",industria,517,2015,4591690.0,60267845.0,1160787000.0,0.003955669730967008,0.07618805683196404,0.05191981388489016
42013,Itajaí,3500,"Energia elétrica, gás natural e outras utilidades",industria,517,2015,4591690.0,60267845.0,1160787000.0,0.003955669730967008,0.07618805683196404,0.05191981388489016
42013,Itajaí,3680,"Água, esgoto e gestão de resíduos",industria,517,2015,4591690.0,60267845.0,1160787000.0,0.003955669730967008,0.07618805683196404,0.05191981388489016
42013,Itajaí,4180,Construção,industria,517,2015,4591690.0,60267845.0,1160787000.0,0.003955669730967008,0.07618805683196404,0.05191981388489016
42013,Itajaí,4580,Comércio por atacado e varejo,servicos,6575,2015,16418836.0,108382198.0,2850260000.0,0.005760469571197014,0.15149015523748652,0.03802537242216499
42013,Itajaí,4900,Transporte terrestre,servicos,6575,2015,16418836.0,108382198.0,2850260000.0,0.005760469571197014,0.15149015523748652,0.03802537242216499
42013,Itajaí,5000,Transporte aquaviário,servicos,6575,2015,16418836.0,108382198.0,2850260000.0,0.005760469571197014,0.15149015523748652,0.03802537242216499
42013,Itajaí,5100,Transporte aéreo,servicos,6575,2015,16418836.0,108382198.0,2850260000.0,0.005760469571197014,0.15149015523748652,0.03802537242216499
42013,Itajaí,5280,"Armazenamento, atividades auxiliares dos transportes e correio",servicos,6575,2015,16418836.0,108382198.0,2850260000.0,0.005760469571197014,0.15149015523748652,0.03802537242216499
42013,Itajaí,5500,Alojamento,servicos,6575,2015,16418836.0,108382198.0,2850260000.0,0.005760469571197014,0.15149015523748652,0.03802537242216499
42013,Itajaí,5600,Alimentação,servicos,6575,2015,16418836.0,108382198.0,2850260000.0,0.005760469571197014,0.15149015523748652,0.03802537242216499
42013,Itajaí,5800,Edição e edição integrada à impressão,servicos,6575,2015,16418836.0,108382198.0,2850260000.0,0.005760469571197014,0.15149015523748652,0.03802537242216499
42013,Itajaí,5980,"Atividades de televisão, rádio, cinema e  gravação/edição de som e imagem",servicos,6575,2015,16418836.0,108382198.0,2850260000.0,0.005760469571197014,0.15149015523748652,0.03802537242216499
42013,Itajaí,6100,Telecomunicações,servicos,6575,2015,16418836.0,108382198.0,2850260000.0,0.005760469571197014,0.15149015523748652,0.03802537242216499
42013,Itajaí,6280,Desenvolvimento de sistemas e outros serviços de informação,servicos,6575,2015,16418836.0,108382198.0,2850260000.0,0.005760469571197014,0.15149015523748652,0.03802537242216499
42013,Itajaí,6480,"Intermediação financeira, seguros e previdência complementar",servicos,6575,2015,16418836.0,108382198.0,2850260000.0,0.005760469571197014,0.15149015523748652,0.03802537242216499
42013,Itajaí,6800,Atividades imobiliárias,servicos,6575,2015,16418836.0,108382198.0,2850260000.0,0.005760469571197014,0.15149015523748652,0.03802537242216499
42013,Itajaí,6980,"Atividades jurídicas, contábeis, consultoria e sedes de empresas ",servicos,6575,2015,16418836.0,108382198.0,2850260000.0,0.005760469571197014,0.15149015523748652,0.03802537242216499
42013,Itajaí,7180,"Serviços de arquitetura, engenharia, testes/análises técnicas e P & D",servicos,6575,2015,16418836.0,108382198.0,2850260000.0,0.005760469571197014,0.15149015523748652,0.03802537242216499
42013,Itajaí,7380,"Outras atividades profissionais, científicas e técnicas",servicos,6575,2015,16418836.0,108382198.0,2850260000.0,0.005760469571197014,0.15149015523748652,0.03802537242216499
42013,Itajaí,7700,Aluguéis não imobiliários e gestão de ativos de propriedade intelectual,servicos,6575,2015,16418836.0,108382198.0,2850260000.0,0.005760469571197014,0.15149015523748652,0.03802537242216499
42013,Itajaí,7880,Outras atividades administrativas e serviços complementares,servicos,6575,2015,16418836.0,108382198.0,2850260000.0,0.005760469571197014,0.15149015523748652,0.03802537242216499
42013,Itajaí,8000,"Atividades de vigilância, segurança e investigação",servicos,6575,2015,16418836.0,108382198.0,2850260000.0,0.005760469571197014,0.15149015523748652,0.03802537242216499
42013,Itajaí,8400,"Administração pública, defesa e seguridade social",administracao_publica,525,2015,3122734.0,28534686.0,885587000.0,0.003526174164706573,0.10943642414708891,0.03222121146764801
42013,Itajaí,8591,Educação pública,administracao_publica,525,2015,3122734.0,28534686.0,885587000.0,0.003526174164706573,0.10943642414708891,0.03222121146764801
42013,Itajaí,8592,Educação privada,servicos,6575,2015,16418836.0,108382198.0,2850260000.0,0.005760469571197014,0.15149015523748652,0.03802537242216499
42013,Itajaí,8691,Saúde pública,administracao_publica,525,2015,3122734.0,28534686.0,885587000.0,0.003526174164706573,0.10943642414708891,0.03222121146764801
42013,Itajaí,8692,Saúde privada,servicos,6575,2015,16418836.0,108382198.0,2850260000.0,0.005760469571197014,0.15149015523748652,0.03802537242216499
42013,Itajaí,9080,"Atividades artísticas, criativas e de espetáculos",servicos,6575,2015,16418836.0,108382198.0,2850260000.0,0.005760469571197014,0.15149015523748652,0.03802537242216499
42013,Itajaí,9480,Organizações associativas e outros serviços pessoais,servicos,6575,2015,16418836.0,108382198.0,2850260000.0,0.005760469571197014,0.15149015523748652,0.03802537242216499
42013,Itajaí,9700,Serviços domésticos,servicos,6575,2015,16418836.0,108382198.0,2850260000.0,0.005760469571197014,0.15149015523748652,0.03802537242216499
42014,Ituporanga,0191,"Agricultura, inclusive o apoio à agricultura e a pós-colheita",agropecuaria,513,2015,332618.0,12485693.0,258967000.0,0.0012844030320465541,0.026639930999424702,0.04821345190699974
42014,Ituporanga,0192,"Pecuária, inclusive o apoio à pecuária",agropecuaria,513,2015,332618.0,12485693.0,258967000.0,0.0012844030320465541,0.026639930999424702,0.04821345190699974
42014,Ituporanga,0280,Produção florestal; pesca e aquicultura,agropecuaria,513,2015,332618.0,12485693.0,258967000.0,0.0012844030320465541,0.026639930999424702,0.04821345190699974
42014,Ituporanga,0580,Extração de carvão mineral e de minerais não metálicos,industria,517,2015,322523.0,60267845.0,1160787000.0,0.00027784856308694017,0.005351493818967643,0.05191981388489016
42014,Ituporanga,0680,"Extração de petróleo e gás, inclusive as atividades de apoio",industria,517,2015,322523.0,60267845.0,1160787000.0,0.00027784856308694017,0.005351493818967643,0.05191981388489016
42014,Ituporanga,0791,"Extração de minério de ferro, inclusive beneficiamentos e a aglomeração",industria,517,2015,322523.0,60267845.0,1160787000.0,0.00027784856308694017,0.005351493818967643,0.05191981388489016
42014,Ituporanga,0792,"Extração de minerais metálicos não ferrosos, inclusive beneficiamentos",industria,517,2015,322523.0,60267845.0,1160787000.0,0.00027784856308694017,0.005351493818967643,0.05191981388489016
42014,Ituporanga,1091,"Abate e produtos de carne, inclusive os produtos do laticínio e da pesca",industria,517,2015,322523.0,60267845.0,1160787000.0,0.00027784856308694017,0.005351493818967643,0.05191981388489016
42014,Ituporanga,1092,Fabricação e refino de açúcar,industria,517,2015,322523.0,60267845.0,1160787000.0,0.00027784856308694017,0.005351493818967643,0.05191981388489016
42014,Ituporanga,1093,Outros produtos alimentares,industria,517,2015,322523.0,60267845.0,1160787000.0,0.00027784856308694017,0.005351493818967643,0.05191981388489016
42014,Ituporanga,1100,Fabricação de bebidas,industria,517,2015,322523.0,60267845.0,1160787000.0,0.00027784856308694017,0.005351493818967643,0.05191981388489016
42014,Ituporanga,1200,Fabricação de produtos do fumo,industria,517,2015,322523.0,60267845.0,1160787000.0,0.00027784856308694017,0.005351493818967643,0.05191981388489016
42014,Ituporanga,1300,Fabricação de produtos têxteis,industria,517,2015,322523.0,60267845.0,1160787000.0,0.00027784856308694017,0.005351493818967643,0.05191981388489016
42014,Ituporanga,1400,Confecção de artefatos do vestuário e acessórios,industria,517,2015,322523.0,60267845.0,1160787000.0,0.00027784856308694017,0.005351493818967643,0.05191981388489016
42014,Ituporanga,1500,Fabricação de calçados e de artefatos de couro,industria,517,2015,322523.0,60267845.0,1160787000.0,0.00027784856308694017,0.005351493818967643,0.05191981388489016
42014,Ituporanga,1600,Fabricação de produtos da madeira,industria,517,2015,322523.0,60267845.0,1160787000.0,0.00027784856308694017,0.005351493818967643,0.05191981388489016
42014,Ituporanga,1700,"Fabricação de celulose, papel e produtos de papel",industria,517,2015,322523.0,60267845.0,1160787000.0,0.00027784856308694017,0.005351493818967643,0.05191981388489016
42014,Ituporanga,1800,Impressão e reprodução de gravações,industria,517,2015,322523.0,60267845.0,1160787000.0,0.00027784856308694017,0.005351493818967643,0.05191981388489016
42014,Ituporanga,1991,Refino de petróleo e coquerias,industria,517,2015,322523.0,60267845.0,1160787000.0,0.00027784856308694017,0.005351493818967643,0.05191981388489016
42014,Ituporanga,1992,Fabricação de biocombustíveis,industria,517,2015,322523.0,60267845.0,1160787000.0,0.00027784856308694017,0.005351493818967643,0.05191981388489016
42014,Ituporanga,2091,"Fabricação de químicos orgânicos e inorgânicos, resinas e elastômeros",industria,517,2015,322523.0,60267845.0,1160787000.0,0.00027784856308694017,0.005351493818967643,0.05191981388489016
42014,Ituporanga,2092,"Fabricação de defensivos, desinfestantes, tintas e químicos diversos",industria,517,2015,322523.0,60267845.0,1160787000.0,0.00027784856308694017,0.005351493818967643,0.05191981388489016
42014,Ituporanga,2093,"Fabricação de produtos de limpeza, cosméticos/perfumaria e higiene pessoal",industria,517,2015,322523.0,60267845.0,1160787000.0,0.00027784856308694017,0.005351493818967643,0.05191981388489016
42014,Ituporanga,2100,Fabricação de produtos farmoquímicos e farmacêuticos,industria,517,2015,322523.0,60267845.0,1160787000.0,0.00027784856308694017,0.005351493818967643,0.05191981388489016
42014,Ituporanga,2200,Fabricação de produtos de borracha e de material plástico,industria,517,2015,322523.0,60267845.0,1160787000.0,0.00027784856308694017,0.005351493818967643,0.05191981388489016
42014,Ituporanga,2300,Fabricação de produtos de minerais não metálicos,industria,517,2015,322523.0,60267845.0,1160787000.0,0.00027784856308694017,0.005351493818967643,0.05191981388489016
42014,Ituporanga,2491,"Produção de ferro gusa/ferroligas, siderurgia e tubos de aço sem costura",industria,517,2015,322523.0,60267845.0,1160787000.0,0.00027784856308694017,0.005351493818967643,0.05191981388489016
42014,Ituporanga,2492,Metalurgia de metais não ferosos e a fundição de metais,industria,517,2015,322523.0,60267845.0,1160787000.0,0.00027784856308694017,0.005351493818967643,0.05191981388489016
42014,Ituporanga,2500,"Fabricação de produtos de metal, exceto máquinas e equipamentos",industria,517,2015,322523.0,60267845.0,1160787000.0,0.00027784856308694017,0.005351493818967643,0.05191981388489016
42014,Ituporanga,2600,"Fabricação de equipamentos de informática, produtos eletrônicos e ópticos",industria,517,2015,322523.0,60267845.0,1160787000.0,0.00027784856308694017,0.005351493818967643,0.05191981388489016
42014,Ituporanga,2700,Fabricação de máquinas e equipamentos elétricos,industria,517,2015,322523.0,60267845.0,1160787000.0,0.00027784856308694017,0.005351493818967643,0.05191981388489016
42014,Ituporanga,2800,Fabricação de máquinas e equipamentos mecânicos,industria,517,2015,322523.0,60267845.0,1160787000.0,0.00027784856308694017,0.005351493818967643,0.05191981388489016
42014,Ituporanga,2991,"Fabricação de automóveis, caminhões e ônibus, exceto peças",industria,517,2015,322523.0,60267845.0,1160787000.0,0.00027784856308694017,0.005351493818967643,0.05191981388489016
42014,Ituporanga,2992,Fabricação de peças e acessórios para veículos automotores,industria,517,2015,322523.0,60267845.0,1160787000.0,0.00027784856308694017,0.005351493818967643,0.05191981388489016
42014,Ituporanga,3000,"Fabricação de outros equipamentos de transporte, exceto veículos automotores",industria,517,2015,322523.0,60267845.0,1160787000.0,0.00027784856308694017,0.005351493818967643,0.05191981388489016
42014,Ituporanga,3180,Fabricação de móveis e de produtos de indústrias diversas,industria,517,2015,322523.0,60267845.0,1160787000.0,0.00027784856308694017,0.005351493818967643,0.05191981388489016
42014,Ituporanga,3300,"Manutenção, reparação e instalação de máquinas e equipamentos",industria,517,2015,322523.0,60267845.0,1160787000.0,0.00027784856308694017,0.005351493818967643,0.05191981388489016
42014,Ituporanga,3500,"Energia elétrica, gás natural e outras utilidades",industria,517,2015,322523.0,60267845.0,1160787000.0,0.00027784856308694017,0.005351493818967643,0.05191981388489016
42014,Ituporanga,3680,"Água, esgoto e gestão de resíduos",industria,517,2015,322523.0,60267845.0,1160787000.0,0.00027784856308694017,0.005351493818967643,0.05191981388489016
42014,Ituporanga,4180,Construção,industria,517,2015,322523.0,60267845.0,1160787000.0,0.00027784856308694017,0.005351493818967643,0.05191981388489016
42014,Ituporanga,4580,Comércio por atacado e varejo,servicos,6575,2015,569787.0,108382198.0,2850260000.0,0.0001999070260256959,0.005257201002696033,0.03802537242216499
42014,Ituporanga,4900,Transporte terrestre,servicos,6575,2015,569787.0,108382198.0,2850260000.0,0.0001999070260256959,0.005257201002696033,0.03802537242216499
42014,Ituporanga,5000,Transporte aquaviário,servicos,6575,2015,569787.0,108382198.0,2850260000.0,0.0001999070260256959,0.005257201002696033,0.03802537242216499
42014,Ituporanga,5100,Transporte aéreo,servicos,6575,2015,569787.0,108382198.0,2850260000.0,0.0001999070260256959,0.005257201002696033,0.03802537242216499
42014,Ituporanga,5280,"Armazenamento, atividades auxiliares dos transportes e correio",servicos,6575,2015,569787.0,108382198.0,2850260000.0,0.0001999070260256959,0.005257201002696033,0.03802537242216499
42014,Ituporanga,5500,Alojamento,servicos,6575,2015,569787.0,108382198.0,2850260000.0,0.0001999070260256959,0.005257201002696033,0.03802537242216499
42014,Ituporanga,5600,Alimentação,servicos,6575,2015,569787.0,108382198.0,2850260000.0,0.0001999070260256959,0.005257201002696033,0.03802537242216499
42014,Ituporanga,5800,Edição e edição integrada à impressão,servicos,6575,2015,569787.0,108382198.0,2850260000.0,0.0001999070260256959,0.005257201002696033,0.03802537242216499
42014,Ituporanga,5980,"Atividades de televisão, rádio, cinema e  gravação/edição de som e imagem",servicos,6575,2015,569787.0,108382198.0,2850260000.0,0.0001999070260256959,0.005257201002696033,0.03802537242216499
42014,Ituporanga,6100,Telecomunicações,servicos,6575,2015,569787.0,108382198.0,2850260000.0,0.0001999070260256959,0.005257201002696033,0.03802537242216499
42014,Ituporanga,6280,Desenvolvimento de sistemas e outros serviços de informação,servicos,6575,2015,569787.0,108382198.0,2850260000.0,0.0001999070260256959,0.005257201002696033,0.03802537242216499
42014,Ituporanga,6480,"Intermediação financeira, seguros e previdência complementar",servicos,6575,2015,569787.0,108382198.0,2850260000.0,0.0001999070260256959,0.005257201002696033,0.03802537242216499
42014,Ituporanga,6800,Atividades imobiliárias,servicos,6575,2015,569787.0,108382198.0,2850260000.0,0.0001999070260256959,0.005257201002696033,0.03802537242216499
42014,Ituporanga,6980,"Atividades jurídicas, contábeis, consultoria e sedes de empresas ",servicos,6575,2015,569787.0,108382198.0,2850260000.0,0.0001999070260256959,0.005257201002696033,0.03802537242216499
42014,Ituporanga,7180,"Serviços de arquitetura, engenharia, testes/análises técnicas e P & D",servicos,6575,2015,569787.0,108382198.0,2850260000.0,0.0001999070260256959,0.005257201002696033,0.03802537242216499
42014,Ituporanga,7380,"Outras atividades profissionais, científicas e técnicas",servicos,6575,2015,569787.0,108382198.0,2850260000.0,0.0001999070260256959,0.005257201002696033,0.03802537242216499
42014,Ituporanga,7700,Aluguéis não imobiliários e gestão de ativos de propriedade intelectual,servicos,6575,2015,569787.0,108382198.0,2850260000.0,0.0001999070260256959,0.005257201002696033,0.03802537242216499
42014,Ituporanga,7880,Outras atividades administrativas e serviços complementares,servicos,6575,2015,569787.0,108382198.0,2850260000.0,0.0001999070260256959,0.005257201002696033,0.03802537242216499
42014,Ituporanga,8000,"Atividades de vigilância, segurança e investigação",servicos,6575,2015,569787.0,108382198.0,2850260000.0,0.0001999070260256959,0.005257201002696033,0.03802537242216499
42014,Ituporanga,8400,"Administração pública, defesa e seguridade social",administracao_publica,525,2015,244162.0,28534686.0,885587000.0,0.00027570639587076143,0.008556673796936122,0.03222121146764801
42014,Ituporanga,8591,Educação pública,administracao_publica,525,2015,244162.0,28534686.0,885587000.0,0.00027570639587076143,0.008556673796936122,0.03222121146764801
42014,Ituporanga,8592,Educação privada,servicos,6575,2015,569787.0,108382198.0,2850260000.0,0.0001999070260256959,0.005257201002696033,0.03802537242216499
42014,Ituporanga,8691,Saúde pública,administracao_publica,525,2015,244162.0,28534686.0,885587000.0,0.00027570639587076143,0.008556673796936122,0.03222121146764801
42014,Ituporanga,8692,Saúde privada,servicos,6575,2015,569787.0,108382198.0,2850260000.0,0.0001999070260256959,0.005257201002696033,0.03802537242216499
42014,Ituporanga,9080,"Atividades artísticas, criativas e de espetáculos",servicos,6575,2015,569787.0,108382198.0,2850260000.0,0.0001999070260256959,0.005257201002696033,0.03802537242216499
42014,Ituporanga,9480,Organizações associativas e outros serviços pessoais,servicos,6575,2015,569787.0,108382198.0,2850260000.0,0.0001999070260256959,0.005257201002696033,0.03802537242216499
42014,Ituporanga,9700,Serviços domésticos,servicos,6575,2015,569787.0,108382198.0,2850260000.0,0.0001999070260256959,0.005257201002696033,0.03802537242216499
42015,Tijucas,0191,"Agricultura, inclusive o apoio à agricultura e a pós-colheita",agropecuaria,513,2015,152212.0,12485693.0,258967000.0,0.0005877660087964876,0.012190913231648415,0.04821345190699974
42015,Tijucas,0192,"Pecuária, inclusive o apoio à pecuária",agropecuaria,513,2015,152212.0,12485693.0,258967000.0,0.0005877660087964876,0.012190913231648415,0.04821345190699974
42015,Tijucas,0280,Produção florestal; pesca e aquicultura,agropecuaria,513,2015,152212.0,12485693.0,258967000.0,0.0005877660087964876,0.012190913231648415,0.04821345190699974
42015,Tijucas,0580,Extração de carvão mineral e de minerais não metálicos,industria,517,2015,930207.0,60267845.0,1160787000.0,0.000801358905639019,0.015434548887553554,0.05191981388489016
42015,Tijucas,0680,"Extração de petróleo e gás, inclusive as atividades de apoio",industria,517,2015,930207.0,60267845.0,1160787000.0,0.000801358905639019,0.015434548887553554,0.05191981388489016
42015,Tijucas,0791,"Extração de minério de ferro, inclusive beneficiamentos e a aglomeração",industria,517,2015,930207.0,60267845.0,1160787000.0,0.000801358905639019,0.015434548887553554,0.05191981388489016
42015,Tijucas,0792,"Extração de minerais metálicos não ferrosos, inclusive beneficiamentos",industria,517,2015,930207.0,60267845.0,1160787000.0,0.000801358905639019,0.015434548887553554,0.05191981388489016
42015,Tijucas,1091,"Abate e produtos de carne, inclusive os produtos do laticínio e da pesca",industria,517,2015,930207.0,60267845.0,1160787000.0,0.000801358905639019,0.015434548887553554,0.05191981388489016
42015,Tijucas,1092,Fabricação e refino de açúcar,industria,517,2015,930207.0,60267845.0,1160787000.0,0.000801358905639019,0.015434548887553554,0.05191981388489016
42015,Tijucas,1093,Outros produtos alimentares,industria,517,2015,930207.0,60267845.0,1160787000.0,0.000801358905639019,0.015434548887553554,0.05191981388489016
42015,Tijucas,1100,Fabricação de bebidas,industria,517,2015,930207.0,60267845.0,1160787000.0,0.000801358905639019,0.015434548887553554,0.05191981388489016
42015,Tijucas,1200,Fabricação de produtos do fumo,industria,517,2015,930207.0,60267845.0,1160787000.0,0.000801358905639019,0.015434548887553554,0.05191981388489016
42015,Tijucas,1300,Fabricação de produtos têxteis,industria,517,2015,930207.0,60267845.0,1160787000.0,0.000801358905639019,0.015434548887553554,0.05191981388489016
42015,Tijucas,1400,Confecção de artefatos do vestuário e acessórios,industria,517,2015,930207.0,60267845.0,1160787000.0,0.000801358905639019,0.015434548887553554,0.05191981388489016
42015,Tijucas,1500,Fabricação de calçados e de artefatos de couro,industria,517,2015,930207.0,60267845.0,1160787000.0,0.000801358905639019,0.015434548887553554,0.05191981388489016
42015,Tijucas,1600,Fabricação de produtos da madeira,industria,517,2015,930207.0,60267845.0,1160787000.0,0.000801358905639019,0.015434548887553554,0.05191981388489016
42015,Tijucas,1700,"Fabricação de celulose, papel e produtos de papel",industria,517,2015,930207.0,60267845.0,1160787000.0,0.000801358905639019,0.015434548887553554,0.05191981388489016
42015,Tijucas,1800,Impressão e reprodução de gravações,industria,517,2015,930207.0,60267845.0,1160787000.0,0.000801358905639019,0.015434548887553554,0.05191981388489016
42015,Tijucas,1991,Refino de petróleo e coquerias,industria,517,2015,930207.0,60267845.0,1160787000.0,0.000801358905639019,0.015434548887553554,0.05191981388489016
42015,Tijucas,1992,Fabricação de biocombustíveis,industria,517,2015,930207.0,60267845.0,1160787000.0,0.000801358905639019,0.015434548887553554,0.05191981388489016
42015,Tijucas,2091,"Fabricação de químicos orgânicos e inorgânicos, resinas e elastômeros",industria,517,2015,930207.0,60267845.0,1160787000.0,0.000801358905639019,0.015434548887553554,0.05191981388489016
42015,Tijucas,2092,"Fabricação de defensivos, desinfestantes, tintas e químicos diversos",industria,517,2015,930207.0,60267845.0,1160787000.0,0.000801358905639019,0.015434548887553554,0.05191981388489016
42015,Tijucas,2093,"Fabricação de produtos de limpeza, cosméticos/perfumaria e higiene pessoal",industria,517,2015,930207.0,60267845.0,1160787000.0,0.000801358905639019,0.015434548887553554,0.05191981388489016
42015,Tijucas,2100,Fabricação de produtos farmoquímicos e farmacêuticos,industria,517,2015,930207.0,60267845.0,1160787000.0,0.000801358905639019,0.015434548887553554,0.05191981388489016
42015,Tijucas,2200,Fabricação de produtos de borracha e de material plástico,industria,517,2015,930207.0,60267845.0,1160787000.0,0.000801358905639019,0.015434548887553554,0.05191981388489016
42015,Tijucas,2300,Fabricação de produtos de minerais não metálicos,industria,517,2015,930207.0,60267845.0,1160787000.0,0.000801358905639019,0.015434548887553554,0.05191981388489016
42015,Tijucas,2491,"Produção de ferro gusa/ferroligas, siderurgia e tubos de aço sem costura",industria,517,2015,930207.0,60267845.0,1160787000.0,0.000801358905639019,0.015434548887553554,0.05191981388489016
42015,Tijucas,2492,Metalurgia de metais não ferosos e a fundição de metais,industria,517,2015,930207.0,60267845.0,1160787000.0,0.000801358905639019,0.015434548887553554,0.05191981388489016
42015,Tijucas,2500,"Fabricação de produtos de metal, exceto máquinas e equipamentos",industria,517,2015,930207.0,60267845.0,1160787000.0,0.000801358905639019,0.015434548887553554,0.05191981388489016
42015,Tijucas,2600,"Fabricação de equipamentos de informática, produtos eletrônicos e ópticos",industria,517,2015,930207.0,60267845.0,1160787000.0,0.000801358905639019,0.015434548887553554,0.05191981388489016
42015,Tijucas,2700,Fabricação de máquinas e equipamentos elétricos,industria,517,2015,930207.0,60267845.0,1160787000.0,0.000801358905639019,0.015434548887553554,0.05191981388489016
42015,Tijucas,2800,Fabricação de máquinas e equipamentos mecânicos,industria,517,2015,930207.0,60267845.0,1160787000.0,0.000801358905639019,0.015434548887553554,0.05191981388489016
42015,Tijucas,2991,"Fabricação de automóveis, caminhões e ônibus, exceto peças",industria,517,2015,930207.0,60267845.0,1160787000.0,0.000801358905639019,0.015434548887553554,0.05191981388489016
42015,Tijucas,2992,Fabricação de peças e acessórios para veículos automotores,industria,517,2015,930207.0,60267845.0,1160787000.0,0.000801358905639019,0.015434548887553554,0.05191981388489016
42015,Tijucas,3000,"Fabricação de outros equipamentos de transporte, exceto veículos automotores",industria,517,2015,930207.0,60267845.0,1160787000.0,0.000801358905639019,0.015434548887553554,0.05191981388489016
42015,Tijucas,3180,Fabricação de móveis e de produtos de indústrias diversas,industria,517,2015,930207.0,60267845.0,1160787000.0,0.000801358905639019,0.015434548887553554,0.05191981388489016
42015,Tijucas,3300,"Manutenção, reparação e instalação de máquinas e equipamentos",industria,517,2015,930207.0,60267845.0,1160787000.0,0.000801358905639019,0.015434548887553554,0.05191981388489016
42015,Tijucas,3500,"Energia elétrica, gás natural e outras utilidades",industria,517,2015,930207.0,60267845.0,1160787000.0,0.000801358905639019,0.015434548887553554,0.05191981388489016
42015,Tijucas,3680,"Água, esgoto e gestão de resíduos",industria,517,2015,930207.0,60267845.0,1160787000.0,0.000801358905639019,0.015434548887553554,0.05191981388489016
42015,Tijucas,4180,Construção,industria,517,2015,930207.0,60267845.0,1160787000.0,0.000801358905639019,0.015434548887553554,0.05191981388489016
42015,Tijucas,4580,Comércio por atacado e varejo,servicos,6575,2015,1110566.0,108382198.0,2850260000.0,0.0003896367348943605,0.010246756575281856,0.03802537242216499
42015,Tijucas,4900,Transporte terrestre,servicos,6575,2015,1110566.0,108382198.0,2850260000.0,0.0003896367348943605,0.010246756575281856,0.03802537242216499
42015,Tijucas,5000,Transporte aquaviário,servicos,6575,2015,1110566.0,108382198.0,2850260000.0,0.0003896367348943605,0.010246756575281856,0.03802537242216499
42015,Tijucas,5100,Transporte aéreo,servicos,6575,2015,1110566.0,108382198.0,2850260000.0,0.0003896367348943605,0.010246756575281856,0.03802537242216499
42015,Tijucas,5280,"Armazenamento, atividades auxiliares dos transportes e correio",servicos,6575,2015,1110566.0,108382198.0,2850260000.0,0.0003896367348943605,0.010246756575281856,0.03802537242216499
42015,Tijucas,5500,Alojamento,servicos,6575,2015,1110566.0,108382198.0,2850260000.0,0.0003896367348943605,0.010246756575281856,0.03802537242216499
42015,Tijucas,5600,Alimentação,servicos,6575,2015,1110566.0,108382198.0,2850260000.0,0.0003896367348943605,0.010246756575281856,0.03802537242216499
42015,Tijucas,5800,Edição e edição integrada à impressão,servicos,6575,2015,1110566.0,108382198.0,2850260000.0,0.0003896367348943605,0.010246756575281856,0.03802537242216499
42015,Tijucas,5980,"Atividades de televisão, rádio, cinema e  gravação/edição de som e imagem",servicos,6575,2015,1110566.0,108382198.0,2850260000.0,0.0003896367348943605,0.010246756575281856,0.03802537242216499
42015,Tijucas,6100,Telecomunicações,servicos,6575,2015,1110566.0,108382198.0,2850260000.0,0.0003896367348943605,0.010246756575281856,0.03802537242216499
42015,Tijucas,6280,Desenvolvimento de sistemas e outros serviços de informação,servicos,6575,2015,1110566.0,108382198.0,2850260000.0,0.0003896367348943605,0.010246756575281856,0.03802537242216499
42015,Tijucas,6480,"Intermediação financeira, seguros e previdência complementar",servicos,6575,2015,1110566.0,108382198.0,2850260000.0,0.0003896367348943605,0.010246756575281856,0.03802537242216499
42015,Tijucas,6800,Atividades imobiliárias,servicos,6575,2015,1110566.0,108382198.0,2850260000.0,0.0003896367348943605,0.010246756575281856,0.03802537242216499
42015,Tijucas,6980,"Atividades jurídicas, contábeis, consultoria e sedes de empresas ",servicos,6575,2015,1110566.0,108382198.0,2850260000.0,0.0003896367348943605,0.010246756575281856,0.03802537242216499
42015,Tijucas,7180,"Serviços de arquitetura, engenharia, testes/análises técnicas e P & D",servicos,6575,2015,1110566.0,108382198.0,2850260000.0,0.0003896367348943605,0.010246756575281856,0.03802537242216499
42015,Tijucas,7380,"Outras atividades profissionais, científicas e técnicas",servicos,6575,2015,1110566.0,108382198.0,2850260000.0,0.0003896367348943605,0.010246756575281856,0.03802537242216499
42015,Tijucas,7700,Aluguéis não imobiliários e gestão de ativos de propriedade intelectual,servicos,6575,2015,1110566.0,108382198.0,2850260000.0,0.0003896367348943605,0.010246756575281856,0.03802537242216499
42015,Tijucas,7880,Outras atividades administrativas e serviços complementares,servicos,6575,2015,1110566.0,108382198.0,2850260000.0,0.0003896367348943605,0.010246756575281856,0.03802537242216499
42015,Tijucas,8000,"Atividades de vigilância, segurança e investigação",servicos,6575,2015,1110566.0,108382198.0,2850260000.0,0.0003896367348943605,0.010246756575281856,0.03802537242216499
42015,Tijucas,8400,"Administração pública, defesa e seguridade social",administracao_publica,525,2015,425210.0,28534686.0,885587000.0,0.0004801448079070718,0.014901513196956154,0.03222121146764801
42015,Tijucas,8591,Educação pública,administracao_publica,525,2015,425210.0,28534686.0,885587000.0,0.0004801448079070718,0.014901513196956154,0.03222121146764801
42015,Tijucas,8592,Educação privada,servicos,6575,2015,1110566.0,108382198.0,2850260000.0,0.0003896367348943605,0.010246756575281856,0.03802537242216499
42015,Tijucas,8691,Saúde pública,administracao_publica,525,2015,425210.0,28534686.0,885587000.0,0.0004801448079070718,0.014901513196956154,0.03222121146764801
42015,Tijucas,8692,Saúde privada,servicos,6575,2015,1110566.0,108382198.0,2850260000.0,0.0003896367348943605,0.010246756575281856,0.03802537242216499
42015,Tijucas,9080,"Atividades artísticas, criativas e de espetáculos",servicos,6575,2015,1110566.0,108382198.0,2850260000.0,0.0003896367348943605,0.010246756575281856,0.03802537242216499
42015,Tijucas,9480,Organizações associativas e outros serviços pessoais,servicos,6575,2015,1110566.0,108382198.0,2850260000.0,0.0003896367348943605,0.010246756575281856,0.03802537242216499
42015,Tijucas,9700,Serviços domésticos,servicos,6575,2015,1110566.0,108382198.0,2850260000.0,0.0003896367348943605,0.010246756575281856,0.03802537242216499
42016,Florianópolis,0191,"Agricultura, inclusive o apoio à agricultura e a pós-colheita",agropecuaria,513,2015,474803.0,12485693.0,258967000.0,0.0018334498217919659,0.03802776505877567,0.04821345190699974
42016,Florianópolis,0192,"Pecuária, inclusive o apoio à pecuária",agropecuaria,513,2015,474803.0,12485693.0,258967000.0,0.0018334498217919659,0.03802776505877567,0.04821345190699974
42016,Florianópolis,0280,Produção florestal; pesca e aquicultura,agropecuaria,513,2015,474803.0,12485693.0,258967000.0,0.0018334498217919659,0.03802776505877567,0.04821345190699974
42016,Florianópolis,0580,Extração de carvão mineral e de minerais não metálicos,industria,517,2015,4502998.0,60267845.0,1160787000.0,0.0038792629483272987,0.07471642631323552,0.05191981388489016
42016,Florianópolis,0680,"Extração de petróleo e gás, inclusive as atividades de apoio",industria,517,2015,4502998.0,60267845.0,1160787000.0,0.0038792629483272987,0.07471642631323552,0.05191981388489016
42016,Florianópolis,0791,"Extração de minério de ferro, inclusive beneficiamentos e a aglomeração",industria,517,2015,4502998.0,60267845.0,1160787000.0,0.0038792629483272987,0.07471642631323552,0.05191981388489016
42016,Florianópolis,0792,"Extração de minerais metálicos não ferrosos, inclusive beneficiamentos",industria,517,2015,4502998.0,60267845.0,1160787000.0,0.0038792629483272987,0.07471642631323552,0.05191981388489016
42016,Florianópolis,1091,"Abate e produtos de carne, inclusive os produtos do laticínio e da pesca",industria,517,2015,4502998.0,60267845.0,1160787000.0,0.0038792629483272987,0.07471642631323552,0.05191981388489016
42016,Florianópolis,1092,Fabricação e refino de açúcar,industria,517,2015,4502998.0,60267845.0,1160787000.0,0.0038792629483272987,0.07471642631323552,0.05191981388489016
42016,Florianópolis,1093,Outros produtos alimentares,industria,517,2015,4502998.0,60267845.0,1160787000.0,0.0038792629483272987,0.07471642631323552,0.05191981388489016
42016,Florianópolis,1100,Fabricação de bebidas,industria,517,2015,4502998.0,60267845.0,1160787000.0,0.0038792629483272987,0.07471642631323552,0.05191981388489016
42016,Florianópolis,1200,Fabricação de produtos do fumo,industria,517,2015,4502998.0,60267845.0,1160787000.0,0.0038792629483272987,0.07471642631323552,0.05191981388489016
42016,Florianópolis,1300,Fabricação de produtos têxteis,industria,517,2015,4502998.0,60267845.0,1160787000.0,0.0038792629483272987,0.07471642631323552,0.05191981388489016
42016,Florianópolis,1400,Confecção de artefatos do vestuário e acessórios,industria,517,2015,4502998.0,60267845.0,1160787000.0,0.0038792629483272987,0.07471642631323552,0.05191981388489016
42016,Florianópolis,1500,Fabricação de calçados e de artefatos de couro,industria,517,2015,4502998.0,60267845.0,1160787000.0,0.0038792629483272987,0.07471642631323552,0.05191981388489016
42016,Florianópolis,1600,Fabricação de produtos da madeira,industria,517,2015,4502998.0,60267845.0,1160787000.0,0.0038792629483272987,0.07471642631323552,0.05191981388489016
42016,Florianópolis,1700,"Fabricação de celulose, papel e produtos de papel",industria,517,2015,4502998.0,60267845.0,1160787000.0,0.0038792629483272987,0.07471642631323552,0.05191981388489016
42016,Florianópolis,1800,Impressão e reprodução de gravações,industria,517,2015,4502998.0,60267845.0,1160787000.0,0.0038792629483272987,0.07471642631323552,0.05191981388489016
42016,Florianópolis,1991,Refino de petróleo e coquerias,industria,517,2015,4502998.0,60267845.0,1160787000.0,0.0038792629483272987,0.07471642631323552,0.05191981388489016
42016,Florianópolis,1992,Fabricação de biocombustíveis,industria,517,2015,4502998.0,60267845.0,1160787000.0,0.0038792629483272987,0.07471642631323552,0.05191981388489016
42016,Florianópolis,2091,"Fabricação de químicos orgânicos e inorgânicos, resinas e elastômeros",industria,517,2015,4502998.0,60267845.0,1160787000.0,0.0038792629483272987,0.07471642631323552,0.05191981388489016
42016,Florianópolis,2092,"Fabricação de defensivos, desinfestantes, tintas e químicos diversos",industria,517,2015,4502998.0,60267845.0,1160787000.0,0.0038792629483272987,0.07471642631323552,0.05191981388489016
42016,Florianópolis,2093,"Fabricação de produtos de limpeza, cosméticos/perfumaria e higiene pessoal",industria,517,2015,4502998.0,60267845.0,1160787000.0,0.0038792629483272987,0.07471642631323552,0.05191981388489016
42016,Florianópolis,2100,Fabricação de produtos farmoquímicos e farmacêuticos,industria,517,2015,4502998.0,60267845.0,1160787000.0,0.0038792629483272987,0.07471642631323552,0.05191981388489016
42016,Florianópolis,2200,Fabricação de produtos de borracha e de material plástico,industria,517,2015,4502998.0,60267845.0,1160787000.0,0.0038792629483272987,0.07471642631323552,0.05191981388489016
42016,Florianópolis,2300,Fabricação de produtos de minerais não metálicos,industria,517,2015,4502998.0,60267845.0,1160787000.0,0.0038792629483272987,0.07471642631323552,0.05191981388489016
42016,Florianópolis,2491,"Produção de ferro gusa/ferroligas, siderurgia e tubos de aço sem costura",industria,517,2015,4502998.0,60267845.0,1160787000.0,0.0038792629483272987,0.07471642631323552,0.05191981388489016
42016,Florianópolis,2492,Metalurgia de metais não ferosos e a fundição de metais,industria,517,2015,4502998.0,60267845.0,1160787000.0,0.0038792629483272987,0.07471642631323552,0.05191981388489016
42016,Florianópolis,2500,"Fabricação de produtos de metal, exceto máquinas e equipamentos",industria,517,2015,4502998.0,60267845.0,1160787000.0,0.0038792629483272987,0.07471642631323552,0.05191981388489016
42016,Florianópolis,2600,"Fabricação de equipamentos de informática, produtos eletrônicos e ópticos",industria,517,2015,4502998.0,60267845.0,1160787000.0,0.0038792629483272987,0.07471642631323552,0.05191981388489016
42016,Florianópolis,2700,Fabricação de máquinas e equipamentos elétricos,industria,517,2015,4502998.0,60267845.0,1160787000.0,0.0038792629483272987,0.07471642631323552,0.05191981388489016
42016,Florianópolis,2800,Fabricação de máquinas e equipamentos mecânicos,industria,517,2015,4502998.0,60267845.0,1160787000.0,0.0038792629483272987,0.07471642631323552,0.05191981388489016
42016,Florianópolis,2991,"Fabricação de automóveis, caminhões e ônibus, exceto peças",industria,517,2015,4502998.0,60267845.0,1160787000.0,0.0038792629483272987,0.07471642631323552,0.05191981388489016
42016,Florianópolis,2992,Fabricação de peças e acessórios para veículos automotores,industria,517,2015,4502998.0,60267845.0,1160787000.0,0.0038792629483272987,0.07471642631323552,0.05191981388489016
42016,Florianópolis,3000,"Fabricação de outros equipamentos de transporte, exceto veículos automotores",industria,517,2015,4502998.0,60267845.0,1160787000.0,0.0038792629483272987,0.07471642631323552,0.05191981388489016
42016,Florianópolis,3180,Fabricação de móveis e de produtos de indústrias diversas,industria,517,2015,4502998.0,60267845.0,1160787000.0,0.0038792629483272987,0.07471642631323552,0.05191981388489016
42016,Florianópolis,3300,"Manutenção, reparação e instalação de máquinas e equipamentos",industria,517,2015,4502998.0,60267845.0,1160787000.0,0.0038792629483272987,0.07471642631323552,0.05191981388489016
42016,Florianópolis,3500,"Energia elétrica, gás natural e outras utilidades",industria,517,2015,4502998.0,60267845.0,1160787000.0,0.0038792629483272987,0.07471642631323552,0.05191981388489016
42016,Florianópolis,3680,"Água, esgoto e gestão de resíduos",industria,517,2015,4502998.0,60267845.0,1160787000.0,0.0038792629483272987,0.07471642631323552,0.05191981388489016
42016,Florianópolis,4180,Construção,industria,517,2015,4502998.0,60267845.0,1160787000.0,0.0038792629483272987,0.07471642631323552,0.05191981388489016
42016,Florianópolis,4580,Comércio por atacado e varejo,servicos,6575,2015,19550295.0,108382198.0,2850260000.0,0.006859126886669988,0.18038289830586385,0.03802537242216499
42016,Florianópolis,4900,Transporte terrestre,servicos,6575,2015,19550295.0,108382198.0,2850260000.0,0.006859126886669988,0.18038289830586385,0.03802537242216499
42016,Florianópolis,5000,Transporte aquaviário,servicos,6575,2015,19550295.0,108382198.0,2850260000.0,0.006859126886669988,0.18038289830586385,0.03802537242216499
42016,Florianópolis,5100,Transporte aéreo,servicos,6575,2015,19550295.0,108382198.0,2850260000.0,0.006859126886669988,0.18038289830586385,0.03802537242216499
42016,Florianópolis,5280,"Armazenamento, atividades auxiliares dos transportes e correio",servicos,6575,2015,19550295.0,108382198.0,2850260000.0,0.006859126886669988,0.18038289830586385,0.03802537242216499
42016,Florianópolis,5500,Alojamento,servicos,6575,2015,19550295.0,108382198.0,2850260000.0,0.006859126886669988,0.18038289830586385,0.03802537242216499
42016,Florianópolis,5600,Alimentação,servicos,6575,2015,19550295.0,108382198.0,2850260000.0,0.006859126886669988,0.18038289830586385,0.03802537242216499
42016,Florianópolis,5800,Edição e edição integrada à impressão,servicos,6575,2015,19550295.0,108382198.0,2850260000.0,0.006859126886669988,0.18038289830586385,0.03802537242216499
42016,Florianópolis,5980,"Atividades de televisão, rádio, cinema e  gravação/edição de som e imagem",servicos,6575,2015,19550295.0,108382198.0,2850260000.0,0.006859126886669988,0.18038289830586385,0.03802537242216499
42016,Florianópolis,6100,Telecomunicações,servicos,6575,2015,19550295.0,108382198.0,2850260000.0,0.006859126886669988,0.18038289830586385,0.03802537242216499
42016,Florianópolis,6280,Desenvolvimento de sistemas e outros serviços de informação,servicos,6575,2015,19550295.0,108382198.0,2850260000.0,0.006859126886669988,0.18038289830586385,0.03802537242216499
42016,Florianópolis,6480,"Intermediação financeira, seguros e previdência complementar",servicos,6575,2015,19550295.0,108382198.0,2850260000.0,0.006859126886669988,0.18038289830586385,0.03802537242216499
42016,Florianópolis,6800,Atividades imobiliárias,servicos,6575,2015,19550295.0,108382198.0,2850260000.0,0.006859126886669988,0.18038289830586385,0.03802537242216499
42016,Florianópolis,6980,"Atividades jurídicas, contábeis, consultoria e sedes de empresas ",servicos,6575,2015,19550295.0,108382198.0,2850260000.0,0.006859126886669988,0.18038289830586385,0.03802537242216499
42016,Florianópolis,7180,"Serviços de arquitetura, engenharia, testes/análises técnicas e P & D",servicos,6575,2015,19550295.0,108382198.0,2850260000.0,0.006859126886669988,0.18038289830586385,0.03802537242216499
42016,Florianópolis,7380,"Outras atividades profissionais, científicas e técnicas",servicos,6575,2015,19550295.0,108382198.0,2850260000.0,0.006859126886669988,0.18038289830586385,0.03802537242216499
42016,Florianópolis,7700,Aluguéis não imobiliários e gestão de ativos de propriedade intelectual,servicos,6575,2015,19550295.0,108382198.0,2850260000.0,0.006859126886669988,0.18038289830586385,0.03802537242216499
42016,Florianópolis,7880,Outras atividades administrativas e serviços complementares,servicos,6575,2015,19550295.0,108382198.0,2850260000.0,0.006859126886669988,0.18038289830586385,0.03802537242216499
42016,Florianópolis,8000,"Atividades de vigilância, segurança e investigação",servicos,6575,2015,19550295.0,108382198.0,2850260000.0,0.006859126886669988,0.18038289830586385,0.03802537242216499
42016,Florianópolis,8400,"Administração pública, defesa e seguridade social",administracao_publica,525,2015,4155541.0,28534686.0,885587000.0,0.004692414184038383,0.14563121528654635,0.03222121146764801
42016,Florianópolis,8591,Educação pública,administracao_publica,525,2015,4155541.0,28534686.0,885587000.0,0.004692414184038383,0.14563121528654635,0.03222121146764801
42016,Florianópolis,8592,Educação privada,servicos,6575,2015,19550295.0,108382198.0,2850260000.0,0.006859126886669988,0.18038289830586385,0.03802537242216499
42016,Florianópolis,8691,Saúde pública,administracao_publica,525,2015,4155541.0,28534686.0,885587000.0,0.004692414184038383,0.14563121528654635,0.03222121146764801
42016,Florianópolis,8692,Saúde privada,servicos,6575,2015,19550295.0,108382198.0,2850260000.0,0.006859126886669988,0.18038289830586385,0.03802537242216499
42016,Florianópolis,9080,"Atividades artísticas, criativas e de espetáculos",servicos,6575,2015,19550295.0,108382198.0,2850260000.0,0.006859126886669988,0.18038289830586385,0.03802537242216499
42016,Florianópolis,9480,Organizações associativas e outros serviços pessoais,servicos,6575,2015,19550295.0,108382198.0,2850260000.0,0.006859126886669988,0.18038289830586385,0.03802537242216499
42016,Florianópolis,9700,Serviços domésticos,servicos,6575,2015,19550295.0,108382198.0,2850260000.0,0.006859126886669988,0.18038289830586385,0.03802537242216499
42017,Tabuleiro,0191,"Agricultura, inclusive o apoio à agricultura e a pós-colheita",agropecuaria,513,2015,185816.0,12485693.0,258967000.0,0.0007175277158865802,0.014882313700969582,0.04821345190699974
42017,Tabuleiro,0192,"Pecuária, inclusive o apoio à pecuária",agropecuaria,513,2015,185816.0,12485693.0,258967000.0,0.0007175277158865802,0.014882313700969582,0.04821345190699974
42017,Tabuleiro,0280,Produção florestal; pesca e aquicultura,agropecuaria,513,2015,185816.0,12485693.0,258967000.0,0.0007175277158865802,0.014882313700969582,0.04821345190699974
42017,Tabuleiro,0580,Extração de carvão mineral e de minerais não metálicos,industria,517,2015,52653.0,60267845.0,1160787000.0,4.535974300194609e-05,0.0008736499538020648,0.05191981388489016
42017,Tabuleiro,0680,"Extração de petróleo e gás, inclusive as atividades de apoio",industria,517,2015,52653.0,60267845.0,1160787000.0,4.535974300194609e-05,0.0008736499538020648,0.05191981388489016
42017,Tabuleiro,0791,"Extração de minério de ferro, inclusive beneficiamentos e a aglomeração",industria,517,2015,52653.0,60267845.0,1160787000.0,4.535974300194609e-05,0.0008736499538020648,0.05191981388489016
42017,Tabuleiro,0792,"Extração de minerais metálicos não ferrosos, inclusive beneficiamentos",industria,517,2015,52653.0,60267845.0,1160787000.0,4.535974300194609e-05,0.0008736499538020648,0.05191981388489016
42017,Tabuleiro,1091,"Abate e produtos de carne, inclusive os produtos do laticínio e da pesca",industria,517,2015,52653.0,60267845.0,1160787000.0,4.535974300194609e-05,0.0008736499538020648,0.05191981388489016
42017,Tabuleiro,1092,Fabricação e refino de açúcar,industria,517,2015,52653.0,60267845.0,1160787000.0,4.535974300194609e-05,0.0008736499538020648,0.05191981388489016
42017,Tabuleiro,1093,Outros produtos alimentares,industria,517,2015,52653.0,60267845.0,1160787000.0,4.535974300194609e-05,0.0008736499538020648,0.05191981388489016
42017,Tabuleiro,1100,Fabricação de bebidas,industria,517,2015,52653.0,60267845.0,1160787000.0,4.535974300194609e-05,0.0008736499538020648,0.05191981388489016
42017,Tabuleiro,1200,Fabricação de produtos do fumo,industria,517,2015,52653.0,60267845.0,1160787000.0,4.535974300194609e-05,0.0008736499538020648,0.05191981388489016
42017,Tabuleiro,1300,Fabricação de produtos têxteis,industria,517,2015,52653.0,60267845.0,1160787000.0,4.535974300194609e-05,0.0008736499538020648,0.05191981388489016
42017,Tabuleiro,1400,Confecção de artefatos do vestuário e acessórios,industria,517,2015,52653.0,60267845.0,1160787000.0,4.535974300194609e-05,0.0008736499538020648,0.05191981388489016
42017,Tabuleiro,1500,Fabricação de calçados e de artefatos de couro,industria,517,2015,52653.0,60267845.0,1160787000.0,4.535974300194609e-05,0.0008736499538020648,0.05191981388489016
42017,Tabuleiro,1600,Fabricação de produtos da madeira,industria,517,2015,52653.0,60267845.0,1160787000.0,4.535974300194609e-05,0.0008736499538020648,0.05191981388489016
42017,Tabuleiro,1700,"Fabricação de celulose, papel e produtos de papel",industria,517,2015,52653.0,60267845.0,1160787000.0,4.535974300194609e-05,0.0008736499538020648,0.05191981388489016
42017,Tabuleiro,1800,Impressão e reprodução de gravações,industria,517,2015,52653.0,60267845.0,1160787000.0,4.535974300194609e-05,0.0008736499538020648,0.05191981388489016
42017,Tabuleiro,1991,Refino de petróleo e coquerias,industria,517,2015,52653.0,60267845.0,1160787000.0,4.535974300194609e-05,0.0008736499538020648,0.05191981388489016
42017,Tabuleiro,1992,Fabricação de biocombustíveis,industria,517,2015,52653.0,60267845.0,1160787000.0,4.535974300194609e-05,0.0008736499538020648,0.05191981388489016
42017,Tabuleiro,2091,"Fabricação de químicos orgânicos e inorgânicos, resinas e elastômeros",industria,517,2015,52653.0,60267845.0,1160787000.0,4.535974300194609e-05,0.0008736499538020648,0.05191981388489016
42017,Tabuleiro,2092,"Fabricação de defensivos, desinfestantes, tintas e químicos diversos",industria,517,2015,52653.0,60267845.0,1160787000.0,4.535974300194609e-05,0.0008736499538020648,0.05191981388489016
42017,Tabuleiro,2093,"Fabricação de produtos de limpeza, cosméticos/perfumaria e higiene pessoal",industria,517,2015,52653.0,60267845.0,1160787000.0,4.535974300194609e-05,0.0008736499538020648,0.05191981388489016
42017,Tabuleiro,2100,Fabricação de produtos farmoquímicos e farmacêuticos,industria,517,2015,52653.0,60267845.0,1160787000.0,4.535974300194609e-05,0.0008736499538020648,0.05191981388489016
42017,Tabuleiro,2200,Fabricação de produtos de borracha e de material plástico,industria,517,2015,52653.0,60267845.0,1160787000.0,4.535974300194609e-05,0.0008736499538020648,0.05191981388489016
42017,Tabuleiro,2300,Fabricação de produtos de minerais não metálicos,industria,517,2015,52653.0,60267845.0,1160787000.0,4.535974300194609e-05,0.0008736499538020648,0.05191981388489016
42017,Tabuleiro,2491,"Produção de ferro gusa/ferroligas, siderurgia e tubos de aço sem costura",industria,517,2015,52653.0,60267845.0,1160787000.0,4.535974300194609e-05,0.0008736499538020648,0.05191981388489016
42017,Tabuleiro,2492,Metalurgia de metais não ferosos e a fundição de metais,industria,517,2015,52653.0,60267845.0,1160787000.0,4.535974300194609e-05,0.0008736499538020648,0.05191981388489016
42017,Tabuleiro,2500,"Fabricação de produtos de metal, exceto máquinas e equipamentos",industria,517,2015,52653.0,60267845.0,1160787000.0,4.535974300194609e-05,0.0008736499538020648,0.05191981388489016
42017,Tabuleiro,2600,"Fabricação de equipamentos de informática, produtos eletrônicos e ópticos",industria,517,2015,52653.0,60267845.0,1160787000.0,4.535974300194609e-05,0.0008736499538020648,0.05191981388489016
42017,Tabuleiro,2700,Fabricação de máquinas e equipamentos elétricos,industria,517,2015,52653.0,60267845.0,1160787000.0,4.535974300194609e-05,0.0008736499538020648,0.05191981388489016
42017,Tabuleiro,2800,Fabricação de máquinas e equipamentos mecânicos,industria,517,2015,52653.0,60267845.0,1160787000.0,4.535974300194609e-05,0.0008736499538020648,0.05191981388489016
42017,Tabuleiro,2991,"Fabricação de automóveis, caminhões e ônibus, exceto peças",industria,517,2015,52653.0,60267845.0,1160787000.0,4.535974300194609e-05,0.0008736499538020648,0.05191981388489016
42017,Tabuleiro,2992,Fabricação de peças e acessórios para veículos automotores,industria,517,2015,52653.0,60267845.0,1160787000.0,4.535974300194609e-05,0.0008736499538020648,0.05191981388489016
42017,Tabuleiro,3000,"Fabricação de outros equipamentos de transporte, exceto veículos automotores",industria,517,2015,52653.0,60267845.0,1160787000.0,4.535974300194609e-05,0.0008736499538020648,0.05191981388489016
42017,Tabuleiro,3180,Fabricação de móveis e de produtos de indústrias diversas,industria,517,2015,52653.0,60267845.0,1160787000.0,4.535974300194609e-05,0.0008736499538020648,0.05191981388489016
42017,Tabuleiro,3300,"Manutenção, reparação e instalação de máquinas e equipamentos",industria,517,2015,52653.0,60267845.0,1160787000.0,4.535974300194609e-05,0.0008736499538020648,0.05191981388489016
42017,Tabuleiro,3500,"Energia elétrica, gás natural e outras utilidades",industria,517,2015,52653.0,60267845.0,1160787000.0,4.535974300194609e-05,0.0008736499538020648,0.05191981388489016
42017,Tabuleiro,3680,"Água, esgoto e gestão de resíduos",industria,517,2015,52653.0,60267845.0,1160787000.0,4.535974300194609e-05,0.0008736499538020648,0.05191981388489016
42017,Tabuleiro,4180,Construção,industria,517,2015,52653.0,60267845.0,1160787000.0,4.535974300194609e-05,0.0008736499538020648,0.05191981388489016
42017,Tabuleiro,4580,Comércio por atacado e varejo,servicos,6575,2015,169656.0,108382198.0,2850260000.0,5.9522990885042065e-05,0.001565349320559083,0.03802537242216499
42017,Tabuleiro,4900,Transporte terrestre,servicos,6575,2015,169656.0,108382198.0,2850260000.0,5.9522990885042065e-05,0.001565349320559083,0.03802537242216499
42017,Tabuleiro,5000,Transporte aquaviário,servicos,6575,2015,169656.0,108382198.0,2850260000.0,5.9522990885042065e-05,0.001565349320559083,0.03802537242216499
42017,Tabuleiro,5100,Transporte aéreo,servicos,6575,2015,169656.0,108382198.0,2850260000.0,5.9522990885042065e-05,0.001565349320559083,0.03802537242216499
42017,Tabuleiro,5280,"Armazenamento, atividades auxiliares dos transportes e correio",servicos,6575,2015,169656.0,108382198.0,2850260000.0,5.9522990885042065e-05,0.001565349320559083,0.03802537242216499
42017,Tabuleiro,5500,Alojamento,servicos,6575,2015,169656.0,108382198.0,2850260000.0,5.9522990885042065e-05,0.001565349320559083,0.03802537242216499
42017,Tabuleiro,5600,Alimentação,servicos,6575,2015,169656.0,108382198.0,2850260000.0,5.9522990885042065e-05,0.001565349320559083,0.03802537242216499
42017,Tabuleiro,5800,Edição e edição integrada à impressão,servicos,6575,2015,169656.0,108382198.0,2850260000.0,5.9522990885042065e-05,0.001565349320559083,0.03802537242216499
42017,Tabuleiro,5980,"Atividades de televisão, rádio, cinema e  gravação/edição de som e imagem",servicos,6575,2015,169656.0,108382198.0,2850260000.0,5.9522990885042065e-05,0.001565349320559083,0.03802537242216499
42017,Tabuleiro,6100,Telecomunicações,servicos,6575,2015,169656.0,108382198.0,2850260000.0,5.9522990885042065e-05,0.001565349320559083,0.03802537242216499
42017,Tabuleiro,6280,Desenvolvimento de sistemas e outros serviços de informação,servicos,6575,2015,169656.0,108382198.0,2850260000.0,5.9522990885042065e-05,0.001565349320559083,0.03802537242216499
42017,Tabuleiro,6480,"Intermediação financeira, seguros e previdência complementar",servicos,6575,2015,169656.0,108382198.0,2850260000.0,5.9522990885042065e-05,0.001565349320559083,0.03802537242216499
42017,Tabuleiro,6800,Atividades imobiliárias,servicos,6575,2015,169656.0,108382198.0,2850260000.0,5.9522990885042065e-05,0.001565349320559083,0.03802537242216499
42017,Tabuleiro,6980,"Atividades jurídicas, contábeis, consultoria e sedes de empresas ",servicos,6575,2015,169656.0,108382198.0,2850260000.0,5.9522990885042065e-05,0.001565349320559083,0.03802537242216499
42017,Tabuleiro,7180,"Serviços de arquitetura, engenharia, testes/análises técnicas e P & D",servicos,6575,2015,169656.0,108382198.0,2850260000.0,5.9522990885042065e-05,0.001565349320559083,0.03802537242216499
42017,Tabuleiro,7380,"Outras atividades profissionais, científicas e técnicas",servicos,6575,2015,169656.0,108382198.0,2850260000.0,5.9522990885042065e-05,0.001565349320559083,0.03802537242216499
42017,Tabuleiro,7700,Aluguéis não imobiliários e gestão de ativos de propriedade intelectual,servicos,6575,2015,169656.0,108382198.0,2850260000.0,5.9522990885042065e-05,0.001565349320559083,0.03802537242216499
42017,Tabuleiro,7880,Outras atividades administrativas e serviços complementares,servicos,6575,2015,169656.0,108382198.0,2850260000.0,5.9522990885042065e-05,0.001565349320559083,0.03802537242216499
42017,Tabuleiro,8000,"Atividades de vigilância, segurança e investigação",servicos,6575,2015,169656.0,108382198.0,2850260000.0,5.9522990885042065e-05,0.001565349320559083,0.03802537242216499
42017,Tabuleiro,8400,"Administração pública, defesa e seguridade social",administracao_publica,525,2015,105884.0,28534686.0,885587000.0,0.00011956363406418567,0.003710711938445722,0.03222121146764801
42017,Tabuleiro,8591,Educação pública,administracao_publica,525,2015,105884.0,28534686.0,885587000.0,0.00011956363406418567,0.003710711938445722,0.03222121146764801
42017,Tabuleiro,8592,Educação privada,servicos,6575,2015,169656.0,108382198.0,2850260000.0,5.9522990885042065e-05,0.001565349320559083,0.03802537242216499
42017,Tabuleiro,8691,Saúde pública,administracao_publica,525,2015,105884.0,28534686.0,885587000.0,0.00011956363406418567,0.003710711938445722,0.03222121146764801
42017,Tabuleiro,8692,Saúde privada,servicos,6575,2015,169656.0,108382198.0,2850260000.0,5.9522990885042065e-05,0.001565349320559083,0.03802537242216499
42017,Tabuleiro,9080,"Atividades artísticas, criativas e de espetáculos",servicos,6575,2015,169656.0,108382198.0,2850260000.0,5.9522990885042065e-05,0.001565349320559083,0.03802537242216499
42017,Tabuleiro,9480,Organizações associativas e outros serviços pessoais,servicos,6575,2015,169656.0,108382198.0,2850260000.0,5.9522990885042065e-05,0.001565349320559083,0.03802537242216499
42017,Tabuleiro,9700,Serviços domésticos,servicos,6575,2015,169656.0,108382198.0,2850260000.0,5.9522990885042065e-05,0.001565349320559083,0.03802537242216499
42018,Tubarão,0191,"Agricultura, inclusive o apoio à agricultura e a pós-colheita",agropecuaria,513,2015,848114.0,12485693.0,258967000.0,0.003274988705124591,0.06792686637417723,0.04821345190699974
42018,Tubarão,0192,"Pecuária, inclusive o apoio à pecuária",agropecuaria,513,2015,848114.0,12485693.0,258967000.0,0.003274988705124591,0.06792686637417723,0.04821345190699974
42018,Tubarão,0280,Produção florestal; pesca e aquicultura,agropecuaria,513,2015,848114.0,12485693.0,258967000.0,0.003274988705124591,0.06792686637417723,0.04821345190699974
42018,Tubarão,0580,Extração de carvão mineral e de minerais não metálicos,industria,517,2015,2354589.0,60267845.0,1160787000.0,0.0020284419105313896,0.0390687438716284,0.05191981388489016
42018,Tubarão,0680,"Extração de petróleo e gás, inclusive as atividades de apoio",industria,517,2015,2354589.0,60267845.0,1160787000.0,0.0020284419105313896,0.0390687438716284,0.05191981388489016
42018,Tubarão,0791,"Extração de minério de ferro, inclusive beneficiamentos e a aglomeração",industria,517,2015,2354589.0,60267845.0,1160787000.0,0.0020284419105313896,0.0390687438716284,0.05191981388489016
42018,Tubarão,0792,"Extração de minerais metálicos não ferrosos, inclusive beneficiamentos",industria,517,2015,2354589.0,60267845.0,1160787000.0,0.0020284419105313896,0.0390687438716284,0.05191981388489016
42018,Tubarão,1091,"Abate e produtos de carne, inclusive os produtos do laticínio e da pesca",industria,517,2015,2354589.0,60267845.0,1160787000.0,0.0020284419105313896,0.0390687438716284,0.05191981388489016
42018,Tubarão,1092,Fabricação e refino de açúcar,industria,517,2015,2354589.0,60267845.0,1160787000.0,0.0020284419105313896,0.0390687438716284,0.05191981388489016
42018,Tubarão,1093,Outros produtos alimentares,industria,517,2015,2354589.0,60267845.0,1160787000.0,0.0020284419105313896,0.0390687438716284,0.05191981388489016
42018,Tubarão,1100,Fabricação de bebidas,industria,517,2015,2354589.0,60267845.0,1160787000.0,0.0020284419105313896,0.0390687438716284,0.05191981388489016
42018,Tubarão,1200,Fabricação de produtos do fumo,industria,517,2015,2354589.0,60267845.0,1160787000.0,0.0020284419105313896,0.0390687438716284,0.05191981388489016
42018,Tubarão,1300,Fabricação de produtos têxteis,industria,517,2015,2354589.0,60267845.0,1160787000.0,0.0020284419105313896,0.0390687438716284,0.05191981388489016
42018,Tubarão,1400,Confecção de artefatos do vestuário e acessórios,industria,517,2015,2354589.0,60267845.0,1160787000.0,0.0020284419105313896,0.0390687438716284,0.05191981388489016
42018,Tubarão,1500,Fabricação de calçados e de artefatos de couro,industria,517,2015,2354589.0,60267845.0,1160787000.0,0.0020284419105313896,0.0390687438716284,0.05191981388489016
42018,Tubarão,1600,Fabricação de produtos da madeira,industria,517,2015,2354589.0,60267845.0,1160787000.0,0.0020284419105313896,0.0390687438716284,0.05191981388489016
42018,Tubarão,1700,"Fabricação de celulose, papel e produtos de papel",industria,517,2015,2354589.0,60267845.0,1160787000.0,0.0020284419105313896,0.0390687438716284,0.05191981388489016
42018,Tubarão,1800,Impressão e reprodução de gravações,industria,517,2015,2354589.0,60267845.0,1160787000.0,0.0020284419105313896,0.0390687438716284,0.05191981388489016
42018,Tubarão,1991,Refino de petróleo e coquerias,industria,517,2015,2354589.0,60267845.0,1160787000.0,0.0020284419105313896,0.0390687438716284,0.05191981388489016
42018,Tubarão,1992,Fabricação de biocombustíveis,industria,517,2015,2354589.0,60267845.0,1160787000.0,0.0020284419105313896,0.0390687438716284,0.05191981388489016
42018,Tubarão,2091,"Fabricação de químicos orgânicos e inorgânicos, resinas e elastômeros",industria,517,2015,2354589.0,60267845.0,1160787000.0,0.0020284419105313896,0.0390687438716284,0.05191981388489016
42018,Tubarão,2092,"Fabricação de defensivos, desinfestantes, tintas e químicos diversos",industria,517,2015,2354589.0,60267845.0,1160787000.0,0.0020284419105313896,0.0390687438716284,0.05191981388489016
42018,Tubarão,2093,"Fabricação de produtos de limpeza, cosméticos/perfumaria e higiene pessoal",industria,517,2015,2354589.0,60267845.0,1160787000.0,0.0020284419105313896,0.0390687438716284,0.05191981388489016
42018,Tubarão,2100,Fabricação de produtos farmoquímicos e farmacêuticos,industria,517,2015,2354589.0,60267845.0,1160787000.0,0.0020284419105313896,0.0390687438716284,0.05191981388489016
42018,Tubarão,2200,Fabricação de produtos de borracha e de material plástico,industria,517,2015,2354589.0,60267845.0,1160787000.0,0.0020284419105313896,0.0390687438716284,0.05191981388489016
42018,Tubarão,2300,Fabricação de produtos de minerais não metálicos,industria,517,2015,2354589.0,60267845.0,1160787000.0,0.0020284419105313896,0.0390687438716284,0.05191981388489016
42018,Tubarão,2491,"Produção de ferro gusa/ferroligas, siderurgia e tubos de aço sem costura",industria,517,2015,2354589.0,60267845.0,1160787000.0,0.0020284419105313896,0.0390687438716284,0.05191981388489016
42018,Tubarão,2492,Metalurgia de metais não ferosos e a fundição de metais,industria,517,2015,2354589.0,60267845.0,1160787000.0,0.0020284419105313896,0.0390687438716284,0.05191981388489016
42018,Tubarão,2500,"Fabricação de produtos de metal, exceto máquinas e equipamentos",industria,517,2015,2354589.0,60267845.0,1160787000.0,0.0020284419105313896,0.0390687438716284,0.05191981388489016
42018,Tubarão,2600,"Fabricação de equipamentos de informática, produtos eletrônicos e ópticos",industria,517,2015,2354589.0,60267845.0,1160787000.0,0.0020284419105313896,0.0390687438716284,0.05191981388489016
42018,Tubarão,2700,Fabricação de máquinas e equipamentos elétricos,industria,517,2015,2354589.0,60267845.0,1160787000.0,0.0020284419105313896,0.0390687438716284,0.05191981388489016
42018,Tubarão,2800,Fabricação de máquinas e equipamentos mecânicos,industria,517,2015,2354589.0,60267845.0,1160787000.0,0.0020284419105313896,0.0390687438716284,0.05191981388489016
42018,Tubarão,2991,"Fabricação de automóveis, caminhões e ônibus, exceto peças",industria,517,2015,2354589.0,60267845.0,1160787000.0,0.0020284419105313896,0.0390687438716284,0.05191981388489016
42018,Tubarão,2992,Fabricação de peças e acessórios para veículos automotores,industria,517,2015,2354589.0,60267845.0,1160787000.0,0.0020284419105313896,0.0390687438716284,0.05191981388489016
42018,Tubarão,3000,"Fabricação de outros equipamentos de transporte, exceto veículos automotores",industria,517,2015,2354589.0,60267845.0,1160787000.0,0.0020284419105313896,0.0390687438716284,0.05191981388489016
42018,Tubarão,3180,Fabricação de móveis e de produtos de indústrias diversas,industria,517,2015,2354589.0,60267845.0,1160787000.0,0.0020284419105313896,0.0390687438716284,0.05191981388489016
42018,Tubarão,3300,"Manutenção, reparação e instalação de máquinas e equipamentos",industria,517,2015,2354589.0,60267845.0,1160787000.0,0.0020284419105313896,0.0390687438716284,0.05191981388489016
42018,Tubarão,3500,"Energia elétrica, gás natural e outras utilidades",industria,517,2015,2354589.0,60267845.0,1160787000.0,0.0020284419105313896,0.0390687438716284,0.05191981388489016
42018,Tubarão,3680,"Água, esgoto e gestão de resíduos",industria,517,2015,2354589.0,60267845.0,1160787000.0,0.0020284419105313896,0.0390687438716284,0.05191981388489016
42018,Tubarão,4180,Construção,industria,517,2015,2354589.0,60267845.0,1160787000.0,0.0020284419105313896,0.0390687438716284,0.05191981388489016
42018,Tubarão,4580,Comércio por atacado e varejo,servicos,6575,2015,4804600.0,108382198.0,2850260000.0,0.001685670780911215,0.04433015835312733,0.03802537242216499
42018,Tubarão,4900,Transporte terrestre,servicos,6575,2015,4804600.0,108382198.0,2850260000.0,0.001685670780911215,0.04433015835312733,0.03802537242216499
42018,Tubarão,5000,Transporte aquaviário,servicos,6575,2015,4804600.0,108382198.0,2850260000.0,0.001685670780911215,0.04433015835312733,0.03802537242216499
42018,Tubarão,5100,Transporte aéreo,servicos,6575,2015,4804600.0,108382198.0,2850260000.0,0.001685670780911215,0.04433015835312733,0.03802537242216499
42018,Tubarão,5280,"Armazenamento, atividades auxiliares dos transportes e correio",servicos,6575,2015,4804600.0,108382198.0,2850260000.0,0.001685670780911215,0.04433015835312733,0.03802537242216499
42018,Tubarão,5500,Alojamento,servicos,6575,2015,4804600.0,108382198.0,2850260000.0,0.001685670780911215,0.04433015835312733,0.03802537242216499
42018,Tubarão,5600,Alimentação,servicos,6575,2015,4804600.0,108382198.0,2850260000.0,0.001685670780911215,0.04433015835312733,0.03802537242216499
42018,Tubarão,5800,Edição e edição integrada à impressão,servicos,6575,2015,4804600.0,108382198.0,2850260000.0,0.001685670780911215,0.04433015835312733,0.03802537242216499
42018,Tubarão,5980,"Atividades de televisão, rádio, cinema e  gravação/edição de som e imagem",servicos,6575,2015,4804600.0,108382198.0,2850260000.0,0.001685670780911215,0.04433015835312733,0.03802537242216499
42018,Tubarão,6100,Telecomunicações,servicos,6575,2015,4804600.0,108382198.0,2850260000.0,0.001685670780911215,0.04433015835312733,0.03802537242216499
42018,Tubarão,6280,Desenvolvimento de sistemas e outros serviços de informação,servicos,6575,2015,4804600.0,108382198.0,2850260000.0,0.001685670780911215,0.04433015835312733,0.03802537242216499
42018,Tubarão,6480,"Intermediação financeira, seguros e previdência complementar",servicos,6575,2015,4804600.0,108382198.0,2850260000.0,0.001685670780911215,0.04433015835312733,0.03802537242216499
42018,Tubarão,6800,Atividades imobiliárias,servicos,6575,2015,4804600.0,108382198.0,2850260000.0,0.001685670780911215,0.04433015835312733,0.03802537242216499
42018,Tubarão,6980,"Atividades jurídicas, contábeis, consultoria e sedes de empresas ",servicos,6575,2015,4804600.0,108382198.0,2850260000.0,0.001685670780911215,0.04433015835312733,0.03802537242216499
42018,Tubarão,7180,"Serviços de arquitetura, engenharia, testes/análises técnicas e P & D",servicos,6575,2015,4804600.0,108382198.0,2850260000.0,0.001685670780911215,0.04433015835312733,0.03802537242216499
42018,Tubarão,7380,"Outras atividades profissionais, científicas e técnicas",servicos,6575,2015,4804600.0,108382198.0,2850260000.0,0.001685670780911215,0.04433015835312733,0.03802537242216499
42018,Tubarão,7700,Aluguéis não imobiliários e gestão de ativos de propriedade intelectual,servicos,6575,2015,4804600.0,108382198.0,2850260000.0,0.001685670780911215,0.04433015835312733,0.03802537242216499
42018,Tubarão,7880,Outras atividades administrativas e serviços complementares,servicos,6575,2015,4804600.0,108382198.0,2850260000.0,0.001685670780911215,0.04433015835312733,0.03802537242216499
42018,Tubarão,8000,"Atividades de vigilância, segurança e investigação",servicos,6575,2015,4804600.0,108382198.0,2850260000.0,0.001685670780911215,0.04433015835312733,0.03802537242216499
42018,Tubarão,8400,"Administração pública, defesa e seguridade social",administracao_publica,525,2015,1555865.0,28534686.0,885587000.0,0.0017568742540258607,0.05452539411157354,0.03222121146764801
42018,Tubarão,8591,Educação pública,administracao_publica,525,2015,1555865.0,28534686.0,885587000.0,0.0017568742540258607,0.05452539411157354,0.03222121146764801
42018,Tubarão,8592,Educação privada,servicos,6575,2015,4804600.0,108382198.0,2850260000.0,0.001685670780911215,0.04433015835312733,0.03802537242216499
42018,Tubarão,8691,Saúde pública,administracao_publica,525,2015,1555865.0,28534686.0,885587000.0,0.0017568742540258607,0.05452539411157354,0.03222121146764801
42018,Tubarão,8692,Saúde privada,servicos,6575,2015,4804600.0,108382198.0,2850260000.0,0.001685670780911215,0.04433015835312733,0.03802537242216499
42018,Tubarão,9080,"Atividades artísticas, criativas e de espetáculos",servicos,6575,2015,4804600.0,108382198.0,2850260000.0,0.001685670780911215,0.04433015835312733,0.03802537242216499
42018,Tubarão,9480,Organizações associativas e outros serviços pessoais,servicos,6575,2015,4804600.0,108382198.0,2850260000.0,0.001685670780911215,0.04433015835312733,0.03802537242216499
42018,Tubarão,9700,Serviços domésticos,servicos,6575,2015,4804600.0,108382198.0,2850260000.0,0.001685670780911215,0.04433015835312733,0.03802537242216499
42019,Criciúma,0191,"Agricultura, inclusive o apoio à agricultura e a pós-colheita",agropecuaria,513,2015,315062.0,12485693.0,258967000.0,0.0012166106106183414,0.02523384164579411,0.04821345190699974
42019,Criciúma,0192,"Pecuária, inclusive o apoio à pecuária",agropecuaria,513,2015,315062.0,12485693.0,258967000.0,0.0012166106106183414,0.02523384164579411,0.04821345190699974
42019,Criciúma,0280,Produção florestal; pesca e aquicultura,agropecuaria,513,2015,315062.0,12485693.0,258967000.0,0.0012166106106183414,0.02523384164579411,0.04821345190699974
42019,Criciúma,0580,Extração de carvão mineral e de minerais não metálicos,industria,517,2015,4134789.0,60267845.0,1160787000.0,0.003562056604700087,0.06860688315634979,0.05191981388489016
42019,Criciúma,0680,"Extração de petróleo e gás, inclusive as atividades de apoio",industria,517,2015,4134789.0,60267845.0,1160787000.0,0.003562056604700087,0.06860688315634979,0.05191981388489016
42019,Criciúma,0791,"Extração de minério de ferro, inclusive beneficiamentos e a aglomeração",industria,517,2015,4134789.0,60267845.0,1160787000.0,0.003562056604700087,0.06860688315634979,0.05191981388489016
42019,Criciúma,0792,"Extração de minerais metálicos não ferrosos, inclusive beneficiamentos",industria,517,2015,4134789.0,60267845.0,1160787000.0,0.003562056604700087,0.06860688315634979,0.05191981388489016
42019,Criciúma,1091,"Abate e produtos de carne, inclusive os produtos do laticínio e da pesca",industria,517,2015,4134789.0,60267845.0,1160787000.0,0.003562056604700087,0.06860688315634979,0.05191981388489016
42019,Criciúma,1092,Fabricação e refino de açúcar,industria,517,2015,4134789.0,60267845.0,1160787000.0,0.003562056604700087,0.06860688315634979,0.05191981388489016
42019,Criciúma,1093,Outros produtos alimentares,industria,517,2015,4134789.0,60267845.0,1160787000.0,0.003562056604700087,0.06860688315634979,0.05191981388489016
42019,Criciúma,1100,Fabricação de bebidas,industria,517,2015,4134789.0,60267845.0,1160787000.0,0.003562056604700087,0.06860688315634979,0.05191981388489016
42019,Criciúma,1200,Fabricação de produtos do fumo,industria,517,2015,4134789.0,60267845.0,1160787000.0,0.003562056604700087,0.06860688315634979,0.05191981388489016
42019,Criciúma,1300,Fabricação de produtos têxteis,industria,517,2015,4134789.0,60267845.0,1160787000.0,0.003562056604700087,0.06860688315634979,0.05191981388489016
42019,Criciúma,1400,Confecção de artefatos do vestuário e acessórios,industria,517,2015,4134789.0,60267845.0,1160787000.0,0.003562056604700087,0.06860688315634979,0.05191981388489016
42019,Criciúma,1500,Fabricação de calçados e de artefatos de couro,industria,517,2015,4134789.0,60267845.0,1160787000.0,0.003562056604700087,0.06860688315634979,0.05191981388489016
42019,Criciúma,1600,Fabricação de produtos da madeira,industria,517,2015,4134789.0,60267845.0,1160787000.0,0.003562056604700087,0.06860688315634979,0.05191981388489016
42019,Criciúma,1700,"Fabricação de celulose, papel e produtos de papel",industria,517,2015,4134789.0,60267845.0,1160787000.0,0.003562056604700087,0.06860688315634979,0.05191981388489016
42019,Criciúma,1800,Impressão e reprodução de gravações,industria,517,2015,4134789.0,60267845.0,1160787000.0,0.003562056604700087,0.06860688315634979,0.05191981388489016
42019,Criciúma,1991,Refino de petróleo e coquerias,industria,517,2015,4134789.0,60267845.0,1160787000.0,0.003562056604700087,0.06860688315634979,0.05191981388489016
42019,Criciúma,1992,Fabricação de biocombustíveis,industria,517,2015,4134789.0,60267845.0,1160787000.0,0.003562056604700087,0.06860688315634979,0.05191981388489016
42019,Criciúma,2091,"Fabricação de químicos orgânicos e inorgânicos, resinas e elastômeros",industria,517,2015,4134789.0,60267845.0,1160787000.0,0.003562056604700087,0.06860688315634979,0.05191981388489016
42019,Criciúma,2092,"Fabricação de defensivos, desinfestantes, tintas e químicos diversos",industria,517,2015,4134789.0,60267845.0,1160787000.0,0.003562056604700087,0.06860688315634979,0.05191981388489016
42019,Criciúma,2093,"Fabricação de produtos de limpeza, cosméticos/perfumaria e higiene pessoal",industria,517,2015,4134789.0,60267845.0,1160787000.0,0.003562056604700087,0.06860688315634979,0.05191981388489016
42019,Criciúma,2100,Fabricação de produtos farmoquímicos e farmacêuticos,industria,517,2015,4134789.0,60267845.0,1160787000.0,0.003562056604700087,0.06860688315634979,0.05191981388489016
42019,Criciúma,2200,Fabricação de produtos de borracha e de material plástico,industria,517,2015,4134789.0,60267845.0,1160787000.0,0.003562056604700087,0.06860688315634979,0.05191981388489016
42019,Criciúma,2300,Fabricação de produtos de minerais não metálicos,industria,517,2015,4134789.0,60267845.0,1160787000.0,0.003562056604700087,0.06860688315634979,0.05191981388489016
42019,Criciúma,2491,"Produção de ferro gusa/ferroligas, siderurgia e tubos de aço sem costura",industria,517,2015,4134789.0,60267845.0,1160787000.0,0.003562056604700087,0.06860688315634979,0.05191981388489016
42019,Criciúma,2492,Metalurgia de metais não ferosos e a fundição de metais,industria,517,2015,4134789.0,60267845.0,1160787000.0,0.003562056604700087,0.06860688315634979,0.05191981388489016
42019,Criciúma,2500,"Fabricação de produtos de metal, exceto máquinas e equipamentos",industria,517,2015,4134789.0,60267845.0,1160787000.0,0.003562056604700087,0.06860688315634979,0.05191981388489016
42019,Criciúma,2600,"Fabricação de equipamentos de informática, produtos eletrônicos e ópticos",industria,517,2015,4134789.0,60267845.0,1160787000.0,0.003562056604700087,0.06860688315634979,0.05191981388489016
42019,Criciúma,2700,Fabricação de máquinas e equipamentos elétricos,industria,517,2015,4134789.0,60267845.0,1160787000.0,0.003562056604700087,0.06860688315634979,0.05191981388489016
42019,Criciúma,2800,Fabricação de máquinas e equipamentos mecânicos,industria,517,2015,4134789.0,60267845.0,1160787000.0,0.003562056604700087,0.06860688315634979,0.05191981388489016
42019,Criciúma,2991,"Fabricação de automóveis, caminhões e ônibus, exceto peças",industria,517,2015,4134789.0,60267845.0,1160787000.0,0.003562056604700087,0.06860688315634979,0.05191981388489016
42019,Criciúma,2992,Fabricação de peças e acessórios para veículos automotores,industria,517,2015,4134789.0,60267845.0,1160787000.0,0.003562056604700087,0.06860688315634979,0.05191981388489016
42019,Criciúma,3000,"Fabricação de outros equipamentos de transporte, exceto veículos automotores",industria,517,2015,4134789.0,60267845.0,1160787000.0,0.003562056604700087,0.06860688315634979,0.05191981388489016
42019,Criciúma,3180,Fabricação de móveis e de produtos de indústrias diversas,industria,517,2015,4134789.0,60267845.0,1160787000.0,0.003562056604700087,0.06860688315634979,0.05191981388489016
42019,Criciúma,3300,"Manutenção, reparação e instalação de máquinas e equipamentos",industria,517,2015,4134789.0,60267845.0,1160787000.0,0.003562056604700087,0.06860688315634979,0.05191981388489016
42019,Criciúma,3500,"Energia elétrica, gás natural e outras utilidades",industria,517,2015,4134789.0,60267845.0,1160787000.0,0.003562056604700087,0.06860688315634979,0.05191981388489016
42019,Criciúma,3680,"Água, esgoto e gestão de resíduos",industria,517,2015,4134789.0,60267845.0,1160787000.0,0.003562056604700087,0.06860688315634979,0.05191981388489016
42019,Criciúma,4180,Construção,industria,517,2015,4134789.0,60267845.0,1160787000.0,0.003562056604700087,0.06860688315634979,0.05191981388489016
42019,Criciúma,4580,Comércio por atacado e varejo,servicos,6575,2015,5730931.0,108382198.0,2850260000.0,0.002010669552953064,0.052877050897233144,0.03802537242216499
42019,Criciúma,4900,Transporte terrestre,servicos,6575,2015,5730931.0,108382198.0,2850260000.0,0.002010669552953064,0.052877050897233144,0.03802537242216499
42019,Criciúma,5000,Transporte aquaviário,servicos,6575,2015,5730931.0,108382198.0,2850260000.0,0.002010669552953064,0.052877050897233144,0.03802537242216499
42019,Criciúma,5100,Transporte aéreo,servicos,6575,2015,5730931.0,108382198.0,2850260000.0,0.002010669552953064,0.052877050897233144,0.03802537242216499
42019,Criciúma,5280,"Armazenamento, atividades auxiliares dos transportes e correio",servicos,6575,2015,5730931.0,108382198.0,2850260000.0,0.002010669552953064,0.052877050897233144,0.03802537242216499
42019,Criciúma,5500,Alojamento,servicos,6575,2015,5730931.0,108382198.0,2850260000.0,0.002010669552953064,0.052877050897233144,0.03802537242216499
42019,Criciúma,5600,Alimentação,servicos,6575,2015,5730931.0,108382198.0,2850260000.0,0.002010669552953064,0.052877050897233144,0.03802537242216499
42019,Criciúma,5800,Edição e edição integrada à impressão,servicos,6575,2015,5730931.0,108382198.0,2850260000.0,0.002010669552953064,0.052877050897233144,0.03802537242216499
42019,Criciúma,5980,"Atividades de televisão, rádio, cinema e  gravação/edição de som e imagem",servicos,6575,2015,5730931.0,108382198.0,2850260000.0,0.002010669552953064,0.052877050897233144,0.03802537242216499
42019,Criciúma,6100,Telecomunicações,servicos,6575,2015,5730931.0,108382198.0,2850260000.0,0.002010669552953064,0.052877050897233144,0.03802537242216499
42019,Criciúma,6280,Desenvolvimento de sistemas e outros serviços de informação,servicos,6575,2015,5730931.0,108382198.0,2850260000.0,0.002010669552953064,0.052877050897233144,0.03802537242216499
42019,Criciúma,6480,"Intermediação financeira, seguros e previdência complementar",servicos,6575,2015,5730931.0,108382198.0,2850260000.0,0.002010669552953064,0.052877050897233144,0.03802537242216499
42019,Criciúma,6800,Atividades imobiliárias,servicos,6575,2015,5730931.0,108382198.0,2850260000.0,0.002010669552953064,0.052877050897233144,0.03802537242216499
42019,Criciúma,6980,"Atividades jurídicas, contábeis, consultoria e sedes de empresas ",servicos,6575,2015,5730931.0,108382198.0,2850260000.0,0.002010669552953064,0.052877050897233144,0.03802537242216499
42019,Criciúma,7180,"Serviços de arquitetura, engenharia, testes/análises técnicas e P & D",servicos,6575,2015,5730931.0,108382198.0,2850260000.0,0.002010669552953064,0.052877050897233144,0.03802537242216499
42019,Criciúma,7380,"Outras atividades profissionais, científicas e técnicas",servicos,6575,2015,5730931.0,108382198.0,2850260000.0,0.002010669552953064,0.052877050897233144,0.03802537242216499
42019,Criciúma,7700,Aluguéis não imobiliários e gestão de ativos de propriedade intelectual,servicos,6575,2015,5730931.0,108382198.0,2850260000.0,0.002010669552953064,0.052877050897233144,0.03802537242216499
42019,Criciúma,7880,Outras atividades administrativas e serviços complementares,servicos,6575,2015,5730931.0,108382198.0,2850260000.0,0.002010669552953064,0.052877050897233144,0.03802537242216499
42019,Criciúma,8000,"Atividades de vigilância, segurança e investigação",servicos,6575,2015,5730931.0,108382198.0,2850260000.0,0.002010669552953064,0.052877050897233144,0.03802537242216499
42019,Criciúma,8400,"Administração pública, defesa e seguridade social",administracao_publica,525,2015,1559255.0,28534686.0,885587000.0,0.0017607022234969573,0.05464419689075955,0.03222121146764801
42019,Criciúma,8591,Educação pública,administracao_publica,525,2015,1559255.0,28534686.0,885587000.0,0.0017607022234969573,0.05464419689075955,0.03222121146764801
42019,Criciúma,8592,Educação privada,servicos,6575,2015,5730931.0,108382198.0,2850260000.0,0.002010669552953064,0.052877050897233144,0.03802537242216499
42019,Criciúma,8691,Saúde pública,administracao_publica,525,2015,1559255.0,28534686.0,885587000.0,0.0017607022234969573,0.05464419689075955,0.03222121146764801
42019,Criciúma,8692,Saúde privada,servicos,6575,2015,5730931.0,108382198.0,2850260000.0,0.002010669552953064,0.052877050897233144,0.03802537242216499
42019,Criciúma,9080,"Atividades artísticas, criativas e de espetáculos",servicos,6575,2015,5730931.0,108382198.0,2850260000.0,0.002010669552953064,0.052877050897233144,0.03802537242216499
42019,Criciúma,9480,Organizações associativas e outros serviços pessoais,servicos,6575,2015,5730931.0,108382198.0,2850260000.0,0.002010669552953064,0.052877050897233144,0.03802537242216499
42019,Criciúma,9700,Serviços domésticos,servicos,6575,2015,5730931.0,108382198.0,2850260000.0,0.002010669552953064,0.052877050897233144,0.03802537242216499
42020,Araranguá,0191,"Agricultura, inclusive o apoio à agricultura e a pós-colheita",agropecuaria,513,2015,566624.0,12485693.0,258967000.0,0.0021880162337286216,0.045381862264273196,0.04821345190699974
42020,Araranguá,0192,"Pecuária, inclusive o apoio à pecuária",agropecuaria,513,2015,566624.0,12485693.0,258967000.0,0.0021880162337286216,0.045381862264273196,0.04821345190699974
42020,Araranguá,0280,Produção florestal; pesca e aquicultura,agropecuaria,513,2015,566624.0,12485693.0,258967000.0,0.0021880162337286216,0.045381862264273196,0.04821345190699974
42020,Araranguá,0580,Extração de carvão mineral e de minerais não metálicos,industria,517,2015,832422.0,60267845.0,1160787000.0,0.0007171186445058395,0.013812041893981775,0.05191981388489016
42020,Araranguá,0680,"Extração de petróleo e gás, inclusive as atividades de apoio",industria,517,2015,832422.0,60267845.0,1160787000.0,0.0007171186445058395,0.013812041893981775,0.05191981388489016
42020,Araranguá,0791,"Extração de minério de ferro, inclusive beneficiamentos e a aglomeração",industria,517,2015,832422.0,60267845.0,1160787000.0,0.0007171186445058395,0.013812041893981775,0.05191981388489016
42020,Araranguá,0792,"Extração de minerais metálicos não ferrosos, inclusive beneficiamentos",industria,517,2015,832422.0,60267845.0,1160787000.0,0.0007171186445058395,0.013812041893981775,0.05191981388489016
42020,Araranguá,1091,"Abate e produtos de carne, inclusive os produtos do laticínio e da pesca",industria,517,2015,832422.0,60267845.0,1160787000.0,0.0007171186445058395,0.013812041893981775,0.05191981388489016
42020,Araranguá,1092,Fabricação e refino de açúcar,industria,517,2015,832422.0,60267845.0,1160787000.0,0.0007171186445058395,0.013812041893981775,0.05191981388489016
42020,Araranguá,1093,Outros produtos alimentares,industria,517,2015,832422.0,60267845.0,1160787000.0,0.0007171186445058395,0.013812041893981775,0.05191981388489016
42020,Araranguá,1100,Fabricação de bebidas,industria,517,2015,832422.0,60267845.0,1160787000.0,0.0007171186445058395,0.013812041893981775,0.05191981388489016
42020,Araranguá,1200,Fabricação de produtos do fumo,industria,517,2015,832422.0,60267845.0,1160787000.0,0.0007171186445058395,0.013812041893981775,0.05191981388489016
42020,Araranguá,1300,Fabricação de produtos têxteis,industria,517,2015,832422.0,60267845.0,1160787000.0,0.0007171186445058395,0.013812041893981775,0.05191981388489016
42020,Araranguá,1400,Confecção de artefatos do vestuário e acessórios,industria,517,2015,832422.0,60267845.0,1160787000.0,0.0007171186445058395,0.013812041893981775,0.05191981388489016
42020,Araranguá,1500,Fabricação de calçados e de artefatos de couro,industria,517,2015,832422.0,60267845.0,1160787000.0,0.0007171186445058395,0.013812041893981775,0.05191981388489016
42020,Araranguá,1600,Fabricação de produtos da madeira,industria,517,2015,832422.0,60267845.0,1160787000.0,0.0007171186445058395,0.013812041893981775,0.05191981388489016
42020,Araranguá,1700,"Fabricação de celulose, papel e produtos de papel",industria,517,2015,832422.0,60267845.0,1160787000.0,0.0007171186445058395,0.013812041893981775,0.05191981388489016
42020,Araranguá,1800,Impressão e reprodução de gravações,industria,517,2015,832422.0,60267845.0,1160787000.0,0.0007171186445058395,0.013812041893981775,0.05191981388489016
42020,Araranguá,1991,Refino de petróleo e coquerias,industria,517,2015,832422.0,60267845.0,1160787000.0,0.0007171186445058395,0.013812041893981775,0.05191981388489016
42020,Araranguá,1992,Fabricação de biocombustíveis,industria,517,2015,832422.0,60267845.0,1160787000.0,0.0007171186445058395,0.013812041893981775,0.05191981388489016
42020,Araranguá,2091,"Fabricação de químicos orgânicos e inorgânicos, resinas e elastômeros",industria,517,2015,832422.0,60267845.0,1160787000.0,0.0007171186445058395,0.013812041893981775,0.05191981388489016
42020,Araranguá,2092,"Fabricação de defensivos, desinfestantes, tintas e químicos diversos",industria,517,2015,832422.0,60267845.0,1160787000.0,0.0007171186445058395,0.013812041893981775,0.05191981388489016
42020,Araranguá,2093,"Fabricação de produtos de limpeza, cosméticos/perfumaria e higiene pessoal",industria,517,2015,832422.0,60267845.0,1160787000.0,0.0007171186445058395,0.013812041893981775,0.05191981388489016
42020,Araranguá,2100,Fabricação de produtos farmoquímicos e farmacêuticos,industria,517,2015,832422.0,60267845.0,1160787000.0,0.0007171186445058395,0.013812041893981775,0.05191981388489016
42020,Araranguá,2200,Fabricação de produtos de borracha e de material plástico,industria,517,2015,832422.0,60267845.0,1160787000.0,0.0007171186445058395,0.013812041893981775,0.05191981388489016
42020,Araranguá,2300,Fabricação de produtos de minerais não metálicos,industria,517,2015,832422.0,60267845.0,1160787000.0,0.0007171186445058395,0.013812041893981775,0.05191981388489016
42020,Araranguá,2491,"Produção de ferro gusa/ferroligas, siderurgia e tubos de aço sem costura",industria,517,2015,832422.0,60267845.0,1160787000.0,0.0007171186445058395,0.013812041893981775,0.05191981388489016
42020,Araranguá,2492,Metalurgia de metais não ferosos e a fundição de metais,industria,517,2015,832422.0,60267845.0,1160787000.0,0.0007171186445058395,0.013812041893981775,0.05191981388489016
42020,Araranguá,2500,"Fabricação de produtos de metal, exceto máquinas e equipamentos",industria,517,2015,832422.0,60267845.0,1160787000.0,0.0007171186445058395,0.013812041893981775,0.05191981388489016
42020,Araranguá,2600,"Fabricação de equipamentos de informática, produtos eletrônicos e ópticos",industria,517,2015,832422.0,60267845.0,1160787000.0,0.0007171186445058395,0.013812041893981775,0.05191981388489016
42020,Araranguá,2700,Fabricação de máquinas e equipamentos elétricos,industria,517,2015,832422.0,60267845.0,1160787000.0,0.0007171186445058395,0.013812041893981775,0.05191981388489016
42020,Araranguá,2800,Fabricação de máquinas e equipamentos mecânicos,industria,517,2015,832422.0,60267845.0,1160787000.0,0.0007171186445058395,0.013812041893981775,0.05191981388489016
42020,Araranguá,2991,"Fabricação de automóveis, caminhões e ônibus, exceto peças",industria,517,2015,832422.0,60267845.0,1160787000.0,0.0007171186445058395,0.013812041893981775,0.05191981388489016
42020,Araranguá,2992,Fabricação de peças e acessórios para veículos automotores,industria,517,2015,832422.0,60267845.0,1160787000.0,0.0007171186445058395,0.013812041893981775,0.05191981388489016
42020,Araranguá,3000,"Fabricação de outros equipamentos de transporte, exceto veículos automotores",industria,517,2015,832422.0,60267845.0,1160787000.0,0.0007171186445058395,0.013812041893981775,0.05191981388489016
42020,Araranguá,3180,Fabricação de móveis e de produtos de indústrias diversas,industria,517,2015,832422.0,60267845.0,1160787000.0,0.0007171186445058395,0.013812041893981775,0.05191981388489016
42020,Araranguá,3300,"Manutenção, reparação e instalação de máquinas e equipamentos",industria,517,2015,832422.0,60267845.0,1160787000.0,0.0007171186445058395,0.013812041893981775,0.05191981388489016
42020,Araranguá,3500,"Energia elétrica, gás natural e outras utilidades",industria,517,2015,832422.0,60267845.0,1160787000.0,0.0007171186445058395,0.013812041893981775,0.05191981388489016
42020,Araranguá,3680,"Água, esgoto e gestão de resíduos",industria,517,2015,832422.0,60267845.0,1160787000.0,0.0007171186445058395,0.013812041893981775,0.05191981388489016
42020,Araranguá,4180,Construção,industria,517,2015,832422.0,60267845.0,1160787000.0,0.0007171186445058395,0.013812041893981775,0.05191981388489016
42020,Araranguá,4580,Comércio por atacado e varejo,servicos,6575,2015,1873377.0,108382198.0,2850260000.0,0.0006572653021127897,0.01728491426239575,0.03802537242216499
42020,Araranguá,4900,Transporte terrestre,servicos,6575,2015,1873377.0,108382198.0,2850260000.0,0.0006572653021127897,0.01728491426239575,0.03802537242216499
42020,Araranguá,5000,Transporte aquaviário,servicos,6575,2015,1873377.0,108382198.0,2850260000.0,0.0006572653021127897,0.01728491426239575,0.03802537242216499
42020,Araranguá,5100,Transporte aéreo,servicos,6575,2015,1873377.0,108382198.0,2850260000.0,0.0006572653021127897,0.01728491426239575,0.03802537242216499
42020,Araranguá,5280,"Armazenamento, atividades auxiliares dos transportes e correio",servicos,6575,2015,1873377.0,108382198.0,2850260000.0,0.0006572653021127897,0.01728491426239575,0.03802537242216499
42020,Araranguá,5500,Alojamento,servicos,6575,2015,1873377.0,108382198.0,2850260000.0,0.0006572653021127897,0.01728491426239575,0.03802537242216499
42020,Araranguá,5600,Alimentação,servicos,6575,2015,1873377.0,108382198.0,2850260000.0,0.0006572653021127897,0.01728491426239575,0.03802537242216499
42020,Araranguá,5800,Edição e edição integrada à impressão,servicos,6575,2015,1873377.0,108382198.0,2850260000.0,0.0006572653021127897,0.01728491426239575,0.03802537242216499
42020,Araranguá,5980,"Atividades de televisão, rádio, cinema e  gravação/edição de som e imagem",servicos,6575,2015,1873377.0,108382198.0,2850260000.0,0.0006572653021127897,0.01728491426239575,0.03802537242216499
42020,Araranguá,6100,Telecomunicações,servicos,6575,2015,1873377.0,108382198.0,2850260000.0,0.0006572653021127897,0.01728491426239575,0.03802537242216499
42020,Araranguá,6280,Desenvolvimento de sistemas e outros serviços de informação,servicos,6575,2015,1873377.0,108382198.0,2850260000.0,0.0006572653021127897,0.01728491426239575,0.03802537242216499
42020,Araranguá,6480,"Intermediação financeira, seguros e previdência complementar",servicos,6575,2015,1873377.0,108382198.0,2850260000.0,0.0006572653021127897,0.01728491426239575,0.03802537242216499
42020,Araranguá,6800,Atividades imobiliárias,servicos,6575,2015,1873377.0,108382198.0,2850260000.0,0.0006572653021127897,0.01728491426239575,0.03802537242216499
42020,Araranguá,6980,"Atividades jurídicas, contábeis, consultoria e sedes de empresas ",servicos,6575,2015,1873377.0,108382198.0,2850260000.0,0.0006572653021127897,0.01728491426239575,0.03802537242216499
42020,Araranguá,7180,"Serviços de arquitetura, engenharia, testes/análises técnicas e P & D",servicos,6575,2015,1873377.0,108382198.0,2850260000.0,0.0006572653021127897,0.01728491426239575,0.03802537242216499
42020,Araranguá,7380,"Outras atividades profissionais, científicas e técnicas",servicos,6575,2015,1873377.0,108382198.0,2850260000.0,0.0006572653021127897,0.01728491426239575,0.03802537242216499
42020,Araranguá,7700,Aluguéis não imobiliários e gestão de ativos de propriedade intelectual,servicos,6575,2015,1873377.0,108382198.0,2850260000.0,0.0006572653021127897,0.01728491426239575,0.03802537242216499
42020,Araranguá,7880,Outras atividades administrativas e serviços complementares,servicos,6575,2015,1873377.0,108382198.0,2850260000.0,0.0006572653021127897,0.01728491426239575,0.03802537242216499
42020,Araranguá,8000,"Atividades de vigilância, segurança e investigação",servicos,6575,2015,1873377.0,108382198.0,2850260000.0,0.0006572653021127897,0.01728491426239575,0.03802537242216499
42020,Araranguá,8400,"Administração pública, defesa e seguridade social",administracao_publica,525,2015,739236.0,28534686.0,885587000.0,0.00083474125071845,0.025906575597152183,0.03222121146764801
42020,Araranguá,8591,Educação pública,administracao_publica,525,2015,739236.0,28534686.0,885587000.0,0.00083474125071845,0.025906575597152183,0.03222121146764801
42020,Araranguá,8592,Educação privada,servicos,6575,2015,1873377.0,108382198.0,2850260000.0,0.0006572653021127897,0.01728491426239575,0.03802537242216499
42020,Araranguá,8691,Saúde pública,administracao_publica,525,2015,739236.0,28534686.0,885587000.0,0.00083474125071845,0.025906575597152183,0.03222121146764801
42020,Araranguá,8692,Saúde privada,servicos,6575,2015,1873377.0,108382198.0,2850260000.0,0.0006572653021127897,0.01728491426239575,0.03802537242216499
42020,Araranguá,9080,"Atividades artísticas, criativas e de espetáculos",servicos,6575,2015,1873377.0,108382198.0,2850260000.0,0.0006572653021127897,0.01728491426239575,0.03802537242216499
42020,Araranguá,9480,Organizações associativas e outros serviços pessoais,servicos,6575,2015,1873377.0,108382198.0,2850260000.0,0.0006572653021127897,0.01728491426239575,0.03802537242216499
42020,Araranguá,9700,Serviços domésticos,servicos,6575,2015,1873377.0,108382198.0,2850260000.0,0.0006572653021127897,0.01728491426239575,0.03802537242216499
