atividade_1,atividade_2,similaridade,descricao_1,descricao_2
2300,4180,0.994238632117742,Fabricação de produtos de minerais não metálicos,Construção
0580,2300,0.9890220335086661,Extração de carvão mineral e de minerais não metálicos,Fabricação de produtos de minerais não metálicos
0580,4180,0.9781871883397784,Extração de carvão mineral e de minerais não metálicos,Construção
2991,2992,0.9528584902067481,"Fabricação de automóveis, caminhões e ônibus, exceto peças",Fabricação de peças e acessórios para veículos automotores
5980,7380,0.9243446132083607,"Atividades de televisão, rádio, cinema e  gravação/edição de som e imagem","Outras atividades profissionais, científicas e técnicas"
1800,7380,0.9236214441428292,Impressão e reprodução de gravações,"Outras atividades profissionais, científicas e técnicas"
0680,1991,0.9103030259114082,"Extração de petróleo e gás, inclusive as atividades de apoio",Refino de petróleo e coquerias
6980,7380,0.8983567455154663,"Atividades jurídicas, contábeis, consultoria e sedes de empresas ","Outras atividades profissionais, científicas e técnicas"
2091,2092,0.8856368148277066,"Fabricação de químicos orgânicos e inorgânicos, resinas e elastômeros","Fabricação de defensivos, desinfestantes, tintas e químicos diversos"
0580,2491,0.8833848946574349,Extração de carvão mineral e de minerais não metálicos,"Produção de ferro gusa/ferroligas, siderurgia e tubos de aço sem costura"
7380,7700,0.8638865846360131,"Outras atividades profissionais, científicas e técnicas",Aluguéis não imobiliários e gestão de ativos de propriedade intelectual
1800,4580,0.856376381399532,Impressão e reprodução de gravações,Comércio por atacado e varejo
2300,2491,0.853860753470507,Fabricação de produtos de minerais não metálicos,"Produção de ferro gusa/ferroligas, siderurgia e tubos de aço sem costura"
1800,5980,0.8531669502396233,Impressão e reprodução de gravações,"Atividades de televisão, rádio, cinema e  gravação/edição de som e imagem"
6980,7700,0.8390145054477873,"Atividades jurídicas, contábeis, consultoria e sedes de empresas ",Aluguéis não imobiliários e gestão de ativos de propriedade intelectual
5980,7700,0.8386376183217591,"Atividades de televisão, rádio, cinema e  gravação/edição de som e imagem",Aluguéis não imobiliários e gestão de ativos de propriedade intelectual
0192,1091,0.8379964043906039,"Pecuária, inclusive o apoio à pecuária","Abate e produtos de carne, inclusive os produtos do laticínio e da pesca"
2491,2492,0.836237231132939,"Produção de ferro gusa/ferroligas, siderurgia e tubos de aço sem costura",Metalurgia de metais não ferosos e a fundição de metais
1800,6980,0.834177903894566,Impressão e reprodução de gravações,"Atividades jurídicas, contábeis, consultoria e sedes de empresas "
2491,4180,0.8291061932668464,"Produção de ferro gusa/ferroligas, siderurgia e tubos de aço sem costura",Construção
2491,2500,0.8205521978023029,"Produção de ferro gusa/ferroligas, siderurgia e tubos de aço sem costura","Fabricação de produtos de metal, exceto máquinas e equipamentos"
5980,6980,0.8177819610005226,"Atividades de televisão, rádio, cinema e  gravação/edição de som e imagem","Atividades jurídicas, contábeis, consultoria e sedes de empresas "
7380,8000,0.8092811062334716,"Outras atividades profissionais, científicas e técnicas","Atividades de vigilância, segurança e investigação"
1800,7700,0.8077617508489897,Impressão e reprodução de gravações,Aluguéis não imobiliários e gestão de ativos de propriedade intelectual
0791,2491,0.7807304886700297,"Extração de minério de ferro, inclusive beneficiamentos e a aglomeração","Produção de ferro gusa/ferroligas, siderurgia e tubos de aço sem costura"
1800,8000,0.7781679711361212,Impressão e reprodução de gravações,"Atividades de vigilância, segurança e investigação"
7700,8000,0.7779296007466957,Aluguéis não imobiliários e gestão de ativos de propriedade intelectual,"Atividades de vigilância, segurança e investigação"
2200,2491,0.776140751172603,Fabricação de produtos de borracha e de material plástico,"Produção de ferro gusa/ferroligas, siderurgia e tubos de aço sem costura"
0580,2092,0.7673087464474189,Extração de carvão mineral e de minerais não metálicos,"Fabricação de defensivos, desinfestantes, tintas e químicos diversos"
0792,2492,0.7613109871659887,"Extração de minerais metálicos não ferrosos, inclusive beneficiamentos",Metalurgia de metais não ferosos e a fundição de metais
4580,7380,0.748429000170524,Comércio por atacado e varejo,"Outras atividades profissionais, científicas e técnicas"
0680,5000,0.7407457665745236,"Extração de petróleo e gás, inclusive as atividades de apoio",Transporte aquaviário
5980,8000,0.7390914312496623,"Atividades de televisão, rádio, cinema e  gravação/edição de som e imagem","Atividades de vigilância, segurança e investigação"
0580,2500,0.7355481190905356,Extração de carvão mineral e de minerais não metálicos,"Fabricação de produtos de metal, exceto máquinas e equipamentos"
0580,1600,0.7340842261957798,Extração de carvão mineral e de minerais não metálicos,Fabricação de produtos da madeira
7880,8000,0.7304234268326321,Outras atividades administrativas e serviços complementares,"Atividades de vigilância, segurança e investigação"
8000,8400,0.7299300654763563,"Atividades de vigilância, segurança e investigação","Administração pública, defesa e seguridade social"
2092,2200,0.7248826834685197,"Fabricação de defensivos, desinfestantes, tintas e químicos diversos",Fabricação de produtos de borracha e de material plástico
6980,8000,0.723999541883848,"Atividades jurídicas, contábeis, consultoria e sedes de empresas ","Atividades de vigilância, segurança e investigação"
2092,2300,0.7232251059683708,"Fabricação de defensivos, desinfestantes, tintas e químicos diversos",Fabricação de produtos de minerais não metálicos
2091,2200,0.7181675120316281,"Fabricação de químicos orgânicos e inorgânicos, resinas e elastômeros",Fabricação de produtos de borracha e de material plástico
0792,2491,0.7177838253126353,"Extração de minerais metálicos não ferrosos, inclusive beneficiamentos","Produção de ferro gusa/ferroligas, siderurgia e tubos de aço sem costura"
2200,2492,0.7174049630616786,Fabricação de produtos de borracha e de material plástico,Metalurgia de metais não ferosos e a fundição de metais
1600,2300,0.7142678737924971,Fabricação de produtos da madeira,Fabricação de produtos de minerais não metálicos
2092,2491,0.7062729392793455,"Fabricação de defensivos, desinfestantes, tintas e químicos diversos","Produção de ferro gusa/ferroligas, siderurgia e tubos de aço sem costura"
2300,2500,0.7054398672444586,Fabricação de produtos de minerais não metálicos,"Fabricação de produtos de metal, exceto máquinas e equipamentos"
1991,5000,0.7037990436341385,Refino de petróleo e coquerias,Transporte aquaviário
1300,1400,0.701865715672881,Fabricação de produtos têxteis,Confecção de artefatos do vestuário e acessórios
0580,2492,0.6961864325147963,Extração de carvão mineral e de minerais não metálicos,Metalurgia de metais não ferosos e a fundição de metais
1600,4180,0.6949225091505297,Fabricação de produtos da madeira,Construção
1600,2491,0.6947282814431992,Fabricação de produtos da madeira,"Produção de ferro gusa/ferroligas, siderurgia e tubos de aço sem costura"
0580,0791,0.6931252520047362,Extração de carvão mineral e de minerais não metálicos,"Extração de minério de ferro, inclusive beneficiamentos e a aglomeração"
1600,3180,0.6875876114125538,Fabricação de produtos da madeira,Fabricação de móveis e de produtos de indústrias diversas
2500,4180,0.6858038168814097,"Fabricação de produtos de metal, exceto máquinas e equipamentos",Construção
2492,2700,0.6819876577885715,Metalurgia de metais não ferosos e a fundição de metais,Fabricação de máquinas e equipamentos elétricos
4580,6980,0.6819862605091457,Comércio por atacado e varejo,"Atividades jurídicas, contábeis, consultoria e sedes de empresas "
0580,2200,0.6817437528719472,Extração de carvão mineral e de minerais não metálicos,Fabricação de produtos de borracha e de material plástico
2092,4180,0.6816294269759211,"Fabricação de defensivos, desinfestantes, tintas e químicos diversos",Construção
1600,2492,0.676069807883339,Fabricação de produtos da madeira,Metalurgia de metais não ferosos e a fundição de metais
5000,7700,0.6717279723764294,Transporte aquaviário,Aluguéis não imobiliários e gestão de ativos de propriedade intelectual
0791,2300,0.6702231648855311,"Extração de minério de ferro, inclusive beneficiamentos e a aglomeração",Fabricação de produtos de minerais não metálicos
5000,6980,0.669175374442058,Transporte aquaviário,"Atividades jurídicas, contábeis, consultoria e sedes de empresas "
7180,7700,0.6675766629866494,"Serviços de arquitetura, engenharia, testes/análises técnicas e P & D",Aluguéis não imobiliários e gestão de ativos de propriedade intelectual
2092,7700,0.6674212735869137,"Fabricação de defensivos, desinfestantes, tintas e químicos diversos",Aluguéis não imobiliários e gestão de ativos de propriedade intelectual
3300,7700,0.6668968208858503,"Manutenção, reparação e instalação de máquinas e equipamentos",Aluguéis não imobiliários e gestão de ativos de propriedade intelectual
0191,2091,0.660828386668077,"Agricultura, inclusive o apoio à agricultura e a pós-colheita","Fabricação de químicos orgânicos e inorgânicos, resinas e elastômeros"
2200,7700,0.6594435545087453,Fabricação de produtos de borracha e de material plástico,Aluguéis não imobiliários e gestão de ativos de propriedade intelectual
0791,2492,0.6568045572597523,"Extração de minério de ferro, inclusive beneficiamentos e a aglomeração",Metalurgia de metais não ferosos e a fundição de metais
4580,5980,0.6546985887970116,Comércio por atacado e varejo,"Atividades de televisão, rádio, cinema e  gravação/edição de som e imagem"
2492,2500,0.6539103951269525,Metalurgia de metais não ferosos e a fundição de metais,"Fabricação de produtos de metal, exceto máquinas e equipamentos"
2092,6980,0.6529320363111257,"Fabricação de defensivos, desinfestantes, tintas e químicos diversos","Atividades jurídicas, contábeis, consultoria e sedes de empresas "
0791,4180,0.6509042528287509,"Extração de minério de ferro, inclusive beneficiamentos e a aglomeração",Construção
2091,6980,0.6497559989031952,"Fabricação de químicos orgânicos e inorgânicos, resinas e elastômeros","Atividades jurídicas, contábeis, consultoria e sedes de empresas "
2300,2492,0.6486962983803358,Fabricação de produtos de minerais não metálicos,Metalurgia de metais não ferosos e a fundição de metais
7180,8000,0.6476790873068299,"Serviços de arquitetura, engenharia, testes/análises técnicas e P & D","Atividades de vigilância, segurança e investigação"
7380,7880,0.6475921608869514,"Outras atividades profissionais, científicas e técnicas",Outras atividades administrativas e serviços complementares
1800,7880,0.6468960927358037,Impressão e reprodução de gravações,Outras atividades administrativas e serviços complementares
1600,2092,0.6420534193396965,Fabricação de produtos da madeira,"Fabricação de defensivos, desinfestantes, tintas e químicos diversos"
0791,2500,0.6403747655603207,"Extração de minério de ferro, inclusive beneficiamentos e a aglomeração","Fabricação de produtos de metal, exceto máquinas e equipamentos"
2200,6980,0.6374566756835504,Fabricação de produtos de borracha e de material plástico,"Atividades jurídicas, contábeis, consultoria e sedes de empresas "
2200,2300,0.6365768108827683,Fabricação de produtos de borracha e de material plástico,Fabricação de produtos de minerais não metálicos
5980,7880,0.6358297431692385,"Atividades de televisão, rádio, cinema e  gravação/edição de som e imagem",Outras atividades administrativas e serviços complementares
2491,3300,0.6341362041051427,"Produção de ferro gusa/ferroligas, siderurgia e tubos de aço sem costura","Manutenção, reparação e instalação de máquinas e equipamentos"
2092,2492,0.6338576415930239,"Fabricação de defensivos, desinfestantes, tintas e químicos diversos",Metalurgia de metais não ferosos e a fundição de metais
7700,7880,0.6304582792721374,Aluguéis não imobiliários e gestão de ativos de propriedade intelectual,Outras atividades administrativas e serviços complementares
2091,7700,0.6291498471454982,"Fabricação de químicos orgânicos e inorgânicos, resinas e elastômeros",Aluguéis não imobiliários e gestão de ativos de propriedade intelectual
4580,7700,0.6276957245626342,Comércio por atacado e varejo,Aluguéis não imobiliários e gestão de ativos de propriedade intelectual
3300,6980,0.6240443592360523,"Manutenção, reparação e instalação de máquinas e equipamentos","Atividades jurídicas, contábeis, consultoria e sedes de empresas "
0580,0792,0.6232171514392653,Extração de carvão mineral e de minerais não metálicos,"Extração de minerais metálicos não ferrosos, inclusive beneficiamentos"
2200,7380,0.622942490649489,Fabricação de produtos de borracha e de material plástico,"Outras atividades profissionais, científicas e técnicas"
2091,5000,0.6218977041002646,"Fabricação de químicos orgânicos e inorgânicos, resinas e elastômeros",Transporte aquaviário
5000,7380,0.6174227030986897,Transporte aquaviário,"Outras atividades profissionais, científicas e técnicas"
2492,4180,0.6150927739025396,Metalurgia de metais não ferosos e a fundição de metais,Construção
6980,7180,0.6150570423997942,"Atividades jurídicas, contábeis, consultoria e sedes de empresas ","Serviços de arquitetura, engenharia, testes/análises técnicas e P & D"
1600,2200,0.6113310367252909,Fabricação de produtos da madeira,Fabricação de produtos de borracha e de material plástico
7180,7380,0.610125772217704,"Serviços de arquitetura, engenharia, testes/análises técnicas e P & D","Outras atividades profissionais, científicas e técnicas"
2092,3300,0.6097679207023419,"Fabricação de defensivos, desinfestantes, tintas e químicos diversos","Manutenção, reparação e instalação de máquinas e equipamentos"
2091,2492,0.6084080724468129,"Fabricação de químicos orgânicos e inorgânicos, resinas e elastômeros",Metalurgia de metais não ferosos e a fundição de metais
2492,3300,0.6078953472161731,Metalurgia de metais não ferosos e a fundição de metais,"Manutenção, reparação e instalação de máquinas e equipamentos"
2491,7700,0.6072341515839569,"Produção de ferro gusa/ferroligas, siderurgia e tubos de aço sem costura",Aluguéis não imobiliários e gestão de ativos de propriedade intelectual
0791,2200,0.6071270658427121,"Extração de minério de ferro, inclusive beneficiamentos e a aglomeração",Fabricação de produtos de borracha e de material plástico
2092,2500,0.6064529647097716,"Fabricação de defensivos, desinfestantes, tintas e químicos diversos","Fabricação de produtos de metal, exceto máquinas e equipamentos"
2200,3300,0.6007631146464358,Fabricação de produtos de borracha e de material plástico,"Manutenção, reparação e instalação de máquinas e equipamentos"
3300,7380,0.6000387260718877,"Manutenção, reparação e instalação de máquinas e equipamentos","Outras atividades profissionais, científicas e técnicas"
0580,2091,0.5991324541007578,Extração de carvão mineral e de minerais não metálicos,"Fabricação de químicos orgânicos e inorgânicos, resinas e elastômeros"
0792,2200,0.5977875905354135,"Extração de minerais metálicos não ferrosos, inclusive beneficiamentos",Fabricação de produtos de borracha e de material plástico
0191,2092,0.5977531995526344,"Agricultura, inclusive o apoio à agricultura e a pós-colheita","Fabricação de defensivos, desinfestantes, tintas e químicos diversos"
2091,2491,0.594958339314335,"Fabricação de químicos orgânicos e inorgânicos, resinas e elastômeros","Produção de ferro gusa/ferroligas, siderurgia e tubos de aço sem costura"
2091,7380,0.5934884362964802,"Fabricação de químicos orgânicos e inorgânicos, resinas e elastômeros","Outras atividades profissionais, científicas e técnicas"
2491,7180,0.5926779036015323,"Produção de ferro gusa/ferroligas, siderurgia e tubos de aço sem costura","Serviços de arquitetura, engenharia, testes/análises técnicas e P & D"
2200,4180,0.5922333511211363,Fabricação de produtos de borracha e de material plástico,Construção
2200,2500,0.5915695271710212,Fabricação de produtos de borracha e de material plástico,"Fabricação de produtos de metal, exceto máquinas e equipamentos"
2492,7700,0.5911947931224877,Metalurgia de metais não ferosos e a fundição de metais,Aluguéis não imobiliários e gestão de ativos de propriedade intelectual
0792,2300,0.5899797692384914,"Extração de minerais metálicos não ferrosos, inclusive beneficiamentos",Fabricação de produtos de minerais não metálicos
0580,3300,0.5887917826295205,Extração de carvão mineral e de minerais não metálicos,"Manutenção, reparação e instalação de máquinas e equipamentos"
1700,7380,0.5862315707403117,"Fabricação de celulose, papel e produtos de papel","Outras atividades profissionais, científicas e técnicas"
2092,5000,0.5849919637797362,"Fabricação de defensivos, desinfestantes, tintas e químicos diversos",Transporte aquaviário
5280,7380,0.5823006553580813,"Armazenamento, atividades auxiliares dos transportes e correio","Outras atividades profissionais, científicas e técnicas"
6980,7880,0.5821870250347813,"Atividades jurídicas, contábeis, consultoria e sedes de empresas ",Outras atividades administrativas e serviços complementares
1700,6980,0.5811530637039465,"Fabricação de celulose, papel e produtos de papel","Atividades jurídicas, contábeis, consultoria e sedes de empresas "
2092,7380,0.5805157224497276,"Fabricação de defensivos, desinfestantes, tintas e químicos diversos","Outras atividades profissionais, científicas e técnicas"
2200,7180,0.5782802594977066,Fabricação de produtos de borracha e de material plástico,"Serviços de arquitetura, engenharia, testes/análises técnicas e P & D"
2092,7180,0.5782258764986289,"Fabricação de defensivos, desinfestantes, tintas e químicos diversos","Serviços de arquitetura, engenharia, testes/análises técnicas e P & D"
0792,2500,0.5742743622474985,"Extração de minerais metálicos não ferrosos, inclusive beneficiamentos","Fabricação de produtos de metal, exceto máquinas e equipamentos"
0580,7700,0.5738029965774923,Extração de carvão mineral e de minerais não metálicos,Aluguéis não imobiliários e gestão de ativos de propriedade intelectual
1600,2500,0.5691178225133334,Fabricação de produtos da madeira,"Fabricação de produtos de metal, exceto máquinas e equipamentos"
5980,6100,0.5679536189582031,"Atividades de televisão, rádio, cinema e  gravação/edição de som e imagem",Telecomunicações
0792,4180,0.5652920151172349,"Extração de minerais metálicos não ferrosos, inclusive beneficiamentos",Construção
0791,0792,0.5639494641653003,"Extração de minério de ferro, inclusive beneficiamentos e a aglomeração","Extração de minerais metálicos não ferrosos, inclusive beneficiamentos"
1600,2091,0.5629156685936206,Fabricação de produtos da madeira,"Fabricação de químicos orgânicos e inorgânicos, resinas e elastômeros"
2492,6980,0.5622453865621538,Metalurgia de metais não ferosos e a fundição de metais,"Atividades jurídicas, contábeis, consultoria e sedes de empresas "
2091,3300,0.5611386939534859,"Fabricação de químicos orgânicos e inorgânicos, resinas e elastômeros","Manutenção, reparação e instalação de máquinas e equipamentos"
0792,1600,0.5591774477173842,"Extração de minerais metálicos não ferrosos, inclusive beneficiamentos",Fabricação de produtos da madeira
2200,2992,0.5560121121218651,Fabricação de produtos de borracha e de material plástico,Fabricação de peças e acessórios para veículos automotores
0791,2092,0.554827471247709,"Extração de minério de ferro, inclusive beneficiamentos e a aglomeração","Fabricação de defensivos, desinfestantes, tintas e químicos diversos"
5280,7700,0.5535738268659371,"Armazenamento, atividades auxiliares dos transportes e correio",Aluguéis não imobiliários e gestão de ativos de propriedade intelectual
5280,6980,0.5532100366527676,"Armazenamento, atividades auxiliares dos transportes e correio","Atividades jurídicas, contábeis, consultoria e sedes de empresas "
2492,7180,0.5504690088175134,Metalurgia de metais não ferosos e a fundição de metais,"Serviços de arquitetura, engenharia, testes/análises técnicas e P & D"
2200,5980,0.5490906272807632,Fabricação de produtos de borracha e de material plástico,"Atividades de televisão, rádio, cinema e  gravação/edição de som e imagem"
1700,7700,0.54830272949421,"Fabricação de celulose, papel e produtos de papel",Aluguéis não imobiliários e gestão de ativos de propriedade intelectual
1800,5000,0.5482769177415353,Impressão e reprodução de gravações,Transporte aquaviário
1600,7700,0.5482591415488638,Fabricação de produtos da madeira,Aluguéis não imobiliários e gestão de ativos de propriedade intelectual
5100,9480,0.5474910459251106,Transporte aéreo,Organizações associativas e outros serviços pessoais
2200,5000,0.5469907292223064,Fabricação de produtos de borracha e de material plástico,Transporte aquaviário
0791,1600,0.5460955044160242,"Extração de minério de ferro, inclusive beneficiamentos e a aglomeração",Fabricação de produtos da madeira
5000,5980,0.5459793865491913,Transporte aquaviário,"Atividades de televisão, rádio, cinema e  gravação/edição de som e imagem"
0792,2092,0.545858252240686,"Extração de minerais metálicos não ferrosos, inclusive beneficiamentos","Fabricação de defensivos, desinfestantes, tintas e químicos diversos"
2300,3300,0.5449798012567042,Fabricação de produtos de minerais não metálicos,"Manutenção, reparação e instalação de máquinas e equipamentos"
5980,7180,0.5439852828576175,"Atividades de televisão, rádio, cinema e  gravação/edição de som e imagem","Serviços de arquitetura, engenharia, testes/análises técnicas e P & D"
3300,7180,0.5433297776267977,"Manutenção, reparação e instalação de máquinas e equipamentos","Serviços de arquitetura, engenharia, testes/análises técnicas e P & D"
2091,7180,0.5428326864715223,"Fabricação de químicos orgânicos e inorgânicos, resinas e elastômeros","Serviços de arquitetura, engenharia, testes/análises técnicas e P & D"
3300,5980,0.5424872028567014,"Manutenção, reparação e instalação de máquinas e equipamentos","Atividades de televisão, rádio, cinema e  gravação/edição de som e imagem"
1600,3300,0.5415377128993729,Fabricação de produtos da madeira,"Manutenção, reparação e instalação de máquinas e equipamentos"
0580,7180,0.5405758914685747,Extração de carvão mineral e de minerais não metálicos,"Serviços de arquitetura, engenharia, testes/análises técnicas e P & D"
0191,1093,0.5400440238912534,"Agricultura, inclusive o apoio à agricultura e a pós-colheita",Outros produtos alimentares
1700,1800,0.5380152294870729,"Fabricação de celulose, papel e produtos de papel",Impressão e reprodução de gravações
6480,8000,0.5379484949993305,"Intermediação financeira, seguros e previdência complementar","Atividades de vigilância, segurança e investigação"
1800,5280,0.5375509692260341,Impressão e reprodução de gravações,"Armazenamento, atividades auxiliares dos transportes e correio"
1700,2091,0.5366416632811563,"Fabricação de celulose, papel e produtos de papel","Fabricação de químicos orgânicos e inorgânicos, resinas e elastômeros"
1800,3300,0.5350494000842514,Impressão e reprodução de gravações,"Manutenção, reparação e instalação de máquinas e equipamentos"
2091,2300,0.5340727341938588,"Fabricação de químicos orgânicos e inorgânicos, resinas e elastômeros",Fabricação de produtos de minerais não metálicos
2491,6980,0.5289729988483787,"Produção de ferro gusa/ferroligas, siderurgia e tubos de aço sem costura","Atividades jurídicas, contábeis, consultoria e sedes de empresas "
2500,3300,0.526519597552061,"Fabricação de produtos de metal, exceto máquinas e equipamentos","Manutenção, reparação e instalação de máquinas e equipamentos"
0680,7700,0.5252481393557644,"Extração de petróleo e gás, inclusive as atividades de apoio",Aluguéis não imobiliários e gestão de ativos de propriedade intelectual
5500,9480,0.5242749572561474,Alojamento,Organizações associativas e outros serviços pessoais
2091,5980,0.5242539018403191,"Fabricação de químicos orgânicos e inorgânicos, resinas e elastômeros","Atividades de televisão, rádio, cinema e  gravação/edição de som e imagem"
1700,5980,0.5222670728106593,"Fabricação de celulose, papel e produtos de papel","Atividades de televisão, rádio, cinema e  gravação/edição de som e imagem"
3300,5000,0.5209741117461293,"Manutenção, reparação e instalação de máquinas e equipamentos",Transporte aquaviário
5280,5980,0.5196997164394055,"Armazenamento, atividades auxiliares dos transportes e correio","Atividades de televisão, rádio, cinema e  gravação/edição de som e imagem"
2492,7380,0.5182565280411576,Metalurgia de metais não ferosos e a fundição de metais,"Outras atividades profissionais, científicas e técnicas"
2300,7700,0.5181530447256897,Fabricação de produtos de minerais não metálicos,Aluguéis não imobiliários e gestão de ativos de propriedade intelectual
1800,7180,0.5167541215789533,Impressão e reprodução de gravações,"Serviços de arquitetura, engenharia, testes/análises técnicas e P & D"
2092,5980,0.5147955223107084,"Fabricação de defensivos, desinfestantes, tintas e químicos diversos","Atividades de televisão, rádio, cinema e  gravação/edição de som e imagem"
1700,2092,0.5132339801792855,"Fabricação de celulose, papel e produtos de papel","Fabricação de defensivos, desinfestantes, tintas e químicos diversos"
3300,4180,0.512890191010234,"Manutenção, reparação e instalação de máquinas e equipamentos",Construção
2091,2500,0.5125601002451555,"Fabricação de químicos orgânicos e inorgânicos, resinas e elastômeros","Fabricação de produtos de metal, exceto máquinas e equipamentos"
0792,3300,0.506799645271814,"Extração de minerais metálicos não ferrosos, inclusive beneficiamentos","Manutenção, reparação e instalação de máquinas e equipamentos"
1100,5600,0.5046384274487145,Fabricação de bebidas,Alimentação
5280,8000,0.5011345833226207,"Armazenamento, atividades auxiliares dos transportes e correio","Atividades de vigilância, segurança e investigação"
1700,5000,0.5006378033799141,"Fabricação de celulose, papel e produtos de papel",Transporte aquaviário
2500,7700,0.5004304788754844,"Fabricação de produtos de metal, exceto máquinas e equipamentos",Aluguéis não imobiliários e gestão de ativos de propriedade intelectual
0792,2091,0.49957879535461064,"Extração de minerais metálicos não ferrosos, inclusive beneficiamentos","Fabricação de químicos orgânicos e inorgânicos, resinas e elastômeros"
3300,8000,0.49930610057727076,"Manutenção, reparação e instalação de máquinas e equipamentos","Atividades de vigilância, segurança e investigação"
6480,7380,0.49873725986473455,"Intermediação financeira, seguros e previdência complementar","Outras atividades profissionais, científicas e técnicas"
0791,3300,0.4982102354867864,"Extração de minério de ferro, inclusive beneficiamentos e a aglomeração","Manutenção, reparação e instalação de máquinas e equipamentos"
4580,5000,0.49703959675806025,Comércio por atacado e varejo,Transporte aquaviário
4900,5000,0.49567193063963416,Transporte terrestre,Transporte aquaviário
1991,7700,0.49198861574058494,Refino de petróleo e coquerias,Aluguéis não imobiliários e gestão de ativos de propriedade intelectual
0792,7700,0.49177892520913014,"Extração de minerais metálicos não ferrosos, inclusive beneficiamentos",Aluguéis não imobiliários e gestão de ativos de propriedade intelectual
4900,7700,0.49101613110374853,Transporte terrestre,Aluguéis não imobiliários e gestão de ativos de propriedade intelectual
2300,7180,0.48987324158992823,Fabricação de produtos de minerais não metálicos,"Serviços de arquitetura, engenharia, testes/análises técnicas e P & D"
1600,6980,0.4889927301899442,Fabricação de produtos da madeira,"Atividades jurídicas, contábeis, consultoria e sedes de empresas "
2091,4180,0.48312870778744194,"Fabricação de químicos orgânicos e inorgânicos, resinas e elastômeros",Construção
4580,8000,0.4829075142289524,Comércio por atacado e varejo,"Atividades de vigilância, segurança e investigação"
1800,2200,0.48220482567887574,Impressão e reprodução de gravações,Fabricação de produtos de borracha e de material plástico
5000,7180,0.4809982491633851,Transporte aquaviário,"Serviços de arquitetura, engenharia, testes/análises técnicas e P & D"
1700,2200,0.48005609898422846,"Fabricação de celulose, papel e produtos de papel",Fabricação de produtos de borracha e de material plástico
2491,2992,0.4779588000493046,"Produção de ferro gusa/ferroligas, siderurgia e tubos de aço sem costura",Fabricação de peças e acessórios para veículos automotores
0791,7700,0.4775968061350611,"Extração de minério de ferro, inclusive beneficiamentos e a aglomeração",Aluguéis não imobiliários e gestão de ativos de propriedade intelectual
7880,8400,0.47643679931095834,Outras atividades administrativas e serviços complementares,"Administração pública, defesa e seguridade social"
4180,7700,0.4759011494892148,Construção,Aluguéis não imobiliários e gestão de ativos de propriedade intelectual
7180,7880,0.4755103303817609,"Serviços de arquitetura, engenharia, testes/análises técnicas e P & D",Outras atividades administrativas e serviços complementares
2500,7180,0.4745436054919305,"Fabricação de produtos de metal, exceto máquinas e equipamentos","Serviços de arquitetura, engenharia, testes/análises técnicas e P & D"
0580,6980,0.4704908180321328,Extração de carvão mineral e de minerais não metálicos,"Atividades jurídicas, contábeis, consultoria e sedes de empresas "
2992,7380,0.46998024057532606,Fabricação de peças e acessórios para veículos automotores,"Outras atividades profissionais, científicas e técnicas"
0680,6980,0.4692778427240913,"Extração de petróleo e gás, inclusive as atividades de apoio","Atividades jurídicas, contábeis, consultoria e sedes de empresas "
2491,7380,0.46756488736282764,"Produção de ferro gusa/ferroligas, siderurgia e tubos de aço sem costura","Outras atividades profissionais, científicas e técnicas"
0791,2091,0.4675454631673169,"Extração de minério de ferro, inclusive beneficiamentos e a aglomeração","Fabricação de químicos orgânicos e inorgânicos, resinas e elastômeros"
0791,7180,0.46456528468516045,"Extração de minério de ferro, inclusive beneficiamentos e a aglomeração","Serviços de arquitetura, engenharia, testes/análises técnicas e P & D"
1600,7180,0.4638904250052366,Fabricação de produtos da madeira,"Serviços de arquitetura, engenharia, testes/análises técnicas e P & D"
1800,2092,0.4631257060138766,Impressão e reprodução de gravações,"Fabricação de defensivos, desinfestantes, tintas e químicos diversos"
2492,5000,0.46285907047181024,Metalurgia de metais não ferosos e a fundição de metais,Transporte aquaviário
1800,2091,0.4624416258657702,Impressão e reprodução de gravações,"Fabricação de químicos orgânicos e inorgânicos, resinas e elastômeros"
2492,5980,0.46115977469486363,Metalurgia de metais não ferosos e a fundição de metais,"Atividades de televisão, rádio, cinema e  gravação/edição de som e imagem"
4580,5280,0.46093445226936414,Comércio por atacado e varejo,"Armazenamento, atividades auxiliares dos transportes e correio"
0792,7180,0.4607463746448559,"Extração de minerais metálicos não ferrosos, inclusive beneficiamentos","Serviços de arquitetura, engenharia, testes/análises técnicas e P & D"
2492,2992,0.4596656409790242,Metalurgia de metais não ferosos e a fundição de metais,Fabricação de peças e acessórios para veículos automotores
1700,8000,0.455938079911939,"Fabricação de celulose, papel e produtos de papel","Atividades de vigilância, segurança e investigação"
0792,2700,0.45429748431659256,"Extração de minerais metálicos não ferrosos, inclusive beneficiamentos",Fabricação de máquinas e equipamentos elétricos
0792,6980,0.4535818474842328,"Extração de minerais metálicos não ferrosos, inclusive beneficiamentos","Atividades jurídicas, contábeis, consultoria e sedes de empresas "
1991,6980,0.45261753803767885,Refino de petróleo e coquerias,"Atividades jurídicas, contábeis, consultoria e sedes de empresas "
5000,5280,0.4524138510622456,Transporte aquaviário,"Armazenamento, atividades auxiliares dos transportes e correio"
4180,7180,0.4519285204275799,Construção,"Serviços de arquitetura, engenharia, testes/análises técnicas e P & D"
5980,6480,0.4507855263688849,"Atividades de televisão, rádio, cinema e  gravação/edição de som e imagem","Intermediação financeira, seguros e previdência complementar"
2491,5000,0.44995594071042,"Produção de ferro gusa/ferroligas, siderurgia e tubos de aço sem costura",Transporte aquaviário
5100,7700,0.4490650839357437,Transporte aéreo,Aluguéis não imobiliários e gestão de ativos de propriedade intelectual
4900,6980,0.4487760359178014,Transporte terrestre,"Atividades jurídicas, contábeis, consultoria e sedes de empresas "
5000,8000,0.4479506640438135,Transporte aquaviário,"Atividades de vigilância, segurança e investigação"
5280,7180,0.44728477933212474,"Armazenamento, atividades auxiliares dos transportes e correio","Serviços de arquitetura, engenharia, testes/análises técnicas e P & D"
1700,3300,0.4421306564836538,"Fabricação de celulose, papel e produtos de papel","Manutenção, reparação e instalação de máquinas e equipamentos"
1700,4580,0.4381926601374707,"Fabricação de celulose, papel e produtos de papel",Comércio por atacado e varejo
2092,8000,0.4377300143787824,"Fabricação de defensivos, desinfestantes, tintas e químicos diversos","Atividades de vigilância, segurança e investigação"
1093,2091,0.4370411277585732,Outros produtos alimentares,"Fabricação de químicos orgânicos e inorgânicos, resinas e elastômeros"
2500,6980,0.4357049009405692,"Fabricação de produtos de metal, exceto máquinas e equipamentos","Atividades jurídicas, contábeis, consultoria e sedes de empresas "
2200,2991,0.4329390434695537,Fabricação de produtos de borracha e de material plástico,"Fabricação de automóveis, caminhões e ônibus, exceto peças"
3300,4580,0.4320193866656991,"Manutenção, reparação e instalação de máquinas e equipamentos",Comércio por atacado e varejo
5100,7380,0.4315551284706121,Transporte aéreo,"Outras atividades profissionais, científicas e técnicas"
2200,8000,0.43123821322831024,Fabricação de produtos de borracha e de material plástico,"Atividades de vigilância, segurança e investigação"
6480,6980,0.43111134728037953,"Intermediação financeira, seguros e previdência complementar","Atividades jurídicas, contábeis, consultoria e sedes de empresas "
0680,2091,0.42853308068502677,"Extração de petróleo e gás, inclusive as atividades de apoio","Fabricação de químicos orgânicos e inorgânicos, resinas e elastômeros"
1600,7380,0.4283069515937262,Fabricação de produtos da madeira,"Outras atividades profissionais, científicas e técnicas"
5100,5500,0.4270858831895209,Transporte aéreo,Alojamento
4900,7380,0.4247123651643525,Transporte terrestre,"Outras atividades profissionais, científicas e técnicas"
2091,8000,0.4239961859782706,"Fabricação de químicos orgânicos e inorgânicos, resinas e elastômeros","Atividades de vigilância, segurança e investigação"
1700,7180,0.42300564733685075,"Fabricação de celulose, papel e produtos de papel","Serviços de arquitetura, engenharia, testes/análises técnicas e P & D"
3680,8000,0.4226591943827733,"Água, esgoto e gestão de resíduos","Atividades de vigilância, segurança e investigação"
2200,5280,0.4197623607376975,Fabricação de produtos de borracha e de material plástico,"Armazenamento, atividades auxiliares dos transportes e correio"
3300,5280,0.4177362556002079,"Manutenção, reparação e instalação de máquinas e equipamentos","Armazenamento, atividades auxiliares dos transportes e correio"
1991,2091,0.4175667557340231,Refino de petróleo e coquerias,"Fabricação de químicos orgânicos e inorgânicos, resinas e elastômeros"
2200,4900,0.4170872504702884,Fabricação de produtos de borracha e de material plástico,Transporte terrestre
0791,6980,0.4163965123786698,"Extração de minério de ferro, inclusive beneficiamentos e a aglomeração","Atividades jurídicas, contábeis, consultoria e sedes de empresas "
7180,8400,0.41595965378889604,"Serviços de arquitetura, engenharia, testes/análises técnicas e P & D","Administração pública, defesa e seguridade social"
5100,6980,0.4159141116532118,Transporte aéreo,"Atividades jurídicas, contábeis, consultoria e sedes de empresas "
2491,5980,0.41373928797244436,"Produção de ferro gusa/ferroligas, siderurgia e tubos de aço sem costura","Atividades de televisão, rádio, cinema e  gravação/edição de som e imagem"
1093,2092,0.4104849322466773,Outros produtos alimentares,"Fabricação de defensivos, desinfestantes, tintas e químicos diversos"
0792,7380,0.410041211581553,"Extração de minerais metálicos não ferrosos, inclusive beneficiamentos","Outras atividades profissionais, científicas e técnicas"
2992,5980,0.4098274182278602,Fabricação de peças e acessórios para veículos automotores,"Atividades de televisão, rádio, cinema e  gravação/edição de som e imagem"
5500,7380,0.40893563408992634,Alojamento,"Outras atividades profissionais, científicas e técnicas"
2300,6980,0.4076698611093041,Fabricação de produtos de minerais não metálicos,"Atividades jurídicas, contábeis, consultoria e sedes de empresas "
2091,5280,0.40693131060875476,"Fabricação de químicos orgânicos e inorgânicos, resinas e elastômeros","Armazenamento, atividades auxiliares dos transportes e correio"
4580,7880,0.406487016291084,Comércio por atacado e varejo,Outras atividades administrativas e serviços complementares
1700,2492,0.40147346802510164,"Fabricação de celulose, papel e produtos de papel",Metalurgia de metais não ferosos e a fundição de metais
1800,6480,0.3996186675726837,Impressão e reprodução de gravações,"Intermediação financeira, seguros e previdência complementar"
1800,2492,0.3992862067454155,Impressão e reprodução de gravações,Metalurgia de metais não ferosos e a fundição de metais
1991,1992,0.398529710288744,Refino de petróleo e coquerias,Fabricação de biocombustíveis
5500,7700,0.39773131568358755,Alojamento,Aluguéis não imobiliários e gestão de ativos de propriedade intelectual
2091,4900,0.39771301028420153,"Fabricação de químicos orgânicos e inorgânicos, resinas e elastômeros",Transporte terrestre
1991,4900,0.3972769334954191,Refino de petróleo e coquerias,Transporte terrestre
3300,7880,0.3972621888939181,"Manutenção, reparação e instalação de máquinas e equipamentos",Outras atividades administrativas e serviços complementares
0580,5000,0.39618145921239123,Extração de carvão mineral e de minerais não metálicos,Transporte aquaviário
1800,5100,0.3958843631695229,Impressão e reprodução de gravações,Transporte aéreo
2491,2991,0.3943360033515317,"Produção de ferro gusa/ferroligas, siderurgia e tubos de aço sem costura","Fabricação de automóveis, caminhões e ônibus, exceto peças"
2092,5280,0.3927507728064062,"Fabricação de defensivos, desinfestantes, tintas e químicos diversos","Armazenamento, atividades auxiliares dos transportes e correio"
2200,4580,0.39140560285935266,Fabricação de produtos de borracha e de material plástico,Comércio por atacado e varejo
5100,5980,0.3913214010543218,Transporte aéreo,"Atividades de televisão, rádio, cinema e  gravação/edição de som e imagem"
2491,2800,0.3912406178904058,"Produção de ferro gusa/ferroligas, siderurgia e tubos de aço sem costura",Fabricação de máquinas e equipamentos mecânicos
5500,6980,0.3907684574275162,Alojamento,"Atividades jurídicas, contábeis, consultoria e sedes de empresas "
1800,5500,0.3896584990262902,Impressão e reprodução de gravações,Alojamento
1600,5000,0.388486128993548,Fabricação de produtos da madeira,Transporte aquaviário
5500,8000,0.38670998488219865,Alojamento,"Atividades de vigilância, segurança e investigação"
1600,1700,0.3850913354173081,Fabricação de produtos da madeira,"Fabricação de celulose, papel e produtos de papel"
1091,5000,0.3847747252513167,"Abate e produtos de carne, inclusive os produtos do laticínio e da pesca",Transporte aquaviário
0680,2092,0.38218716174475686,"Extração de petróleo e gás, inclusive as atividades de apoio","Fabricação de defensivos, desinfestantes, tintas e químicos diversos"
0680,4900,0.3820971080869748,"Extração de petróleo e gás, inclusive as atividades de apoio",Transporte terrestre
6480,7880,0.381300685818205,"Intermediação financeira, seguros e previdência complementar",Outras atividades administrativas e serviços complementares
1600,5980,0.38048954687848846,Fabricação de produtos da madeira,"Atividades de televisão, rádio, cinema e  gravação/edição de som e imagem"
0792,5000,0.38030999390614456,"Extração de minerais metálicos não ferrosos, inclusive beneficiamentos",Transporte aquaviário
1800,4900,0.37977414118751485,Impressão e reprodução de gravações,Transporte terrestre
2492,8000,0.3797418148807811,Metalurgia de metais não ferosos e a fundição de metais,"Atividades de vigilância, segurança e investigação"
2500,7380,0.37881106632694306,"Fabricação de produtos de metal, exceto máquinas e equipamentos","Outras atividades profissionais, científicas e técnicas"
3680,8400,0.37669954027406183,"Água, esgoto e gestão de resíduos","Administração pública, defesa e seguridade social"
4900,5980,0.37641416646299164,Transporte terrestre,"Atividades de televisão, rádio, cinema e  gravação/edição de som e imagem"
2500,5000,0.3755960832506399,"Fabricação de produtos de metal, exceto máquinas e equipamentos",Transporte aquaviário
0680,3300,0.37388356388690697,"Extração de petróleo e gás, inclusive as atividades de apoio","Manutenção, reparação e instalação de máquinas e equipamentos"
2992,6980,0.3738228135045303,Fabricação de peças e acessórios para veículos automotores,"Atividades jurídicas, contábeis, consultoria e sedes de empresas "
5100,8000,0.37316885643304937,Transporte aéreo,"Atividades de vigilância, segurança e investigação"
1991,2092,0.3717298159513237,Refino de petróleo e coquerias,"Fabricação de defensivos, desinfestantes, tintas e químicos diversos"
1700,5280,0.37164686263493607,"Fabricação de celulose, papel e produtos de papel","Armazenamento, atividades auxiliares dos transportes e correio"
2092,4900,0.3716177437127475,"Fabricação de defensivos, desinfestantes, tintas e químicos diversos",Transporte terrestre
2992,7700,0.3715319769828863,Fabricação de peças e acessórios para veículos automotores,Aluguéis não imobiliários e gestão de ativos de propriedade intelectual
0680,7380,0.37113429499717665,"Extração de petróleo e gás, inclusive as atividades de apoio","Outras atividades profissionais, científicas e técnicas"
1700,2491,0.3704930770185892,"Fabricação de celulose, papel e produtos de papel","Produção de ferro gusa/ferroligas, siderurgia e tubos de aço sem costura"
5500,5980,0.37004540034072964,Alojamento,"Atividades de televisão, rádio, cinema e  gravação/edição de som e imagem"
0580,7380,0.36938553009136504,Extração de carvão mineral e de minerais não metálicos,"Outras atividades profissionais, científicas e técnicas"
0791,2992,0.3689591500249511,"Extração de minério de ferro, inclusive beneficiamentos e a aglomeração",Fabricação de peças e acessórios para veículos automotores
0680,1992,0.3683427585264686,"Extração de petróleo e gás, inclusive as atividades de apoio",Fabricação de biocombustíveis
5280,7880,0.36832854992425523,"Armazenamento, atividades auxiliares dos transportes e correio",Outras atividades administrativas e serviços complementares
1700,7880,0.3673118762213603,"Fabricação de celulose, papel e produtos de papel",Outras atividades administrativas e serviços complementares
0791,7380,0.366174633820122,"Extração de minério de ferro, inclusive beneficiamentos e a aglomeração","Outras atividades profissionais, científicas e técnicas"
1600,1800,0.36526467581396704,Fabricação de produtos da madeira,Impressão e reprodução de gravações
0792,5980,0.3642071710252129,"Extração de minerais metálicos não ferrosos, inclusive beneficiamentos","Atividades de televisão, rádio, cinema e  gravação/edição de som e imagem"
2091,4580,0.36116052177488017,"Fabricação de químicos orgânicos e inorgânicos, resinas e elastômeros",Comércio por atacado e varejo
0792,2992,0.36110287128040264,"Extração de minerais metálicos não ferrosos, inclusive beneficiamentos",Fabricação de peças e acessórios para veículos automotores
4180,6980,0.3593366688840397,Construção,"Atividades jurídicas, contábeis, consultoria e sedes de empresas "
2092,4580,0.3588165282640353,"Fabricação de defensivos, desinfestantes, tintas e químicos diversos",Comércio por atacado e varejo
1092,1991,0.35667690996961604,Fabricação e refino de açúcar,Refino de petróleo e coquerias
2492,2991,0.35615125380140367,Metalurgia de metais não ferosos e a fundição de metais,"Fabricação de automóveis, caminhões e ônibus, exceto peças"
5000,7880,0.3550058387065619,Transporte aquaviário,Outras atividades administrativas e serviços complementares
2492,5280,0.354890292314345,Metalurgia de metais não ferosos e a fundição de metais,"Armazenamento, atividades auxiliares dos transportes e correio"
2491,2700,0.35292187335557396,"Produção de ferro gusa/ferroligas, siderurgia e tubos de aço sem costura",Fabricação de máquinas e equipamentos elétricos
1991,3300,0.35286782715565085,Refino de petróleo e coquerias,"Manutenção, reparação e instalação de máquinas e equipamentos"
0791,5000,0.35264188777359534,"Extração de minério de ferro, inclusive beneficiamentos e a aglomeração",Transporte aquaviário
7700,8400,0.35253078754938355,Aluguéis não imobiliários e gestão de ativos de propriedade intelectual,"Administração pública, defesa e seguridade social"
0680,7180,0.3515756707567118,"Extração de petróleo e gás, inclusive as atividades de apoio","Serviços de arquitetura, engenharia, testes/análises técnicas e P & D"
0192,5000,0.3514577460603133,"Pecuária, inclusive o apoio à pecuária",Transporte aquaviário
2491,8000,0.3507026657951457,"Produção de ferro gusa/ferroligas, siderurgia e tubos de aço sem costura","Atividades de vigilância, segurança e investigação"
4900,5280,0.3504315037054532,Transporte terrestre,"Armazenamento, atividades auxiliares dos transportes e correio"
1991,7380,0.34941502629605026,Refino de petróleo e coquerias,"Outras atividades profissionais, científicas e técnicas"
3300,4900,0.34887406001204574,"Manutenção, reparação e instalação de máquinas e equipamentos",Transporte terrestre
6100,7700,0.3474856564474721,Telecomunicações,Aluguéis não imobiliários e gestão de ativos de propriedade intelectual
3680,7700,0.34709516233365445,"Água, esgoto e gestão de resíduos",Aluguéis não imobiliários e gestão de ativos de propriedade intelectual
2092,7880,0.34567560867292296,"Fabricação de defensivos, desinfestantes, tintas e químicos diversos",Outras atividades administrativas e serviços complementares
2992,7180,0.3456492098629977,Fabricação de peças e acessórios para veículos automotores,"Serviços de arquitetura, engenharia, testes/análises técnicas e P & D"
4900,8000,0.3453883511981034,Transporte terrestre,"Atividades de vigilância, segurança e investigação"
0580,1700,0.3389640770937222,Extração de carvão mineral e de minerais não metálicos,"Fabricação de celulose, papel e produtos de papel"
1800,2992,0.3357042109449972,Impressão e reprodução de gravações,Fabricação de peças e acessórios para veículos automotores
2500,5980,0.33557109675826935,"Fabricação de produtos de metal, exceto máquinas e equipamentos","Atividades de televisão, rádio, cinema e  gravação/edição de som e imagem"
0680,2200,0.3351091497810892,"Extração de petróleo e gás, inclusive as atividades de apoio",Fabricação de produtos de borracha e de material plástico
0680,1092,0.3341898899865891,"Extração de petróleo e gás, inclusive as atividades de apoio",Fabricação e refino de açúcar
4580,4900,0.33347444042635,Comércio por atacado e varejo,Transporte terrestre
5500,7880,0.33148962225527917,Alojamento,Outras atividades administrativas e serviços complementares
2091,7880,0.3307108131672565,"Fabricação de químicos orgânicos e inorgânicos, resinas e elastômeros",Outras atividades administrativas e serviços complementares
1092,5000,0.32997891642393845,Fabricação e refino de açúcar,Transporte aquaviário
0680,5980,0.3294891732043515,"Extração de petróleo e gás, inclusive as atividades de apoio","Atividades de televisão, rádio, cinema e  gravação/edição de som e imagem"
1600,8000,0.32874872485949197,Fabricação de produtos da madeira,"Atividades de vigilância, segurança e investigação"
3500,7180,0.32866190045655397,"Energia elétrica, gás natural e outras utilidades","Serviços de arquitetura, engenharia, testes/análises técnicas e P & D"
0580,5980,0.3280565454554156,Extração de carvão mineral e de minerais não metálicos,"Atividades de televisão, rádio, cinema e  gravação/edição de som e imagem"
3500,7380,0.3276945698129438,"Energia elétrica, gás natural e outras utilidades","Outras atividades profissionais, científicas e técnicas"
2300,5000,0.3274162564847036,Fabricação de produtos de minerais não metálicos,Transporte aquaviário
6480,7700,0.327361294192014,"Intermediação financeira, seguros e previdência complementar",Aluguéis não imobiliários e gestão de ativos de propriedade intelectual
1700,2500,0.3266587340006569,"Fabricação de celulose, papel e produtos de papel","Fabricação de produtos de metal, exceto máquinas e equipamentos"
1991,2200,0.3257950824153082,Refino de petróleo e coquerias,Fabricação de produtos de borracha e de material plástico
2200,7880,0.3253915323655713,Fabricação de produtos de borracha e de material plástico,Outras atividades administrativas e serviços complementares
5100,7880,0.3252853719093457,Transporte aéreo,Outras atividades administrativas e serviços complementares
1800,2491,0.32479126513616086,Impressão e reprodução de gravações,"Produção de ferro gusa/ferroligas, siderurgia e tubos de aço sem costura"
0791,5980,0.3241127266726149,"Extração de minério de ferro, inclusive beneficiamentos e a aglomeração","Atividades de televisão, rádio, cinema e  gravação/edição de som e imagem"
4900,7180,0.3239234854225023,Transporte terrestre,"Serviços de arquitetura, engenharia, testes/análises técnicas e P & D"
2491,5280,0.32355243559324925,"Produção de ferro gusa/ferroligas, siderurgia e tubos de aço sem costura","Armazenamento, atividades auxiliares dos transportes e correio"
1800,8400,0.32339448373368185,Impressão e reprodução de gravações,"Administração pública, defesa e seguridade social"
0792,1700,0.32295485996088286,"Extração de minerais metálicos não ferrosos, inclusive beneficiamentos","Fabricação de celulose, papel e produtos de papel"
2992,5280,0.32157727138898623,Fabricação de peças e acessórios para veículos automotores,"Armazenamento, atividades auxiliares dos transportes e correio"
1092,2091,0.3204756978192466,Fabricação e refino de açúcar,"Fabricação de químicos orgânicos e inorgânicos, resinas e elastômeros"
2992,5000,0.3200314239273144,Fabricação de peças e acessórios para veículos automotores,Transporte aquaviário
7380,8400,0.31874267390911165,"Outras atividades profissionais, científicas e técnicas","Administração pública, defesa e seguridade social"
3680,7880,0.31870674333497,"Água, esgoto e gestão de resíduos",Outras atividades administrativas e serviços complementares
0191,5000,0.31766092428964166,"Agricultura, inclusive o apoio à agricultura e a pós-colheita",Transporte aquaviário
1991,7180,0.316384393003492,Refino de petróleo e coquerias,"Serviços de arquitetura, engenharia, testes/análises técnicas e P & D"
0680,1800,0.3159394158055611,"Extração de petróleo e gás, inclusive as atividades de apoio",Impressão e reprodução de gravações
1992,5000,0.3150915840748907,Fabricação de biocombustíveis,Transporte aquaviário
2492,4900,0.31463154789087566,Metalurgia de metais não ferosos e a fundição de metais,Transporte terrestre
0192,2091,0.3118469381737368,"Pecuária, inclusive o apoio à pecuária","Fabricação de químicos orgânicos e inorgânicos, resinas e elastômeros"
4580,7180,0.31153274990713026,Comércio por atacado e varejo,"Serviços de arquitetura, engenharia, testes/análises técnicas e P & D"
1991,5980,0.3096556571268986,Refino de petróleo e coquerias,"Atividades de televisão, rádio, cinema e  gravação/edição de som e imagem"
0792,1800,0.3086512848478645,"Extração de minerais metálicos não ferrosos, inclusive beneficiamentos",Impressão e reprodução de gravações
2992,4580,0.30823910492563805,Fabricação de peças e acessórios para veículos automotores,Comércio por atacado e varejo
3680,7380,0.3077746314472645,"Água, esgoto e gestão de resíduos","Outras atividades profissionais, científicas e técnicas"
2492,4580,0.3073206117389186,Metalurgia de metais não ferosos e a fundição de metais,Comércio por atacado e varejo
1600,4580,0.30670315468634396,Fabricação de produtos da madeira,Comércio por atacado e varejo
0580,0680,0.30595470199020475,Extração de carvão mineral e de minerais não metálicos,"Extração de petróleo e gás, inclusive as atividades de apoio"
1700,4900,0.3056315284168598,"Fabricação de celulose, papel e produtos de papel",Transporte terrestre
0680,2491,0.3051177299380125,"Extração de petróleo e gás, inclusive as atividades de apoio","Produção de ferro gusa/ferroligas, siderurgia e tubos de aço sem costura"
0792,8000,0.30458278908194314,"Extração de minerais metálicos não ferrosos, inclusive beneficiamentos","Atividades de vigilância, segurança e investigação"
2492,2800,0.30453246955365765,Metalurgia de metais não ferosos e a fundição de metais,Fabricação de máquinas e equipamentos mecânicos
1800,1991,0.3038951021668899,Impressão e reprodução de gravações,Refino de petróleo e coquerias
3500,7700,0.30380674728496676,"Energia elétrica, gás natural e outras utilidades",Aluguéis não imobiliários e gestão de ativos de propriedade intelectual
0580,8000,0.3037324630440911,Extração de carvão mineral e de minerais não metálicos,"Atividades de vigilância, segurança e investigação"
2300,7380,0.30337780751319804,Fabricação de produtos de minerais não metálicos,"Outras atividades profissionais, científicas e técnicas"
0791,2991,0.30290422919493254,"Extração de minério de ferro, inclusive beneficiamentos e a aglomeração","Fabricação de automóveis, caminhões e ônibus, exceto peças"
0680,5280,0.3021477176575738,"Extração de petróleo e gás, inclusive as atividades de apoio","Armazenamento, atividades auxiliares dos transportes e correio"
3300,5100,0.30181687617055436,"Manutenção, reparação e instalação de máquinas e equipamentos",Transporte aéreo
0791,2800,0.3007919671571582,"Extração de minério de ferro, inclusive beneficiamentos e a aglomeração",Fabricação de máquinas e equipamentos mecânicos
2091,2992,0.2994347186810343,"Fabricação de químicos orgânicos e inorgânicos, resinas e elastômeros",Fabricação de peças e acessórios para veículos automotores
3680,7180,0.2980170315081749,"Água, esgoto e gestão de resíduos","Serviços de arquitetura, engenharia, testes/análises técnicas e P & D"
5500,7180,0.297193286363677,Alojamento,"Serviços de arquitetura, engenharia, testes/análises técnicas e P & D"
0680,2492,0.2956400620442039,"Extração de petróleo e gás, inclusive as atividades de apoio",Metalurgia de metais não ferosos e a fundição de metais
1800,3680,0.29548640520414254,Impressão e reprodução de gravações,"Água, esgoto e gestão de resíduos"
2992,3300,0.2950040328902143,Fabricação de peças e acessórios para veículos automotores,"Manutenção, reparação e instalação de máquinas e equipamentos"
2500,8000,0.29488040965809537,"Fabricação de produtos de metal, exceto máquinas e equipamentos","Atividades de vigilância, segurança e investigação"
5100,5280,0.2945146582913407,Transporte aéreo,"Armazenamento, atividades auxiliares dos transportes e correio"
1700,2300,0.2942837656431569,"Fabricação de celulose, papel e produtos de papel",Fabricação de produtos de minerais não metálicos
0580,2700,0.294167328645233,Extração de carvão mineral e de minerais não metálicos,Fabricação de máquinas e equipamentos elétricos
3500,5980,0.29294203754739856,"Energia elétrica, gás natural e outras utilidades","Atividades de televisão, rádio, cinema e  gravação/edição de som e imagem"
0680,8000,0.2928674638461562,"Extração de petróleo e gás, inclusive as atividades de apoio","Atividades de vigilância, segurança e investigação"
5980,8400,0.292826537308874,"Atividades de televisão, rádio, cinema e  gravação/edição de som e imagem","Administração pública, defesa e seguridade social"
1991,5280,0.292737518405856,Refino de petróleo e coquerias,"Armazenamento, atividades auxiliares dos transportes e correio"
1800,6280,0.29179827414438114,Impressão e reprodução de gravações,Desenvolvimento de sistemas e outros serviços de informação
0791,1700,0.2909300425803152,"Extração de minério de ferro, inclusive beneficiamentos e a aglomeração","Fabricação de celulose, papel e produtos de papel"
3680,6980,0.2909164766859874,"Água, esgoto e gestão de resíduos","Atividades jurídicas, contábeis, consultoria e sedes de empresas "
2491,4900,0.2906777313538357,"Produção de ferro gusa/ferroligas, siderurgia e tubos de aço sem costura",Transporte terrestre
1092,2092,0.29037636650033577,Fabricação e refino de açúcar,"Fabricação de defensivos, desinfestantes, tintas e químicos diversos"
1991,2491,0.29006993441121465,Refino de petróleo e coquerias,"Produção de ferro gusa/ferroligas, siderurgia e tubos de aço sem costura"
1800,5800,0.28956964296506693,Impressão e reprodução de gravações,Edição e edição integrada à impressão
0191,6980,0.2890398364824172,"Agricultura, inclusive o apoio à agricultura e a pós-colheita","Atividades jurídicas, contábeis, consultoria e sedes de empresas "
3500,6980,0.28876495597312996,"Energia elétrica, gás natural e outras utilidades","Atividades jurídicas, contábeis, consultoria e sedes de empresas "
5100,7180,0.2886101474334938,Transporte aéreo,"Serviços de arquitetura, engenharia, testes/análises técnicas e P & D"
0192,2092,0.2880382758842284,"Pecuária, inclusive o apoio à pecuária","Fabricação de defensivos, desinfestantes, tintas e químicos diversos"
2492,7880,0.2878610146759921,Metalurgia de metais não ferosos e a fundição de metais,Outras atividades administrativas e serviços complementares
3300,5500,0.2875318222361017,"Manutenção, reparação e instalação de máquinas e equipamentos",Alojamento
1091,2091,0.2872644958783633,"Abate e produtos de carne, inclusive os produtos do laticínio e da pesca","Fabricação de químicos orgânicos e inorgânicos, resinas e elastômeros"
6280,7700,0.28679221077227013,Desenvolvimento de sistemas e outros serviços de informação,Aluguéis não imobiliários e gestão de ativos de propriedade intelectual
6280,8000,0.28478437724355815,Desenvolvimento de sistemas e outros serviços de informação,"Atividades de vigilância, segurança e investigação"
1600,5280,0.28407042124981874,Fabricação de produtos da madeira,"Armazenamento, atividades auxiliares dos transportes e correio"
4180,5000,0.28374523678233926,Construção,Transporte aquaviário
2992,8000,0.2826977276192424,Fabricação de peças e acessórios para veículos automotores,"Atividades de vigilância, segurança e investigação"
0792,5280,0.2825887496981382,"Extração de minerais metálicos não ferrosos, inclusive beneficiamentos","Armazenamento, atividades auxiliares dos transportes e correio"
0580,1991,0.2824226201960913,Extração de carvão mineral e de minerais não metálicos,Refino de petróleo e coquerias
5000,5100,0.281066590017649,Transporte aquaviário,Transporte aéreo
0791,2700,0.2810262418213799,"Extração de minério de ferro, inclusive beneficiamentos e a aglomeração",Fabricação de máquinas e equipamentos elétricos
1991,2492,0.2805809425331509,Refino de petróleo e coquerias,Metalurgia de metais não ferosos e a fundição de metais
6100,7880,0.28054727278696295,Telecomunicações,Outras atividades administrativas e serviços complementares
2091,2700,0.2804905717816998,"Fabricação de químicos orgânicos e inorgânicos, resinas e elastômeros",Fabricação de máquinas e equipamentos elétricos
2200,2700,0.28005253823217513,Fabricação de produtos de borracha e de material plástico,Fabricação de máquinas e equipamentos elétricos
0680,3500,0.2795001108515666,"Extração de petróleo e gás, inclusive as atividades de apoio","Energia elétrica, gás natural e outras utilidades"
0792,2991,0.27948899718174897,"Extração de minerais metálicos não ferrosos, inclusive beneficiamentos","Fabricação de automóveis, caminhões e ônibus, exceto peças"
3680,5980,0.2789523675263993,"Água, esgoto e gestão de resíduos","Atividades de televisão, rádio, cinema e  gravação/edição de som e imagem"
1992,2091,0.2784360383247453,Fabricação de biocombustíveis,"Fabricação de químicos orgânicos e inorgânicos, resinas e elastômeros"
2091,2093,0.2775983036697777,"Fabricação de químicos orgânicos e inorgânicos, resinas e elastômeros","Fabricação de produtos de limpeza, cosméticos/perfumaria e higiene pessoal"
8000,8591,0.27726256588264064,"Atividades de vigilância, segurança e investigação",Educação pública
1093,5000,0.27573686750202425,Outros produtos alimentares,Transporte aquaviário
6280,7380,0.275426917101074,Desenvolvimento de sistemas e outros serviços de informação,"Outras atividades profissionais, científicas e técnicas"
0791,8000,0.2752107128971628,"Extração de minério de ferro, inclusive beneficiamentos e a aglomeração","Atividades de vigilância, segurança e investigação"
2992,4900,0.27509083155204406,Fabricação de peças e acessórios para veículos automotores,Transporte terrestre
2092,5100,0.2744682944276762,"Fabricação de defensivos, desinfestantes, tintas e químicos diversos",Transporte aéreo
1991,8000,0.2738321495534017,Refino de petróleo e coquerias,"Atividades de vigilância, segurança e investigação"
2200,5100,0.2721776503085413,Fabricação de produtos de borracha e de material plástico,Transporte aéreo
0191,1092,0.27008435866996827,"Agricultura, inclusive o apoio à agricultura e a pós-colheita",Fabricação e refino de açúcar
2091,5100,0.2699410730889034,"Fabricação de químicos orgânicos e inorgânicos, resinas e elastômeros",Transporte aéreo
2300,5980,0.2695124860830337,Fabricação de produtos de minerais não metálicos,"Atividades de televisão, rádio, cinema e  gravação/edição de som e imagem"
1092,1093,0.26944278842449226,Fabricação e refino de açúcar,Outros produtos alimentares
6100,7380,0.26731287690704103,Telecomunicações,"Outras atividades profissionais, científicas e técnicas"
1800,2500,0.26728203865930483,Impressão e reprodução de gravações,"Fabricação de produtos de metal, exceto máquinas e equipamentos"
4580,5100,0.2668703843319745,Comércio por atacado e varejo,Transporte aéreo
6980,8400,0.26656445512062127,"Atividades jurídicas, contábeis, consultoria e sedes de empresas ","Administração pública, defesa e seguridade social"
3500,5000,0.2659971820517041,"Energia elétrica, gás natural e outras utilidades",Transporte aquaviário
2092,5500,0.26566367966326176,"Fabricação de defensivos, desinfestantes, tintas e químicos diversos",Alojamento
1093,2200,0.26537293603806256,Outros produtos alimentares,Fabricação de produtos de borracha e de material plástico
2300,2700,0.2646089564623999,Fabricação de produtos de minerais não metálicos,Fabricação de máquinas e equipamentos elétricos
2500,2700,0.2639810078627553,"Fabricação de produtos de metal, exceto máquinas e equipamentos",Fabricação de máquinas e equipamentos elétricos
0680,1700,0.26332355838814536,"Extração de petróleo e gás, inclusive as atividades de apoio","Fabricação de celulose, papel e produtos de papel"
1091,2092,0.2632850730915895,"Abate e produtos de carne, inclusive os produtos do laticínio e da pesca","Fabricação de defensivos, desinfestantes, tintas e químicos diversos"
1092,6980,0.2631009379335759,Fabricação e refino de açúcar,"Atividades jurídicas, contábeis, consultoria e sedes de empresas "
4580,5500,0.2628694797427554,Comércio por atacado e varejo,Alojamento
0680,4580,0.26216167189545986,"Extração de petróleo e gás, inclusive as atividades de apoio",Comércio por atacado e varejo
1991,4580,0.259801853534798,Refino de petróleo e coquerias,Comércio por atacado e varejo
2500,5280,0.25920675789586733,"Fabricação de produtos de metal, exceto máquinas e equipamentos","Armazenamento, atividades auxiliares dos transportes e correio"
0680,2500,0.2589799954968979,"Extração de petróleo e gás, inclusive as atividades de apoio","Fabricação de produtos de metal, exceto máquinas e equipamentos"
0680,1600,0.25817370840011405,"Extração de petróleo e gás, inclusive as atividades de apoio",Fabricação de produtos da madeira
1092,7700,0.2572791590631908,Fabricação e refino de açúcar,Aluguéis não imobiliários e gestão de ativos de propriedade intelectual
1800,3500,0.2572395817261648,Impressão e reprodução de gravações,"Energia elétrica, gás natural e outras utilidades"
0580,1800,0.25718441929838565,Extração de carvão mineral e de minerais não metálicos,Impressão e reprodução de gravações
0792,2800,0.2569605686736395,"Extração de minerais metálicos não ferrosos, inclusive beneficiamentos",Fabricação de máquinas e equipamentos mecânicos
0191,7380,0.2567764941691458,"Agricultura, inclusive o apoio à agricultura e a pós-colheita","Outras atividades profissionais, científicas e técnicas"
1700,5100,0.2566436885188922,"Fabricação de celulose, papel e produtos de papel",Transporte aéreo
5980,6280,0.2566031716066576,"Atividades de televisão, rádio, cinema e  gravação/edição de som e imagem",Desenvolvimento de sistemas e outros serviços de informação
1700,4180,0.25655011555377727,"Fabricação de celulose, papel e produtos de papel",Construção
2700,3300,0.2559523669575717,Fabricação de máquinas e equipamentos elétricos,"Manutenção, reparação e instalação de máquinas e equipamentos"
1093,6980,0.25589467805354654,Outros produtos alimentares,"Atividades jurídicas, contábeis, consultoria e sedes de empresas "
5280,5500,0.25573837482877304,"Armazenamento, atividades auxiliares dos transportes e correio",Alojamento
1600,7880,0.2554974778376123,Fabricação de produtos da madeira,Outras atividades administrativas e serviços complementares
2991,7380,0.2554456489573527,"Fabricação de automóveis, caminhões e ônibus, exceto peças","Outras atividades profissionais, científicas e técnicas"
2091,5500,0.2552262651517531,"Fabricação de químicos orgânicos e inorgânicos, resinas e elastômeros",Alojamento
2300,8000,0.25511701622369276,Fabricação de produtos de minerais não metálicos,"Atividades de vigilância, segurança e investigação"
0791,1800,0.2549949918878223,"Extração de minério de ferro, inclusive beneficiamentos e a aglomeração",Impressão e reprodução de gravações
0791,5280,0.25468270293688405,"Extração de minério de ferro, inclusive beneficiamentos e a aglomeração","Armazenamento, atividades auxiliares dos transportes e correio"
1093,1700,0.2546185279292697,Outros produtos alimentares,"Fabricação de celulose, papel e produtos de papel"
2200,5500,0.2539900487430678,Fabricação de produtos de borracha e de material plástico,Alojamento
1700,1991,0.25294069957397153,"Fabricação de celulose, papel e produtos de papel",Refino de petróleo e coquerias
0792,4900,0.25270231003276816,"Extração de minerais metálicos não ferrosos, inclusive beneficiamentos",Transporte terrestre
0680,0792,0.25226160446110074,"Extração de petróleo e gás, inclusive as atividades de apoio","Extração de minerais metálicos não ferrosos, inclusive beneficiamentos"
2491,7880,0.2521929523501952,"Produção de ferro gusa/ferroligas, siderurgia e tubos de aço sem costura",Outras atividades administrativas e serviços complementares
2700,4180,0.2520441747698963,Fabricação de máquinas e equipamentos elétricos,Construção
4900,7880,0.251819471395103,Transporte terrestre,Outras atividades administrativas e serviços complementares
0580,5280,0.25174813365953785,Extração de carvão mineral e de minerais não metálicos,"Armazenamento, atividades auxiliares dos transportes e correio"
1600,4900,0.25090057380553155,Fabricação de produtos da madeira,Transporte terrestre
3300,3500,0.25058725003320276,"Manutenção, reparação e instalação de máquinas e equipamentos","Energia elétrica, gás natural e outras utilidades"
1700,5500,0.24992382440323876,"Fabricação de celulose, papel e produtos de papel",Alojamento
5000,5500,0.2488504672048846,Transporte aquaviário,Alojamento
0680,2300,0.24855044695801232,"Extração de petróleo e gás, inclusive as atividades de apoio",Fabricação de produtos de minerais não metálicos
2092,2700,0.24803783641588464,"Fabricação de defensivos, desinfestantes, tintas e químicos diversos",Fabricação de máquinas e equipamentos elétricos
4180,7380,0.24734119021965567,Construção,"Outras atividades profissionais, científicas e técnicas"
6280,6980,0.24721955413301439,Desenvolvimento de sistemas e outros serviços de informação,"Atividades jurídicas, contábeis, consultoria e sedes de empresas "
2492,3180,0.2467022939327659,Metalurgia de metais não ferosos e a fundição de metais,Fabricação de móveis e de produtos de indústrias diversas
0580,4900,0.24648984501683738,Extração de carvão mineral e de minerais não metálicos,Transporte terrestre
3500,8000,0.24566081406707282,"Energia elétrica, gás natural e outras utilidades","Atividades de vigilância, segurança e investigação"
6280,7880,0.2446711445055151,Desenvolvimento de sistemas e outros serviços de informação,Outras atividades administrativas e serviços complementares
1600,1991,0.24461904319701883,Fabricação de produtos da madeira,Refino de petróleo e coquerias
2700,6980,0.24424926175580952,Fabricação de máquinas e equipamentos elétricos,"Atividades jurídicas, contábeis, consultoria e sedes de empresas "
1800,6100,0.2441268129059726,Impressão e reprodução de gravações,Telecomunicações
1700,2992,0.24411470365233548,"Fabricação de celulose, papel e produtos de papel",Fabricação de peças e acessórios para veículos automotores
0191,1700,0.24347375931563534,"Agricultura, inclusive o apoio à agricultura e a pós-colheita","Fabricação de celulose, papel e produtos de papel"
1100,7380,0.2428738096128195,Fabricação de bebidas,"Outras atividades profissionais, científicas e técnicas"
2092,2992,0.24276296362508903,"Fabricação de defensivos, desinfestantes, tintas e químicos diversos",Fabricação de peças e acessórios para veículos automotores
1992,7700,0.24264932032526493,Fabricação de biocombustíveis,Aluguéis não imobiliários e gestão de ativos de propriedade intelectual
0191,2200,0.24246390635424991,"Agricultura, inclusive o apoio à agricultura e a pós-colheita",Fabricação de produtos de borracha e de material plástico
1991,2500,0.24226244854340445,Refino de petróleo e coquerias,"Fabricação de produtos de metal, exceto máquinas e equipamentos"
6480,7180,0.2415721174600671,"Intermediação financeira, seguros e previdência complementar","Serviços de arquitetura, engenharia, testes/análises técnicas e P & D"
6480,8400,0.24129696025677297,"Intermediação financeira, seguros e previdência complementar","Administração pública, defesa e seguridade social"
1091,1700,0.24102280607227264,"Abate e produtos de carne, inclusive os produtos do laticínio e da pesca","Fabricação de celulose, papel e produtos de papel"
1992,2092,0.2405857652473343,Fabricação de biocombustíveis,"Fabricação de defensivos, desinfestantes, tintas e químicos diversos"
2492,5100,0.23985015902288498,Metalurgia de metais não ferosos e a fundição de metais,Transporte aéreo
0680,0791,0.23980803769524647,"Extração de petróleo e gás, inclusive as atividades de apoio","Extração de minério de ferro, inclusive beneficiamentos e a aglomeração"
0792,1991,0.23952410456385603,"Extração de minerais metálicos não ferrosos, inclusive beneficiamentos",Refino de petróleo e coquerias
2500,4900,0.23926495995634206,"Fabricação de produtos de metal, exceto máquinas e equipamentos",Transporte terrestre
5500,8400,0.23867987606346552,Alojamento,"Administração pública, defesa e seguridade social"
1992,6980,0.23715253408685585,Fabricação de biocombustíveis,"Atividades jurídicas, contábeis, consultoria e sedes de empresas "
1991,2300,0.2352760039546048,Refino de petróleo e coquerias,Fabricação de produtos de minerais não metálicos
0191,7700,0.23497639308072626,"Agricultura, inclusive o apoio à agricultura e a pós-colheita",Aluguéis não imobiliários e gestão de ativos de propriedade intelectual
3300,3680,0.23425153951045566,"Manutenção, reparação e instalação de máquinas e equipamentos","Água, esgoto e gestão de resíduos"
0792,4580,0.23353025317988269,"Extração de minerais metálicos não ferrosos, inclusive beneficiamentos",Comércio por atacado e varejo
2500,2992,0.2330029254517761,"Fabricação de produtos de metal, exceto máquinas e equipamentos",Fabricação de peças e acessórios para veículos automotores
2492,5500,0.23216377615495346,Metalurgia de metais não ferosos e a fundição de metais,Alojamento
2991,7180,0.23107176542029426,"Fabricação de automóveis, caminhões e ônibus, exceto peças","Serviços de arquitetura, engenharia, testes/análises técnicas e P & D"
2491,5100,0.23052798547296766,"Produção de ferro gusa/ferroligas, siderurgia e tubos de aço sem costura",Transporte aéreo
2491,4580,0.2298868631393366,"Produção de ferro gusa/ferroligas, siderurgia e tubos de aço sem costura",Comércio por atacado e varejo
2700,7700,0.22950638691704003,Fabricação de máquinas e equipamentos elétricos,Aluguéis não imobiliários e gestão de ativos de propriedade intelectual
2091,3500,0.2290501177016343,"Fabricação de químicos orgânicos e inorgânicos, resinas e elastômeros","Energia elétrica, gás natural e outras utilidades"
2500,2800,0.2287522590427068,"Fabricação de produtos de metal, exceto máquinas e equipamentos",Fabricação de máquinas e equipamentos mecânicos
1092,7380,0.22817448254906358,Fabricação e refino de açúcar,"Outras atividades profissionais, científicas e técnicas"
0791,4900,0.22809549733523435,"Extração de minério de ferro, inclusive beneficiamentos e a aglomeração",Transporte terrestre
0791,1991,0.22797102067288028,"Extração de minério de ferro, inclusive beneficiamentos e a aglomeração",Refino de petróleo e coquerias
0792,7880,0.2277760414131907,"Extração de minerais metálicos não ferrosos, inclusive beneficiamentos",Outras atividades administrativas e serviços complementares
0192,1700,0.22755202894353377,"Pecuária, inclusive o apoio à pecuária","Fabricação de celulose, papel e produtos de papel"
2700,7180,0.2270833353124384,Fabricação de máquinas e equipamentos elétricos,"Serviços de arquitetura, engenharia, testes/análises técnicas e P & D"
0580,3500,0.2264395110490165,Extração de carvão mineral e de minerais não metálicos,"Energia elétrica, gás natural e outras utilidades"
2491,5500,0.22491685888744048,"Produção de ferro gusa/ferroligas, siderurgia e tubos de aço sem costura",Alojamento
0191,5980,0.224769277992005,"Agricultura, inclusive o apoio à agricultura e a pós-colheita","Atividades de televisão, rádio, cinema e  gravação/edição de som e imagem"
0680,7880,0.22466237281052304,"Extração de petróleo e gás, inclusive as atividades de apoio",Outras atividades administrativas e serviços complementares
1600,5100,0.22349996746145123,Fabricação de produtos da madeira,Transporte aéreo
5280,6480,0.22333550804013105,"Armazenamento, atividades auxiliares dos transportes e correio","Intermediação financeira, seguros e previdência complementar"
1600,5500,0.2229554296972843,Fabricação de produtos da madeira,Alojamento
5100,6480,0.2226889140117949,Transporte aéreo,"Intermediação financeira, seguros e previdência complementar"
1300,2091,0.22251624258863664,Fabricação de produtos têxteis,"Fabricação de químicos orgânicos e inorgânicos, resinas e elastômeros"
0680,4180,0.22217007389770213,"Extração de petróleo e gás, inclusive as atividades de apoio",Construção
2991,5980,0.2206806377433051,"Fabricação de automóveis, caminhões e ônibus, exceto peças","Atividades de televisão, rádio, cinema e  gravação/edição de som e imagem"
4180,5980,0.2200950000067549,Construção,"Atividades de televisão, rádio, cinema e  gravação/edição de som e imagem"
0580,5100,0.2192013628199509,Extração de carvão mineral e de minerais não metálicos,Transporte aéreo
2092,3500,0.21861972710245575,"Fabricação de defensivos, desinfestantes, tintas e químicos diversos","Energia elétrica, gás natural e outras utilidades"
1600,2700,0.21844957355367248,Fabricação de produtos da madeira,Fabricação de máquinas e equipamentos elétricos
0580,7880,0.21650884950213733,Extração de carvão mineral e de minerais não metálicos,Outras atividades administrativas e serviços complementares
0580,5500,0.21558057370451933,Extração de carvão mineral e de minerais não metálicos,Alojamento
0680,5100,0.21557490962530637,"Extração de petróleo e gás, inclusive as atividades de apoio",Transporte aéreo
2492,3500,0.21506397030680705,Metalurgia de metais não ferosos e a fundição de metais,"Energia elétrica, gás natural e outras utilidades"
4180,8000,0.21501512808415343,Construção,"Atividades de vigilância, segurança e investigação"
2800,3300,0.21486079649757878,Fabricação de máquinas e equipamentos mecânicos,"Manutenção, reparação e instalação de máquinas e equipamentos"
1092,2200,0.21442294950016302,Fabricação e refino de açúcar,Fabricação de produtos de borracha e de material plástico
2500,7880,0.21431382952264375,"Fabricação de produtos de metal, exceto máquinas e equipamentos",Outras atividades administrativas e serviços complementares
1093,7380,0.2142309253969398,Outros produtos alimentares,"Outras atividades profissionais, científicas e técnicas"
1991,4180,0.2119736186619001,Refino de petróleo e coquerias,Construção
3500,7880,0.21029838750304441,"Energia elétrica, gás natural e outras utilidades",Outras atividades administrativas e serviços complementares
1100,5980,0.20803637397509048,Fabricação de bebidas,"Atividades de televisão, rádio, cinema e  gravação/edição de som e imagem"
1991,7880,0.2078345654874826,Refino de petróleo e coquerias,Outras atividades administrativas e serviços complementares
0191,1991,0.20719256757268523,"Agricultura, inclusive o apoio à agricultura e a pós-colheita",Refino de petróleo e coquerias
2300,5280,0.20676029118732442,Fabricação de produtos de minerais não metálicos,"Armazenamento, atividades auxiliares dos transportes e correio"
1092,4900,0.20652116016777539,Fabricação e refino de açúcar,Transporte terrestre
0191,0680,0.2062383866208854,"Agricultura, inclusive o apoio à agricultura e a pós-colheita","Extração de petróleo e gás, inclusive as atividades de apoio"
1991,5100,0.20587048787986997,Refino de petróleo e coquerias,Transporte aéreo
2300,4900,0.20538131209375976,Fabricação de produtos de minerais não metálicos,Transporte terrestre
5600,7380,0.20507808529589422,Alimentação,"Outras atividades profissionais, científicas e técnicas"
2200,3500,0.20504298958613376,Fabricação de produtos de borracha e de material plástico,"Energia elétrica, gás natural e outras utilidades"
6100,6980,0.2050378449271845,Telecomunicações,"Atividades jurídicas, contábeis, consultoria e sedes de empresas "
1700,6480,0.20397224652572454,"Fabricação de celulose, papel e produtos de papel","Intermediação financeira, seguros e previdência complementar"
1092,5980,0.2012212331120071,Fabricação e refino de açúcar,"Atividades de televisão, rádio, cinema e  gravação/edição de som e imagem"
1800,2300,0.20075486389700806,Impressão e reprodução de gravações,Fabricação de produtos de minerais não metálicos
6280,6480,0.2006152916869848,Desenvolvimento de sistemas e outros serviços de informação,"Intermediação financeira, seguros e previdência complementar"
2800,7180,0.20004946022955386,Fabricação de máquinas e equipamentos mecânicos,"Serviços de arquitetura, engenharia, testes/análises técnicas e P & D"
2992,7880,0.1997356597698954,Fabricação de peças e acessórios para veículos automotores,Outras atividades administrativas e serviços complementares
2091,3680,0.19943761954265066,"Fabricação de químicos orgânicos e inorgânicos, resinas e elastômeros","Água, esgoto e gestão de resíduos"
2700,7380,0.198380337282874,Fabricação de máquinas e equipamentos elétricos,"Outras atividades profissionais, científicas e técnicas"
0791,7880,0.19809949152236758,"Extração de minério de ferro, inclusive beneficiamentos e a aglomeração",Outras atividades administrativas e serviços complementares
0191,4900,0.1976787516711998,"Agricultura, inclusive o apoio à agricultura e a pós-colheita",Transporte terrestre
0191,1992,0.19599586061983224,"Agricultura, inclusive o apoio à agricultura e a pós-colheita",Fabricação de biocombustíveis
0191,1800,0.19534189682470368,"Agricultura, inclusive o apoio à agricultura e a pós-colheita",Impressão e reprodução de gravações
3500,4580,0.19528326650937244,"Energia elétrica, gás natural e outras utilidades",Comércio por atacado e varejo
0792,5100,0.19513608519614428,"Extração de minerais metálicos não ferrosos, inclusive beneficiamentos",Transporte aéreo
1091,6980,0.1949098888093838,"Abate e produtos de carne, inclusive os produtos do laticínio e da pesca","Atividades jurídicas, contábeis, consultoria e sedes de empresas "
7880,8591,0.19461871930586097,Outras atividades administrativas e serviços complementares,Educação pública
0192,6980,0.19435437432356342,"Pecuária, inclusive o apoio à pecuária","Atividades jurídicas, contábeis, consultoria e sedes de empresas "
1092,3300,0.19412149980646487,Fabricação e refino de açúcar,"Manutenção, reparação e instalação de máquinas e equipamentos"
2300,5100,0.1939932952046872,Fabricação de produtos de minerais não metálicos,Transporte aéreo
2092,3680,0.19397194722326425,"Fabricação de defensivos, desinfestantes, tintas e químicos diversos","Água, esgoto e gestão de resíduos"
2300,5500,0.1937039718484033,Fabricação de produtos de minerais não metálicos,Alojamento
0191,7180,0.19361081196977897,"Agricultura, inclusive o apoio à agricultura e a pós-colheita","Serviços de arquitetura, engenharia, testes/análises técnicas e P & D"
1992,4900,0.19360704355582642,Fabricação de biocombustíveis,Transporte terrestre
1092,7180,0.19359348185596362,Fabricação e refino de açúcar,"Serviços de arquitetura, engenharia, testes/análises técnicas e P & D"
5800,8000,0.19315338254215983,Edição e edição integrada à impressão,"Atividades de vigilância, segurança e investigação"
0191,5280,0.19306042841978538,"Agricultura, inclusive o apoio à agricultura e a pós-colheita","Armazenamento, atividades auxiliares dos transportes e correio"
2500,5100,0.19301490878324581,"Fabricação de produtos de metal, exceto máquinas e equipamentos",Transporte aéreo
1992,7380,0.1929406234534658,Fabricação de biocombustíveis,"Outras atividades profissionais, científicas e técnicas"
0191,0192,0.1920273230344851,"Agricultura, inclusive o apoio à agricultura e a pós-colheita","Pecuária, inclusive o apoio à pecuária"
1800,2600,0.19189909742807126,Impressão e reprodução de gravações,"Fabricação de equipamentos de informática, produtos eletrônicos e ópticos"
3300,6480,0.19173294755598538,"Manutenção, reparação e instalação de máquinas e equipamentos","Intermediação financeira, seguros e previdência complementar"
2500,5500,0.1916605677947164,"Fabricação de produtos de metal, exceto máquinas e equipamentos",Alojamento
4900,5100,0.19146614713871907,Transporte terrestre,Transporte aéreo
6100,8000,0.1911823068382857,Telecomunicações,"Atividades de vigilância, segurança e investigação"
1992,3300,0.19050250747439543,Fabricação de biocombustíveis,"Manutenção, reparação e instalação de máquinas e equipamentos"
3680,5500,0.19015863947815975,"Água, esgoto e gestão de resíduos",Alojamento
0792,5500,0.1891857591413418,"Extração de minerais metálicos não ferrosos, inclusive beneficiamentos",Alojamento
1093,4900,0.18893305798438836,Outros produtos alimentares,Transporte terrestre
7880,8691,0.18825834803996272,Outras atividades administrativas e serviços complementares,Saúde pública
3680,5280,0.18669271699730142,"Água, esgoto e gestão de resíduos","Armazenamento, atividades auxiliares dos transportes e correio"
5800,8591,0.1866477867837141,Edição e edição integrada à impressão,Educação pública
1092,1700,0.18663569127739038,Fabricação e refino de açúcar,"Fabricação de celulose, papel e produtos de papel"
1093,5980,0.18656432229174916,Outros produtos alimentares,"Atividades de televisão, rádio, cinema e  gravação/edição de som e imagem"
3500,5280,0.18512850828709806,"Energia elétrica, gás natural e outras utilidades","Armazenamento, atividades auxiliares dos transportes e correio"
1092,1992,0.18472655491759882,Fabricação e refino de açúcar,Fabricação de biocombustíveis
2491,3500,0.18464419089678968,"Produção de ferro gusa/ferroligas, siderurgia e tubos de aço sem costura","Energia elétrica, gás natural e outras utilidades"
1700,3500,0.1843502063705605,"Fabricação de celulose, papel e produtos de papel","Energia elétrica, gás natural e outras utilidades"
1600,3500,0.18336223230902807,Fabricação de produtos da madeira,"Energia elétrica, gás natural e outras utilidades"
2200,3680,0.18323862320173664,Fabricação de produtos de borracha e de material plástico,"Água, esgoto e gestão de resíduos"
0191,1091,0.18267327814087858,"Agricultura, inclusive o apoio à agricultura e a pós-colheita","Abate e produtos de carne, inclusive os produtos do laticínio e da pesca"
1700,3680,0.1824239505790609,"Fabricação de celulose, papel e produtos de papel","Água, esgoto e gestão de resíduos"
2991,5280,0.1820888349171649,"Fabricação de automóveis, caminhões e ônibus, exceto peças","Armazenamento, atividades auxiliares dos transportes e correio"
5280,8400,0.18185925926446342,"Armazenamento, atividades auxiliares dos transportes e correio","Administração pública, defesa e seguridade social"
2092,2093,0.18120147259516217,"Fabricação de defensivos, desinfestantes, tintas e químicos diversos","Fabricação de produtos de limpeza, cosméticos/perfumaria e higiene pessoal"
0791,5100,0.18105986776951877,"Extração de minério de ferro, inclusive beneficiamentos e a aglomeração",Transporte aéreo
0191,3300,0.18090189726650732,"Agricultura, inclusive o apoio à agricultura e a pós-colheita","Manutenção, reparação e instalação de máquinas e equipamentos"
2700,5980,0.1805142271557999,Fabricação de máquinas e equipamentos elétricos,"Atividades de televisão, rádio, cinema e  gravação/edição de som e imagem"
6280,7180,0.18047315389883084,Desenvolvimento de sistemas e outros serviços de informação,"Serviços de arquitetura, engenharia, testes/análises técnicas e P & D"
0791,4580,0.18036570621397632,"Extração de minério de ferro, inclusive beneficiamentos e a aglomeração",Comércio por atacado e varejo
3300,8400,0.18010631892653298,"Manutenção, reparação e instalação de máquinas e equipamentos","Administração pública, defesa e seguridade social"
2700,5000,0.18007666646117482,Fabricação de máquinas e equipamentos elétricos,Transporte aquaviário
0192,1093,0.18002026507310911,"Pecuária, inclusive o apoio à pecuária",Outros produtos alimentares
6280,8400,0.17933668689474772,Desenvolvimento de sistemas e outros serviços de informação,"Administração pública, defesa e seguridade social"
5500,6480,0.1788874345550634,Alojamento,"Intermediação financeira, seguros e previdência complementar"
1092,5280,0.17880942592180102,Fabricação e refino de açúcar,"Armazenamento, atividades auxiliares dos transportes e correio"
3680,5000,0.1787724367466563,"Água, esgoto e gestão de resíduos",Transporte aquaviário
5600,5980,0.1785514089008866,Alimentação,"Atividades de televisão, rádio, cinema e  gravação/edição de som e imagem"
1992,7180,0.17853350558603168,Fabricação de biocombustíveis,"Serviços de arquitetura, engenharia, testes/análises técnicas e P & D"
4900,5500,0.17762974135256737,Transporte terrestre,Alojamento
0192,7380,0.17762213720395129,"Pecuária, inclusive o apoio à pecuária","Outras atividades profissionais, científicas e técnicas"
4180,4900,0.17728311443484548,Construção,Transporte terrestre
2500,3500,0.17721245238719122,"Fabricação de produtos de metal, exceto máquinas e equipamentos","Energia elétrica, gás natural e outras utilidades"
1093,7700,0.17689146035941308,Outros produtos alimentares,Aluguéis não imobiliários e gestão de ativos de propriedade intelectual
2300,7880,0.17685523480094892,Fabricação de produtos de minerais não metálicos,Outras atividades administrativas e serviços complementares
0791,5500,0.17671952857427983,"Extração de minério de ferro, inclusive beneficiamentos e a aglomeração",Alojamento
1091,7380,0.1762111706194283,"Abate e produtos de carne, inclusive os produtos do laticínio e da pesca","Outras atividades profissionais, científicas e técnicas"
2600,6980,0.17462748315874116,"Fabricação de equipamentos de informática, produtos eletrônicos e ópticos","Atividades jurídicas, contábeis, consultoria e sedes de empresas "
2200,2800,0.17428690252451404,Fabricação de produtos de borracha e de material plástico,Fabricação de máquinas e equipamentos mecânicos
1092,1800,0.17411276880469612,Fabricação e refino de açúcar,Impressão e reprodução de gravações
1992,2200,0.1736537859686538,Fabricação de biocombustíveis,Fabricação de produtos de borracha e de material plástico
2500,4580,0.17349429167646324,"Fabricação de produtos de metal, exceto máquinas e equipamentos",Comércio por atacado e varejo
5800,7380,0.17346575232377331,Edição e edição integrada à impressão,"Outras atividades profissionais, científicas e técnicas"
7700,8592,0.17332268050440156,Aluguéis não imobiliários e gestão de ativos de propriedade intelectual,Educação privada
1092,8000,0.17297660620583571,Fabricação e refino de açúcar,"Atividades de vigilância, segurança e investigação"
4180,5100,0.17294982130432635,Construção,Transporte aéreo
2492,3680,0.1725475361822099,Metalurgia de metais não ferosos e a fundição de metais,"Água, esgoto e gestão de resíduos"
4180,5500,0.17248387928767484,Construção,Alojamento
4180,5280,0.17182812669888295,Construção,"Armazenamento, atividades auxiliares dos transportes e correio"
1992,5980,0.1710140005157042,Fabricação de biocombustíveis,"Atividades de televisão, rádio, cinema e  gravação/edição de som e imagem"
1600,2992,0.17057280609480616,Fabricação de produtos da madeira,Fabricação de peças e acessórios para veículos automotores
2091,3180,0.1696923297373056,"Fabricação de químicos orgânicos e inorgânicos, resinas e elastômeros",Fabricação de móveis e de produtos de indústrias diversas
2091,2991,0.16928143696325745,"Fabricação de químicos orgânicos e inorgânicos, resinas e elastômeros","Fabricação de automóveis, caminhões e ônibus, exceto peças"
1093,5280,0.1691589244884867,Outros produtos alimentares,"Armazenamento, atividades auxiliares dos transportes e correio"
0191,8000,0.1687436906714666,"Agricultura, inclusive o apoio à agricultura e a pós-colheita","Atividades de vigilância, segurança e investigação"
0792,3500,0.16837258017114534,"Extração de minerais metálicos não ferrosos, inclusive beneficiamentos","Energia elétrica, gás natural e outras utilidades"
5800,7700,0.1680570713269009,Edição e edição integrada à impressão,Aluguéis não imobiliários e gestão de ativos de propriedade intelectual
0680,2992,0.16781307246253285,"Extração de petróleo e gás, inclusive as atividades de apoio",Fabricação de peças e acessórios para veículos automotores
1991,2992,0.16744224467221772,Refino de petróleo e coquerias,Fabricação de peças e acessórios para veículos automotores
0680,5500,0.166550817766897,"Extração de petróleo e gás, inclusive as atividades de apoio",Alojamento
3680,5100,0.16642484768368615,"Água, esgoto e gestão de resíduos",Transporte aéreo
0580,2992,0.1662065261620353,Extração de carvão mineral e de minerais não metálicos,Fabricação de peças e acessórios para veículos automotores
0192,2200,0.16603465566527925,"Pecuária, inclusive o apoio à pecuária",Fabricação de produtos de borracha e de material plástico
2100,6980,0.16595277816140522,Fabricação de produtos farmoquímicos e farmacêuticos,"Atividades jurídicas, contábeis, consultoria e sedes de empresas "
2991,7700,0.16508520961666381,"Fabricação de automóveis, caminhões e ônibus, exceto peças",Aluguéis não imobiliários e gestão de ativos de propriedade intelectual
2991,6980,0.16418715794248398,"Fabricação de automóveis, caminhões e ônibus, exceto peças","Atividades jurídicas, contábeis, consultoria e sedes de empresas "
0580,4580,0.1640114012540009,Extração de carvão mineral e de minerais não metálicos,Comércio por atacado e varejo
1091,2200,0.16394200754125063,"Abate e produtos de carne, inclusive os produtos do laticínio e da pesca",Fabricação de produtos de borracha e de material plástico
3680,4580,0.16322712311960164,"Água, esgoto e gestão de resíduos",Comércio por atacado e varejo
3300,6280,0.16285231076101275,"Manutenção, reparação e instalação de máquinas e equipamentos",Desenvolvimento de sistemas e outros serviços de informação
5600,7700,0.16227148267697417,Alimentação,Aluguéis não imobiliários e gestão de ativos de propriedade intelectual
1800,1992,0.16190834378776253,Impressão e reprodução de gravações,Fabricação de biocombustíveis
1093,7180,0.1617422487891082,Outros produtos alimentares,"Serviços de arquitetura, engenharia, testes/análises técnicas e P & D"
2092,6480,0.1613793799573997,"Fabricação de defensivos, desinfestantes, tintas e químicos diversos","Intermediação financeira, seguros e previdência complementar"
5100,8400,0.16044625485628375,Transporte aéreo,"Administração pública, defesa e seguridade social"
1800,4180,0.1595952518606928,Impressão e reprodução de gravações,Construção
7180,8691,0.15931121087066255,"Serviços de arquitetura, engenharia, testes/análises técnicas e P & D",Saúde pública
2600,7380,0.1591025706459953,"Fabricação de equipamentos de informática, produtos eletrônicos e ópticos","Outras atividades profissionais, científicas e técnicas"
5000,6480,0.15881919116840734,Transporte aquaviário,"Intermediação financeira, seguros e previdência complementar"
5800,5980,0.15858291565088825,Edição e edição integrada à impressão,"Atividades de televisão, rádio, cinema e  gravação/edição de som e imagem"
0792,3180,0.157677689266452,"Extração de minerais metálicos não ferrosos, inclusive beneficiamentos",Fabricação de móveis e de produtos de indústrias diversas
1700,2093,0.15765360988895744,"Fabricação de celulose, papel e produtos de papel","Fabricação de produtos de limpeza, cosméticos/perfumaria e higiene pessoal"
1091,1093,0.15765355483502794,"Abate e produtos de carne, inclusive os produtos do laticínio e da pesca",Outros produtos alimentares
1992,5280,0.15738950719824893,Fabricação de biocombustíveis,"Armazenamento, atividades auxiliares dos transportes e correio"
1700,2700,0.15731332581673857,"Fabricação de celulose, papel e produtos de papel",Fabricação de máquinas e equipamentos elétricos
0191,4580,0.157236986962393,"Agricultura, inclusive o apoio à agricultura e a pós-colheita",Comércio por atacado e varejo
1991,5500,0.15720011637071812,Refino de petróleo e coquerias,Alojamento
2491,3680,0.15706159915950113,"Produção de ferro gusa/ferroligas, siderurgia e tubos de aço sem costura","Água, esgoto e gestão de resíduos"
1992,8000,0.1566433089590584,Fabricação de biocombustíveis,"Atividades de vigilância, segurança e investigação"
2500,2991,0.15634190822376315,"Fabricação de produtos de metal, exceto máquinas e equipamentos","Fabricação de automóveis, caminhões e ônibus, exceto peças"
2800,6980,0.15519713983344532,Fabricação de máquinas e equipamentos mecânicos,"Atividades jurídicas, contábeis, consultoria e sedes de empresas "
2800,5000,0.15513238921998063,Fabricação de máquinas e equipamentos mecânicos,Transporte aquaviário
0192,5980,0.1545693403567609,"Pecuária, inclusive o apoio à pecuária","Atividades de televisão, rádio, cinema e  gravação/edição de som e imagem"
1700,5600,0.15399996046258962,"Fabricação de celulose, papel e produtos de papel",Alimentação
3500,5100,0.1537227912771349,"Energia elétrica, gás natural e outras utilidades",Transporte aéreo
2991,5000,0.15347853579567508,"Fabricação de automóveis, caminhões e ônibus, exceto peças",Transporte aquaviário
2091,6480,0.15320533677370587,"Fabricação de químicos orgânicos e inorgânicos, resinas e elastômeros","Intermediação financeira, seguros e previdência complementar"
5100,8592,0.1530027575152808,Transporte aéreo,Educação privada
1800,2700,0.15291564126630386,Impressão e reprodução de gravações,Fabricação de máquinas e equipamentos elétricos
1091,5980,0.15288923765661283,"Abate e produtos de carne, inclusive os produtos do laticínio e da pesca","Atividades de televisão, rádio, cinema e  gravação/edição de som e imagem"
0280,2092,0.15286370938318933,Produção florestal; pesca e aquicultura,"Fabricação de defensivos, desinfestantes, tintas e químicos diversos"
3500,4900,0.15271932623004228,"Energia elétrica, gás natural e outras utilidades",Transporte terrestre
0580,3680,0.15221398389996374,Extração de carvão mineral e de minerais não metálicos,"Água, esgoto e gestão de resíduos"
1100,2200,0.151210097092601,Fabricação de bebidas,Fabricação de produtos de borracha e de material plástico
0280,2091,0.15073888707830627,Produção florestal; pesca e aquicultura,"Fabricação de químicos orgânicos e inorgânicos, resinas e elastômeros"
1092,2492,0.15062242779128826,Fabricação e refino de açúcar,Metalurgia de metais não ferosos e a fundição de metais
0580,1992,0.1498845106084025,Extração de carvão mineral e de minerais não metálicos,Fabricação de biocombustíveis
1091,4900,0.1493804841916631,"Abate e produtos de carne, inclusive os produtos do laticínio e da pesca",Transporte terrestre
2991,3300,0.14871995813773398,"Fabricação de automóveis, caminhões e ônibus, exceto peças","Manutenção, reparação e instalação de máquinas e equipamentos"
1991,3500,0.14726909372739996,Refino de petróleo e coquerias,"Energia elétrica, gás natural e outras utilidades"
7380,8592,0.1470295061716457,"Outras atividades profissionais, científicas e técnicas",Educação privada
1600,3680,0.14696589834630858,Fabricação de produtos da madeira,"Água, esgoto e gestão de resíduos"
0580,1092,0.14688783653033965,Extração de carvão mineral e de minerais não metálicos,Fabricação e refino de açúcar
3680,6480,0.1466814691749791,"Água, esgoto e gestão de resíduos","Intermediação financeira, seguros e previdência complementar"
1091,5280,0.1464425124926084,"Abate e produtos de carne, inclusive os produtos do laticínio e da pesca","Armazenamento, atividades auxiliares dos transportes e correio"
2091,2100,0.14627250850121531,"Fabricação de químicos orgânicos e inorgânicos, resinas e elastômeros",Fabricação de produtos farmoquímicos e farmacêuticos
0192,4900,0.1461527318990413,"Pecuária, inclusive o apoio à pecuária",Transporte terrestre
0192,7180,0.1460953186349035,"Pecuária, inclusive o apoio à pecuária","Serviços de arquitetura, engenharia, testes/análises técnicas e P & D"
1091,7180,0.14606564334352495,"Abate e produtos de carne, inclusive os produtos do laticínio e da pesca","Serviços de arquitetura, engenharia, testes/análises técnicas e P & D"
1700,1992,0.14595894556529,"Fabricação de celulose, papel e produtos de papel",Fabricação de biocombustíveis
2200,6480,0.14573335657808628,Fabricação de produtos de borracha e de material plástico,"Intermediação financeira, seguros e previdência complementar"
4180,7880,0.1454470500579455,Construção,Outras atividades administrativas e serviços complementares
0791,3500,0.14544501281733846,"Extração de minério de ferro, inclusive beneficiamentos e a aglomeração","Energia elétrica, gás natural e outras utilidades"
2091,5600,0.1450906061432377,"Fabricação de químicos orgânicos e inorgânicos, resinas e elastômeros",Alimentação
2700,8000,0.1448817966239679,Fabricação de máquinas e equipamentos elétricos,"Atividades de vigilância, segurança e investigação"
1700,2600,0.14437740988982234,"Fabricação de celulose, papel e produtos de papel","Fabricação de equipamentos de informática, produtos eletrônicos e ópticos"
5600,6980,0.1436493398702705,Alimentação,"Atividades jurídicas, contábeis, consultoria e sedes de empresas "
1092,2491,0.14355061685661272,Fabricação e refino de açúcar,"Produção de ferro gusa/ferroligas, siderurgia e tubos de aço sem costura"
8000,8691,0.1433262010511569,"Atividades de vigilância, segurança e investigação",Saúde pública
8000,8592,0.1423603124460232,"Atividades de vigilância, segurança e investigação",Educação privada
2300,3500,0.14220584955820864,Fabricação de produtos de minerais não metálicos,"Energia elétrica, gás natural e outras utilidades"
6980,9480,0.1420906534882929,"Atividades jurídicas, contábeis, consultoria e sedes de empresas ",Organizações associativas e outros serviços pessoais
1992,2492,0.14198363183930934,Fabricação de biocombustíveis,Metalurgia de metais não ferosos e a fundição de metais
5800,7880,0.14195661539254778,Edição e edição integrada à impressão,Outras atividades administrativas e serviços complementares
0192,5280,0.14175108003498185,"Pecuária, inclusive o apoio à pecuária","Armazenamento, atividades auxiliares dos transportes e correio"
1992,2491,0.14163485027212425,Fabricação de biocombustíveis,"Produção de ferro gusa/ferroligas, siderurgia e tubos de aço sem costura"
0680,1093,0.1416188305402771,"Extração de petróleo e gás, inclusive as atividades de apoio",Outros produtos alimentares
2500,3680,0.14161610660877966,"Fabricação de produtos de metal, exceto máquinas e equipamentos","Água, esgoto e gestão de resíduos"
5100,6280,0.14143622441727186,Transporte aéreo,Desenvolvimento de sistemas e outros serviços de informação
5600,8000,0.14131873290382815,Alimentação,"Atividades de vigilância, segurança e investigação"
7380,9480,0.14044489869904725,"Outras atividades profissionais, científicas e técnicas",Organizações associativas e outros serviços pessoais
2600,5980,0.1402274165530083,"Fabricação de equipamentos de informática, produtos eletrônicos e ópticos","Atividades de televisão, rádio, cinema e  gravação/edição de som e imagem"
3500,5500,0.1401183301651779,"Energia elétrica, gás natural e outras utilidades",Alojamento
1700,8400,0.14005587952504608,"Fabricação de celulose, papel e produtos de papel","Administração pública, defesa e seguridade social"
7700,8691,0.13966509946992448,Aluguéis não imobiliários e gestão de ativos de propriedade intelectual,Saúde pública
2700,3500,0.13963753975229135,Fabricação de máquinas e equipamentos elétricos,"Energia elétrica, gás natural e outras utilidades"
1700,6280,0.1394215784344579,"Fabricação de celulose, papel e produtos de papel",Desenvolvimento de sistemas e outros serviços de informação
2100,7380,0.13910708659939383,Fabricação de produtos farmoquímicos e farmacêuticos,"Outras atividades profissionais, científicas e técnicas"
2700,5280,0.1389941178718521,Fabricação de máquinas e equipamentos elétricos,"Armazenamento, atividades auxiliares dos transportes e correio"
2200,3180,0.13879742665241848,Fabricação de produtos de borracha e de material plástico,Fabricação de móveis e de produtos de indústrias diversas
1092,2500,0.13864087233545688,Fabricação e refino de açúcar,"Fabricação de produtos de metal, exceto máquinas e equipamentos"
0792,3680,0.13845502250612285,"Extração de minerais metálicos não ferrosos, inclusive beneficiamentos","Água, esgoto e gestão de resíduos"
0191,2492,0.13834478509402662,"Agricultura, inclusive o apoio à agricultura e a pós-colheita",Metalurgia de metais não ferosos e a fundição de metais
2992,5100,0.13688761268905705,Fabricação de peças e acessórios para veículos automotores,Transporte aéreo
7180,8591,0.1364474067114852,"Serviços de arquitetura, engenharia, testes/análises técnicas e P & D",Educação pública
0192,7700,0.13628448671375565,"Pecuária, inclusive o apoio à pecuária",Aluguéis não imobiliários e gestão de ativos de propriedade intelectual
5280,6280,0.136248925712787,"Armazenamento, atividades auxiliares dos transportes e correio",Desenvolvimento de sistemas e outros serviços de informação
2100,8692,0.13621737133675266,Fabricação de produtos farmoquímicos e farmacêuticos,Saúde privada
5500,6280,0.1361501104627327,Alojamento,Desenvolvimento de sistemas e outros serviços de informação
5800,6980,0.13606060236303633,Edição e edição integrada à impressão,"Atividades jurídicas, contábeis, consultoria e sedes de empresas "
2800,7700,0.13522293404271798,Fabricação de máquinas e equipamentos mecânicos,Aluguéis não imobiliários e gestão de ativos de propriedade intelectual
1093,1991,0.1348169891407901,Outros produtos alimentares,Refino de petróleo e coquerias
1093,3300,0.13371406912919037,Outros produtos alimentares,"Manutenção, reparação e instalação de máquinas e equipamentos"
2492,6480,0.13360401698911226,Metalurgia de metais não ferosos e a fundição de metais,"Intermediação financeira, seguros e previdência complementar"
0192,3300,0.13358595961650085,"Pecuária, inclusive o apoio à pecuária","Manutenção, reparação e instalação de máquinas e equipamentos"
2093,7380,0.1332198424864445,"Fabricação de produtos de limpeza, cosméticos/perfumaria e higiene pessoal","Outras atividades profissionais, científicas e técnicas"
2600,7180,0.13239442300226484,"Fabricação de equipamentos de informática, produtos eletrônicos e ópticos","Serviços de arquitetura, engenharia, testes/análises técnicas e P & D"
1091,3300,0.1315667458626934,"Abate e produtos de carne, inclusive os produtos do laticínio e da pesca","Manutenção, reparação e instalação de máquinas e equipamentos"
4580,6280,0.13150588384792286,Comércio por atacado e varejo,Desenvolvimento de sistemas e outros serviços de informação
7880,9480,0.13077124341574423,Outras atividades administrativas e serviços complementares,Organizações associativas e outros serviços pessoais
5980,9480,0.13062024102537773,"Atividades de televisão, rádio, cinema e  gravação/edição de som e imagem",Organizações associativas e outros serviços pessoais
0280,2200,0.13040021957567957,Produção florestal; pesca e aquicultura,Fabricação de produtos de borracha e de material plástico
1092,7880,0.12995924152510677,Fabricação e refino de açúcar,Outras atividades administrativas e serviços complementares
3180,8692,0.12936202155970952,Fabricação de móveis e de produtos de indústrias diversas,Saúde privada
5980,8592,0.12895643930555462,"Atividades de televisão, rádio, cinema e  gravação/edição de som e imagem",Educação privada
2200,5600,0.12888118630394868,Fabricação de produtos de borracha e de material plástico,Alimentação
1091,7700,0.1287585968104426,"Abate e produtos de carne, inclusive os produtos do laticínio e da pesca",Aluguéis não imobiliários e gestão de ativos de propriedade intelectual
3680,4900,0.12827586803562036,"Água, esgoto e gestão de resíduos",Transporte terrestre
1092,1600,0.12791775318882456,Fabricação e refino de açúcar,Fabricação de produtos da madeira
1992,4580,0.12778471128304514,Fabricação de biocombustíveis,Comércio por atacado e varejo
0191,7880,0.127599143469058,"Agricultura, inclusive o apoio à agricultura e a pós-colheita",Outras atividades administrativas e serviços complementares
3300,6100,0.1272233335419258,"Manutenção, reparação e instalação de máquinas e equipamentos",Telecomunicações
0191,0580,0.1271821242616048,"Agricultura, inclusive o apoio à agricultura e a pós-colheita",Extração de carvão mineral e de minerais não metálicos
1100,2500,0.12656096695607957,Fabricação de bebidas,"Fabricação de produtos de metal, exceto máquinas e equipamentos"
1100,6980,0.12648027275586565,Fabricação de bebidas,"Atividades jurídicas, contábeis, consultoria e sedes de empresas "
1092,5600,0.12638968523697605,Fabricação e refino de açúcar,Alimentação
1092,4580,0.1263639956421166,Fabricação e refino de açúcar,Comércio por atacado e varejo
0680,2700,0.12635137981689723,"Extração de petróleo e gás, inclusive as atividades de apoio",Fabricação de máquinas e equipamentos elétricos
0792,1092,0.12626728771997522,"Extração de minerais metálicos não ferrosos, inclusive beneficiamentos",Fabricação e refino de açúcar
2093,6980,0.1261964626974554,"Fabricação de produtos de limpeza, cosméticos/perfumaria e higiene pessoal","Atividades jurídicas, contábeis, consultoria e sedes de empresas "
0680,3680,0.12579979334363078,"Extração de petróleo e gás, inclusive as atividades de apoio","Água, esgoto e gestão de resíduos"
1800,9480,0.1255628862949289,Impressão e reprodução de gravações,Organizações associativas e outros serviços pessoais
5000,5600,0.1254603722018125,Transporte aquaviário,Alimentação
4580,6480,0.12529110992050205,Comércio por atacado e varejo,"Intermediação financeira, seguros e previdência complementar"
1700,5800,0.12507053755180356,"Fabricação de celulose, papel e produtos de papel",Edição e edição integrada à impressão
1100,7700,0.12500580094153543,Fabricação de bebidas,Aluguéis não imobiliários e gestão de ativos de propriedade intelectual
1100,2091,0.12473212521635192,Fabricação de bebidas,"Fabricação de químicos orgânicos e inorgânicos, resinas e elastômeros"
2992,5500,0.12467596359604881,Fabricação de peças e acessórios para veículos automotores,Alojamento
2300,3680,0.12417127887688655,Fabricação de produtos de minerais não metálicos,"Água, esgoto e gestão de resíduos"
5000,6280,0.12415996999408468,Transporte aquaviário,Desenvolvimento de sistemas e outros serviços de informação
0280,5000,0.12414780971969754,Produção florestal; pesca e aquicultura,Transporte aquaviário
1992,2500,0.12411838275560085,Fabricação de biocombustíveis,"Fabricação de produtos de metal, exceto máquinas e equipamentos"
1300,2092,0.12394556809011492,Fabricação de produtos têxteis,"Fabricação de defensivos, desinfestantes, tintas e químicos diversos"
0280,1091,0.12365252630331042,Produção florestal; pesca e aquicultura,"Abate e produtos de carne, inclusive os produtos do laticínio e da pesca"
2093,2200,0.12363190035947502,"Fabricação de produtos de limpeza, cosméticos/perfumaria e higiene pessoal",Fabricação de produtos de borracha e de material plástico
1600,1992,0.12354994639878877,Fabricação de produtos da madeira,Fabricação de biocombustíveis
0791,3680,0.12348744332448619,"Extração de minério de ferro, inclusive beneficiamentos e a aglomeração","Água, esgoto e gestão de resíduos"
0580,2800,0.12323360734498005,Extração de carvão mineral e de minerais não metálicos,Fabricação de máquinas e equipamentos mecânicos
2492,3000,0.1223249805938151,Metalurgia de metais não ferosos e a fundição de metais,"Fabricação de outros equipamentos de transporte, exceto veículos automotores"
0280,1700,0.12210599437760004,Produção florestal; pesca e aquicultura,"Fabricação de celulose, papel e produtos de papel"
0280,0580,0.1218140830535184,Produção florestal; pesca e aquicultura,Extração de carvão mineral e de minerais não metálicos
1600,2800,0.12164856985758123,Fabricação de produtos da madeira,Fabricação de máquinas e equipamentos mecânicos
7700,9480,0.12160779352017598,Aluguéis não imobiliários e gestão de ativos de propriedade intelectual,Organizações associativas e outros serviços pessoais
2092,5600,0.1215083626389891,"Fabricação de defensivos, desinfestantes, tintas e químicos diversos",Alimentação
2700,4900,0.1214035525345834,Fabricação de máquinas e equipamentos elétricos,Transporte terrestre
2091,2800,0.12137251814104102,"Fabricação de químicos orgânicos e inorgânicos, resinas e elastômeros",Fabricação de máquinas e equipamentos mecânicos
2100,7180,0.12128516464787754,Fabricação de produtos farmoquímicos e farmacêuticos,"Serviços de arquitetura, engenharia, testes/análises técnicas e P & D"
0280,7700,0.1210137306267625,Produção florestal; pesca e aquicultura,Aluguéis não imobiliários e gestão de ativos de propriedade intelectual
7380,9080,0.12095886475914659,"Outras atividades profissionais, científicas e técnicas","Atividades artísticas, criativas e de espetáculos"
5980,9080,0.12090724144698792,"Atividades de televisão, rádio, cinema e  gravação/edição de som e imagem","Atividades artísticas, criativas e de espetáculos"
0191,5600,0.12087140104128472,"Agricultura, inclusive o apoio à agricultura e a pós-colheita",Alimentação
0280,1600,0.12085251871716106,Produção florestal; pesca e aquicultura,Fabricação de produtos da madeira
6800,6980,0.12085123865257909,Atividades imobiliárias,"Atividades jurídicas, contábeis, consultoria e sedes de empresas "
1992,7880,0.12064837424048402,Fabricação de biocombustíveis,Outras atividades administrativas e serviços complementares
1800,5600,0.12061582896816314,Impressão e reprodução de gravações,Alimentação
1093,1800,0.12050853204958678,Outros produtos alimentares,Impressão e reprodução de gravações
0192,0280,0.12049526247249662,"Pecuária, inclusive o apoio à pecuária",Produção florestal; pesca e aquicultura
0792,1992,0.12029980778079084,"Extração de minerais metálicos não ferrosos, inclusive beneficiamentos",Fabricação de biocombustíveis
0280,6980,0.1201832470114549,Produção florestal; pesca e aquicultura,"Atividades jurídicas, contábeis, consultoria e sedes de empresas "
2491,6480,0.12010115380092432,"Produção de ferro gusa/ferroligas, siderurgia e tubos de aço sem costura","Intermediação financeira, seguros e previdência complementar"
2100,5980,0.11892872972992016,Fabricação de produtos farmoquímicos e farmacêuticos,"Atividades de televisão, rádio, cinema e  gravação/edição de som e imagem"
1092,2300,0.11889130741478633,Fabricação e refino de açúcar,Fabricação de produtos de minerais não metálicos
2991,8000,0.11854444229165892,"Fabricação de automóveis, caminhões e ônibus, exceto peças","Atividades de vigilância, segurança e investigação"
1300,1500,0.11853607976150979,Fabricação de produtos têxteis,Fabricação de calçados e de artefatos de couro
2300,2992,0.11820416448535245,Fabricação de produtos de minerais não metálicos,Fabricação de peças e acessórios para veículos automotores
1992,2300,0.11757806104240254,Fabricação de biocombustíveis,Fabricação de produtos de minerais não metálicos
4900,6480,0.11753620511588563,Transporte terrestre,"Intermediação financeira, seguros e previdência complementar"
7700,8591,0.11729383266824286,Aluguéis não imobiliários e gestão de ativos de propriedade intelectual,Educação pública
1600,6480,0.11727628342472332,Fabricação de produtos da madeira,"Intermediação financeira, seguros e previdência complementar"
2700,7880,0.11668738431106428,Fabricação de máquinas e equipamentos elétricos,Outras atividades administrativas e serviços complementares
2093,5980,0.11663440241552671,"Fabricação de produtos de limpeza, cosméticos/perfumaria e higiene pessoal","Atividades de televisão, rádio, cinema e  gravação/edição de som e imagem"
0280,2491,0.1165413511785309,Produção florestal; pesca e aquicultura,"Produção de ferro gusa/ferroligas, siderurgia e tubos de aço sem costura"
1700,3180,0.11625118530298355,"Fabricação de celulose, papel e produtos de papel",Fabricação de móveis e de produtos de indústrias diversas
1400,2091,0.1159390091786472,Confecção de artefatos do vestuário e acessórios,"Fabricação de químicos orgânicos e inorgânicos, resinas e elastômeros"
1093,8000,0.11574697659733826,Outros produtos alimentares,"Atividades de vigilância, segurança e investigação"
2092,6280,0.11555959366375708,"Fabricação de defensivos, desinfestantes, tintas e químicos diversos",Desenvolvimento de sistemas e outros serviços de informação
2300,4580,0.11523756643389983,Fabricação de produtos de minerais não metálicos,Comércio por atacado e varejo
0192,0680,0.11523390917284061,"Pecuária, inclusive o apoio à pecuária","Extração de petróleo e gás, inclusive as atividades de apoio"
1092,1100,0.11500280425741896,Fabricação e refino de açúcar,Fabricação de bebidas
1300,2200,0.1146754917204582,Fabricação de produtos têxteis,Fabricação de produtos de borracha e de material plástico
5800,8592,0.1145176474816008,Edição e edição integrada à impressão,Educação privada
1991,3680,0.11449069022340738,Refino de petróleo e coquerias,"Água, esgoto e gestão de resíduos"
1100,1800,0.11421955904248328,Fabricação de bebidas,Impressão e reprodução de gravações
1300,1700,0.11410171971740718,Fabricação de produtos têxteis,"Fabricação de celulose, papel e produtos de papel"
2800,7380,0.1140441505265345,Fabricação de máquinas e equipamentos mecânicos,"Outras atividades profissionais, científicas e técnicas"
0191,1600,0.113799495411051,"Agricultura, inclusive o apoio à agricultura e a pós-colheita",Fabricação de produtos da madeira
0192,1991,0.11369347459950657,"Pecuária, inclusive o apoio à pecuária",Refino de petróleo e coquerias
1800,6800,0.11369152639716136,Impressão e reprodução de gravações,Atividades imobiliárias
2092,2800,0.11366659871686893,"Fabricação de defensivos, desinfestantes, tintas e químicos diversos",Fabricação de máquinas e equipamentos mecânicos
6800,7380,0.11366236896316408,Atividades imobiliárias,"Outras atividades profissionais, científicas e técnicas"
1300,1600,0.11349740263013498,Fabricação de produtos têxteis,Fabricação de produtos da madeira
1991,2700,0.11349465929221207,Refino de petróleo e coquerias,Fabricação de máquinas e equipamentos elétricos
6980,8692,0.1133416274060733,"Atividades jurídicas, contábeis, consultoria e sedes de empresas ",Saúde privada
2091,6280,0.11318603450482424,"Fabricação de químicos orgânicos e inorgânicos, resinas e elastômeros",Desenvolvimento de sistemas e outros serviços de informação
0791,1092,0.11297950251338647,"Extração de minério de ferro, inclusive beneficiamentos e a aglomeração",Fabricação e refino de açúcar
2200,6280,0.11287908651328822,Fabricação de produtos de borracha e de material plástico,Desenvolvimento de sistemas e outros serviços de informação
0580,6480,0.1128075118025248,Extração de carvão mineral e de minerais não metálicos,"Intermediação financeira, seguros e previdência complementar"
1300,7380,0.11279923792129885,Fabricação de produtos têxteis,"Outras atividades profissionais, científicas e técnicas"
0280,7380,0.11276745237874468,Produção florestal; pesca e aquicultura,"Outras atividades profissionais, científicas e técnicas"
2200,2600,0.11264517371504121,Fabricação de produtos de borracha e de material plástico,"Fabricação de equipamentos de informática, produtos eletrônicos e ópticos"
0191,2500,0.11255052567741243,"Agricultura, inclusive o apoio à agricultura e a pós-colheita","Fabricação de produtos de metal, exceto máquinas e equipamentos"
0280,2300,0.1118868845895617,Produção florestal; pesca e aquicultura,Fabricação de produtos de minerais não metálicos
5800,6480,0.11147825334164932,Edição e edição integrada à impressão,"Intermediação financeira, seguros e previdência complementar"
0791,1992,0.11138370191431217,"Extração de minério de ferro, inclusive beneficiamentos e a aglomeração",Fabricação de biocombustíveis
1100,1700,0.1112951952534895,Fabricação de bebidas,"Fabricação de celulose, papel e produtos de papel"
2992,3500,0.11110764278884198,Fabricação de peças e acessórios para veículos automotores,"Energia elétrica, gás natural e outras utilidades"
0280,2492,0.11102111629801681,Produção florestal; pesca e aquicultura,Metalurgia de metais não ferosos e a fundição de metais
0280,3300,0.1109684761818877,Produção florestal; pesca e aquicultura,"Manutenção, reparação e instalação de máquinas e equipamentos"
1700,2100,0.11089467609022409,"Fabricação de celulose, papel e produtos de papel",Fabricação de produtos farmoquímicos e farmacêuticos
0192,1092,0.11068019156085226,"Pecuária, inclusive o apoio à pecuária",Fabricação e refino de açúcar
0680,1091,0.1104827870784679,"Extração de petróleo e gás, inclusive as atividades de apoio","Abate e produtos de carne, inclusive os produtos do laticínio e da pesca"
0191,0792,0.11025647311051563,"Agricultura, inclusive o apoio à agricultura e a pós-colheita","Extração de minerais metálicos não ferrosos, inclusive beneficiamentos"
2500,5600,0.11004132536287071,"Fabricação de produtos de metal, exceto máquinas e equipamentos",Alimentação
3500,3680,0.10973815579833725,"Energia elétrica, gás natural e outras utilidades","Água, esgoto e gestão de resíduos"
1091,1991,0.10972515367147281,"Abate e produtos de carne, inclusive os produtos do laticínio e da pesca",Refino de petróleo e coquerias
3680,6280,0.10955005013988552,"Água, esgoto e gestão de resíduos",Desenvolvimento de sistemas e outros serviços de informação
3180,3300,0.10950497190978126,Fabricação de móveis e de produtos de indústrias diversas,"Manutenção, reparação e instalação de máquinas e equipamentos"
5800,7180,0.10946462755148677,Edição e edição integrada à impressão,"Serviços de arquitetura, engenharia, testes/análises técnicas e P & D"
6100,7180,0.10913258463764974,Telecomunicações,"Serviços de arquitetura, engenharia, testes/análises técnicas e P & D"
0680,6480,0.10908076890688341,"Extração de petróleo e gás, inclusive as atividades de apoio","Intermediação financeira, seguros e previdência complementar"
3500,4180,0.1085796100337365,"Energia elétrica, gás natural e outras utilidades",Construção
1300,6980,0.10855592123460588,Fabricação de produtos têxteis,"Atividades jurídicas, contábeis, consultoria e sedes de empresas "
1800,8591,0.10829212519652161,Impressão e reprodução de gravações,Educação pública
2092,2991,0.10749235352330243,"Fabricação de defensivos, desinfestantes, tintas e químicos diversos","Fabricação de automóveis, caminhões e ônibus, exceto peças"
1092,5100,0.10691070637903904,Fabricação e refino de açúcar,Transporte aéreo
1700,2991,0.10689013377563003,"Fabricação de celulose, papel e produtos de papel","Fabricação de automóveis, caminhões e ônibus, exceto peças"
0792,6480,0.10665419862471086,"Extração de minerais metálicos não ferrosos, inclusive beneficiamentos","Intermediação financeira, seguros e previdência complementar"
1091,1092,0.10542881411271196,"Abate e produtos de carne, inclusive os produtos do laticínio e da pesca",Fabricação e refino de açúcar
1800,9080,0.10512858475942469,Impressão e reprodução de gravações,"Atividades artísticas, criativas e de espetáculos"
5280,9480,0.10501539179162189,"Armazenamento, atividades auxiliares dos transportes e correio",Organizações associativas e outros serviços pessoais
2700,5100,0.10491915104302943,Fabricação de máquinas e equipamentos elétricos,Transporte aéreo
2500,6480,0.10489304050224096,"Fabricação de produtos de metal, exceto máquinas e equipamentos","Intermediação financeira, seguros e previdência complementar"
0192,8000,0.10460106964148844,"Pecuária, inclusive o apoio à pecuária","Atividades de vigilância, segurança e investigação"
2092,2100,0.10457611141331714,"Fabricação de defensivos, desinfestantes, tintas e químicos diversos",Fabricação de produtos farmoquímicos e farmacêuticos
5000,8400,0.10450627780776582,Transporte aquaviário,"Administração pública, defesa e seguridade social"
3500,8400,0.10445793383833006,"Energia elétrica, gás natural e outras utilidades","Administração pública, defesa e seguridade social"
6100,6480,0.10443984132494868,Telecomunicações,"Intermediação financeira, seguros e previdência complementar"
1100,5280,0.10439549422645926,Fabricação de bebidas,"Armazenamento, atividades auxiliares dos transportes e correio"
5280,6100,0.10423833326091929,"Armazenamento, atividades auxiliares dos transportes e correio",Telecomunicações
3300,5800,0.10399225024246887,"Manutenção, reparação e instalação de máquinas e equipamentos",Edição e edição integrada à impressão
2092,3180,0.10381047786914249,"Fabricação de defensivos, desinfestantes, tintas e químicos diversos",Fabricação de móveis e de produtos de indústrias diversas
1093,2492,0.1036920019418813,Outros produtos alimentares,Metalurgia de metais não ferosos e a fundição de metais
0280,2500,0.10365436343480314,Produção florestal; pesca e aquicultura,"Fabricação de produtos de metal, exceto máquinas e equipamentos"
1300,7700,0.10362712873616038,Fabricação de produtos têxteis,Aluguéis não imobiliários e gestão de ativos de propriedade intelectual
1992,5100,0.10327999562079714,Fabricação de biocombustíveis,Transporte aéreo
0280,7180,0.10280483462127074,Produção florestal; pesca e aquicultura,"Serviços de arquitetura, engenharia, testes/análises técnicas e P & D"
5600,7880,0.10266240101211446,Alimentação,Outras atividades administrativas e serviços complementares
1992,4180,0.10259405225866845,Fabricação de biocombustíveis,Construção
1700,6100,0.10242537482906086,"Fabricação de celulose, papel e produtos de papel",Telecomunicações
0280,4180,0.10239985485926155,Produção florestal; pesca e aquicultura,Construção
1300,3300,0.10231747784867351,Fabricação de produtos têxteis,"Manutenção, reparação e instalação de máquinas e equipamentos"
5280,5600,0.10229865356602826,"Armazenamento, atividades auxiliares dos transportes e correio",Alimentação
0191,3500,0.10215001287690799,"Agricultura, inclusive o apoio à agricultura e a pós-colheita","Energia elétrica, gás natural e outras utilidades"
2092,8400,0.10161260977933312,"Fabricação de defensivos, desinfestantes, tintas e químicos diversos","Administração pública, defesa e seguridade social"
5980,6800,0.1014987154834924,"Atividades de televisão, rádio, cinema e  gravação/edição de som e imagem",Atividades imobiliárias
2492,2600,0.10144591277733389,Metalurgia de metais não ferosos e a fundição de metais,"Fabricação de equipamentos de informática, produtos eletrônicos e ópticos"
2800,5980,0.10133276355828398,Fabricação de máquinas e equipamentos mecânicos,"Atividades de televisão, rádio, cinema e  gravação/edição de som e imagem"
1991,6480,0.10132782225205354,Refino de petróleo e coquerias,"Intermediação financeira, seguros e previdência complementar"
2992,3680,0.10120781243736204,Fabricação de peças e acessórios para veículos automotores,"Água, esgoto e gestão de resíduos"
4900,5600,0.10106380765383198,Transporte terrestre,Alimentação
1300,5980,0.10103921630418786,Fabricação de produtos têxteis,"Atividades de televisão, rádio, cinema e  gravação/edição de som e imagem"
2700,4580,0.10085759389237971,Fabricação de máquinas e equipamentos elétricos,Comércio por atacado e varejo
1093,1992,0.10067890122406692,Outros produtos alimentares,Fabricação de biocombustíveis
3680,4180,0.10066625699978346,"Água, esgoto e gestão de resíduos",Construção
1091,8000,0.10061084279768213,"Abate e produtos de carne, inclusive os produtos do laticínio e da pesca","Atividades de vigilância, segurança e investigação"
2492,6280,0.10043568362842337,Metalurgia de metais não ferosos e a fundição de metais,Desenvolvimento de sistemas e outros serviços de informação
0192,1800,0.10015734702130966,"Pecuária, inclusive o apoio à pecuária",Impressão e reprodução de gravações
2091,8400,0.10002442940409922,"Fabricação de químicos orgânicos e inorgânicos, resinas e elastômeros","Administração pública, defesa e seguridade social"
2700,2800,0.09981990775274649,Fabricação de máquinas e equipamentos elétricos,Fabricação de máquinas e equipamentos mecânicos
0280,5980,0.09947407408541684,Produção florestal; pesca e aquicultura,"Atividades de televisão, rádio, cinema e  gravação/edição de som e imagem"
2093,5000,0.09946676196652944,"Fabricação de produtos de limpeza, cosméticos/perfumaria e higiene pessoal",Transporte aquaviário
1100,8000,0.0992366389325716,Fabricação de bebidas,"Atividades de vigilância, segurança e investigação"
3300,8691,0.09913907214889965,"Manutenção, reparação e instalação de máquinas e equipamentos",Saúde pública
3300,5600,0.09889401293368213,"Manutenção, reparação e instalação de máquinas e equipamentos",Alimentação
2991,4900,0.09873273766289499,"Fabricação de automóveis, caminhões e ônibus, exceto peças",Transporte terrestre
0192,5600,0.0987073020528148,"Pecuária, inclusive o apoio à pecuária",Alimentação
2700,5500,0.09870055819520292,Fabricação de máquinas e equipamentos elétricos,Alojamento
1100,2092,0.09849400976754931,Fabricação de bebidas,"Fabricação de defensivos, desinfestantes, tintas e químicos diversos"
2092,6800,0.0984704580914057,"Fabricação de defensivos, desinfestantes, tintas e químicos diversos",Atividades imobiliárias
0191,5100,0.09788072202909386,"Agricultura, inclusive o apoio à agricultura e a pós-colheita",Transporte aéreo
1600,8692,0.09752590671922684,Fabricação de produtos da madeira,Saúde privada
3500,6480,0.09746004885321663,"Energia elétrica, gás natural e outras utilidades","Intermediação financeira, seguros e previdência complementar"
2700,2992,0.0972782498988209,Fabricação de máquinas e equipamentos elétricos,Fabricação de peças e acessórios para veículos automotores
0191,2491,0.09722750898705816,"Agricultura, inclusive o apoio à agricultura e a pós-colheita","Produção de ferro gusa/ferroligas, siderurgia e tubos de aço sem costura"
0192,2500,0.09704429941059521,"Pecuária, inclusive o apoio à pecuária","Fabricação de produtos de metal, exceto máquinas e equipamentos"
1300,2492,0.09694659377983735,Fabricação de produtos têxteis,Metalurgia de metais não ferosos e a fundição de metais
5000,6100,0.09656593899279399,Transporte aquaviário,Telecomunicações
1300,7180,0.09643511082776529,Fabricação de produtos têxteis,"Serviços de arquitetura, engenharia, testes/análises técnicas e P & D"
2600,7700,0.09582487126042337,"Fabricação de equipamentos de informática, produtos eletrônicos e ópticos",Aluguéis não imobiliários e gestão de ativos de propriedade intelectual
1092,4180,0.0957923616687329,Fabricação e refino de açúcar,Construção
2300,6480,0.0957683330240474,Fabricação de produtos de minerais não metálicos,"Intermediação financeira, seguros e previdência complementar"
1091,1800,0.09547907174560467,"Abate e produtos de carne, inclusive os produtos do laticínio e da pesca",Impressão e reprodução de gravações
2092,6100,0.09544362241736666,"Fabricação de defensivos, desinfestantes, tintas e químicos diversos",Telecomunicações
0791,6480,0.0945233637696837,"Extração de minério de ferro, inclusive beneficiamentos e a aglomeração","Intermediação financeira, seguros e previdência complementar"
2200,6100,0.09443390048020218,Fabricação de produtos de borracha e de material plástico,Telecomunicações
1500,2091,0.09416046362884785,Fabricação de calçados e de artefatos de couro,"Fabricação de químicos orgânicos e inorgânicos, resinas e elastômeros"
1100,5000,0.09410355778858137,Fabricação de bebidas,Transporte aquaviário
5100,6100,0.09380267202130453,Transporte aéreo,Telecomunicações
1700,8692,0.09374289919663008,"Fabricação de celulose, papel e produtos de papel",Saúde privada
2093,7180,0.09344640878680661,"Fabricação de produtos de limpeza, cosméticos/perfumaria e higiene pessoal","Serviços de arquitetura, engenharia, testes/análises técnicas e P & D"
0280,0792,0.09341261299804272,Produção florestal; pesca e aquicultura,"Extração de minerais metálicos não ferrosos, inclusive beneficiamentos"
4580,6100,0.09324148844579173,Comércio por atacado e varejo,Telecomunicações
2091,8692,0.09316425181769061,"Fabricação de químicos orgânicos e inorgânicos, resinas e elastômeros",Saúde privada
1800,2991,0.09296058973909972,Impressão e reprodução de gravações,"Fabricação de automóveis, caminhões e ônibus, exceto peças"
1093,2500,0.09287427289182315,Outros produtos alimentares,"Fabricação de produtos de metal, exceto máquinas e equipamentos"
2500,3000,0.09275775446046998,"Fabricação de produtos de metal, exceto máquinas e equipamentos","Fabricação de outros equipamentos de transporte, exceto veículos automotores"
2600,2700,0.09263631781286505,"Fabricação de equipamentos de informática, produtos eletrônicos e ópticos",Fabricação de máquinas e equipamentos elétricos
2091,6100,0.09248589780294242,"Fabricação de químicos orgânicos e inorgânicos, resinas e elastômeros",Telecomunicações
2800,8000,0.09242748775838919,Fabricação de máquinas e equipamentos mecânicos,"Atividades de vigilância, segurança e investigação"
1092,5500,0.09231371360232067,Fabricação e refino de açúcar,Alojamento
1091,2500,0.09215730287370646,"Abate e produtos de carne, inclusive os produtos do laticínio e da pesca","Fabricação de produtos de metal, exceto máquinas e equipamentos"
7380,8691,0.09203324397182089,"Outras atividades profissionais, científicas e técnicas",Saúde pública
1300,5000,0.09178669036640769,Fabricação de produtos têxteis,Transporte aquaviário
2492,6100,0.09168396018121841,Metalurgia de metais não ferosos e a fundição de metais,Telecomunicações
5600,7180,0.0916078715730343,Alimentação,"Serviços de arquitetura, engenharia, testes/análises técnicas e P & D"
0280,0791,0.09149293293054145,Produção florestal; pesca e aquicultura,"Extração de minério de ferro, inclusive beneficiamentos e a aglomeração"
2491,3180,0.09137482067771127,"Produção de ferro gusa/ferroligas, siderurgia e tubos de aço sem costura",Fabricação de móveis e de produtos de indústrias diversas
1093,5600,0.09136096968956584,Outros produtos alimentares,Alimentação
3000,3300,0.09102037161550547,"Fabricação de outros equipamentos de transporte, exceto veículos automotores","Manutenção, reparação e instalação de máquinas e equipamentos"
7700,8692,0.09101431294937454,Aluguéis não imobiliários e gestão de ativos de propriedade intelectual,Saúde privada
0191,5500,0.09034855631379211,"Agricultura, inclusive o apoio à agricultura e a pós-colheita",Alojamento
1700,2800,0.09033733570134439,"Fabricação de celulose, papel e produtos de papel",Fabricação de máquinas e equipamentos mecânicos
2491,3000,0.09032638995548191,"Produção de ferro gusa/ferroligas, siderurgia e tubos de aço sem costura","Fabricação de outros equipamentos de transporte, exceto veículos automotores"
1091,5600,0.09021457139783798,"Abate e produtos de carne, inclusive os produtos do laticínio e da pesca",Alimentação
0192,2492,0.08990049741500936,"Pecuária, inclusive o apoio à pecuária",Metalurgia de metais não ferosos e a fundição de metais
4900,6280,0.08967221612284024,Transporte terrestre,Desenvolvimento de sistemas e outros serviços de informação
0680,8400,0.08966215009206424,"Extração de petróleo e gás, inclusive as atividades de apoio","Administração pública, defesa e seguridade social"
1100,3300,0.08925655950858868,Fabricação de bebidas,"Manutenção, reparação e instalação de máquinas e equipamentos"
2093,7700,0.08894182888597953,"Fabricação de produtos de limpeza, cosméticos/perfumaria e higiene pessoal",Aluguéis não imobiliários e gestão de ativos de propriedade intelectual
0191,1100,0.08856096746469193,"Agricultura, inclusive o apoio à agricultura e a pós-colheita",Fabricação de bebidas
6980,8592,0.0883600568288597,"Atividades jurídicas, contábeis, consultoria e sedes de empresas ",Educação privada
4180,4580,0.08833334544274322,Construção,Comércio por atacado e varejo
1800,2093,0.08826131016648008,Impressão e reprodução de gravações,"Fabricação de produtos de limpeza, cosméticos/perfumaria e higiene pessoal"
1700,8591,0.08798887006588194,"Fabricação de celulose, papel e produtos de papel",Educação pública
3300,9480,0.08765764723669033,"Manutenção, reparação e instalação de máquinas e equipamentos",Organizações associativas e outros serviços pessoais
0280,1800,0.08731149461948931,Produção florestal; pesca e aquicultura,Impressão e reprodução de gravações
6480,6800,0.08705775562797263,"Intermediação financeira, seguros e previdência complementar",Atividades imobiliárias
1800,2800,0.08692483178009215,Impressão e reprodução de gravações,Fabricação de máquinas e equipamentos mecânicos
7700,9080,0.08659421533400137,Aluguéis não imobiliários e gestão de ativos de propriedade intelectual,"Atividades artísticas, criativas e de espetáculos"
0580,1093,0.0865300896780782,Extração de carvão mineral e de minerais não metálicos,Outros produtos alimentares
5500,6100,0.08633484813157091,Alojamento,Telecomunicações
0792,3000,0.08631772426057152,"Extração de minerais metálicos não ferrosos, inclusive beneficiamentos","Fabricação de outros equipamentos de transporte, exceto veículos automotores"
1992,5500,0.08625305206106962,Fabricação de biocombustíveis,Alojamento
2800,5280,0.08611150163848669,Fabricação de máquinas e equipamentos mecânicos,"Armazenamento, atividades auxiliares dos transportes e correio"
1300,2491,0.086039976964578,Fabricação de produtos têxteis,"Produção de ferro gusa/ferroligas, siderurgia e tubos de aço sem costura"
2300,2800,0.08588171655993448,Fabricação de produtos de minerais não metálicos,Fabricação de máquinas e equipamentos mecânicos
2491,6280,0.08551277969922842,"Produção de ferro gusa/ferroligas, siderurgia e tubos de aço sem costura",Desenvolvimento de sistemas e outros serviços de informação
1100,4900,0.08537755749894513,Fabricação de bebidas,Transporte terrestre
1300,1800,0.08531631878699003,Fabricação de produtos têxteis,Impressão e reprodução de gravações
1092,3500,0.08485550942822126,Fabricação e refino de açúcar,"Energia elétrica, gás natural e outras utilidades"
4900,8400,0.08461637044547625,Transporte terrestre,"Administração pública, defesa e seguridade social"
3180,7700,0.0845027341638147,Fabricação de móveis e de produtos de indústrias diversas,Aluguéis não imobiliários e gestão de ativos de propriedade intelectual
3180,6980,0.08377032348862384,Fabricação de móveis e de produtos de indústrias diversas,"Atividades jurídicas, contábeis, consultoria e sedes de empresas "
2800,4900,0.0836860939010978,Fabricação de máquinas e equipamentos mecânicos,Transporte terrestre
1093,7880,0.08362334223935484,Outros produtos alimentares,Outras atividades administrativas e serviços complementares
1600,6280,0.08349183781432369,Fabricação de produtos da madeira,Desenvolvimento de sistemas e outros serviços de informação
1091,2492,0.08337662136422465,"Abate e produtos de carne, inclusive os produtos do laticínio e da pesca",Metalurgia de metais não ferosos e a fundição de metais
5100,5800,0.0831283810474182,Transporte aéreo,Edição e edição integrada à impressão
0192,0580,0.08280022902192186,"Pecuária, inclusive o apoio à pecuária",Extração de carvão mineral e de minerais não metálicos
1700,9480,0.08278496548361641,"Fabricação de celulose, papel e produtos de papel",Organizações associativas e outros serviços pessoais
0280,8000,0.08269334350807653,Produção florestal; pesca e aquicultura,"Atividades de vigilância, segurança e investigação"
0792,1093,0.08263295910796276,"Extração de minerais metálicos não ferrosos, inclusive beneficiamentos",Outros produtos alimentares
5800,8400,0.08153858226880481,Edição e edição integrada à impressão,"Administração pública, defesa e seguridade social"
7880,8592,0.08152531993131275,Outras atividades administrativas e serviços complementares,Educação privada
2492,8400,0.0814409587506372,Metalurgia de metais não ferosos e a fundição de metais,"Administração pública, defesa e seguridade social"
2092,8691,0.08138771380970963,"Fabricação de defensivos, desinfestantes, tintas e químicos diversos",Saúde pública
2100,3300,0.08122816532555947,Fabricação de produtos farmoquímicos e farmacêuticos,"Manutenção, reparação e instalação de máquinas e equipamentos"
0580,2991,0.08107451893021975,Extração de carvão mineral e de minerais não metálicos,"Fabricação de automóveis, caminhões e ônibus, exceto peças"
3680,5600,0.08065557182204769,"Água, esgoto e gestão de resíduos",Alimentação
6800,8000,0.08058991504896847,Atividades imobiliárias,"Atividades de vigilância, segurança e investigação"
2800,7880,0.08056523187197717,Fabricação de máquinas e equipamentos mecânicos,Outras atividades administrativas e serviços complementares
2600,5280,0.0805006574229795,"Fabricação de equipamentos de informática, produtos eletrônicos e ópticos","Armazenamento, atividades auxiliares dos transportes e correio"
2600,8000,0.0804096585696089,"Fabricação de equipamentos de informática, produtos eletrônicos e ópticos","Atividades de vigilância, segurança e investigação"
5980,8691,0.08036542970994914,"Atividades de televisão, rádio, cinema e  gravação/edição de som e imagem",Saúde pública
0580,1300,0.08035513255435532,Extração de carvão mineral e de minerais não metálicos,Fabricação de produtos têxteis
6100,8400,0.08022306192590273,Telecomunicações,"Administração pública, defesa e seguridade social"
2092,5800,0.08019146659870187,"Fabricação de defensivos, desinfestantes, tintas e químicos diversos",Edição e edição integrada à impressão
1092,2992,0.08010293812250822,Fabricação e refino de açúcar,Fabricação de peças e acessórios para veículos automotores
1992,2093,0.0799770584141317,Fabricação de biocombustíveis,"Fabricação de produtos de limpeza, cosméticos/perfumaria e higiene pessoal"
6980,9080,0.0798585679270416,"Atividades jurídicas, contábeis, consultoria e sedes de empresas ","Atividades artísticas, criativas e de espetáculos"
1992,2992,0.07985191158682399,Fabricação de biocombustíveis,Fabricação de peças e acessórios para veículos automotores
6100,6280,0.07984928306888069,Telecomunicações,Desenvolvimento de sistemas e outros serviços de informação
5280,5800,0.07983919952262736,"Armazenamento, atividades auxiliares dos transportes e correio",Edição e edição integrada à impressão
1300,8000,0.07979650025478216,Fabricação de produtos têxteis,"Atividades de vigilância, segurança e investigação"
1300,3180,0.079780006057337,Fabricação de produtos têxteis,Fabricação de móveis e de produtos de indústrias diversas
4180,6480,0.07976273971993988,Construção,"Intermediação financeira, seguros e previdência complementar"
1100,7180,0.07957607497133298,Fabricação de bebidas,"Serviços de arquitetura, engenharia, testes/análises técnicas e P & D"
7880,8692,0.07941702687740224,Outras atividades administrativas e serviços complementares,Saúde privada
0280,5280,0.07935946009748028,Produção florestal; pesca e aquicultura,"Armazenamento, atividades auxiliares dos transportes e correio"
0191,2300,0.07923952643200263,"Agricultura, inclusive o apoio à agricultura e a pós-colheita",Fabricação de produtos de minerais não metálicos
2100,8691,0.07915779017306851,Fabricação de produtos farmoquímicos e farmacêuticos,Saúde pública
0680,6280,0.07904668018755748,"Extração de petróleo e gás, inclusive as atividades de apoio",Desenvolvimento de sistemas e outros serviços de informação
2200,8400,0.07872617974368212,Fabricação de produtos de borracha e de material plástico,"Administração pública, defesa e seguridade social"
2093,3300,0.0785296229602217,"Fabricação de produtos de limpeza, cosméticos/perfumaria e higiene pessoal","Manutenção, reparação e instalação de máquinas e equipamentos"
0792,6280,0.07843210921311627,"Extração de minerais metálicos não ferrosos, inclusive beneficiamentos",Desenvolvimento de sistemas e outros serviços de informação
3180,7180,0.07786335996008373,Fabricação de móveis e de produtos de indústrias diversas,"Serviços de arquitetura, engenharia, testes/análises técnicas e P & D"
5000,5800,0.07739729362458592,Transporte aquaviário,Edição e edição integrada à impressão
6800,7700,0.0773167152692719,Atividades imobiliárias,Aluguéis não imobiliários e gestão de ativos de propriedade intelectual
1992,3500,0.07730292966419089,Fabricação de biocombustíveis,"Energia elétrica, gás natural e outras utilidades"
3180,7380,0.07727553201367235,Fabricação de móveis e de produtos de indústrias diversas,"Outras atividades profissionais, científicas e técnicas"
0191,0791,0.07706135954800401,"Agricultura, inclusive o apoio à agricultura e a pós-colheita","Extração de minério de ferro, inclusive beneficiamentos e a aglomeração"
1093,3500,0.07658671657287901,Outros produtos alimentares,"Energia elétrica, gás natural e outras utilidades"
2491,6100,0.07656428839030117,"Produção de ferro gusa/ferroligas, siderurgia e tubos de aço sem costura",Telecomunicações
0792,1300,0.07639174974904761,"Extração de minerais metálicos não ferrosos, inclusive beneficiamentos",Fabricação de produtos têxteis
2091,9480,0.07604628133090517,"Fabricação de químicos orgânicos e inorgânicos, resinas e elastômeros",Organizações associativas e outros serviços pessoais
3680,9480,0.0758224524377528,"Água, esgoto e gestão de resíduos",Organizações associativas e outros serviços pessoais
3680,8692,0.07578105284310088,"Água, esgoto e gestão de resíduos",Saúde privada
1100,7880,0.07558317844631819,Fabricação de bebidas,Outras atividades administrativas e serviços complementares
2091,5800,0.07522698782497855,"Fabricação de químicos orgânicos e inorgânicos, resinas e elastômeros",Edição e edição integrada à impressão
3500,6280,0.07519641903627461,"Energia elétrica, gás natural e outras utilidades",Desenvolvimento de sistemas e outros serviços de informação
2992,6480,0.07493630458591556,Fabricação de peças e acessórios para veículos automotores,"Intermediação financeira, seguros e previdência complementar"
0192,3500,0.07488937494998593,"Pecuária, inclusive o apoio à pecuária","Energia elétrica, gás natural e outras utilidades"
2092,2600,0.074779612103518,"Fabricação de defensivos, desinfestantes, tintas e químicos diversos","Fabricação de equipamentos de informática, produtos eletrônicos e ópticos"
1093,1600,0.07472808124801755,Outros produtos alimentares,Fabricação de produtos da madeira
2800,4180,0.07459183044184572,Fabricação de máquinas e equipamentos mecânicos,Construção
1092,3680,0.07450631272154283,Fabricação e refino de açúcar,"Água, esgoto e gestão de resíduos"
5500,5800,0.0744937755874807,Alojamento,Edição e edição integrada à impressão
4580,5800,0.07438927934698912,Comércio por atacado e varejo,Edição e edição integrada à impressão
2500,8400,0.07400324498073828,"Fabricação de produtos de metal, exceto máquinas e equipamentos","Administração pública, defesa e seguridade social"
2091,2600,0.07391859661806414,"Fabricação de químicos orgânicos e inorgânicos, resinas e elastômeros","Fabricação de equipamentos de informática, produtos eletrônicos e ópticos"
2200,3000,0.0738020712233506,Fabricação de produtos de borracha e de material plástico,"Fabricação de outros equipamentos de transporte, exceto veículos automotores"
0791,3180,0.07341056295672363,"Extração de minério de ferro, inclusive beneficiamentos e a aglomeração",Fabricação de móveis e de produtos de indústrias diversas
1800,8592,0.07327954219232491,Impressão e reprodução de gravações,Educação privada
1991,6280,0.0731845655724481,Refino de petróleo e coquerias,Desenvolvimento de sistemas e outros serviços de informação
1092,2093,0.07312835789558564,Fabricação e refino de açúcar,"Fabricação de produtos de limpeza, cosméticos/perfumaria e higiene pessoal"
3680,8691,0.07306897839770984,"Água, esgoto e gestão de resíduos",Saúde pública
3000,5000,0.0729138862888261,"Fabricação de outros equipamentos de transporte, exceto veículos automotores",Transporte aquaviário
1991,8400,0.07276181606339532,Refino de petróleo e coquerias,"Administração pública, defesa e seguridade social"
0192,0792,0.07270091971793652,"Pecuária, inclusive o apoio à pecuária","Extração de minerais metálicos não ferrosos, inclusive beneficiamentos"
1600,6800,0.07255723597567018,Fabricação de produtos da madeira,Atividades imobiliárias
0280,4900,0.07251760052764146,Produção florestal; pesca e aquicultura,Transporte terrestre
2500,6280,0.07244045768348997,"Fabricação de produtos de metal, exceto máquinas e equipamentos",Desenvolvimento de sistemas e outros serviços de informação
2600,5000,0.07228002280843734,"Fabricação de equipamentos de informática, produtos eletrônicos e ópticos",Transporte aquaviário
1600,6100,0.07187536073176579,Fabricação de produtos da madeira,Telecomunicações
0191,2992,0.07187534300576082,"Agricultura, inclusive o apoio à agricultura e a pós-colheita",Fabricação de peças e acessórios para veículos automotores
2093,8000,0.0717972583804097,"Fabricação de produtos de limpeza, cosméticos/perfumaria e higiene pessoal","Atividades de vigilância, segurança e investigação"
2992,6280,0.0716980278882401,Fabricação de peças e acessórios para veículos automotores,Desenvolvimento de sistemas e outros serviços de informação
0580,6280,0.07165993752180591,Extração de carvão mineral e de minerais não metálicos,Desenvolvimento de sistemas e outros serviços de informação
0680,2800,0.07154364790848043,"Extração de petróleo e gás, inclusive as atividades de apoio",Fabricação de máquinas e equipamentos mecânicos
0191,0280,0.07143463269340866,"Agricultura, inclusive o apoio à agricultura e a pós-colheita",Produção florestal; pesca e aquicultura
2093,5280,0.07133516066006403,"Fabricação de produtos de limpeza, cosméticos/perfumaria e higiene pessoal","Armazenamento, atividades auxiliares dos transportes e correio"
8000,9080,0.07120710313338557,"Atividades de vigilância, segurança e investigação","Atividades artísticas, criativas e de espetáculos"
0680,5600,0.07110992267222523,"Extração de petróleo e gás, inclusive as atividades de apoio",Alimentação
2800,2992,0.0710870389174605,Fabricação de máquinas e equipamentos mecânicos,Fabricação de peças e acessórios para veículos automotores
2100,7700,0.07103012241465398,Fabricação de produtos farmoquímicos e farmacêuticos,Aluguéis não imobiliários e gestão de ativos de propriedade intelectual
0192,1600,0.07102995641647153,"Pecuária, inclusive o apoio à pecuária",Fabricação de produtos da madeira
0192,7880,0.07091180467044045,"Pecuária, inclusive o apoio à pecuária",Outras atividades administrativas e serviços complementares
2200,5800,0.07080660144100442,Fabricação de produtos de borracha e de material plástico,Edição e edição integrada à impressão
1300,4900,0.07065797664996362,Fabricação de produtos têxteis,Transporte terrestre
0792,6100,0.07062920894238636,"Extração de minerais metálicos não ferrosos, inclusive beneficiamentos",Telecomunicações
2600,7880,0.07061137640736921,"Fabricação de equipamentos de informática, produtos eletrônicos e ópticos",Outras atividades administrativas e serviços complementares
1300,5280,0.0705501394205793,Fabricação de produtos têxteis,"Armazenamento, atividades auxiliares dos transportes e correio"
0791,3000,0.07039629534650649,"Extração de minério de ferro, inclusive beneficiamentos e a aglomeração","Fabricação de outros equipamentos de transporte, exceto veículos automotores"
2600,3300,0.0703940174255463,"Fabricação de equipamentos de informática, produtos eletrônicos e ópticos","Manutenção, reparação e instalação de máquinas e equipamentos"
1991,2800,0.06989058238753697,Refino de petróleo e coquerias,Fabricação de máquinas e equipamentos mecânicos
2500,2600,0.06986731657678974,"Fabricação de produtos de metal, exceto máquinas e equipamentos","Fabricação de equipamentos de informática, produtos eletrônicos e ópticos"
2500,3180,0.06984685996869365,"Fabricação de produtos de metal, exceto máquinas e equipamentos",Fabricação de móveis e de produtos de indústrias diversas
2992,4180,0.0697821253583157,Fabricação de peças e acessórios para veículos automotores,Construção
1300,2500,0.06971287506896694,Fabricação de produtos têxteis,"Fabricação de produtos de metal, exceto máquinas e equipamentos"
2700,3680,0.06955682182294606,Fabricação de máquinas e equipamentos elétricos,"Água, esgoto e gestão de resíduos"
3180,5000,0.06942952970954239,Fabricação de móveis e de produtos de indústrias diversas,Transporte aquaviário
3180,5980,0.06936534288647522,Fabricação de móveis e de produtos de indústrias diversas,"Atividades de televisão, rádio, cinema e  gravação/edição de som e imagem"
2100,7880,0.0691042460327235,Fabricação de produtos farmoquímicos e farmacêuticos,Outras atividades administrativas e serviços complementares
1091,3500,0.06909432386964967,"Abate e produtos de carne, inclusive os produtos do laticínio e da pesca","Energia elétrica, gás natural e outras utilidades"
2100,8000,0.06899802095723348,Fabricação de produtos farmoquímicos e farmacêuticos,"Atividades de vigilância, segurança e investigação"
7380,8591,0.06894702422780549,"Outras atividades profissionais, científicas e técnicas",Educação pública
1991,5600,0.06876052883044072,Refino de petróleo e coquerias,Alimentação
4900,6100,0.06873627997491842,Transporte terrestre,Telecomunicações
3000,7700,0.0685652076306238,"Fabricação de outros equipamentos de transporte, exceto veículos automotores",Aluguéis não imobiliários e gestão de ativos de propriedade intelectual
6800,7880,0.06803314019661556,Atividades imobiliárias,Outras atividades administrativas e serviços complementares
0191,3680,0.06801632427434688,"Agricultura, inclusive o apoio à agricultura e a pós-colheita","Água, esgoto e gestão de resíduos"
1093,4580,0.06796023998601705,Outros produtos alimentares,Comércio por atacado e varejo
0191,1200,0.06761350115832912,"Agricultura, inclusive o apoio à agricultura e a pós-colheita",Fabricação de produtos do fumo
0791,1300,0.06753974070386731,"Extração de minério de ferro, inclusive beneficiamentos e a aglomeração",Fabricação de produtos têxteis
1992,3680,0.06740278647300786,Fabricação de biocombustíveis,"Água, esgoto e gestão de resíduos"
0791,6280,0.06726131045911406,"Extração de minério de ferro, inclusive beneficiamentos e a aglomeração",Desenvolvimento de sistemas e outros serviços de informação
0191,1300,0.06720768050128115,"Agricultura, inclusive o apoio à agricultura e a pós-colheita",Fabricação de produtos têxteis
0192,1992,0.06719965653821233,"Pecuária, inclusive o apoio à pecuária",Fabricação de biocombustíveis
1300,2300,0.06705379010321436,Fabricação de produtos têxteis,Fabricação de produtos de minerais não metálicos
2991,7880,0.06698755387793148,"Fabricação de automóveis, caminhões e ônibus, exceto peças",Outras atividades administrativas e serviços complementares
1093,5100,0.06690110985764118,Outros produtos alimentares,Transporte aéreo
0192,2491,0.06689888886799528,"Pecuária, inclusive o apoio à pecuária","Produção de ferro gusa/ferroligas, siderurgia e tubos de aço sem costura"
0280,0680,0.06686896921278704,Produção florestal; pesca e aquicultura,"Extração de petróleo e gás, inclusive as atividades de apoio"
3680,6100,0.06685610912500507,"Água, esgoto e gestão de resíduos",Telecomunicações
2491,8400,0.06678844240367693,"Produção de ferro gusa/ferroligas, siderurgia e tubos de aço sem costura","Administração pública, defesa e seguridade social"
3300,8692,0.0665340376659083,"Manutenção, reparação e instalação de máquinas e equipamentos",Saúde privada
5100,5600,0.06649337638578881,Transporte aéreo,Alimentação
2091,8691,0.066336349083333,"Fabricação de químicos orgânicos e inorgânicos, resinas e elastômeros",Saúde pública
0280,4580,0.06626755924093,Produção florestal; pesca e aquicultura,Comércio por atacado e varejo
0792,1091,0.06625847098255536,"Extração de minerais metálicos não ferrosos, inclusive beneficiamentos","Abate e produtos de carne, inclusive os produtos do laticínio e da pesca"
3300,9080,0.06624569045295756,"Manutenção, reparação e instalação de máquinas e equipamentos","Atividades artísticas, criativas e de espetáculos"
1091,7880,0.06621073216792522,"Abate e produtos de carne, inclusive os produtos do laticínio e da pesca",Outras atividades administrativas e serviços complementares
2093,4580,0.06620868752680026,"Fabricação de produtos de limpeza, cosméticos/perfumaria e higiene pessoal",Comércio por atacado e varejo
0792,2600,0.06591256124629753,"Extração de minerais metálicos não ferrosos, inclusive beneficiamentos","Fabricação de equipamentos de informática, produtos eletrônicos e ópticos"
1800,8691,0.06580418454556411,Impressão e reprodução de gravações,Saúde pública
2093,7880,0.06545436668015713,"Fabricação de produtos de limpeza, cosméticos/perfumaria e higiene pessoal",Outras atividades administrativas e serviços complementares
2093,2500,0.06544305438911235,"Fabricação de produtos de limpeza, cosméticos/perfumaria e higiene pessoal","Fabricação de produtos de metal, exceto máquinas e equipamentos"
0580,1091,0.06517814013048652,Extração de carvão mineral e de minerais não metálicos,"Abate e produtos de carne, inclusive os produtos do laticínio e da pesca"
0280,1991,0.06489902792830053,Produção florestal; pesca e aquicultura,Refino de petróleo e coquerias
1600,3000,0.06485913918207392,Fabricação de produtos da madeira,"Fabricação de outros equipamentos de transporte, exceto veículos automotores"
8000,9480,0.06485552549004069,"Atividades de vigilância, segurança e investigação",Organizações associativas e outros serviços pessoais
0580,8400,0.06478814456797707,Extração de carvão mineral e de minerais não metálicos,"Administração pública, defesa e seguridade social"
7880,9080,0.06445841228260504,Outras atividades administrativas e serviços complementares,"Atividades artísticas, criativas e de espetáculos"
1300,7880,0.06442794609132886,Fabricação de produtos têxteis,Outras atividades administrativas e serviços complementares
1400,1700,0.06437718355257567,Confecção de artefatos do vestuário e acessórios,"Fabricação de celulose, papel e produtos de papel"
2093,4900,0.06411972289658038,"Fabricação de produtos de limpeza, cosméticos/perfumaria e higiene pessoal",Transporte terrestre
5000,9480,0.06407150647105679,Transporte aquaviário,Organizações associativas e outros serviços pessoais
0792,8400,0.06371913627561843,"Extração de minerais metálicos não ferrosos, inclusive beneficiamentos","Administração pública, defesa e seguridade social"
1091,1992,0.0637183245448467,"Abate e produtos de carne, inclusive os produtos do laticínio e da pesca",Fabricação de biocombustíveis
0680,2991,0.06367857191561578,"Extração de petróleo e gás, inclusive as atividades de apoio","Fabricação de automóveis, caminhões e ônibus, exceto peças"
3680,5800,0.06364028057198251,"Água, esgoto e gestão de resíduos",Edição e edição integrada à impressão
1991,2991,0.06357652313229888,Refino de petróleo e coquerias,"Fabricação de automóveis, caminhões e ônibus, exceto peças"
0280,1093,0.06340096981123126,Produção florestal; pesca e aquicultura,Outros produtos alimentares
1300,2992,0.063312575045189,Fabricação de produtos têxteis,Fabricação de peças e acessórios para veículos automotores
5980,8591,0.06313401686398244,"Atividades de televisão, rádio, cinema e  gravação/edição de som e imagem",Educação pública
1092,6480,0.06294468993166945,Fabricação e refino de açúcar,"Intermediação financeira, seguros e previdência complementar"
0580,6100,0.06280771406826186,Extração de carvão mineral e de minerais não metálicos,Telecomunicações
2091,3000,0.06258432049496207,"Fabricação de químicos orgânicos e inorgânicos, resinas e elastômeros","Fabricação de outros equipamentos de transporte, exceto veículos automotores"
2500,6100,0.06256759621420833,"Fabricação de produtos de metal, exceto máquinas e equipamentos",Telecomunicações
1800,3180,0.06225640069605401,Impressão e reprodução de gravações,Fabricação de móveis e de produtos de indústrias diversas
0680,6100,0.06213620606952878,"Extração de petróleo e gás, inclusive as atividades de apoio",Telecomunicações
0280,7880,0.06212620886032939,Produção florestal; pesca e aquicultura,Outras atividades administrativas e serviços complementares
2093,2492,0.06200349622225285,"Fabricação de produtos de limpeza, cosméticos/perfumaria e higiene pessoal",Metalurgia de metais não ferosos e a fundição de metais
1800,8692,0.061952198734594496,Impressão e reprodução de gravações,Saúde privada
1300,5100,0.06193186411077535,Fabricação de produtos têxteis,Transporte aéreo
7380,8692,0.06181260936514971,"Outras atividades profissionais, científicas e técnicas",Saúde privada
1093,5500,0.061745479949875434,Outros produtos alimentares,Alojamento
5500,5600,0.061519089296181655,Alojamento,Alimentação
1300,5500,0.061434233937090195,Fabricação de produtos têxteis,Alojamento
6980,8691,0.06143251888728729,"Atividades jurídicas, contábeis, consultoria e sedes de empresas ",Saúde pública
2492,5800,0.061094868491454665,Metalurgia de metais não ferosos e a fundição de metais,Edição e edição integrada à impressão
1093,2491,0.0607378324410527,Outros produtos alimentares,"Produção de ferro gusa/ferroligas, siderurgia e tubos de aço sem costura"
3180,8000,0.06063140548308731,Fabricação de móveis e de produtos de indústrias diversas,"Atividades de vigilância, segurança e investigação"
1092,8400,0.060571671456989384,Fabricação e refino de açúcar,"Administração pública, defesa e seguridade social"
2800,4580,0.06051270114169795,Fabricação de máquinas e equipamentos mecânicos,Comércio por atacado e varejo
2492,5600,0.06044990704018068,Metalurgia de metais não ferosos e a fundição de metais,Alimentação
1800,2100,0.06033663745560916,Impressão e reprodução de gravações,Fabricação de produtos farmoquímicos e farmacêuticos
2992,6100,0.06032452377408562,Fabricação de peças e acessórios para veículos automotores,Telecomunicações
2600,5100,0.06032433973116374,"Fabricação de equipamentos de informática, produtos eletrônicos e ópticos",Transporte aéreo
0791,6100,0.06019848655301217,"Extração de minério de ferro, inclusive beneficiamentos e a aglomeração",Telecomunicações
0191,6480,0.060105652515476525,"Agricultura, inclusive o apoio à agricultura e a pós-colheita","Intermediação financeira, seguros e previdência complementar"
0192,5100,0.05996968437456895,"Pecuária, inclusive o apoio à pecuária",Transporte aéreo
3500,6100,0.05996337731010381,"Energia elétrica, gás natural e outras utilidades",Telecomunicações
1600,8400,0.05987863391536547,Fabricação de produtos da madeira,"Administração pública, defesa e seguridade social"
1400,7380,0.05963428647629416,Confecção de artefatos do vestuário e acessórios,"Outras atividades profissionais, científicas e técnicas"
2800,5500,0.05950321554894898,Fabricação de máquinas e equipamentos mecânicos,Alojamento
0680,1300,0.05943940708656407,"Extração de petróleo e gás, inclusive as atividades de apoio",Fabricação de produtos têxteis
0680,1100,0.05930460062400624,"Extração de petróleo e gás, inclusive as atividades de apoio",Fabricação de bebidas
1093,1100,0.05910681202135721,Outros produtos alimentares,Fabricação de bebidas
1700,6800,0.05910229179082445,"Fabricação de celulose, papel e produtos de papel",Atividades imobiliárias
3680,8591,0.05895394052445104,"Água, esgoto e gestão de resíduos",Educação pública
3000,7180,0.058803490332989344,"Fabricação de outros equipamentos de transporte, exceto veículos automotores","Serviços de arquitetura, engenharia, testes/análises técnicas e P & D"
0192,1100,0.058689536290111255,"Pecuária, inclusive o apoio à pecuária",Fabricação de bebidas
2600,4900,0.05865249995678218,"Fabricação de equipamentos de informática, produtos eletrônicos e ópticos",Transporte terrestre
1100,3680,0.05851162495890848,Fabricação de bebidas,"Água, esgoto e gestão de resíduos"
1992,8400,0.058274407292599355,Fabricação de biocombustíveis,"Administração pública, defesa e seguridade social"
1992,6480,0.058184460148820435,Fabricação de biocombustíveis,"Intermediação financeira, seguros e previdência complementar"
1300,4180,0.0579892651361084,Fabricação de produtos têxteis,Construção
0192,5500,0.05767258830197819,"Pecuária, inclusive o apoio à pecuária",Alojamento
4900,5800,0.05754305532762017,Transporte terrestre,Edição e edição integrada à impressão
2300,6280,0.057512335728694595,Fabricação de produtos de minerais não metálicos,Desenvolvimento de sistemas e outros serviços de informação
0580,6800,0.05751056946424451,Extração de carvão mineral e de minerais não metálicos,Atividades imobiliárias
1600,2991,0.05750999160260623,Fabricação de produtos da madeira,"Fabricação de automóveis, caminhões e ônibus, exceto peças"
3000,6980,0.057195275842260376,"Fabricação de outros equipamentos de transporte, exceto veículos automotores","Atividades jurídicas, contábeis, consultoria e sedes de empresas "
2092,9480,0.057162093552777606,"Fabricação de defensivos, desinfestantes, tintas e químicos diversos",Organizações associativas e outros serviços pessoais
1091,5100,0.057093521206633725,"Abate e produtos de carne, inclusive os produtos do laticínio e da pesca",Transporte aéreo
1300,4580,0.05700988106870817,Fabricação de produtos têxteis,Comércio por atacado e varejo
1991,6100,0.05696678257476751,Refino de petróleo e coquerias,Telecomunicações
5980,8692,0.05677643729151653,"Atividades de televisão, rádio, cinema e  gravação/edição de som e imagem",Saúde privada
1091,1600,0.056614014553640485,"Abate e produtos de carne, inclusive os produtos do laticínio e da pesca",Fabricação de produtos da madeira
3000,7380,0.056606847604614416,"Fabricação de outros equipamentos de transporte, exceto veículos automotores","Outras atividades profissionais, científicas e técnicas"
2491,2600,0.056576302396281405,"Produção de ferro gusa/ferroligas, siderurgia e tubos de aço sem costura","Fabricação de equipamentos de informática, produtos eletrônicos e ópticos"
2200,9480,0.05656907127035901,Fabricação de produtos de borracha e de material plástico,Organizações associativas e outros serviços pessoais
2200,8692,0.05651983819071417,Fabricação de produtos de borracha e de material plástico,Saúde privada
2800,5100,0.056503421137195364,Fabricação de máquinas e equipamentos mecânicos,Transporte aéreo
2100,5280,0.05641730653504634,Fabricação de produtos farmoquímicos e farmacêuticos,"Armazenamento, atividades auxiliares dos transportes e correio"
1091,2491,0.05640603367551442,"Abate e produtos de carne, inclusive os produtos do laticínio e da pesca","Produção de ferro gusa/ferroligas, siderurgia e tubos de aço sem costura"
1100,1991,0.05627752077678066,Fabricação de bebidas,Refino de petróleo e coquerias
2100,2200,0.056112126006994716,Fabricação de produtos farmoquímicos e farmacêuticos,Fabricação de produtos de borracha e de material plástico
1300,1991,0.05600538790366284,Fabricação de produtos têxteis,Refino de petróleo e coquerias
1100,2491,0.0559812197178484,Fabricação de bebidas,"Produção de ferro gusa/ferroligas, siderurgia e tubos de aço sem costura"
0580,3180,0.055827551637625254,Extração de carvão mineral e de minerais não metálicos,Fabricação de móveis e de produtos de indústrias diversas
2100,5000,0.05562950756279942,Fabricação de produtos farmoquímicos e farmacêuticos,Transporte aquaviário
5100,8691,0.05542471476024496,Transporte aéreo,Saúde pública
1992,2700,0.05506604936911745,Fabricação de biocombustíveis,Fabricação de máquinas e equipamentos elétricos
5500,9080,0.05505466438547537,Alojamento,"Atividades artísticas, criativas e de espetáculos"
0192,4580,0.05503190092260872,"Pecuária, inclusive o apoio à pecuária",Comércio por atacado e varejo
1991,2093,0.05486869591805645,Refino de petróleo e coquerias,"Fabricação de produtos de limpeza, cosméticos/perfumaria e higiene pessoal"
1092,2700,0.05481352667410158,Fabricação e refino de açúcar,Fabricação de máquinas e equipamentos elétricos
1100,2492,0.054763183905432646,Fabricação de bebidas,Metalurgia de metais não ferosos e a fundição de metais
0680,2093,0.05476202788347665,"Extração de petróleo e gás, inclusive as atividades de apoio","Fabricação de produtos de limpeza, cosméticos/perfumaria e higiene pessoal"
3180,7880,0.054625566514477246,Fabricação de móveis e de produtos de indústrias diversas,Outras atividades administrativas e serviços complementares
2700,6480,0.05454254358157909,Fabricação de máquinas e equipamentos elétricos,"Intermediação financeira, seguros e previdência complementar"
1400,5980,0.05441945726310732,Confecção de artefatos do vestuário e acessórios,"Atividades de televisão, rádio, cinema e  gravação/edição de som e imagem"
2091,6800,0.05441778506594774,"Fabricação de químicos orgânicos e inorgânicos, resinas e elastômeros",Atividades imobiliárias
1992,2100,0.054356594793099185,Fabricação de biocombustíveis,Fabricação de produtos farmoquímicos e farmacêuticos
1091,1100,0.054325544956985924,"Abate e produtos de carne, inclusive os produtos do laticínio e da pesca",Fabricação de bebidas
0580,2093,0.05426211024066549,Extração de carvão mineral e de minerais não metálicos,"Fabricação de produtos de limpeza, cosméticos/perfumaria e higiene pessoal"
4900,9480,0.0541432529088424,Transporte terrestre,Organizações associativas e outros serviços pessoais
7180,9480,0.0541258733840276,"Serviços de arquitetura, engenharia, testes/análises técnicas e P & D",Organizações associativas e outros serviços pessoais
2700,2991,0.05401324920690611,Fabricação de máquinas e equipamentos elétricos,"Fabricação de automóveis, caminhões e ônibus, exceto peças"
3300,6800,0.05397555850566574,"Manutenção, reparação e instalação de máquinas e equipamentos",Atividades imobiliárias
1500,1700,0.053957565204633046,Fabricação de calçados e de artefatos de couro,"Fabricação de celulose, papel e produtos de papel"
1091,5500,0.05378491284030446,"Abate e produtos de carne, inclusive os produtos do laticínio e da pesca",Alojamento
2300,6800,0.05373797298579851,Fabricação de produtos de minerais não metálicos,Atividades imobiliárias
2092,8591,0.05367237670338309,"Fabricação de defensivos, desinfestantes, tintas e químicos diversos",Educação pública
1700,8592,0.05361359976085894,"Fabricação de celulose, papel e produtos de papel",Educação privada
3500,5600,0.05355382996852472,"Energia elétrica, gás natural e outras utilidades",Alimentação
3180,5280,0.05353367920088482,Fabricação de móveis e de produtos de indústrias diversas,"Armazenamento, atividades auxiliares dos transportes e correio"
4580,6800,0.05347453821088457,Comércio por atacado e varejo,Atividades imobiliárias
2100,4900,0.053444005529169364,Fabricação de produtos farmoquímicos e farmacêuticos,Transporte terrestre
2491,5600,0.053313785326801144,"Produção de ferro gusa/ferroligas, siderurgia e tubos de aço sem costura",Alimentação
3500,9480,0.052988545200373494,"Energia elétrica, gás natural e outras utilidades",Organizações associativas e outros serviços pessoais
2093,2491,0.05293590256605039,"Fabricação de produtos de limpeza, cosméticos/perfumaria e higiene pessoal","Produção de ferro gusa/ferroligas, siderurgia e tubos de aço sem costura"
0192,0791,0.05282669943495393,"Pecuária, inclusive o apoio à pecuária","Extração de minério de ferro, inclusive beneficiamentos e a aglomeração"
0680,9480,0.052641643410188996,"Extração de petróleo e gás, inclusive as atividades de apoio",Organizações associativas e outros serviços pessoais
0791,8400,0.052610103552524295,"Extração de minério de ferro, inclusive beneficiamentos e a aglomeração","Administração pública, defesa e seguridade social"
5800,6280,0.05257279392530833,Edição e edição integrada à impressão,Desenvolvimento de sistemas e outros serviços de informação
5600,8400,0.05239037133250978,Alimentação,"Administração pública, defesa e seguridade social"
5100,9080,0.05223512398315089,Transporte aéreo,"Atividades artísticas, criativas e de espetáculos"
3000,8000,0.052138860180676844,"Fabricação de outros equipamentos de transporte, exceto veículos automotores","Atividades de vigilância, segurança e investigação"
0792,2093,0.05210180441315008,"Extração de minerais metálicos não ferrosos, inclusive beneficiamentos","Fabricação de produtos de limpeza, cosméticos/perfumaria e higiene pessoal"
2300,6100,0.05187747296261097,Fabricação de produtos de minerais não metálicos,Telecomunicações
1991,9480,0.0513377301113683,Refino de petróleo e coquerias,Organizações associativas e outros serviços pessoais
1600,5800,0.051274956669429245,Fabricação de produtos da madeira,Edição e edição integrada à impressão
2492,8692,0.05094045268685718,Metalurgia de metais não ferosos e a fundição de metais,Saúde privada
1400,6980,0.0508665886006514,Confecção de artefatos do vestuário e acessórios,"Atividades jurídicas, contábeis, consultoria e sedes de empresas "
2491,5800,0.0506176822852507,"Produção de ferro gusa/ferroligas, siderurgia e tubos de aço sem costura",Edição e edição integrada à impressão
5500,8691,0.05045869416398489,Alojamento,Saúde pública
1092,2100,0.050369506043963855,Fabricação e refino de açúcar,Fabricação de produtos farmoquímicos e farmacêuticos
3000,5980,0.050291840556003525,"Fabricação de outros equipamentos de transporte, exceto veículos automotores","Atividades de televisão, rádio, cinema e  gravação/edição de som e imagem"
2092,3000,0.050096479355464574,"Fabricação de defensivos, desinfestantes, tintas e químicos diversos","Fabricação de outros equipamentos de transporte, exceto veículos automotores"
0280,5100,0.04987962581570719,Produção florestal; pesca e aquicultura,Transporte aéreo
1091,4580,0.04987332098984849,"Abate e produtos de carne, inclusive os produtos do laticínio e da pesca",Comércio por atacado e varejo
3180,4900,0.04976243916649921,Fabricação de móveis e de produtos de indústrias diversas,Transporte terrestre
1093,2300,0.04959650588693752,Outros produtos alimentares,Fabricação de produtos de minerais não metálicos
5600,6480,0.049521444240342695,Alimentação,"Intermediação financeira, seguros e previdência complementar"
2991,5100,0.0493761073431493,"Fabricação de automóveis, caminhões e ônibus, exceto peças",Transporte aéreo
1992,5600,0.04926692852140378,Fabricação de biocombustíveis,Alimentação
0280,5500,0.04916381178609176,Produção florestal; pesca e aquicultura,Alojamento
2200,8691,0.049148395772230756,Fabricação de produtos de borracha e de material plástico,Saúde pública
0680,5800,0.04907786440821958,"Extração de petróleo e gás, inclusive as atividades de apoio",Edição e edição integrada à impressão
3000,5280,0.04905013785518186,"Fabricação de outros equipamentos de transporte, exceto veículos automotores","Armazenamento, atividades auxiliares dos transportes e correio"
1100,5100,0.048979839158063,Fabricação de bebidas,Transporte aéreo
5280,6800,0.048963471417386065,"Armazenamento, atividades auxiliares dos transportes e correio",Atividades imobiliárias
2093,5100,0.048861246288994645,"Fabricação de produtos de limpeza, cosméticos/perfumaria e higiene pessoal",Transporte aéreo
3500,5800,0.04864078536425789,"Energia elétrica, gás natural e outras utilidades",Edição e edição integrada à impressão
1400,2092,0.04856957393248846,Confecção de artefatos do vestuário e acessórios,"Fabricação de defensivos, desinfestantes, tintas e químicos diversos"
1100,5500,0.04855508092024756,Fabricação de bebidas,Alojamento
0791,1093,0.048469696021327065,"Extração de minério de ferro, inclusive beneficiamentos e a aglomeração",Outros produtos alimentares
1600,9480,0.04843651421470964,Fabricação de produtos da madeira,Organizações associativas e outros serviços pessoais
1600,2093,0.048342681014533775,Fabricação de produtos da madeira,"Fabricação de produtos de limpeza, cosméticos/perfumaria e higiene pessoal"
0792,5600,0.04824929522940148,"Extração de minerais metálicos não ferrosos, inclusive beneficiamentos",Alimentação
2492,9480,0.048173275378584124,Metalurgia de metais não ferosos e a fundição de metais,Organizações associativas e outros serviços pessoais
1400,3300,0.04816239820440426,Confecção de artefatos do vestuário e acessórios,"Manutenção, reparação e instalação de máquinas e equipamentos"
0192,2300,0.04815481419105315,"Pecuária, inclusive o apoio à pecuária",Fabricação de produtos de minerais não metálicos
0280,1092,0.048097210453128945,Produção florestal; pesca e aquicultura,Fabricação e refino de açúcar
3000,4900,0.04782449438645715,"Fabricação de outros equipamentos de transporte, exceto veículos automotores",Transporte terrestre
5500,8592,0.047750422970112644,Alojamento,Educação privada
2092,8692,0.04765220404474889,"Fabricação de defensivos, desinfestantes, tintas e químicos diversos",Saúde privada
0792,5800,0.04758094919420358,"Extração de minerais metálicos não ferrosos, inclusive beneficiamentos",Edição e edição integrada à impressão
6980,8591,0.047555938848803936,"Atividades jurídicas, contábeis, consultoria e sedes de empresas ",Educação pública
2800,3500,0.0472550396169378,Fabricação de máquinas e equipamentos mecânicos,"Energia elétrica, gás natural e outras utilidades"
2300,2991,0.047176366466291475,Fabricação de produtos de minerais não metálicos,"Fabricação de automóveis, caminhões e ônibus, exceto peças"
2700,6100,0.047153121626445416,Fabricação de máquinas e equipamentos elétricos,Telecomunicações
2093,5500,0.04709667589456171,"Fabricação de produtos de limpeza, cosméticos/perfumaria e higiene pessoal",Alojamento
1300,3500,0.047041930892427024,Fabricação de produtos têxteis,"Energia elétrica, gás natural e outras utilidades"
1700,8691,0.04671273886035008,"Fabricação de celulose, papel e produtos de papel",Saúde pública
2600,5500,0.04665040356543821,"Fabricação de equipamentos de informática, produtos eletrônicos e ópticos",Alojamento
4180,6280,0.04626073698101074,Construção,Desenvolvimento de sistemas e outros serviços de informação
4580,5600,0.04626043896091014,Comércio por atacado e varejo,Alimentação
2091,8591,0.04606035367492277,"Fabricação de químicos orgânicos e inorgânicos, resinas e elastômeros",Educação pública
1400,7180,0.04605627591567194,Confecção de artefatos do vestuário e acessórios,"Serviços de arquitetura, engenharia, testes/análises técnicas e P & D"
0792,1100,0.04592864799823802,"Extração de minerais metálicos não ferrosos, inclusive beneficiamentos",Fabricação de bebidas
1500,7380,0.045886011558101236,Fabricação de calçados e de artefatos de couro,"Outras atividades profissionais, científicas e técnicas"
2300,8400,0.04580974280257212,Fabricação de produtos de minerais não metálicos,"Administração pública, defesa e seguridade social"
5000,6800,0.04577432223586955,Transporte aquaviário,Atividades imobiliárias
0191,6280,0.04547656004891558,"Agricultura, inclusive o apoio à agricultura e a pós-colheita",Desenvolvimento de sistemas e outros serviços de informação
0280,5600,0.04535291769587605,Produção florestal; pesca e aquicultura,Alimentação
1092,6280,0.04533443650823355,Fabricação e refino de açúcar,Desenvolvimento de sistemas e outros serviços de informação
1991,5800,0.04528197622631832,Refino de petróleo e coquerias,Edição e edição integrada à impressão
2991,4580,0.045170128685586744,"Fabricação de automóveis, caminhões e ônibus, exceto peças",Comércio por atacado e varejo
1093,3680,0.04503339863317076,Outros produtos alimentares,"Água, esgoto e gestão de resíduos"
0280,2992,0.044997866552788715,Produção florestal; pesca e aquicultura,Fabricação de peças e acessórios para veículos automotores
0191,2093,0.04489327562733685,"Agricultura, inclusive o apoio à agricultura e a pós-colheita","Fabricação de produtos de limpeza, cosméticos/perfumaria e higiene pessoal"
2991,3500,0.04488014204801018,"Fabricação de automóveis, caminhões e ônibus, exceto peças","Energia elétrica, gás natural e outras utilidades"
3300,8591,0.044862441525866124,"Manutenção, reparação e instalação de máquinas e equipamentos",Educação pública
0791,2600,0.044717951916052705,"Extração de minério de ferro, inclusive beneficiamentos e a aglomeração","Fabricação de equipamentos de informática, produtos eletrônicos e ópticos"
1400,1800,0.044653808687043245,Confecção de artefatos do vestuário e acessórios,Impressão e reprodução de gravações
1400,7700,0.044617858279990305,Confecção de artefatos do vestuário e acessórios,Aluguéis não imobiliários e gestão de ativos de propriedade intelectual
0791,1091,0.04454849719228012,"Extração de minério de ferro, inclusive beneficiamentos e a aglomeração","Abate e produtos de carne, inclusive os produtos do laticínio e da pesca"
9080,9480,0.044498676832185724,"Atividades artísticas, criativas e de espetáculos",Organizações associativas e outros serviços pessoais
5600,9480,0.04402510308578372,Alimentação,Organizações associativas e outros serviços pessoais
0791,1100,0.043912969504117966,"Extração de minério de ferro, inclusive beneficiamentos e a aglomeração",Fabricação de bebidas
6280,8691,0.04384431332724516,Desenvolvimento de sistemas e outros serviços de informação,Saúde pública
1100,2300,0.043838635006163015,Fabricação de bebidas,Fabricação de produtos de minerais não metálicos
2800,3680,0.043726101078930164,Fabricação de máquinas e equipamentos mecânicos,"Água, esgoto e gestão de resíduos"
1800,3000,0.043582837825296275,Impressão e reprodução de gravações,"Fabricação de outros equipamentos de transporte, exceto veículos automotores"
1093,6480,0.043387188516716475,Outros produtos alimentares,"Intermediação financeira, seguros e previdência complementar"
4180,6100,0.043370689439383006,Construção,Telecomunicações
2500,5800,0.04329409671134524,"Fabricação de produtos de metal, exceto máquinas e equipamentos",Edição e edição integrada à impressão
7180,9080,0.043218282936500124,"Serviços de arquitetura, engenharia, testes/análises técnicas e P & D","Atividades artísticas, criativas e de espetáculos"
2992,5800,0.043208036328861284,Fabricação de peças e acessórios para veículos automotores,Edição e edição integrada à impressão
0580,5800,0.04314173314075481,Extração de carvão mineral e de minerais não metálicos,Edição e edição integrada à impressão
5280,8592,0.04312368902060999,"Armazenamento, atividades auxiliares dos transportes e correio",Educação privada
1300,9480,0.042988016986751774,Fabricação de produtos têxteis,Organizações associativas e outros serviços pessoais
0280,3500,0.042843755671382114,Produção florestal; pesca e aquicultura,"Energia elétrica, gás natural e outras utilidades"
1300,2991,0.042781138446387944,Fabricação de produtos têxteis,"Fabricação de automóveis, caminhões e ônibus, exceto peças"
1600,5600,0.04263932917246721,Fabricação de produtos da madeira,Alimentação
0580,5600,0.04256866325900325,Extração de carvão mineral e de minerais não metálicos,Alimentação
1200,1700,0.04240331047750446,Fabricação de produtos do fumo,"Fabricação de celulose, papel e produtos de papel"
2992,8400,0.04217958143868881,Fabricação de peças e acessórios para veículos automotores,"Administração pública, defesa e seguridade social"
2492,6800,0.042153456595869325,Metalurgia de metais não ferosos e a fundição de metais,Atividades imobiliárias
1400,8000,0.04209116405277323,Confecção de artefatos do vestuário e acessórios,"Atividades de vigilância, segurança e investigação"
0791,5600,0.041874208077761675,"Extração de minério de ferro, inclusive beneficiamentos e a aglomeração",Alimentação
0791,2093,0.041749899556508735,"Extração de minério de ferro, inclusive beneficiamentos e a aglomeração","Fabricação de produtos de limpeza, cosméticos/perfumaria e higiene pessoal"
1093,2992,0.04174764183258077,Outros produtos alimentares,Fabricação de peças e acessórios para veículos automotores
1992,6280,0.04166792201053904,Fabricação de biocombustíveis,Desenvolvimento de sistemas e outros serviços de informação
5000,8692,0.04163400835700905,Transporte aquaviário,Saúde privada
2600,4580,0.041611885297537475,"Fabricação de equipamentos de informática, produtos eletrônicos e ópticos",Comércio por atacado e varejo
1100,1992,0.04157976483408894,Fabricação de bebidas,Fabricação de biocombustíveis
1700,9080,0.041501682283736754,"Fabricação de celulose, papel e produtos de papel","Atividades artísticas, criativas e de espetáculos"
2700,6280,0.0414076030882576,Fabricação de máquinas e equipamentos elétricos,Desenvolvimento de sistemas e outros serviços de informação
2200,6800,0.04137827805029382,Fabricação de produtos de borracha e de material plástico,Atividades imobiliárias
6280,9480,0.04110845817684865,Desenvolvimento de sistemas e outros serviços de informação,Organizações associativas e outros serviços pessoais
0580,1100,0.04110219878406492,Extração de carvão mineral e de minerais não metálicos,Fabricação de bebidas
2600,6280,0.04101190141128092,"Fabricação de equipamentos de informática, produtos eletrônicos e ópticos",Desenvolvimento de sistemas e outros serviços de informação
0192,6480,0.040871922807193026,"Pecuária, inclusive o apoio à pecuária","Intermediação financeira, seguros e previdência complementar"
1400,5000,0.040825662005034596,Confecção de artefatos do vestuário e acessórios,Transporte aquaviário
1100,3500,0.040810063280649615,Fabricação de bebidas,"Energia elétrica, gás natural e outras utilidades"
1500,2200,0.040784762018121305,Fabricação de calçados e de artefatos de couro,Fabricação de produtos de borracha e de material plástico
6800,7180,0.040752431636751726,Atividades imobiliárias,"Serviços de arquitetura, engenharia, testes/análises técnicas e P & D"
0280,3180,0.04065266956258978,Produção florestal; pesca e aquicultura,Fabricação de móveis e de produtos de indústrias diversas
5100,6800,0.04054553938681128,Transporte aéreo,Atividades imobiliárias
2100,5500,0.04042467340958081,Fabricação de produtos farmoquímicos e farmacêuticos,Alojamento
2991,3680,0.040365907496548656,"Fabricação de automóveis, caminhões e ônibus, exceto peças","Água, esgoto e gestão de resíduos"
5280,8691,0.040296683067620465,"Armazenamento, atividades auxiliares dos transportes e correio",Saúde pública
2300,3180,0.04021102460945379,Fabricação de produtos de minerais não metálicos,Fabricação de móveis e de produtos de indústrias diversas
2800,2991,0.0401657398948963,Fabricação de máquinas e equipamentos mecânicos,"Fabricação de automóveis, caminhões e ônibus, exceto peças"
2093,2300,0.04007392854585098,"Fabricação de produtos de limpeza, cosméticos/perfumaria e higiene pessoal",Fabricação de produtos de minerais não metálicos
0580,3000,0.04004833287242881,Extração de carvão mineral e de minerais não metálicos,"Fabricação de outros equipamentos de transporte, exceto veículos automotores"
0680,3180,0.04003487713571304,"Extração de petróleo e gás, inclusive as atividades de apoio",Fabricação de móveis e de produtos de indústrias diversas
0280,2700,0.039964148763747896,Produção florestal; pesca e aquicultura,Fabricação de máquinas e equipamentos elétricos
1100,1600,0.039961684304028175,Fabricação de bebidas,Fabricação de produtos da madeira
5100,8591,0.03993597132110721,Transporte aéreo,Educação pública
0791,5800,0.03978911355457024,"Extração de minério de ferro, inclusive beneficiamentos e a aglomeração",Edição e edição integrada à impressão
5000,8591,0.03963623207491723,Transporte aquaviário,Educação pública
5800,6100,0.03954112808455833,Edição e edição integrada à impressão,Telecomunicações
1500,5980,0.039535092890988506,Fabricação de calçados e de artefatos de couro,"Atividades de televisão, rádio, cinema e  gravação/edição de som e imagem"
0191,8400,0.03952448265884971,"Agricultura, inclusive o apoio à agricultura e a pós-colheita","Administração pública, defesa e seguridade social"
0191,4180,0.039496898656342205,"Agricultura, inclusive o apoio à agricultura e a pós-colheita",Construção
6100,9480,0.03928152229826113,Telecomunicações,Organizações associativas e outros serviços pessoais
4900,8591,0.03912921805259772,Transporte terrestre,Educação pública
2300,5600,0.039096987319367144,Fabricação de produtos de minerais não metálicos,Alimentação
7180,8592,0.0389710632473898,"Serviços de arquitetura, engenharia, testes/análises técnicas e P & D",Educação privada
1091,6480,0.03888682061105038,"Abate e produtos de carne, inclusive os produtos do laticínio e da pesca","Intermediação financeira, seguros e previdência complementar"
5280,8692,0.038862447143115146,"Armazenamento, atividades auxiliares dos transportes e correio",Saúde privada
5280,9080,0.03875170356355234,"Armazenamento, atividades auxiliares dos transportes e correio","Atividades artísticas, criativas e de espetáculos"
2100,5100,0.03872471917239861,Fabricação de produtos farmoquímicos e farmacêuticos,Transporte aéreo
1991,3180,0.038686243963621414,Refino de petróleo e coquerias,Fabricação de móveis e de produtos de indústrias diversas
5000,9080,0.038640989661993995,Transporte aquaviário,"Atividades artísticas, criativas e de espetáculos"
1700,3000,0.03856090323138621,"Fabricação de celulose, papel e produtos de papel","Fabricação de outros equipamentos de transporte, exceto veículos automotores"
1400,2200,0.038473927455503105,Confecção de artefatos do vestuário e acessórios,Fabricação de produtos de borracha e de material plástico
0191,2700,0.03838611038070588,"Agricultura, inclusive o apoio à agricultura e a pós-colheita",Fabricação de máquinas e equipamentos elétricos
0192,3680,0.03831733070019733,"Pecuária, inclusive o apoio à pecuária","Água, esgoto e gestão de resíduos"
7180,8692,0.037982260716840265,"Serviços de arquitetura, engenharia, testes/análises técnicas e P & D",Saúde privada
3180,3680,0.03783397435291771,Fabricação de móveis e de produtos de indústrias diversas,"Água, esgoto e gestão de resíduos"
2091,9080,0.03755309520099111,"Fabricação de químicos orgânicos e inorgânicos, resinas e elastômeros","Atividades artísticas, criativas e de espetáculos"
2991,5500,0.037210046078516586,"Fabricação de automóveis, caminhões e ônibus, exceto peças",Alojamento
1092,2800,0.03688319193438126,Fabricação e refino de açúcar,Fabricação de máquinas e equipamentos mecânicos
0191,1400,0.03675544436901217,"Agricultura, inclusive o apoio à agricultura e a pós-colheita",Confecção de artefatos do vestuário e acessórios
1991,2600,0.036637543531296536,Refino de petróleo e coquerias,"Fabricação de equipamentos de informática, produtos eletrônicos e ópticos"
0192,2100,0.03661156331526197,"Pecuária, inclusive o apoio à pecuária",Fabricação de produtos farmoquímicos e farmacêuticos
3300,8592,0.036496713427266125,"Manutenção, reparação e instalação de máquinas e equipamentos",Educação privada
8400,9080,0.036333273496962123,"Administração pública, defesa e seguridade social","Atividades artísticas, criativas e de espetáculos"
0280,1992,0.0362990345641074,Produção florestal; pesca e aquicultura,Fabricação de biocombustíveis
1400,4900,0.035980861298060524,Confecção de artefatos do vestuário e acessórios,Transporte terrestre
5000,8691,0.03591216408042582,Transporte aquaviário,Saúde pública
2092,9080,0.035895887258276186,"Fabricação de defensivos, desinfestantes, tintas e químicos diversos","Atividades artísticas, criativas e de espetáculos"
0680,2600,0.03580425016060956,"Extração de petróleo e gás, inclusive as atividades de apoio","Fabricação de equipamentos de informática, produtos eletrônicos e ópticos"
1100,6480,0.03571942453900852,Fabricação de bebidas,"Intermediação financeira, seguros e previdência complementar"
2200,9080,0.035567812791702076,Fabricação de produtos de borracha e de material plástico,"Atividades artísticas, criativas e de espetáculos"
1300,3680,0.03549901737601099,Fabricação de produtos têxteis,"Água, esgoto e gestão de resíduos"
4580,9080,0.03532372487885284,Comércio por atacado e varejo,"Atividades artísticas, criativas e de espetáculos"
4900,8691,0.035320639814698095,Transporte terrestre,Saúde pública
3000,7880,0.03524343842089839,"Fabricação de outros equipamentos de transporte, exceto veículos automotores",Outras atividades administrativas e serviços complementares
5500,8591,0.03510863078312854,Alojamento,Educação pública
2492,9080,0.03509116538049748,Metalurgia de metais não ferosos e a fundição de metais,"Atividades artísticas, criativas e de espetáculos"
1091,3680,0.03501706871127476,"Abate e produtos de carne, inclusive os produtos do laticínio e da pesca","Água, esgoto e gestão de resíduos"
1600,2600,0.03497784742874419,Fabricação de produtos da madeira,"Fabricação de equipamentos de informática, produtos eletrônicos e ópticos"
0792,9480,0.034944999496470605,"Extração de minerais metálicos não ferrosos, inclusive beneficiamentos",Organizações associativas e outros serviços pessoais
1500,2092,0.03489670373859165,Fabricação de calçados e de artefatos de couro,"Fabricação de defensivos, desinfestantes, tintas e químicos diversos"
1100,4580,0.03476258769470894,Fabricação de bebidas,Comércio por atacado e varejo
8000,8692,0.034745332814107584,"Atividades de vigilância, segurança e investigação",Saúde privada
3180,4580,0.034670153411772715,Fabricação de móveis e de produtos de indústrias diversas,Comércio por atacado e varejo
1600,8691,0.03462168476822974,Fabricação de produtos da madeira,Saúde pública
3180,5500,0.03461613375064683,Fabricação de móveis e de produtos de indústrias diversas,Alojamento
5500,6800,0.034578955324655915,Alojamento,Atividades imobiliárias
0280,3680,0.03448378201545168,Produção florestal; pesca e aquicultura,"Água, esgoto e gestão de resíduos"
1092,6100,0.03442212015845788,Fabricação e refino de açúcar,Telecomunicações
1400,7880,0.03441423314283535,Confecção de artefatos do vestuário e acessórios,Outras atividades administrativas e serviços complementares
1300,6480,0.03430721326334919,Fabricação de produtos têxteis,"Intermediação financeira, seguros e previdência complementar"
6480,9480,0.034301047036598704,"Intermediação financeira, seguros e previdência complementar",Organizações associativas e outros serviços pessoais
2300,5800,0.03418730783152733,Fabricação de produtos de minerais não metálicos,Edição e edição integrada à impressão
2093,3680,0.034078722035622705,"Fabricação de produtos de limpeza, cosméticos/perfumaria e higiene pessoal","Água, esgoto e gestão de resíduos"
5000,8592,0.0338815747582041,Transporte aquaviário,Educação privada
0792,8692,0.03381505819455327,"Extração de minerais metálicos não ferrosos, inclusive beneficiamentos",Saúde privada
0191,6100,0.03380002213713584,"Agricultura, inclusive o apoio à agricultura e a pós-colheita",Telecomunicações
2200,8591,0.033540490692434775,Fabricação de produtos de borracha e de material plástico,Educação pública
4580,9480,0.03348329875133002,Comércio por atacado e varejo,Organizações associativas e outros serviços pessoais
0680,2100,0.03320878874910422,"Extração de petróleo e gás, inclusive as atividades de apoio",Fabricação de produtos farmoquímicos e farmacêuticos
1992,2800,0.03317817413191137,Fabricação de biocombustíveis,Fabricação de máquinas e equipamentos mecânicos
2093,3500,0.03311878658884858,"Fabricação de produtos de limpeza, cosméticos/perfumaria e higiene pessoal","Energia elétrica, gás natural e outras utilidades"
0192,2992,0.0330839729638398,"Pecuária, inclusive o apoio à pecuária",Fabricação de peças e acessórios para veículos automotores
3500,8591,0.033051304039212755,"Energia elétrica, gás natural e outras utilidades",Educação pública
0580,2600,0.03299944502140769,Extração de carvão mineral e de minerais não metálicos,"Fabricação de equipamentos de informática, produtos eletrônicos e ópticos"
1093,6280,0.0329961068498478,Outros produtos alimentares,Desenvolvimento de sistemas e outros serviços de informação
3500,8592,0.032955045681443106,"Energia elétrica, gás natural e outras utilidades",Educação privada
1991,2100,0.03287159076286659,Refino de petróleo e coquerias,Fabricação de produtos farmoquímicos e farmacêuticos
1092,1300,0.03268976921759474,Fabricação e refino de açúcar,Fabricação de produtos têxteis
2100,2492,0.03258568368322946,Fabricação de produtos farmoquímicos e farmacêuticos,Metalurgia de metais não ferosos e a fundição de metais
2093,2992,0.032459317929727546,"Fabricação de produtos de limpeza, cosméticos/perfumaria e higiene pessoal",Fabricação de peças e acessórios para veículos automotores
2492,8691,0.032380593532214584,Metalurgia de metais não ferosos e a fundição de metais,Saúde pública
1200,2091,0.03235327885945088,Fabricação de produtos do fumo,"Fabricação de químicos orgânicos e inorgânicos, resinas e elastômeros"
6100,9080,0.0323510047219116,Telecomunicações,"Atividades artísticas, criativas e de espetáculos"
5280,8591,0.03234421247845034,"Armazenamento, atividades auxiliares dos transportes e correio",Educação pública
1400,5280,0.03215839295223369,Confecção de artefatos do vestuário e acessórios,"Armazenamento, atividades auxiliares dos transportes e correio"
0792,6800,0.03215480942086074,"Extração de minerais metálicos não ferrosos, inclusive beneficiamentos",Atividades imobiliárias
6480,9080,0.03203632548763753,"Intermediação financeira, seguros e previdência complementar","Atividades artísticas, criativas e de espetáculos"
2100,3680,0.03186387713713133,Fabricação de produtos farmoquímicos e farmacêuticos,"Água, esgoto e gestão de resíduos"
3180,3500,0.03178467242780259,Fabricação de móveis e de produtos de indústrias diversas,"Energia elétrica, gás natural e outras utilidades"
2700,8400,0.03175357709273847,Fabricação de máquinas e equipamentos elétricos,"Administração pública, defesa e seguridade social"
1091,2300,0.03164079483732251,"Abate e produtos de carne, inclusive os produtos do laticínio e da pesca",Fabricação de produtos de minerais não metálicos
1992,6100,0.03156677833278234,Fabricação de biocombustíveis,Telecomunicações
2500,9480,0.03150413383747231,"Fabricação de produtos de metal, exceto máquinas e equipamentos",Organizações associativas e outros serviços pessoais
4900,8692,0.031476940682253624,Transporte terrestre,Saúde privada
3180,5100,0.03146669417273162,Fabricação de móveis e de produtos de indústrias diversas,Transporte aéreo
1100,8400,0.03140684100697681,Fabricação de bebidas,"Administração pública, defesa e seguridade social"
3180,8691,0.031345114813383826,Fabricação de móveis e de produtos de indústrias diversas,Saúde pública
2800,6480,0.03130347309835165,Fabricação de máquinas e equipamentos mecânicos,"Intermediação financeira, seguros e previdência complementar"
1300,2700,0.031245371233589437,Fabricação de produtos têxteis,Fabricação de máquinas e equipamentos elétricos
2600,6480,0.03124484427530048,"Fabricação de equipamentos de informática, produtos eletrônicos e ópticos","Intermediação financeira, seguros e previdência complementar"
1600,2100,0.031207257636619558,Fabricação de produtos da madeira,Fabricação de produtos farmoquímicos e farmacêuticos
2300,3000,0.031111630462941145,Fabricação de produtos de minerais não metálicos,"Fabricação de outros equipamentos de transporte, exceto veículos automotores"
0280,6480,0.03104307686500334,Produção florestal; pesca e aquicultura,"Intermediação financeira, seguros e previdência complementar"
2700,9480,0.03104048875764878,Fabricação de máquinas e equipamentos elétricos,Organizações associativas e outros serviços pessoais
1092,9480,0.031028836456599727,Fabricação e refino de açúcar,Organizações associativas e outros serviços pessoais
4900,6800,0.030978961426250253,Transporte terrestre,Atividades imobiliárias
1091,2992,0.030948375088689792,"Abate e produtos de carne, inclusive os produtos do laticínio e da pesca",Fabricação de peças e acessórios para veículos automotores
1091,2100,0.030828643017315954,"Abate e produtos de carne, inclusive os produtos do laticínio e da pesca",Fabricação de produtos farmoquímicos e farmacêuticos
2491,9480,0.0307793069358733,"Produção de ferro gusa/ferroligas, siderurgia e tubos de aço sem costura",Organizações associativas e outros serviços pessoais
0680,3000,0.030692126812135616,"Extração de petróleo e gás, inclusive as atividades de apoio","Fabricação de outros equipamentos de transporte, exceto veículos automotores"
3000,4580,0.03068622701974859,"Fabricação de outros equipamentos de transporte, exceto veículos automotores",Comércio por atacado e varejo
3680,6800,0.030612372154368336,"Água, esgoto e gestão de resíduos",Atividades imobiliárias
5600,6280,0.03044023163506575,Alimentação,Desenvolvimento de sistemas e outros serviços de informação
1991,3000,0.030405075036710645,Refino de petróleo e coquerias,"Fabricação de outros equipamentos de transporte, exceto veículos automotores"
4900,8592,0.03039483025087765,Transporte terrestre,Educação privada
1093,2093,0.03004027807769907,Outros produtos alimentares,"Fabricação de produtos de limpeza, cosméticos/perfumaria e higiene pessoal"
0191,5800,0.02982104634205671,"Agricultura, inclusive o apoio à agricultura e a pós-colheita",Edição e edição integrada à impressão
3500,8691,0.02973392031519338,"Energia elétrica, gás natural e outras utilidades",Saúde pública
3680,9080,0.029714011144969098,"Água, esgoto e gestão de resíduos","Atividades artísticas, criativas e de espetáculos"
1092,5800,0.029711839577546643,Fabricação e refino de açúcar,Edição e edição integrada à impressão
2600,2992,0.029691570318563367,"Fabricação de equipamentos de informática, produtos eletrônicos e ópticos",Fabricação de peças e acessórios para veículos automotores
2991,6100,0.029451560812808777,"Fabricação de automóveis, caminhões e ônibus, exceto peças",Telecomunicações
3500,8692,0.029423222148523557,"Energia elétrica, gás natural e outras utilidades",Saúde privada
0280,1100,0.029327200292340892,Produção florestal; pesca e aquicultura,Fabricação de bebidas
4580,8400,0.029301700211483324,Comércio por atacado e varejo,"Administração pública, defesa e seguridade social"
2093,9480,0.029009134385088488,"Fabricação de produtos de limpeza, cosméticos/perfumaria e higiene pessoal",Organizações associativas e outros serviços pessoais
6480,8592,0.028894724662022215,"Intermediação financeira, seguros e previdência complementar",Educação privada
1400,5100,0.028863001431459638,Confecção de artefatos do vestuário e acessórios,Transporte aéreo
1300,1992,0.028853548221938724,Fabricação de produtos têxteis,Fabricação de biocombustíveis
1992,9480,0.02882914011475694,Fabricação de biocombustíveis,Organizações associativas e outros serviços pessoais
2500,6800,0.02878393504348487,"Fabricação de produtos de metal, exceto máquinas e equipamentos",Atividades imobiliárias
4180,8400,0.02877835669114161,Construção,"Administração pública, defesa e seguridade social"
2992,5600,0.028650501337606646,Fabricação de peças e acessórios para veículos automotores,Alimentação
1400,1600,0.028493805513493852,Confecção de artefatos do vestuário e acessórios,Fabricação de produtos da madeira
2091,8592,0.028402828952826396,"Fabricação de químicos orgânicos e inorgânicos, resinas e elastômeros",Educação privada
1500,5000,0.028364273764820196,Fabricação de calçados e de artefatos de couro,Transporte aquaviário
0191,2100,0.028314424611134665,"Agricultura, inclusive o apoio à agricultura e a pós-colheita",Fabricação de produtos farmoquímicos e farmacêuticos
2491,6800,0.028313986590884483,"Produção de ferro gusa/ferroligas, siderurgia e tubos de aço sem costura",Atividades imobiliárias
2600,6100,0.02819983873394736,"Fabricação de equipamentos de informática, produtos eletrônicos e ópticos",Telecomunicações
3500,9080,0.02816347228667174,"Energia elétrica, gás natural e outras utilidades","Atividades artísticas, criativas e de espetáculos"
2093,4180,0.02815447579096752,"Fabricação de produtos de limpeza, cosméticos/perfumaria e higiene pessoal",Construção
2992,3180,0.028145720249279336,Fabricação de peças e acessórios para veículos automotores,Fabricação de móveis e de produtos de indústrias diversas
2992,3000,0.02813991562093971,Fabricação de peças e acessórios para veículos automotores,"Fabricação de outros equipamentos de transporte, exceto veículos automotores"
6280,6800,0.028073591750599595,Desenvolvimento de sistemas e outros serviços de informação,Atividades imobiliárias
1992,2991,0.0280541696127255,Fabricação de biocombustíveis,"Fabricação de automóveis, caminhões e ônibus, exceto peças"
6280,8591,0.027886050815259352,Desenvolvimento de sistemas e outros serviços de informação,Educação pública
2991,6280,0.027882857420335912,"Fabricação de automóveis, caminhões e ônibus, exceto peças",Desenvolvimento de sistemas e outros serviços de informação
0580,9480,0.027852216207602424,Extração de carvão mineral e de minerais não metálicos,Organizações associativas e outros serviços pessoais
1100,9480,0.02761225622764723,Fabricação de bebidas,Organizações associativas e outros serviços pessoais
0680,6800,0.02757100915596032,"Extração de petróleo e gás, inclusive as atividades de apoio",Atividades imobiliárias
1200,2092,0.02751115038015658,Fabricação de produtos do fumo,"Fabricação de defensivos, desinfestantes, tintas e químicos diversos"
4580,8692,0.02750923974245753,Comércio por atacado e varejo,Saúde privada
0192,6280,0.02748527361331283,"Pecuária, inclusive o apoio à pecuária",Desenvolvimento de sistemas e outros serviços de informação
2093,6480,0.027350472855051246,"Fabricação de produtos de limpeza, cosméticos/perfumaria e higiene pessoal","Intermediação financeira, seguros e previdência complementar"
3180,4180,0.027204716516941944,Fabricação de móveis e de produtos de indústrias diversas,Construção
2600,3500,0.027103123263618294,"Fabricação de equipamentos de informática, produtos eletrônicos e ópticos","Energia elétrica, gás natural e outras utilidades"
2991,6480,0.027079793716034535,"Fabricação de automóveis, caminhões e ônibus, exceto peças","Intermediação financeira, seguros e previdência complementar"
5600,8691,0.027031779964484432,Alimentação,Saúde pública
4900,9080,0.026983995306276203,Transporte terrestre,"Atividades artísticas, criativas e de espetáculos"
2092,8592,0.026882824606761568,"Fabricação de defensivos, desinfestantes, tintas e químicos diversos",Educação privada
1092,2991,0.026858903339565962,Fabricação e refino de açúcar,"Fabricação de automóveis, caminhões e ônibus, exceto peças"
0792,2100,0.026764994181713252,"Extração de minerais metálicos não ferrosos, inclusive beneficiamentos",Fabricação de produtos farmoquímicos e farmacêuticos
2491,9080,0.026638888809840493,"Produção de ferro gusa/ferroligas, siderurgia e tubos de aço sem costura","Atividades artísticas, criativas e de espetáculos"
1600,9080,0.02657005282912868,Fabricação de produtos da madeira,"Atividades artísticas, criativas e de espetáculos"
4180,5800,0.02652725492491511,Construção,Edição e edição integrada à impressão
0792,8691,0.02637783399766717,"Extração de minerais metálicos não ferrosos, inclusive beneficiamentos",Saúde pública
0792,9080,0.026367047981661947,"Extração de minerais metálicos não ferrosos, inclusive beneficiamentos","Atividades artísticas, criativas e de espetáculos"
1091,6280,0.026280226347926195,"Abate e produtos de carne, inclusive os produtos do laticínio e da pesca",Desenvolvimento de sistemas e outros serviços de informação
1992,5800,0.02622702699155238,Fabricação de biocombustíveis,Edição e edição integrada à impressão
0680,8591,0.02618051357104708,"Extração de petróleo e gás, inclusive as atividades de apoio",Educação pública
2200,8592,0.026132776922287316,Fabricação de produtos de borracha e de material plástico,Educação privada
1400,5500,0.026052324406661068,Confecção de artefatos do vestuário e acessórios,Alojamento
1093,1300,0.025996967560339267,Outros produtos alimentares,Fabricação de produtos têxteis
5100,8692,0.025995493977277236,Transporte aéreo,Saúde privada
1991,6800,0.025934995266363385,Refino de petróleo e coquerias,Atividades imobiliárias
6480,8692,0.025807449677269296,"Intermediação financeira, seguros e previdência complementar",Saúde privada
1200,6980,0.025758908511679057,Fabricação de produtos do fumo,"Atividades jurídicas, contábeis, consultoria e sedes de empresas "
1093,6100,0.025616763877837463,Outros produtos alimentares,Telecomunicações
3000,5500,0.025588365029447308,"Fabricação de outros equipamentos de transporte, exceto veículos automotores",Alojamento
3000,4180,0.025577435222069008,"Fabricação de outros equipamentos de transporte, exceto veículos automotores",Construção
0680,1400,0.025546017875381234,"Extração de petróleo e gás, inclusive as atividades de apoio",Confecção de artefatos do vestuário e acessórios
0680,8692,0.025488526067277188,"Extração de petróleo e gás, inclusive as atividades de apoio",Saúde privada
0191,9480,0.025468032583030653,"Agricultura, inclusive o apoio à agricultura e a pós-colheita",Organizações associativas e outros serviços pessoais
2300,2600,0.025323002626084678,Fabricação de produtos de minerais não metálicos,"Fabricação de equipamentos de informática, produtos eletrônicos e ópticos"
1400,4580,0.025320743926824516,Confecção de artefatos do vestuário e acessórios,Comércio por atacado e varejo
1500,6980,0.02528848154524358,Fabricação de calçados e de artefatos de couro,"Atividades jurídicas, contábeis, consultoria e sedes de empresas "
0680,8592,0.02522317035084536,"Extração de petróleo e gás, inclusive as atividades de apoio",Educação privada
2600,3680,0.025097178573439707,"Fabricação de equipamentos de informática, produtos eletrônicos e ópticos","Água, esgoto e gestão de resíduos"
5800,9480,0.02488858234927305,Edição e edição integrada à impressão,Organizações associativas e outros serviços pessoais
3000,5100,0.02488576129560225,"Fabricação de outros equipamentos de transporte, exceto veículos automotores",Transporte aéreo
2100,4580,0.024850141387195927,Fabricação de produtos farmoquímicos e farmacêuticos,Comércio por atacado e varejo
2492,8592,0.024734559720941775,Metalurgia de metais não ferosos e a fundição de metais,Educação privada
0680,9080,0.024663659299395707,"Extração de petróleo e gás, inclusive as atividades de apoio","Atividades artísticas, criativas e de espetáculos"
1500,3300,0.024639865924238658,Fabricação de calçados e de artefatos de couro,"Manutenção, reparação e instalação de máquinas e equipamentos"
5600,6100,0.024627614742503978,Alimentação,Telecomunicações
3500,6800,0.02455281826716729,"Energia elétrica, gás natural e outras utilidades",Atividades imobiliárias
2093,8692,0.02442447674315444,"Fabricação de produtos de limpeza, cosméticos/perfumaria e higiene pessoal",Saúde privada
0791,9480,0.02440167882330475,"Extração de minério de ferro, inclusive beneficiamentos e a aglomeração",Organizações associativas e outros serviços pessoais
1400,3500,0.024354342791059514,Confecção de artefatos do vestuário e acessórios,"Energia elétrica, gás natural e outras utilidades"
1400,2492,0.024307884072004328,Confecção de artefatos do vestuário e acessórios,Metalurgia de metais não ferosos e a fundição de metais
2492,8591,0.024288386773887012,Metalurgia de metais não ferosos e a fundição de metais,Educação pública
1400,1991,0.024065624960010884,Confecção de artefatos do vestuário e acessórios,Refino de petróleo e coquerias
0192,2093,0.023958794917507086,"Pecuária, inclusive o apoio à pecuária","Fabricação de produtos de limpeza, cosméticos/perfumaria e higiene pessoal"
2500,8691,0.02395206406000728,"Fabricação de produtos de metal, exceto máquinas e equipamentos",Saúde pública
1091,2093,0.023916335982943696,"Abate e produtos de carne, inclusive os produtos do laticínio e da pesca","Fabricação de produtos de limpeza, cosméticos/perfumaria e higiene pessoal"
0680,8691,0.02391611504823851,"Extração de petróleo e gás, inclusive as atividades de apoio",Saúde pública
3000,3680,0.023772969766478556,"Fabricação de outros equipamentos de transporte, exceto veículos automotores","Água, esgoto e gestão de resíduos"
1991,8591,0.02371735953743004,Refino de petróleo e coquerias,Educação pública
2700,3000,0.023681424912437382,Fabricação de máquinas e equipamentos elétricos,"Fabricação de outros equipamentos de transporte, exceto veículos automotores"
1100,2992,0.023677485864466923,Fabricação de bebidas,Fabricação de peças e acessórios para veículos automotores
1100,6280,0.02364036351077125,Fabricação de bebidas,Desenvolvimento de sistemas e outros serviços de informação
2700,5800,0.023631557370145346,Fabricação de máquinas e equipamentos elétricos,Edição e edição integrada à impressão
2100,3180,0.023452546023226523,Fabricação de produtos farmoquímicos e farmacêuticos,Fabricação de móveis e de produtos de indústrias diversas
1991,8692,0.023448386766541488,Refino de petróleo e coquerias,Saúde privada
2100,3500,0.0233878619438462,Fabricação de produtos farmoquímicos e farmacêuticos,"Energia elétrica, gás natural e outras utilidades"
1093,2700,0.02337192864804516,Outros produtos alimentares,Fabricação de máquinas e equipamentos elétricos
2700,3180,0.023271620650398516,Fabricação de máquinas e equipamentos elétricos,Fabricação de móveis e de produtos de indústrias diversas
1500,7180,0.02327052156695833,Fabricação de calçados e de artefatos de couro,"Serviços de arquitetura, engenharia, testes/análises técnicas e P & D"
3180,6480,0.023192950800610575,Fabricação de móveis e de produtos de indústrias diversas,"Intermediação financeira, seguros e previdência complementar"
5500,8692,0.023086109057698093,Alojamento,Saúde privada
1600,8591,0.02306540474462932,Fabricação de produtos da madeira,Educação pública
0791,6800,0.023005892951231698,"Extração de minério de ferro, inclusive beneficiamentos e a aglomeração",Atividades imobiliárias
1400,6480,0.022890023215066942,Confecção de artefatos do vestuário e acessórios,"Intermediação financeira, seguros e previdência complementar"
1991,8592,0.02279155411499253,Refino de petróleo e coquerias,Educação privada
1092,8591,0.022774647570284405,Fabricação e refino de açúcar,Educação pública
2100,2500,0.022746268359762584,Fabricação de produtos farmoquímicos e farmacêuticos,"Fabricação de produtos de metal, exceto máquinas e equipamentos"
1300,8400,0.0227180253357259,Fabricação de produtos têxteis,"Administração pública, defesa e seguridade social"
2800,6280,0.022626509201446782,Fabricação de máquinas e equipamentos mecânicos,Desenvolvimento de sistemas e outros serviços de informação
2992,9080,0.02253600242794001,Fabricação de peças e acessórios para veículos automotores,"Atividades artísticas, criativas e de espetáculos"
1991,9080,0.022412444859352423,Refino de petróleo e coquerias,"Atividades artísticas, criativas e de espetáculos"
0192,2700,0.022395611172709745,"Pecuária, inclusive o apoio à pecuária",Fabricação de máquinas e equipamentos elétricos
2500,9080,0.02237507772706217,"Fabricação de produtos de metal, exceto máquinas e equipamentos","Atividades artísticas, criativas e de espetáculos"
6280,9080,0.022355983084873538,Desenvolvimento de sistemas e outros serviços de informação,"Atividades artísticas, criativas e de espetáculos"
3680,8592,0.022218760077624546,"Água, esgoto e gestão de resíduos",Educação privada
1300,6280,0.022051748690832835,Fabricação de produtos têxteis,Desenvolvimento de sistemas e outros serviços de informação
1300,6100,0.022019577306940024,Fabricação de produtos têxteis,Telecomunicações
0280,2800,0.021927522042851717,Produção florestal; pesca e aquicultura,Fabricação de máquinas e equipamentos mecânicos
1991,8691,0.021799996956346265,Refino de petróleo e coquerias,Saúde pública
0280,1300,0.021766310911972574,Produção florestal; pesca e aquicultura,Fabricação de produtos têxteis
1500,7700,0.02173871202816035,Fabricação de calçados e de artefatos de couro,Aluguéis não imobiliários e gestão de ativos de propriedade intelectual
3000,8400,0.02167015159681355,"Fabricação de outros equipamentos de transporte, exceto veículos automotores","Administração pública, defesa e seguridade social"
0280,6280,0.021662024710547585,Produção florestal; pesca e aquicultura,Desenvolvimento de sistemas e outros serviços de informação
1093,5800,0.021640409334512948,Outros produtos alimentares,Edição e edição integrada à impressão
2300,9480,0.021566552241161586,Fabricação de produtos de minerais não metálicos,Organizações associativas e outros serviços pessoais
1092,8692,0.021499148896428233,Fabricação e refino de açúcar,Saúde privada
0192,8400,0.02147332537169856,"Pecuária, inclusive o apoio à pecuária","Administração pública, defesa e seguridade social"
1500,4900,0.02130257393199981,Fabricação de calçados e de artefatos de couro,Transporte terrestre
3000,3500,0.021255778073430726,"Fabricação de outros equipamentos de transporte, exceto veículos automotores","Energia elétrica, gás natural e outras utilidades"
0580,2100,0.02123213073868475,Extração de carvão mineral e de minerais não metálicos,Fabricação de produtos farmoquímicos e farmacêuticos
2491,8691,0.021177776414849126,"Produção de ferro gusa/ferroligas, siderurgia e tubos de aço sem costura",Saúde pública
1400,3180,0.021168809281109577,Confecção de artefatos do vestuário e acessórios,Fabricação de móveis e de produtos de indústrias diversas
2800,6100,0.02107553116788141,Fabricação de máquinas e equipamentos mecânicos,Telecomunicações
5600,5800,0.02107288825715106,Alimentação,Edição e edição integrada à impressão
2992,9480,0.02096829221953404,Fabricação de peças e acessórios para veículos automotores,Organizações associativas e outros serviços pessoais
2600,4180,0.020954302995476785,"Fabricação de equipamentos de informática, produtos eletrônicos e ópticos",Construção
0791,9080,0.020937178927136813,"Extração de minério de ferro, inclusive beneficiamentos e a aglomeração","Atividades artísticas, criativas e de espetáculos"
2600,2800,0.02089820979169187,"Fabricação de equipamentos de informática, produtos eletrônicos e ópticos",Fabricação de máquinas e equipamentos mecânicos
0580,9080,0.02086124277868205,Extração de carvão mineral e de minerais não metálicos,"Atividades artísticas, criativas e de espetáculos"
0191,2800,0.020860680679696323,"Agricultura, inclusive o apoio à agricultura e a pós-colheita",Fabricação de máquinas e equipamentos mecânicos
2992,6800,0.020855800990057214,Fabricação de peças e acessórios para veículos automotores,Atividades imobiliárias
2700,6800,0.020820646693738527,Fabricação de máquinas e equipamentos elétricos,Atividades imobiliárias
2093,6280,0.020692239545044056,"Fabricação de produtos de limpeza, cosméticos/perfumaria e higiene pessoal",Desenvolvimento de sistemas e outros serviços de informação
0192,6100,0.02066298788884196,"Pecuária, inclusive o apoio à pecuária",Telecomunicações
1092,3180,0.02058979259719999,Fabricação e refino de açúcar,Fabricação de móveis e de produtos de indústrias diversas
1092,8691,0.020466665902852656,Fabricação e refino de açúcar,Saúde pública
0280,8400,0.020433223440837686,Produção florestal; pesca e aquicultura,"Administração pública, defesa e seguridade social"
4580,8592,0.020326675889814377,Comércio por atacado e varejo,Educação privada
1093,8400,0.02018280741155553,Outros produtos alimentares,"Administração pública, defesa e seguridade social"
1500,1800,0.020140067804907937,Fabricação de calçados e de artefatos de couro,Impressão e reprodução de gravações
2100,6280,0.020104124173902855,Fabricação de produtos farmoquímicos e farmacêuticos,Desenvolvimento de sistemas e outros serviços de informação
6100,6800,0.020051940056279065,Telecomunicações,Atividades imobiliárias
0280,2991,0.02002021035569618,Produção florestal; pesca e aquicultura,"Fabricação de automóveis, caminhões e ônibus, exceto peças"
1992,3180,0.019971242336302333,Fabricação de biocombustíveis,Fabricação de móveis e de produtos de indústrias diversas
2093,2700,0.019912895823378934,"Fabricação de produtos de limpeza, cosméticos/perfumaria e higiene pessoal",Fabricação de máquinas e equipamentos elétricos
0580,8691,0.01985427869901694,Extração de carvão mineral e de minerais não metálicos,Saúde pública
2800,3000,0.019851750228376902,Fabricação de máquinas e equipamentos mecânicos,"Fabricação de outros equipamentos de transporte, exceto veículos automotores"
1300,5600,0.019737263945202813,Fabricação de produtos têxteis,Alimentação
1992,8692,0.019671711353324243,Fabricação de biocombustíveis,Saúde privada
2100,2491,0.0196381502186988,Fabricação de produtos farmoquímicos e farmacêuticos,"Produção de ferro gusa/ferroligas, siderurgia e tubos de aço sem costura"
0191,8591,0.01956883120009007,"Agricultura, inclusive o apoio à agricultura e a pós-colheita",Educação pública
6280,8592,0.019524999428109327,Desenvolvimento de sistemas e outros serviços de informação,Educação privada
1100,5800,0.01942548008953974,Fabricação de bebidas,Edição e edição integrada à impressão
2093,8400,0.019364072982926327,"Fabricação de produtos de limpeza, cosméticos/perfumaria e higiene pessoal","Administração pública, defesa e seguridade social"
0192,1300,0.019203726657754997,"Pecuária, inclusive o apoio à pecuária",Fabricação de produtos têxteis
1091,6100,0.019171044870104844,"Abate e produtos de carne, inclusive os produtos do laticínio e da pesca",Telecomunicações
6100,8592,0.01915768072517867,Telecomunicações,Educação privada
1100,6100,0.019051567938833815,Fabricação de bebidas,Telecomunicações
1400,9480,0.018891922406973793,Confecção de artefatos do vestuário e acessórios,Organizações associativas e outros serviços pessoais
2491,8692,0.018740675333783343,"Produção de ferro gusa/ferroligas, siderurgia e tubos de aço sem costura",Saúde privada
0792,8591,0.018729380400111604,"Extração de minerais metálicos não ferrosos, inclusive beneficiamentos",Educação pública
0792,8592,0.01864275234699178,"Extração de minerais metálicos não ferrosos, inclusive beneficiamentos",Educação privada
0192,5800,0.018549465499845347,"Pecuária, inclusive o apoio à pecuária",Edição e edição integrada à impressão
2093,6100,0.018411654921298842,"Fabricação de produtos de limpeza, cosméticos/perfumaria e higiene pessoal",Telecomunicações
1091,2700,0.018381231673573254,"Abate e produtos de carne, inclusive os produtos do laticínio e da pesca",Fabricação de máquinas e equipamentos elétricos
1093,2100,0.018379006142113283,Outros produtos alimentares,Fabricação de produtos farmoquímicos e farmacêuticos
2500,8692,0.018362510055311684,"Fabricação de produtos de metal, exceto máquinas e equipamentos",Saúde privada
5800,6800,0.01834321443763187,Edição e edição integrada à impressão,Atividades imobiliárias
2600,9480,0.018265935880192163,"Fabricação de equipamentos de informática, produtos eletrônicos e ópticos",Organizações associativas e outros serviços pessoais
1600,8592,0.018194352538351496,Fabricação de produtos da madeira,Educação privada
5600,8692,0.018141280058175717,Alimentação,Saúde privada
1500,5280,0.018141133625253693,Fabricação de calçados e de artefatos de couro,"Armazenamento, atividades auxiliares dos transportes e correio"
2600,8400,0.01797737009030426,"Fabricação de equipamentos de informática, produtos eletrônicos e ópticos","Administração pública, defesa e seguridade social"
2491,8592,0.01796961989257182,"Produção de ferro gusa/ferroligas, siderurgia e tubos de aço sem costura",Educação privada
1091,8400,0.017962678854133485,"Abate e produtos de carne, inclusive os produtos do laticínio e da pesca","Administração pública, defesa e seguridade social"
0792,1400,0.017816436868706636,"Extração de minerais metálicos não ferrosos, inclusive beneficiamentos",Confecção de artefatos do vestuário e acessórios
1091,5800,0.01769435968356067,"Abate e produtos de carne, inclusive os produtos do laticínio e da pesca",Edição e edição integrada à impressão
1092,2600,0.017629143868170185,Fabricação e refino de açúcar,"Fabricação de equipamentos de informática, produtos eletrônicos e ópticos"
1992,2600,0.017601628288013996,Fabricação de biocombustíveis,"Fabricação de equipamentos de informática, produtos eletrônicos e ópticos"
0280,2093,0.017521106727936685,Produção florestal; pesca e aquicultura,"Fabricação de produtos de limpeza, cosméticos/perfumaria e higiene pessoal"
2100,6480,0.017435706315984092,Fabricação de produtos farmoquímicos e farmacêuticos,"Intermediação financeira, seguros e previdência complementar"
1400,3680,0.01739123808936127,Confecção de artefatos do vestuário e acessórios,"Água, esgoto e gestão de resíduos"
1500,8000,0.017287997119319772,Fabricação de calçados e de artefatos de couro,"Atividades de vigilância, segurança e investigação"
3000,6480,0.017267974932470637,"Fabricação de outros equipamentos de transporte, exceto veículos automotores","Intermediação financeira, seguros e previdência complementar"
3180,8400,0.017212479076088884,Fabricação de móveis e de produtos de indústrias diversas,"Administração pública, defesa e seguridade social"
2800,3180,0.017190043973960876,Fabricação de máquinas e equipamentos mecânicos,Fabricação de móveis e de produtos de indústrias diversas
2991,5800,0.017074365103628555,"Fabricação de automóveis, caminhões e ônibus, exceto peças",Edição e edição integrada à impressão
8692,9480,0.017065005144147515,Saúde privada,Organizações associativas e outros serviços pessoais
1992,8591,0.01706026574966603,Fabricação de biocombustíveis,Educação pública
0280,6100,0.017002812321036374,Produção florestal; pesca e aquicultura,Telecomunicações
0580,1400,0.016857753629420748,Extração de carvão mineral e de minerais não metálicos,Confecção de artefatos do vestuário e acessórios
3180,6280,0.01683205299671758,Fabricação de móveis e de produtos de indústrias diversas,Desenvolvimento de sistemas e outros serviços de informação
0791,8691,0.01682604595657213,"Extração de minério de ferro, inclusive beneficiamentos e a aglomeração",Saúde pública
2600,5800,0.016774857090130983,"Fabricação de equipamentos de informática, produtos eletrônicos e ópticos",Edição e edição integrada à impressão
0191,3180,0.016761972994759563,"Agricultura, inclusive o apoio à agricultura e a pós-colheita",Fabricação de móveis e de produtos de indústrias diversas
2700,5600,0.01671459577432777,Fabricação de máquinas e equipamentos elétricos,Alimentação
0192,4180,0.016568166002774123,"Pecuária, inclusive o apoio à pecuária",Construção
5800,8692,0.016451801310826214,Edição e edição integrada à impressão,Saúde privada
1400,2500,0.01638838879134409,Confecção de artefatos do vestuário e acessórios,"Fabricação de produtos de metal, exceto máquinas e equipamentos"
0680,1500,0.01634925211022574,"Extração de petróleo e gás, inclusive as atividades de apoio",Fabricação de calçados e de artefatos de couro
0191,8691,0.01634022328710829,"Agricultura, inclusive o apoio à agricultura e a pós-colheita",Saúde pública
0580,8692,0.016270428353501207,Extração de carvão mineral e de minerais não metálicos,Saúde privada
6100,8591,0.01621833264104916,Telecomunicações,Educação pública
2300,9080,0.016191163628251664,Fabricação de produtos de minerais não metálicos,"Atividades artísticas, criativas e de espetáculos"
1091,1500,0.016184346244476063,"Abate e produtos de carne, inclusive os produtos do laticínio e da pesca",Fabricação de calçados e de artefatos de couro
1093,9480,0.016151538209139154,Outros produtos alimentares,Organizações associativas e outros serviços pessoais
4580,8691,0.0160720044539573,Comércio por atacado e varejo,Saúde pública
1500,1991,0.01601572371099708,Fabricação de calçados e de artefatos de couro,Refino de petróleo e coquerias
0791,2100,0.015977158339882235,"Extração de minério de ferro, inclusive beneficiamentos e a aglomeração",Fabricação de produtos farmoquímicos e farmacêuticos
0580,8591,0.01596682287215662,Extração de carvão mineral e de minerais não metálicos,Educação pública
2093,5800,0.015944575713833196,"Fabricação de produtos de limpeza, cosméticos/perfumaria e higiene pessoal",Edição e edição integrada à impressão
6100,8692,0.015909804297499,Telecomunicações,Saúde privada
1300,8591,0.015888558661467468,Fabricação de produtos têxteis,Educação pública
2491,8591,0.01584393960122232,"Produção de ferro gusa/ferroligas, siderurgia e tubos de aço sem costura",Educação pública
1092,3000,0.015781714924952586,Fabricação e refino de açúcar,"Fabricação de outros equipamentos de transporte, exceto veículos automotores"
1300,2800,0.01575526343860024,Fabricação de produtos têxteis,Fabricação de máquinas e equipamentos mecânicos
1400,2491,0.015729215748362294,Confecção de artefatos do vestuário e acessórios,"Produção de ferro gusa/ferroligas, siderurgia e tubos de aço sem costura"
3180,6100,0.015599761395441577,Fabricação de móveis e de produtos de indústrias diversas,Telecomunicações
0280,5800,0.015588257367492964,Produção florestal; pesca e aquicultura,Edição e edição integrada à impressão
1300,5800,0.015566308503047296,Fabricação de produtos têxteis,Edição e edição integrada à impressão
1992,8691,0.015547642162418988,Fabricação de biocombustíveis,Saúde pública
0580,8592,0.01550451391587981,Extração de carvão mineral e de minerais não metálicos,Educação privada
2500,8591,0.015480602822305088,"Fabricação de produtos de metal, exceto máquinas e equipamentos",Educação pública
0191,8692,0.015313487736180503,"Agricultura, inclusive o apoio à agricultura e a pós-colheita",Saúde privada
1992,3000,0.015247890201171656,Fabricação de biocombustíveis,"Fabricação de outros equipamentos de transporte, exceto veículos automotores"
2992,8591,0.015206955930349599,Fabricação de peças e acessórios para veículos automotores,Educação pública
1100,8691,0.015201466142136582,Fabricação de bebidas,Saúde pública
1400,8400,0.015183931332284175,Confecção de artefatos do vestuário e acessórios,"Administração pública, defesa e seguridade social"
0791,8692,0.015177899321993066,"Extração de minério de ferro, inclusive beneficiamentos e a aglomeração",Saúde privada
2100,9480,0.015045146141319651,Fabricação de produtos farmoquímicos e farmacêuticos,Organizações associativas e outros serviços pessoais
2500,8592,0.01499485320802829,"Fabricação de produtos de metal, exceto máquinas e equipamentos",Educação privada
1300,2093,0.014983596252696655,Fabricação de produtos têxteis,"Fabricação de produtos de limpeza, cosméticos/perfumaria e higiene pessoal"
1500,2492,0.014973199043080754,Fabricação de calçados e de artefatos de couro,Metalurgia de metais não ferosos e a fundição de metais
1300,8692,0.014966136302732105,Fabricação de produtos têxteis,Saúde privada
1400,6100,0.01473728293677032,Confecção de artefatos do vestuário e acessórios,Telecomunicações
5800,9080,0.014701459257300188,Edição e edição integrada à impressão,"Atividades artísticas, criativas e de espetáculos"
1100,2700,0.014660097115362347,Fabricação de bebidas,Fabricação de máquinas e equipamentos elétricos
1200,7380,0.014610689683414186,Fabricação de produtos do fumo,"Outras atividades profissionais, científicas e técnicas"
1091,1300,0.014559417450949887,"Abate e produtos de carne, inclusive os produtos do laticínio e da pesca",Fabricação de produtos têxteis
0192,1500,0.014367228375883856,"Pecuária, inclusive o apoio à pecuária",Fabricação de calçados e de artefatos de couro
2300,8691,0.01434808063418569,Fabricação de produtos de minerais não metálicos,Saúde pública
1092,6800,0.01425034406245183,Fabricação e refino de açúcar,Atividades imobiliárias
3180,8591,0.014241019081960283,Fabricação de móveis e de produtos de indústrias diversas,Educação pública
0791,8592,0.014190106647154276,"Extração de minério de ferro, inclusive beneficiamentos e a aglomeração",Educação privada
1100,1300,0.014158784224118598,Fabricação de bebidas,Fabricação de produtos têxteis
1092,9080,0.014150109634438099,Fabricação e refino de açúcar,"Atividades artísticas, criativas e de espetáculos"
1093,8591,0.01412896684971622,Outros produtos alimentares,Educação pública
1400,8591,0.013984248584341366,Confecção de artefatos do vestuário e acessórios,Educação pública
2800,8400,0.013978943628738052,Fabricação de máquinas e equipamentos mecânicos,"Administração pública, defesa e seguridade social"
2600,8591,0.013975071316793314,"Fabricação de equipamentos de informática, produtos eletrônicos e ópticos",Educação pública
2100,5800,0.01388666619946143,Fabricação de produtos farmoquímicos e farmacêuticos,Edição e edição integrada à impressão
2700,9080,0.013780585115454871,Fabricação de máquinas e equipamentos elétricos,"Atividades artísticas, criativas e de espetáculos"
1100,8692,0.01370906517028206,Fabricação de bebidas,Saúde privada
0192,9480,0.013638534955012837,"Pecuária, inclusive o apoio à pecuária",Organizações associativas e outros serviços pessoais
0191,9080,0.013536122191980055,"Agricultura, inclusive o apoio à agricultura e a pós-colheita","Atividades artísticas, criativas e de espetáculos"
1500,7880,0.013506789736725975,Fabricação de calçados e de artefatos de couro,Outras atividades administrativas e serviços complementares
2991,3180,0.01348474392803422,"Fabricação de automóveis, caminhões e ônibus, exceto peças",Fabricação de móveis e de produtos de indústrias diversas
2100,2992,0.013472938131773906,Fabricação de produtos farmoquímicos e farmacêuticos,Fabricação de peças e acessórios para veículos automotores
8691,9480,0.013361177557486678,Saúde pública,Organizações associativas e outros serviços pessoais
1500,3500,0.013338582724882886,Fabricação de calçados e de artefatos de couro,"Energia elétrica, gás natural e outras utilidades"
1992,6800,0.013315082842228066,Fabricação de biocombustíveis,Atividades imobiliárias
2800,5800,0.01324158323853792,Fabricação de máquinas e equipamentos mecânicos,Edição e edição integrada à impressão
2093,5600,0.013235046294953071,"Fabricação de produtos de limpeza, cosméticos/perfumaria e higiene pessoal",Alimentação
1093,8691,0.013211843318523306,Outros produtos alimentares,Saúde pública
0191,2991,0.013195026368252172,"Agricultura, inclusive o apoio à agricultura e a pós-colheita","Fabricação de automóveis, caminhões e ônibus, exceto peças"
8400,9480,0.013101721107500177,"Administração pública, defesa e seguridade social",Organizações associativas e outros serviços pessoais
8400,8592,0.013083600707571795,"Administração pública, defesa e seguridade social",Educação privada
2991,3000,0.01306494833224697,"Fabricação de automóveis, caminhões e ônibus, exceto peças","Fabricação de outros equipamentos de transporte, exceto veículos automotores"
0580,1500,0.012998859753824985,Extração de carvão mineral e de minerais não metálicos,Fabricação de calçados e de artefatos de couro
0191,6800,0.012904462534349348,"Agricultura, inclusive o apoio à agricultura e a pós-colheita",Atividades imobiliárias
3000,6280,0.012901808870401904,"Fabricação de outros equipamentos de transporte, exceto veículos automotores",Desenvolvimento de sistemas e outros serviços de informação
2992,8592,0.012892478829470718,Fabricação de peças e acessórios para veículos automotores,Educação privada
1200,8000,0.012832272578266479,Fabricação de produtos do fumo,"Atividades de vigilância, segurança e investigação"
4580,8591,0.012679865688585566,Comércio por atacado e varejo,Educação pública
4180,6800,0.01265336555167536,Construção,Atividades imobiliárias
1992,9080,0.012637591785848033,Fabricação de biocombustíveis,"Atividades artísticas, criativas e de espetáculos"
0280,2100,0.01262004027953016,Produção florestal; pesca e aquicultura,Fabricação de produtos farmoquímicos e farmacêuticos
0192,8591,0.012616436244320298,"Pecuária, inclusive o apoio à pecuária",Educação pública
1400,2992,0.012586156421029027,Confecção de artefatos do vestuário e acessórios,Fabricação de peças e acessórios para veículos automotores
0191,3000,0.012581852675470514,"Agricultura, inclusive o apoio à agricultura e a pós-colheita","Fabricação de outros equipamentos de transporte, exceto veículos automotores"
0791,8591,0.012576217880370758,"Extração de minério de ferro, inclusive beneficiamentos e a aglomeração",Educação pública
2100,5600,0.012541800490325435,Fabricação de produtos farmoquímicos e farmacêuticos,Alimentação
0791,1400,0.012462939456730958,"Extração de minério de ferro, inclusive beneficiamentos e a aglomeração",Confecção de artefatos do vestuário e acessórios
1200,7180,0.012439125648443787,Fabricação de produtos do fumo,"Serviços de arquitetura, engenharia, testes/análises técnicas e P & D"
1500,1600,0.012409978472644273,Fabricação de calçados e de artefatos de couro,Fabricação de produtos da madeira
1100,9080,0.012405086238359843,Fabricação de bebidas,"Atividades artísticas, criativas e de espetáculos"
3180,5800,0.012397663908636525,Fabricação de móveis e de produtos de indústrias diversas,Edição e edição integrada à impressão
2093,2800,0.01239355525766654,"Fabricação de produtos de limpeza, cosméticos/perfumaria e higiene pessoal",Fabricação de máquinas e equipamentos mecânicos
6800,8400,0.012375429453133241,Atividades imobiliárias,"Administração pública, defesa e seguridade social"
1200,5980,0.012302525444744146,Fabricação de produtos do fumo,"Atividades de televisão, rádio, cinema e  gravação/edição de som e imagem"
1093,4180,0.012174312066876023,Outros produtos alimentares,Construção
2100,6100,0.012087641445921714,Fabricação de produtos farmoquímicos e farmacêuticos,Telecomunicações
5600,6800,0.012082475542127696,Alimentação,Atividades imobiliárias
2100,2300,0.012075129126150094,Fabricação de produtos farmoquímicos e farmacêuticos,Fabricação de produtos de minerais não metálicos
0280,2600,0.012032002766053694,Produção florestal; pesca e aquicultura,"Fabricação de equipamentos de informática, produtos eletrônicos e ópticos"
1400,6280,0.011971321459665101,Confecção de artefatos do vestuário e acessórios,Desenvolvimento de sistemas e outros serviços de informação
5600,9080,0.01195779463842426,Alimentação,"Atividades artísticas, criativas e de espetáculos"
1300,2100,0.011948267045524864,Fabricação de produtos têxteis,Fabricação de produtos farmoquímicos e farmacêuticos
1092,8592,0.011947384218870911,Fabricação e refino de açúcar,Educação privada
0280,8591,0.011935759749851137,Produção florestal; pesca e aquicultura,Educação pública
0191,2600,0.0119249324540697,"Agricultura, inclusive o apoio à agricultura e a pós-colheita","Fabricação de equipamentos de informática, produtos eletrônicos e ópticos"
1092,1400,0.011919189079360923,Fabricação e refino de açúcar,Confecção de artefatos do vestuário e acessórios
4180,9080,0.011907980547928847,Construção,"Atividades artísticas, criativas e de espetáculos"
0280,8692,0.011871449133887367,Produção florestal; pesca e aquicultura,Saúde privada
0792,1500,0.011744315325891248,"Extração de minerais metálicos não ferrosos, inclusive beneficiamentos",Fabricação de calçados e de artefatos de couro
1093,2800,0.011727480905851063,Outros produtos alimentares,Fabricação de máquinas e equipamentos mecânicos
1400,1992,0.011698179330370534,Confecção de artefatos do vestuário e acessórios,Fabricação de biocombustíveis
1091,8591,0.011681710118927147,"Abate e produtos de carne, inclusive os produtos do laticínio e da pesca",Educação pública
2093,2100,0.011658339879376258,"Fabricação de produtos de limpeza, cosméticos/perfumaria e higiene pessoal",Fabricação de produtos farmoquímicos e farmacêuticos
2992,8691,0.011602814190320084,Fabricação de peças e acessórios para veículos automotores,Saúde pública
2093,9080,0.011536194990958098,"Fabricação de produtos de limpeza, cosméticos/perfumaria e higiene pessoal","Atividades artísticas, criativas e de espetáculos"
0280,9480,0.01149970139977396,Produção florestal; pesca e aquicultura,Organizações associativas e outros serviços pessoais
1992,8592,0.01139047543767198,Fabricação de biocombustíveis,Educação privada
6480,8591,0.011333648414237441,"Intermediação financeira, seguros e previdência complementar",Educação pública
6100,8691,0.011292500424719977,Telecomunicações,Saúde pública
2600,2991,0.011281428274657517,"Fabricação de equipamentos de informática, produtos eletrônicos e ópticos","Fabricação de automóveis, caminhões e ônibus, exceto peças"
6800,9080,0.011261175077031617,Atividades imobiliárias,"Atividades artísticas, criativas e de espetáculos"
2100,8400,0.011115755519475136,Fabricação de produtos farmoquímicos e farmacêuticos,"Administração pública, defesa e seguridade social"
2093,3180,0.01111171483007928,"Fabricação de produtos de limpeza, cosméticos/perfumaria e higiene pessoal",Fabricação de móveis e de produtos de indústrias diversas
1091,9480,0.011108136429013383,"Abate e produtos de carne, inclusive os produtos do laticínio e da pesca",Organizações associativas e outros serviços pessoais
1500,2491,0.011038238731699932,Fabricação de calçados e de artefatos de couro,"Produção de ferro gusa/ferroligas, siderurgia e tubos de aço sem costura"
6280,8692,0.011022239743401238,Desenvolvimento de sistemas e outros serviços de informação,Saúde privada
2300,8592,0.010979535139514154,Fabricação de produtos de minerais não metálicos,Educação privada
1500,4580,0.010956939804459593,Fabricação de calçados e de artefatos de couro,Comércio por atacado e varejo
1500,2500,0.01090109073791699,Fabricação de calçados e de artefatos de couro,"Fabricação de produtos de metal, exceto máquinas e equipamentos"
2992,8692,0.010876682928623031,Fabricação de peças e acessórios para veículos automotores,Saúde privada
2093,8591,0.010832306660822001,"Fabricação de produtos de limpeza, cosméticos/perfumaria e higiene pessoal",Educação pública
4180,9480,0.010789842296983324,Construção,Organizações associativas e outros serviços pessoais
1100,2093,0.010714722852710825,Fabricação de bebidas,"Fabricação de produtos de limpeza, cosméticos/perfumaria e higiene pessoal"
1500,5100,0.0106287010689074,Fabricação de calçados e de artefatos de couro,Transporte aéreo
2991,9080,0.010554112408351714,"Fabricação de automóveis, caminhões e ônibus, exceto peças","Atividades artísticas, criativas e de espetáculos"
0192,2800,0.01046721108105207,"Pecuária, inclusive o apoio à pecuária",Fabricação de máquinas e equipamentos mecânicos
1300,3000,0.010449268293787646,Fabricação de produtos têxteis,"Fabricação de outros equipamentos de transporte, exceto veículos automotores"
1093,9080,0.010371659060892364,Outros produtos alimentares,"Atividades artísticas, criativas e de espetáculos"
0191,1500,0.010327219894607003,"Agricultura, inclusive o apoio à agricultura e a pós-colheita",Fabricação de calçados e de artefatos de couro
3000,6100,0.010292567236039774,"Fabricação de outros equipamentos de transporte, exceto veículos automotores",Telecomunicações
2300,8591,0.010252175861554396,Fabricação de produtos de minerais não metálicos,Educação pública
2700,8691,0.010251388221385247,Fabricação de máquinas e equipamentos elétricos,Saúde pública
1400,2300,0.010245305192278675,Confecção de artefatos do vestuário e acessórios,Fabricação de produtos de minerais não metálicos
6800,9480,0.010078732436676393,Atividades imobiliárias,Organizações associativas e outros serviços pessoais
2700,8591,0.009972935281691063,Fabricação de máquinas e equipamentos elétricos,Educação pública
8592,9480,0.009922966188062071,Educação privada,Organizações associativas e outros serviços pessoais
6800,8592,0.009746933831267339,Atividades imobiliárias,Educação privada
5600,8591,0.009705071233497812,Alimentação,Educação pública
2093,2991,0.0096852471430969,"Fabricação de produtos de limpeza, cosméticos/perfumaria e higiene pessoal","Fabricação de automóveis, caminhões e ônibus, exceto peças"
0280,3000,0.009618925164161574,Produção florestal; pesca e aquicultura,"Fabricação de outros equipamentos de transporte, exceto veículos automotores"
6480,8691,0.00958921891862847,"Intermediação financeira, seguros e previdência complementar",Saúde pública
2700,8592,0.009560387335293997,Fabricação de máquinas e equipamentos elétricos,Educação privada
5800,8691,0.009491591575789743,Edição e edição integrada à impressão,Saúde pública
0191,8592,0.009360161460299101,"Agricultura, inclusive o apoio à agricultura e a pós-colheita",Educação privada
1400,5800,0.009358579329770607,Confecção de artefatos do vestuário e acessórios,Edição e edição integrada à impressão
1300,9080,0.009345495559356563,Fabricação de produtos têxteis,"Atividades artísticas, criativas e de espetáculos"
2100,8591,0.009270906068519855,Fabricação de produtos farmoquímicos e farmacêuticos,Educação pública
0280,6800,0.00918624634606902,Produção florestal; pesca e aquicultura,Atividades imobiliárias
1093,3000,0.009173354934437737,Outros produtos alimentares,"Fabricação de outros equipamentos de transporte, exceto veículos automotores"
0192,8691,0.009171697044750213,"Pecuária, inclusive o apoio à pecuária",Saúde pública
1093,3180,0.00915702186154152,Outros produtos alimentares,Fabricação de móveis e de produtos de indústrias diversas
2800,9480,0.00915541761786838,Fabricação de máquinas e equipamentos mecânicos,Organizações associativas e outros serviços pessoais
2100,2700,0.009101599578151712,Fabricação de produtos farmoquímicos e farmacêuticos,Fabricação de máquinas e equipamentos elétricos
1091,2800,0.009101142317669939,"Abate e produtos de carne, inclusive os produtos do laticínio e da pesca",Fabricação de máquinas e equipamentos mecânicos
0280,8691,0.008967849473479998,Produção florestal; pesca e aquicultura,Saúde pública
1100,2800,0.008948646985497417,Fabricação de bebidas,Fabricação de máquinas e equipamentos mecânicos
2600,9080,0.008871993927780927,"Fabricação de equipamentos de informática, produtos eletrônicos e ópticos","Atividades artísticas, criativas e de espetáculos"
2093,2600,0.008860226023032845,"Fabricação de produtos de limpeza, cosméticos/perfumaria e higiene pessoal","Fabricação de equipamentos de informática, produtos eletrônicos e ópticos"
2300,8692,0.008834101155730589,Fabricação de produtos de minerais não metálicos,Saúde privada
1500,5500,0.008812192439547674,Fabricação de calçados e de artefatos de couro,Alojamento
0791,1500,0.008726146459365652,"Extração de minério de ferro, inclusive beneficiamentos e a aglomeração",Fabricação de calçados e de artefatos de couro
0280,1400,0.008676555708367614,Produção florestal; pesca e aquicultura,Confecção de artefatos do vestuário e acessórios
1093,8692,0.008672712123982615,Outros produtos alimentares,Saúde privada
1500,2992,0.008648436675823698,Fabricação de calçados e de artefatos de couro,Fabricação de peças e acessórios para veículos automotores
2800,5600,0.008579740460858572,Fabricação de máquinas e equipamentos mecânicos,Alimentação
0192,9080,0.008573547693130854,"Pecuária, inclusive o apoio à pecuária","Atividades artísticas, criativas e de espetáculos"
3180,9480,0.008470785989576209,Fabricação de móveis e de produtos de indústrias diversas,Organizações associativas e outros serviços pessoais
1300,2600,0.008442907839068155,Fabricação de produtos têxteis,"Fabricação de equipamentos de informática, produtos eletrônicos e ópticos"
2093,8691,0.008429538150355369,"Fabricação de produtos de limpeza, cosméticos/perfumaria e higiene pessoal",Saúde pública
2700,8692,0.008423099637687878,Fabricação de máquinas e equipamentos elétricos,Saúde privada
0192,8692,0.008401337896714838,"Pecuária, inclusive o apoio à pecuária",Saúde privada
1100,2100,0.008352195341810167,Fabricação de bebidas,Fabricação de produtos farmoquímicos e farmacêuticos
1300,8691,0.008275657022600339,Fabricação de produtos têxteis,Saúde pública
3180,5600,0.00825800723121508,Fabricação de móveis e de produtos de indústrias diversas,Alimentação
1100,4180,0.008252343642536873,Fabricação de bebidas,Construção
1200,5000,0.008187612826868716,Fabricação de produtos do fumo,Transporte aquaviário
1091,9080,0.00818227389519153,"Abate e produtos de carne, inclusive os produtos do laticínio e da pesca","Atividades artísticas, criativas e de espetáculos"
0192,3000,0.008119877058676544,"Pecuária, inclusive o apoio à pecuária","Fabricação de outros equipamentos de transporte, exceto veículos automotores"
1092,1500,0.008077958621902213,Fabricação e refino de açúcar,Fabricação de calçados e de artefatos de couro
1091,8691,0.007900792668622206,"Abate e produtos de carne, inclusive os produtos do laticínio e da pesca",Saúde pública
1400,2700,0.007870096420375963,Confecção de artefatos do vestuário e acessórios,Fabricação de máquinas e equipamentos elétricos
1091,3000,0.007829337671652408,"Abate e produtos de carne, inclusive os produtos do laticínio e da pesca","Fabricação de outros equipamentos de transporte, exceto veículos automotores"
4180,8592,0.007828578336008411,Construção,Educação privada
2093,8592,0.007824909958602593,"Fabricação de produtos de limpeza, cosméticos/perfumaria e higiene pessoal",Educação privada
0192,3180,0.007704875958689909,"Pecuária, inclusive o apoio à pecuária",Fabricação de móveis e de produtos de indústrias diversas
1100,6800,0.007635439148368256,Fabricação de bebidas,Atividades imobiliárias
1500,1992,0.00759231531367809,Fabricação de calçados e de artefatos de couro,Fabricação de biocombustíveis
1300,6800,0.007565682409227592,Fabricação de produtos têxteis,Atividades imobiliárias
1100,8591,0.007562033671336452,Fabricação de bebidas,Educação pública
2600,3180,0.00752818474851603,"Fabricação de equipamentos de informática, produtos eletrônicos e ópticos",Fabricação de móveis e de produtos de indústrias diversas
3000,5800,0.007510647072455581,"Fabricação de outros equipamentos de transporte, exceto veículos automotores",Edição e edição integrada à impressão
8592,8691,0.007486023141107431,Educação privada,Saúde pública
4180,8691,0.007483692890832942,Construção,Saúde pública
8592,9080,0.007320847806801807,Educação privada,"Atividades artísticas, criativas e de espetáculos"
1500,2300,0.007319655415281913,Fabricação de calçados e de artefatos de couro,Fabricação de produtos de minerais não metálicos
1093,6800,0.0071670245267617715,Outros produtos alimentares,Atividades imobiliárias
4180,5600,0.007100700455169932,Construção,Alimentação
1100,3180,0.007086635446007776,Fabricação de bebidas,Fabricação de móveis e de produtos de indústrias diversas
1500,6480,0.0070203389705181295,Fabricação de calçados e de artefatos de couro,"Intermediação financeira, seguros e previdência complementar"
8591,8592,0.006987635580470376,Educação pública,Educação privada
0192,1400,0.0069516729161314865,"Pecuária, inclusive o apoio à pecuária",Confecção de artefatos do vestuário e acessórios
3000,5600,0.00694457817411747,"Fabricação de outros equipamentos de transporte, exceto veículos automotores",Alimentação
2600,8691,0.006905236377344782,"Fabricação de equipamentos de informática, produtos eletrônicos e ópticos",Saúde pública
2093,6800,0.00686322990417946,"Fabricação de produtos de limpeza, cosméticos/perfumaria e higiene pessoal",Atividades imobiliárias
1400,2093,0.006844131150603486,Confecção de artefatos do vestuário e acessórios,"Fabricação de produtos de limpeza, cosméticos/perfumaria e higiene pessoal"
2100,9080,0.006843429596860315,Fabricação de produtos farmoquímicos e farmacêuticos,"Atividades artísticas, criativas e de espetáculos"
1400,5600,0.006780059575515671,Confecção de artefatos do vestuário e acessórios,Alimentação
2800,9080,0.006768761339537358,Fabricação de máquinas e equipamentos mecânicos,"Atividades artísticas, criativas e de espetáculos"
0280,1500,0.006742581985141326,Produção florestal; pesca e aquicultura,Fabricação de calçados e de artefatos de couro
2800,8691,0.006734450398387715,Fabricação de máquinas e equipamentos mecânicos,Saúde pública
1091,8692,0.006650857555155243,"Abate e produtos de carne, inclusive os produtos do laticínio e da pesca",Saúde privada
1093,2600,0.006572921331994538,Outros produtos alimentares,"Fabricação de equipamentos de informática, produtos eletrônicos e ópticos"
0280,9080,0.006536762948207877,Produção florestal; pesca e aquicultura,"Atividades artísticas, criativas e de espetáculos"
1093,8592,0.00644850421847139,Outros produtos alimentares,Educação privada
8691,9080,0.0064422467668526955,Saúde pública,"Atividades artísticas, criativas e de espetáculos"
3000,3180,0.006378319248097404,"Fabricação de outros equipamentos de transporte, exceto veículos automotores",Fabricação de móveis e de produtos de indústrias diversas
0192,6800,0.006373887878764033,"Pecuária, inclusive o apoio à pecuária",Atividades imobiliárias
2800,6800,0.006346112897916499,Fabricação de máquinas e equipamentos mecânicos,Atividades imobiliárias
1100,3000,0.006339643194746258,Fabricação de bebidas,"Fabricação de outros equipamentos de transporte, exceto veículos automotores"
2991,9480,0.006321450709709519,"Fabricação de automóveis, caminhões e ônibus, exceto peças",Organizações associativas e outros serviços pessoais
1500,3680,0.006273039723049786,Fabricação de calçados e de artefatos de couro,"Água, esgoto e gestão de resíduos"
3180,9080,0.0062052483254702055,Fabricação de móveis e de produtos de indústrias diversas,"Atividades artísticas, criativas e de espetáculos"
3000,9480,0.006169081772348321,"Fabricação de outros equipamentos de transporte, exceto veículos automotores",Organizações associativas e outros serviços pessoais
1200,1800,0.006065749825248234,Fabricação de produtos do fumo,Impressão e reprodução de gravações
1091,3180,0.006062182698623507,"Abate e produtos de carne, inclusive os produtos do laticínio e da pesca",Fabricação de móveis e de produtos de indústrias diversas
2093,3000,0.0060027718563839295,"Fabricação de produtos de limpeza, cosméticos/perfumaria e higiene pessoal","Fabricação de outros equipamentos de transporte, exceto veículos automotores"
2600,8592,0.00592799546329327,"Fabricação de equipamentos de informática, produtos eletrônicos e ópticos",Educação privada
2600,3000,0.005911225615808518,"Fabricação de equipamentos de informática, produtos eletrônicos e ópticos","Fabricação de outros equipamentos de transporte, exceto veículos automotores"
1400,9080,0.00589135924251059,Confecção de artefatos do vestuário e acessórios,"Atividades artísticas, criativas e de espetáculos"
1500,3180,0.005889574414263609,Fabricação de calçados e de artefatos de couro,Fabricação de móveis e de produtos de indústrias diversas
1200,7700,0.005805284771332759,Fabricação de produtos do fumo,Aluguéis não imobiliários e gestão de ativos de propriedade intelectual
8591,9080,0.005776262245384512,Educação pública,"Atividades artísticas, criativas e de espetáculos"
3180,6800,0.005738889965222508,Fabricação de móveis e de produtos de indústrias diversas,Atividades imobiliárias
2100,8592,0.00573311963773412,Fabricação de produtos farmoquímicos e farmacêuticos,Educação privada
5600,8592,0.005730522387886306,Alimentação,Educação privada
2991,4180,0.00570708249682224,"Fabricação de automóveis, caminhões e ônibus, exceto peças",Construção
2100,4180,0.005616534350311336,Fabricação de produtos farmoquímicos e farmacêuticos,Construção
1400,4180,0.005609542444688874,Confecção de artefatos do vestuário e acessórios,Construção
2600,5600,0.005589090381483289,"Fabricação de equipamentos de informática, produtos eletrônicos e ópticos",Alimentação
0192,8592,0.005508154534261006,"Pecuária, inclusive o apoio à pecuária",Educação privada
6800,8692,0.005484948469837082,Atividades imobiliárias,Saúde privada
0280,8592,0.0054796576418682606,Produção florestal; pesca e aquicultura,Educação privada
1091,6800,0.005458670589614402,"Abate e produtos de carne, inclusive os produtos do laticínio e da pesca",Atividades imobiliárias
1200,3300,0.005417828670130888,Fabricação de produtos do fumo,"Manutenção, reparação e instalação de máquinas e equipamentos"
0192,2600,0.005377439116093105,"Pecuária, inclusive o apoio à pecuária","Fabricação de equipamentos de informática, produtos eletrônicos e ópticos"
2600,8692,0.005374476848173717,"Fabricação de equipamentos de informática, produtos eletrônicos e ópticos",Saúde privada
2600,6800,0.005360272890306091,"Fabricação de equipamentos de informática, produtos eletrônicos e ópticos",Atividades imobiliárias
1093,1500,0.005283721940041521,Outros produtos alimentares,Fabricação de calçados e de artefatos de couro
1200,1991,0.005219127902566695,Fabricação de produtos do fumo,Refino de petróleo e coquerias
1091,8592,0.005142300171516905,"Abate e produtos de carne, inclusive os produtos do laticínio e da pesca",Educação privada
1500,4180,0.005141112746864564,Fabricação de calçados e de artefatos de couro,Construção
1200,4900,0.005031922849084839,Fabricação de produtos do fumo,Transporte terrestre
2100,2800,0.004977590127444911,Fabricação de produtos farmoquímicos e farmacêuticos,Fabricação de máquinas e equipamentos mecânicos
1100,2600,0.004958235957516215,Fabricação de bebidas,"Fabricação de equipamentos de informática, produtos eletrônicos e ópticos"
0680,1200,0.004902670463822898,"Extração de petróleo e gás, inclusive as atividades de apoio",Fabricação de produtos do fumo
1093,2991,0.0048291914429774855,Outros produtos alimentares,"Fabricação de automóveis, caminhões e ônibus, exceto peças"
1500,2700,0.004791628161921693,Fabricação de calçados e de artefatos de couro,Fabricação de máquinas e equipamentos elétricos
1200,5280,0.004783616136301147,Fabricação de produtos do fumo,"Armazenamento, atividades auxiliares dos transportes e correio"
2800,8592,0.004783276975582291,Fabricação de máquinas e equipamentos mecânicos,Educação privada
1300,8592,0.004682970717658896,Fabricação de produtos têxteis,Educação privada
1091,2600,0.004682592711316926,"Abate e produtos de carne, inclusive os produtos do laticínio e da pesca","Fabricação de equipamentos de informática, produtos eletrônicos e ópticos"
1093,1400,0.004600277969637806,Outros produtos alimentares,Confecção de artefatos do vestuário e acessórios
1500,6280,0.0045857882205986925,Fabricação de calçados e de artefatos de couro,Desenvolvimento de sistemas e outros serviços de informação
1100,8592,0.004572971358248963,Fabricação de bebidas,Educação privada
1100,1400,0.004537076667726357,Fabricação de bebidas,Confecção de artefatos do vestuário e acessórios
2991,5600,0.004504534374544603,"Fabricação de automóveis, caminhões e ônibus, exceto peças",Alimentação
1500,6100,0.004491828229647178,Fabricação de calçados e de artefatos de couro,Telecomunicações
1200,7880,0.004468283015381384,Fabricação de produtos do fumo,Outras atividades administrativas e serviços complementares
1400,6800,0.004155743709882416,Confecção de artefatos do vestuário e acessórios,Atividades imobiliárias
2991,6800,0.00414970413187804,"Fabricação de automóveis, caminhões e ônibus, exceto peças",Atividades imobiliárias
2991,8592,0.004096442160978664,"Fabricação de automóveis, caminhões e ônibus, exceto peças",Educação privada
3000,9080,0.004069360910279512,"Fabricação de outros equipamentos de transporte, exceto veículos automotores","Atividades artísticas, criativas e de espetáculos"
3000,8691,0.003953656030451975,"Fabricação de outros equipamentos de transporte, exceto veículos automotores",Saúde pública
1400,2800,0.003918602253086442,Confecção de artefatos do vestuário e acessórios,Fabricação de máquinas e equipamentos mecânicos
2800,8692,0.0039022658444090134,Fabricação de máquinas e equipamentos mecânicos,Saúde privada
1100,2991,0.003893291734566495,Fabricação de bebidas,"Fabricação de automóveis, caminhões e ônibus, exceto peças"
0280,1200,0.0038465946034685955,Produção florestal; pesca e aquicultura,Fabricação de produtos do fumo
2800,8591,0.00384389118515421,Fabricação de máquinas e equipamentos mecânicos,Educação pública
2100,2600,0.0038392821137756,Fabricação de produtos farmoquímicos e farmacêuticos,"Fabricação de equipamentos de informática, produtos eletrônicos e ópticos"
1200,3500,0.0037901003511249093,Fabricação de produtos do fumo,"Energia elétrica, gás natural e outras utilidades"
1500,5800,0.003772639259239222,Fabricação de calçados e de artefatos de couro,Edição e edição integrada à impressão
1200,5100,0.0037612839637446026,Fabricação de produtos do fumo,Transporte aéreo
2100,3000,0.0037403306850694725,Fabricação de produtos farmoquímicos e farmacêuticos,"Fabricação de outros equipamentos de transporte, exceto veículos automotores"
1091,4180,0.003684233608469354,"Abate e produtos de carne, inclusive os produtos do laticínio e da pesca",Construção
1200,2200,0.0036615814207375343,Fabricação de produtos do fumo,Fabricação de produtos de borracha e de material plástico
2100,6800,0.0036315554732858422,Fabricação de produtos farmoquímicos e farmacêuticos,Atividades imobiliárias
0192,1200,0.003614378743777874,"Pecuária, inclusive o apoio à pecuária",Fabricação de produtos do fumo
1500,2991,0.0035974450949073722,Fabricação de calçados e de artefatos de couro,"Fabricação de automóveis, caminhões e ônibus, exceto peças"
4180,8591,0.00355935777811681,Construção,Educação pública
8692,9080,0.003557412372714911,Saúde privada,"Atividades artísticas, criativas e de espetáculos"
3000,8692,0.0035140493820217987,"Fabricação de outros equipamentos de transporte, exceto veículos automotores",Saúde privada
1500,2093,0.003477211761194161,Fabricação de calçados e de artefatos de couro,"Fabricação de produtos de limpeza, cosméticos/perfumaria e higiene pessoal"
3180,8592,0.003382383032920131,Fabricação de móveis e de produtos de indústrias diversas,Educação privada
3000,6800,0.0033517866300894444,"Fabricação de outros equipamentos de transporte, exceto veículos automotores",Atividades imobiliárias
0580,1200,0.0033420143027676746,Extração de carvão mineral e de minerais não metálicos,Fabricação de produtos do fumo
1500,8400,0.0031796341531911067,Fabricação de calçados e de artefatos de couro,"Administração pública, defesa e seguridade social"
1200,2492,0.0031584708490958553,Fabricação de produtos do fumo,Metalurgia de metais não ferosos e a fundição de metais
0192,2991,0.003145554508310578,"Pecuária, inclusive o apoio à pecuária","Fabricação de automóveis, caminhões e ônibus, exceto peças"
2991,8400,0.0030688952387715727,"Fabricação de automóveis, caminhões e ônibus, exceto peças","Administração pública, defesa e seguridade social"
1200,5500,0.003045788624923267,Fabricação de produtos do fumo,Alojamento
1091,1400,0.0029726879223875304,"Abate e produtos de carne, inclusive os produtos do laticínio e da pesca",Confecção de artefatos do vestuário e acessórios
1200,1600,0.0029599496928939565,Fabricação de produtos do fumo,Fabricação de produtos da madeira
1400,2600,0.002816835143347695,Confecção de artefatos do vestuário e acessórios,"Fabricação de equipamentos de informática, produtos eletrônicos e ópticos"
6800,8691,0.0027788298267341608,Atividades imobiliárias,Saúde pública
1400,3000,0.002744168658809599,Confecção de artefatos do vestuário e acessórios,"Fabricação de outros equipamentos de transporte, exceto veículos automotores"
6800,8591,0.0027300215375921184,Atividades imobiliárias,Educação pública
8591,9480,0.002651641829766769,Educação pública,Organizações associativas e outros serviços pessoais
1500,2800,0.0026229893729787786,Fabricação de calçados e de artefatos de couro,Fabricação de máquinas e equipamentos mecânicos
3000,8592,0.002491377525684997,"Fabricação de outros equipamentos de transporte, exceto veículos automotores",Educação privada
1200,4580,0.002470203690874992,Fabricação de produtos do fumo,Comércio por atacado e varejo
1400,1500,0.0024599304316070512,Confecção de artefatos do vestuário e acessórios,Fabricação de calçados e de artefatos de couro
1092,1200,0.0024588360618914206,Fabricação e refino de açúcar,Fabricação de produtos do fumo
1200,1992,0.002452518918520152,Fabricação de produtos do fumo,Fabricação de biocombustíveis
1500,5600,0.002451754206887938,Fabricação de calçados e de artefatos de couro,Alimentação
1400,8692,0.002398848020240205,Confecção de artefatos do vestuário e acessórios,Saúde privada
1400,2991,0.0023963418462015175,Confecção de artefatos do vestuário e acessórios,"Fabricação de automóveis, caminhões e ônibus, exceto peças"
1400,2100,0.002382302868133025,Confecção de artefatos do vestuário e acessórios,Fabricação de produtos farmoquímicos e farmacêuticos
3000,8591,0.0023767244665059044,"Fabricação de outros equipamentos de transporte, exceto veículos automotores",Educação pública
0792,1200,0.0023617635385468796,"Extração de minerais metálicos não ferrosos, inclusive beneficiamentos",Fabricação de produtos do fumo
1200,6480,0.002356805910344845,Fabricação de produtos do fumo,"Intermediação financeira, seguros e previdência complementar"
1400,8691,0.002242750138005282,Confecção de artefatos do vestuário e acessórios,Saúde pública
1400,8592,0.0021985296712283696,Confecção de artefatos do vestuário e acessórios,Educação privada
1091,2991,0.0021826521340968094,"Abate e produtos de carne, inclusive os produtos do laticínio e da pesca","Fabricação de automóveis, caminhões e ônibus, exceto peças"
1200,2500,0.0021735597250267928,Fabricação de produtos do fumo,"Fabricação de produtos de metal, exceto máquinas e equipamentos"
1500,9080,0.0021310260422392345,Fabricação de calçados e de artefatos de couro,"Atividades artísticas, criativas e de espetáculos"
1100,1500,0.0020105256601796184,Fabricação de bebidas,Fabricação de calçados e de artefatos de couro
1200,2491,0.0019212930481755086,Fabricação de produtos do fumo,"Produção de ferro gusa/ferroligas, siderurgia e tubos de aço sem costura"
8592,8692,0.0019110088110851741,Educação privada,Saúde privada
1500,9480,0.0018373048371124825,Fabricação de calçados e de artefatos de couro,Organizações associativas e outros serviços pessoais
2100,2991,0.0017930424244541165,Fabricação de produtos farmoquímicos e farmacêuticos,"Fabricação de automóveis, caminhões e ônibus, exceto peças"
1200,2300,0.001779671305446398,Fabricação de produtos do fumo,Fabricação de produtos de minerais não metálicos
1500,2100,0.0017739676885728097,Fabricação de calçados e de artefatos de couro,Fabricação de produtos farmoquímicos e farmacêuticos
1200,6280,0.001601146093671032,Fabricação de produtos do fumo,Desenvolvimento de sistemas e outros serviços de informação
0791,1200,0.0015618845821396266,"Extração de minério de ferro, inclusive beneficiamentos e a aglomeração",Fabricação de produtos do fumo
1500,3000,0.001534034933888154,Fabricação de calçados e de artefatos de couro,"Fabricação de outros equipamentos de transporte, exceto veículos automotores"
1500,2600,0.0014492154549538387,Fabricação de calçados e de artefatos de couro,"Fabricação de equipamentos de informática, produtos eletrônicos e ópticos"
1200,3680,0.0013840959226690485,Fabricação de produtos do fumo,"Água, esgoto e gestão de resíduos"
1500,8692,0.0013528210935167182,Fabricação de calçados e de artefatos de couro,Saúde privada
1200,2992,0.0012872746119230096,Fabricação de produtos do fumo,Fabricação de peças e acessórios para veículos automotores
8400,8692,0.0012617534646761515,"Administração pública, defesa e seguridade social",Saúde privada
1200,2093,0.0012603522959518966,Fabricação de produtos do fumo,"Fabricação de produtos de limpeza, cosméticos/perfumaria e higiene pessoal"
1500,6800,0.0012225850729270869,Fabricação de calçados e de artefatos de couro,Atividades imobiliárias
8691,8692,0.0012184099101353904,Saúde pública,Saúde privada
8400,8591,0.001195025177139253,"Administração pública, defesa e seguridade social",Educação pública
1200,5800,0.00117529446035317,Fabricação de produtos do fumo,Edição e edição integrada à impressão
1500,8591,0.001016201399392311,Fabricação de calçados e de artefatos de couro,Educação pública
8400,8691,0.000961938521008657,"Administração pública, defesa e seguridade social",Saúde pública
4180,8692,0.0009572132294018733,Construção,Saúde privada
2991,8591,0.0009548623688212674,"Fabricação de automóveis, caminhões e ônibus, exceto peças",Educação pública
1200,2700,0.0009428682364049929,Fabricação de produtos do fumo,Fabricação de máquinas e equipamentos elétricos
1200,6100,0.0009383110933549649,Fabricação de produtos do fumo,Telecomunicações
1500,8691,0.0009312836967911905,Fabricação de calçados e de artefatos de couro,Saúde pública
1500,8592,0.0009294720183953612,Fabricação de calçados e de artefatos de couro,Educação privada
1200,1300,0.0009036692191166459,Fabricação de produtos do fumo,Fabricação de produtos têxteis
1093,1200,0.000800010563385201,Outros produtos alimentares,Fabricação de produtos do fumo
2991,8692,0.0006259172815205235,"Fabricação de automóveis, caminhões e ônibus, exceto peças",Saúde privada
1200,9080,0.0006105852651479166,Fabricação de produtos do fumo,"Atividades artísticas, criativas e de espetáculos"
1200,2800,0.0006101191746226065,Fabricação de produtos do fumo,Fabricação de máquinas e equipamentos mecânicos
2991,8691,0.0005384485023928709,"Fabricação de automóveis, caminhões e ônibus, exceto peças",Saúde pública
1200,2100,0.000535199606688264,Fabricação de produtos do fumo,Fabricação de produtos farmoquímicos e farmacêuticos
1200,4180,0.0005164062291347446,Fabricação de produtos do fumo,Construção
1200,9480,0.0003713211026991018,Fabricação de produtos do fumo,Organizações associativas e outros serviços pessoais
1200,2600,0.00032133182108377747,Fabricação de produtos do fumo,"Fabricação de equipamentos de informática, produtos eletrônicos e ópticos"
1091,1200,0.00031778358551748294,"Abate e produtos de carne, inclusive os produtos do laticínio e da pesca",Fabricação de produtos do fumo
1200,5600,0.0003164941368369113,Fabricação de produtos do fumo,Alimentação
1200,8592,0.00031471163333843624,Fabricação de produtos do fumo,Educação privada
1200,8400,0.00030589472718929,Fabricação de produtos do fumo,"Administração pública, defesa e seguridade social"
1200,3180,0.00029312499294711073,Fabricação de produtos do fumo,Fabricação de móveis e de produtos de indústrias diversas
1200,2991,0.0002901989087410095,Fabricação de produtos do fumo,"Fabricação de automóveis, caminhões e ônibus, exceto peças"
1200,6800,0.0002859763952683513,Fabricação de produtos do fumo,Atividades imobiliárias
1200,3000,0.00028181552318840686,Fabricação de produtos do fumo,"Fabricação de outros equipamentos de transporte, exceto veículos automotores"
1100,1200,0.00026930984209143073,Fabricação de bebidas,Fabricação de produtos do fumo
8591,8692,0.0002511703118410089,Educação pública,Saúde privada
1200,1400,0.00018916879262404005,Fabricação de produtos do fumo,Confecção de artefatos do vestuário e acessórios
8591,8691,0.00018604252410696551,Educação pública,Saúde pública
1200,1500,0.00013831204969241422,Fabricação de produtos do fumo,Fabricação de calçados e de artefatos de couro
1200,8692,0.00013249923528767994,Fabricação de produtos do fumo,Saúde privada
1200,8591,0.00010433574153543756,Fabricação de produtos do fumo,Educação pública
1200,8691,8.206573454919596e-05,Fabricação de produtos do fumo,Saúde pública
0191,9700,0.0,"Agricultura, inclusive o apoio à agricultura e a pós-colheita",Serviços domésticos
0192,9700,0.0,"Pecuária, inclusive o apoio à pecuária",Serviços domésticos
0280,9700,0.0,Produção florestal; pesca e aquicultura,Serviços domésticos
0580,9700,0.0,Extração de carvão mineral e de minerais não metálicos,Serviços domésticos
0680,9700,0.0,"Extração de petróleo e gás, inclusive as atividades de apoio",Serviços domésticos
0791,9700,0.0,"Extração de minério de ferro, inclusive beneficiamentos e a aglomeração",Serviços domésticos
0792,9700,0.0,"Extração de minerais metálicos não ferrosos, inclusive beneficiamentos",Serviços domésticos
1091,9700,0.0,"Abate e produtos de carne, inclusive os produtos do laticínio e da pesca",Serviços domésticos
1092,9700,0.0,Fabricação e refino de açúcar,Serviços domésticos
1093,9700,0.0,Outros produtos alimentares,Serviços domésticos
1100,9700,0.0,Fabricação de bebidas,Serviços domésticos
1200,9700,0.0,Fabricação de produtos do fumo,Serviços domésticos
1300,9700,0.0,Fabricação de produtos têxteis,Serviços domésticos
1400,9700,0.0,Confecção de artefatos do vestuário e acessórios,Serviços domésticos
1500,9700,0.0,Fabricação de calçados e de artefatos de couro,Serviços domésticos
1600,9700,0.0,Fabricação de produtos da madeira,Serviços domésticos
1700,9700,0.0,"Fabricação de celulose, papel e produtos de papel",Serviços domésticos
1800,9700,0.0,Impressão e reprodução de gravações,Serviços domésticos
1991,9700,0.0,Refino de petróleo e coquerias,Serviços domésticos
1992,9700,0.0,Fabricação de biocombustíveis,Serviços domésticos
2091,9700,0.0,"Fabricação de químicos orgânicos e inorgânicos, resinas e elastômeros",Serviços domésticos
2092,9700,0.0,"Fabricação de defensivos, desinfestantes, tintas e químicos diversos",Serviços domésticos
2093,9700,0.0,"Fabricação de produtos de limpeza, cosméticos/perfumaria e higiene pessoal",Serviços domésticos
2100,9700,0.0,Fabricação de produtos farmoquímicos e farmacêuticos,Serviços domésticos
2200,9700,0.0,Fabricação de produtos de borracha e de material plástico,Serviços domésticos
2300,9700,0.0,Fabricação de produtos de minerais não metálicos,Serviços domésticos
2491,9700,0.0,"Produção de ferro gusa/ferroligas, siderurgia e tubos de aço sem costura",Serviços domésticos
2492,9700,0.0,Metalurgia de metais não ferosos e a fundição de metais,Serviços domésticos
2500,9700,0.0,"Fabricação de produtos de metal, exceto máquinas e equipamentos",Serviços domésticos
2600,9700,0.0,"Fabricação de equipamentos de informática, produtos eletrônicos e ópticos",Serviços domésticos
2700,9700,0.0,Fabricação de máquinas e equipamentos elétricos,Serviços domésticos
2800,9700,0.0,Fabricação de máquinas e equipamentos mecânicos,Serviços domésticos
2991,9700,0.0,"Fabricação de automóveis, caminhões e ônibus, exceto peças",Serviços domésticos
2992,9700,0.0,Fabricação de peças e acessórios para veículos automotores,Serviços domésticos
3000,9700,0.0,"Fabricação de outros equipamentos de transporte, exceto veículos automotores",Serviços domésticos
3180,9700,0.0,Fabricação de móveis e de produtos de indústrias diversas,Serviços domésticos
3300,9700,0.0,"Manutenção, reparação e instalação de máquinas e equipamentos",Serviços domésticos
3500,9700,0.0,"Energia elétrica, gás natural e outras utilidades",Serviços domésticos
3680,9700,0.0,"Água, esgoto e gestão de resíduos",Serviços domésticos
4180,9700,0.0,Construção,Serviços domésticos
4580,9700,0.0,Comércio por atacado e varejo,Serviços domésticos
4900,9700,0.0,Transporte terrestre,Serviços domésticos
5000,9700,0.0,Transporte aquaviário,Serviços domésticos
5100,9700,0.0,Transporte aéreo,Serviços domésticos
5280,9700,0.0,"Armazenamento, atividades auxiliares dos transportes e correio",Serviços domésticos
5500,9700,0.0,Alojamento,Serviços domésticos
5600,9700,0.0,Alimentação,Serviços domésticos
5800,9700,0.0,Edição e edição integrada à impressão,Serviços domésticos
5980,9700,0.0,"Atividades de televisão, rádio, cinema e  gravação/edição de som e imagem",Serviços domésticos
6100,9700,0.0,Telecomunicações,Serviços domésticos
6280,9700,0.0,Desenvolvimento de sistemas e outros serviços de informação,Serviços domésticos
6480,9700,0.0,"Intermediação financeira, seguros e previdência complementar",Serviços domésticos
6800,9700,0.0,Atividades imobiliárias,Serviços domésticos
6980,9700,0.0,"Atividades jurídicas, contábeis, consultoria e sedes de empresas ",Serviços domésticos
7180,9700,0.0,"Serviços de arquitetura, engenharia, testes/análises técnicas e P & D",Serviços domésticos
7380,9700,0.0,"Outras atividades profissionais, científicas e técnicas",Serviços domésticos
7700,9700,0.0,Aluguéis não imobiliários e gestão de ativos de propriedade intelectual,Serviços domésticos
7880,9700,0.0,Outras atividades administrativas e serviços complementares,Serviços domésticos
8000,9700,0.0,"Atividades de vigilância, segurança e investigação",Serviços domésticos
8400,9700,0.0,"Administração pública, defesa e seguridade social",Serviços domésticos
8591,9700,0.0,Educação pública,Serviços domésticos
8592,9700,0.0,Educação privada,Serviços domésticos
8691,9700,0.0,Saúde pública,Serviços domésticos
8692,9700,0.0,Saúde privada,Serviços domésticos
9080,9700,0.0,"Atividades artísticas, criativas e de espetáculos",Serviços domésticos
9480,9700,0.0,Organizações associativas e outros serviços pessoais,Serviços domésticos
