atividade_1,atividade_2,similaridade,descricao_1,descricao_2
0680,7700,0.8557892451295265,"Extração de petróleo e gás, inclusive as atividades de apoio",Aluguéis não imobiliários e gestão de ativos de propriedade intelectual
1100,5600,0.8279485527286395,Fabricação de bebidas,Alimentação
2991,2992,0.7277041642043783,"Fabricação de automóveis, caminhões e ônibus, exceto peças",Fabricação de peças e acessórios para veículos automotores
5980,7380,0.6847322217061776,"Atividades de televisão, rádio, cinema e  gravação/edição de som e imagem","Outras atividades profissionais, científicas e técnicas"
1991,4900,0.5600350377136201,Refino de petróleo e coquerias,Transporte terrestre
2491,3680,0.5255619698053755,"Produção de ferro gusa/ferroligas, siderurgia e tubos de aço sem costura","Água, esgoto e gestão de resíduos"
0680,0791,0.5164308568569849,"Extração de petróleo e gás, inclusive as atividades de apoio","Extração de minério de ferro, inclusive beneficiamentos e a aglomeração"
0680,4900,0.48737317395027857,"Extração de petróleo e gás, inclusive as atividades de apoio",Transporte terrestre
2991,4580,0.4750433810883695,"Fabricação de automóveis, caminhões e ônibus, exceto peças",Comércio por atacado e varejo
0191,1992,0.47127876836202137,"Agricultura, inclusive o apoio à agricultura e a pós-colheita",Fabricação de biocombustíveis
2491,2991,0.4571279402528276,"Produção de ferro gusa/ferroligas, siderurgia e tubos de aço sem costura","Fabricação de automóveis, caminhões e ônibus, exceto peças"
0680,2991,0.4406866290597951,"Extração de petróleo e gás, inclusive as atividades de apoio","Fabricação de automóveis, caminhões e ônibus, exceto peças"
0791,2991,0.4387793891025999,"Extração de minério de ferro, inclusive beneficiamentos e a aglomeração","Fabricação de automóveis, caminhões e ônibus, exceto peças"
2091,2092,0.4346869890747177,"Fabricação de químicos orgânicos e inorgânicos, resinas e elastômeros","Fabricação de defensivos, desinfestantes, tintas e químicos diversos"
2492,3680,0.4300700232236794,Metalurgia de metais não ferosos e a fundição de metais,"Água, esgoto e gestão de resíduos"
0791,7700,0.4261087859288534,"Extração de minério de ferro, inclusive beneficiamentos e a aglomeração",Aluguéis não imobiliários e gestão de ativos de propriedade intelectual
2991,4900,0.4248297062013932,"Fabricação de automóveis, caminhões e ônibus, exceto peças",Transporte terrestre
0680,1991,0.4166377288740528,"Extração de petróleo e gás, inclusive as atividades de apoio",Refino de petróleo e coquerias
0191,2091,0.4107584596964972,"Agricultura, inclusive o apoio à agricultura e a pós-colheita","Fabricação de químicos orgânicos e inorgânicos, resinas e elastômeros"
1092,1991,0.4052176164944897,Fabricação e refino de açúcar,Refino de petróleo e coquerias
2491,2492,0.4047658422195095,"Produção de ferro gusa/ferroligas, siderurgia e tubos de aço sem costura",Metalurgia de metais não ferosos e a fundição de metais
2200,2991,0.40031841186297507,Fabricação de produtos de borracha e de material plástico,"Fabricação de automóveis, caminhões e ônibus, exceto peças"
3680,8691,0.3917912723888229,"Água, esgoto e gestão de resíduos",Saúde pública
0680,5100,0.39083176340804726,"Extração de petróleo e gás, inclusive as atividades de apoio",Transporte aéreo
0791,4900,0.38648826682077164,"Extração de minério de ferro, inclusive beneficiamentos e a aglomeração",Transporte terrestre
4900,7700,0.3823227624311585,Transporte terrestre,Aluguéis não imobiliários e gestão de ativos de propriedade intelectual
5100,7700,0.37405153996484625,Transporte aéreo,Aluguéis não imobiliários e gestão de ativos de propriedade intelectual
2492,2991,0.3655237118245643,Metalurgia de metais não ferosos e a fundição de metais,"Fabricação de automóveis, caminhões e ônibus, exceto peças"
0791,3500,0.3643788773396724,"Extração de minério de ferro, inclusive beneficiamentos e a aglomeração","Energia elétrica, gás natural e outras utilidades"
2492,3500,0.3620322366284489,Metalurgia de metais não ferosos e a fundição de metais,"Energia elétrica, gás natural e outras utilidades"
1300,1400,0.35796250407838087,Fabricação de produtos têxteis,Confecção de artefatos do vestuário e acessórios
2991,3500,0.35477009585685476,"Fabricação de automóveis, caminhões e ônibus, exceto peças","Energia elétrica, gás natural e outras utilidades"
0791,2491,0.3458853469486558,"Extração de minério de ferro, inclusive beneficiamentos e a aglomeração","Produção de ferro gusa/ferroligas, siderurgia e tubos de aço sem costura"
2991,8691,0.33862821614908595,"Fabricação de automóveis, caminhões e ônibus, exceto peças",Saúde pública
2300,3500,0.3337150675563816,Fabricação de produtos de minerais não metálicos,"Energia elétrica, gás natural e outras utilidades"
3680,8400,0.3334569002450016,"Água, esgoto e gestão de resíduos","Administração pública, defesa e seguridade social"
0191,2092,0.32954210068487777,"Agricultura, inclusive o apoio à agricultura e a pós-colheita","Fabricação de defensivos, desinfestantes, tintas e químicos diversos"
0791,4580,0.3271388667722872,"Extração de minério de ferro, inclusive beneficiamentos e a aglomeração",Comércio por atacado e varejo
0680,5280,0.32570981768755203,"Extração de petróleo e gás, inclusive as atividades de apoio","Armazenamento, atividades auxiliares dos transportes e correio"
2491,2500,0.32422019822578174,"Produção de ferro gusa/ferroligas, siderurgia e tubos de aço sem costura","Fabricação de produtos de metal, exceto máquinas e equipamentos"
2991,7380,0.32343591054282644,"Fabricação de automóveis, caminhões e ônibus, exceto peças","Outras atividades profissionais, científicas e técnicas"
0791,1991,0.3207801290336687,"Extração de minério de ferro, inclusive beneficiamentos e a aglomeração",Refino de petróleo e coquerias
2491,8691,0.32039354001146164,"Produção de ferro gusa/ferroligas, siderurgia e tubos de aço sem costura",Saúde pública
2491,3500,0.32017195522862923,"Produção de ferro gusa/ferroligas, siderurgia e tubos de aço sem costura","Energia elétrica, gás natural e outras utilidades"
0680,5000,0.31607060820096666,"Extração de petróleo e gás, inclusive as atividades de apoio",Transporte aquaviário
2991,5280,0.3157943163568686,"Fabricação de automóveis, caminhões e ônibus, exceto peças","Armazenamento, atividades auxiliares dos transportes e correio"
4580,4900,0.3157655105744745,Comércio por atacado e varejo,Transporte terrestre
0792,2492,0.3068353588863607,"Extração de minerais metálicos não ferrosos, inclusive beneficiamentos",Metalurgia de metais não ferosos e a fundição de metais
7880,8691,0.30269013336806694,Outras atividades administrativas e serviços complementares,Saúde pública
0680,4580,0.3020315557022968,"Extração de petróleo e gás, inclusive as atividades de apoio",Comércio por atacado e varejo
2491,2992,0.30081599978226187,"Produção de ferro gusa/ferroligas, siderurgia e tubos de aço sem costura",Fabricação de peças e acessórios para veículos automotores
2991,7700,0.29961878464940117,"Fabricação de automóveis, caminhões e ônibus, exceto peças",Aluguéis não imobiliários e gestão de ativos de propriedade intelectual
2500,2991,0.297549228085801,"Fabricação de produtos de metal, exceto máquinas e equipamentos","Fabricação de automóveis, caminhões e ônibus, exceto peças"
2091,2200,0.29644832118673276,"Fabricação de químicos orgânicos e inorgânicos, resinas e elastômeros",Fabricação de produtos de borracha e de material plástico
0191,3500,0.2957401516930994,"Agricultura, inclusive o apoio à agricultura e a pós-colheita","Energia elétrica, gás natural e outras utilidades"
0791,5280,0.29120413708814724,"Extração de minério de ferro, inclusive beneficiamentos e a aglomeração","Armazenamento, atividades auxiliares dos transportes e correio"
0791,2492,0.28780607172046835,"Extração de minério de ferro, inclusive beneficiamentos e a aglomeração",Metalurgia de metais não ferosos e a fundição de metais
0191,1200,0.28576994113449,"Agricultura, inclusive o apoio à agricultura e a pós-colheita",Fabricação de produtos do fumo
0280,1600,0.28530801856067584,Produção florestal; pesca e aquicultura,Fabricação de produtos da madeira
2800,3300,0.2846181535463676,Fabricação de máquinas e equipamentos mecânicos,"Manutenção, reparação e instalação de máquinas e equipamentos"
0192,3500,0.2846108913323655,"Pecuária, inclusive o apoio à pecuária","Energia elétrica, gás natural e outras utilidades"
0791,8691,0.2821055690845784,"Extração de minério de ferro, inclusive beneficiamentos e a aglomeração",Saúde pública
1991,1992,0.2809411295601124,Refino de petróleo e coquerias,Fabricação de biocombustíveis
1991,7700,0.2787420236129021,Refino de petróleo e coquerias,Aluguéis não imobiliários e gestão de ativos de propriedade intelectual
0680,8691,0.278639948343254,"Extração de petróleo e gás, inclusive as atividades de apoio",Saúde pública
2491,4580,0.2780972654211184,"Produção de ferro gusa/ferroligas, siderurgia e tubos de aço sem costura",Comércio por atacado e varejo
2492,8691,0.2778859899324274,Metalurgia de metais não ferosos e a fundição de metais,Saúde pública
2300,2991,0.2762891604706318,Fabricação de produtos de minerais não metálicos,"Fabricação de automóveis, caminhões e ônibus, exceto peças"
2492,2992,0.2745305109758669,Metalurgia de metais não ferosos e a fundição de metais,Fabricação de peças e acessórios para veículos automotores
2991,3680,0.2711572597296152,"Fabricação de automóveis, caminhões e ônibus, exceto peças","Água, esgoto e gestão de resíduos"
1700,2991,0.270295165208283,"Fabricação de celulose, papel e produtos de papel","Fabricação de automóveis, caminhões e ônibus, exceto peças"
1992,2091,0.26597987775206494,Fabricação de biocombustíveis,"Fabricação de químicos orgânicos e inorgânicos, resinas e elastômeros"
2492,4580,0.26460454273398165,Metalurgia de metais não ferosos e a fundição de metais,Comércio por atacado e varejo
2092,2991,0.2635255135141161,"Fabricação de defensivos, desinfestantes, tintas e químicos diversos","Fabricação de automóveis, caminhões e ônibus, exceto peças"
2992,3500,0.2626905181877727,Fabricação de peças e acessórios para veículos automotores,"Energia elétrica, gás natural e outras utilidades"
1700,3500,0.2619758355053432,"Fabricação de celulose, papel e produtos de papel","Energia elétrica, gás natural e outras utilidades"
1991,2991,0.259915153633779,Refino de petróleo e coquerias,"Fabricação de automóveis, caminhões e ônibus, exceto peças"
0680,2491,0.2597257479731427,"Extração de petróleo e gás, inclusive as atividades de apoio","Produção de ferro gusa/ferroligas, siderurgia e tubos de aço sem costura"
4580,8691,0.2595317836854746,Comércio por atacado e varejo,Saúde pública
0791,2800,0.2590659016658713,"Extração de minério de ferro, inclusive beneficiamentos e a aglomeração",Fabricação de máquinas e equipamentos mecânicos
3680,8692,0.2588779220070942,"Água, esgoto e gestão de resíduos",Saúde privada
0192,1093,0.25874650275208977,"Pecuária, inclusive o apoio à pecuária",Outros produtos alimentares
2491,4900,0.25757516853931783,"Produção de ferro gusa/ferroligas, siderurgia e tubos de aço sem costura",Transporte terrestre
4900,5280,0.25565801095619967,Transporte terrestre,"Armazenamento, atividades auxiliares dos transportes e correio"
3500,4580,0.2545972196738449,"Energia elétrica, gás natural e outras utilidades",Comércio por atacado e varejo
0680,8592,0.2520841258828017,"Extração de petróleo e gás, inclusive as atividades de apoio",Educação privada
2992,4900,0.25091806275250483,Fabricação de peças e acessórios para veículos automotores,Transporte terrestre
2992,4580,0.24837139320881094,Fabricação de peças e acessórios para veículos automotores,Comércio por atacado e varejo
2991,3300,0.24582007411043416,"Fabricação de automóveis, caminhões e ônibus, exceto peças","Manutenção, reparação e instalação de máquinas e equipamentos"
5280,7180,0.24532067707560432,"Armazenamento, atividades auxiliares dos transportes e correio","Serviços de arquitetura, engenharia, testes/análises técnicas e P & D"
2091,2991,0.24508089901241112,"Fabricação de químicos orgânicos e inorgânicos, resinas e elastômeros","Fabricação de automóveis, caminhões e ônibus, exceto peças"
5500,9480,0.24426960724343943,Alojamento,Organizações associativas e outros serviços pessoais
0791,6980,0.24419156351060045,"Extração de minério de ferro, inclusive beneficiamentos e a aglomeração","Atividades jurídicas, contábeis, consultoria e sedes de empresas "
2491,3300,0.24313347052050083,"Produção de ferro gusa/ferroligas, siderurgia e tubos de aço sem costura","Manutenção, reparação e instalação de máquinas e equipamentos"
1092,1992,0.24311169397072876,Fabricação e refino de açúcar,Fabricação de biocombustíveis
3680,7880,0.24229911844702323,"Água, esgoto e gestão de resíduos",Outras atividades administrativas e serviços complementares
2491,8400,0.23944246702222804,"Produção de ferro gusa/ferroligas, siderurgia e tubos de aço sem costura","Administração pública, defesa e seguridade social"
0680,6980,0.23912412446213793,"Extração de petróleo e gás, inclusive as atividades de apoio","Atividades jurídicas, contábeis, consultoria e sedes de empresas "
0791,2992,0.23751764624629274,"Extração de minério de ferro, inclusive beneficiamentos e a aglomeração",Fabricação de peças e acessórios para veículos automotores
1992,4900,0.2364774414355732,Fabricação de biocombustíveis,Transporte terrestre
1093,1992,0.2357183268703429,Outros produtos alimentares,Fabricação de biocombustíveis
0191,2991,0.2340635569561459,"Agricultura, inclusive o apoio à agricultura e a pós-colheita","Fabricação de automóveis, caminhões e ônibus, exceto peças"
4900,5100,0.233441846658668,Transporte terrestre,Transporte aéreo
1991,5100,0.2316983221772177,Refino de petróleo e coquerias,Transporte aéreo
0791,3300,0.23156215538667602,"Extração de minério de ferro, inclusive beneficiamentos e a aglomeração","Manutenção, reparação e instalação de máquinas e equipamentos"
5280,7700,0.23063190855983146,"Armazenamento, atividades auxiliares dos transportes e correio",Aluguéis não imobiliários e gestão de ativos de propriedade intelectual
0791,1700,0.23020122808146795,"Extração de minério de ferro, inclusive beneficiamentos e a aglomeração","Fabricação de celulose, papel e produtos de papel"
1992,2092,0.2299581143287585,Fabricação de biocombustíveis,"Fabricação de defensivos, desinfestantes, tintas e químicos diversos"
4900,8691,0.22940269682052516,Transporte terrestre,Saúde pública
7700,8592,0.22925187168530758,Aluguéis não imobiliários e gestão de ativos de propriedade intelectual,Educação privada
0680,1700,0.22766223450352796,"Extração de petróleo e gás, inclusive as atividades de apoio","Fabricação de celulose, papel e produtos de papel"
2991,5980,0.2265167353019346,"Fabricação de automóveis, caminhões e ônibus, exceto peças","Atividades de televisão, rádio, cinema e  gravação/edição de som e imagem"
2991,6480,0.2251722482731438,"Fabricação de automóveis, caminhões e ônibus, exceto peças","Intermediação financeira, seguros e previdência complementar"
1700,2091,0.22417680153021902,"Fabricação de celulose, papel e produtos de papel","Fabricação de químicos orgânicos e inorgânicos, resinas e elastômeros"
2800,2991,0.22328245164463265,Fabricação de máquinas e equipamentos mecânicos,"Fabricação de automóveis, caminhões e ônibus, exceto peças"
2991,8400,0.22321717701151528,"Fabricação de automóveis, caminhões e ônibus, exceto peças","Administração pública, defesa e seguridade social"
2991,6100,0.22267833482210345,"Fabricação de automóveis, caminhões e ônibus, exceto peças",Telecomunicações
0791,2300,0.22203971680246629,"Extração de minério de ferro, inclusive beneficiamentos e a aglomeração",Fabricação de produtos de minerais não metálicos
0791,5100,0.22194991442975429,"Extração de minério de ferro, inclusive beneficiamentos e a aglomeração",Transporte aéreo
2991,7880,0.22057605495135088,"Fabricação de automóveis, caminhões e ônibus, exceto peças",Outras atividades administrativas e serviços complementares
2991,8592,0.21964710261319734,"Fabricação de automóveis, caminhões e ônibus, exceto peças",Educação privada
0791,2500,0.21884049765958272,"Extração de minério de ferro, inclusive beneficiamentos e a aglomeração","Fabricação de produtos de metal, exceto máquinas e equipamentos"
1700,4580,0.21874126660830545,"Fabricação de celulose, papel e produtos de papel",Comércio por atacado e varejo
8400,8691,0.21784437979343704,"Administração pública, defesa e seguridade social",Saúde pública
2300,2491,0.21779805394714563,Fabricação de produtos de minerais não metálicos,"Produção de ferro gusa/ferroligas, siderurgia e tubos de aço sem costura"
0680,6100,0.2174052551944974,"Extração de petróleo e gás, inclusive as atividades de apoio",Telecomunicações
1992,2991,0.21585592081060195,Fabricação de biocombustíveis,"Fabricação de automóveis, caminhões e ônibus, exceto peças"
0192,1091,0.21571495646519537,"Pecuária, inclusive o apoio à pecuária","Abate e produtos de carne, inclusive os produtos do laticínio e da pesca"
5280,8000,0.21538678079575607,"Armazenamento, atividades auxiliares dos transportes e correio","Atividades de vigilância, segurança e investigação"
2700,2991,0.21202871617465724,Fabricação de máquinas e equipamentos elétricos,"Fabricação de automóveis, caminhões e ônibus, exceto peças"
2991,7180,0.21130690401092778,"Fabricação de automóveis, caminhões e ônibus, exceto peças","Serviços de arquitetura, engenharia, testes/análises técnicas e P & D"
5280,8691,0.21127733195779355,"Armazenamento, atividades auxiliares dos transportes e correio",Saúde pública
0791,2092,0.21013915098542718,"Extração de minério de ferro, inclusive beneficiamentos e a aglomeração","Fabricação de defensivos, desinfestantes, tintas e químicos diversos"
0680,3300,0.2096312970615326,"Extração de petróleo e gás, inclusive as atividades de apoio","Manutenção, reparação e instalação de máquinas e equipamentos"
2492,4900,0.20948921920664182,Metalurgia de metais não ferosos e a fundição de metais,Transporte terrestre
2991,8591,0.2091237700119467,"Fabricação de automóveis, caminhões e ônibus, exceto peças",Educação pública
1600,3500,0.20880860161629308,Fabricação de produtos da madeira,"Energia elétrica, gás natural e outras utilidades"
3680,8591,0.20823532074584206,"Água, esgoto e gestão de resíduos",Educação pública
2492,2500,0.20772564140312472,Metalurgia de metais não ferosos e a fundição de metais,"Fabricação de produtos de metal, exceto máquinas e equipamentos"
2491,7880,0.20687333868563582,"Produção de ferro gusa/ferroligas, siderurgia e tubos de aço sem costura",Outras atividades administrativas e serviços complementares
0791,8592,0.20640877883871117,"Extração de minério de ferro, inclusive beneficiamentos e a aglomeração",Educação privada
2200,4900,0.20631292835710888,Fabricação de produtos de borracha e de material plástico,Transporte terrestre
2491,5280,0.20547011962373998,"Produção de ferro gusa/ferroligas, siderurgia e tubos de aço sem costura","Armazenamento, atividades auxiliares dos transportes e correio"
1092,4900,0.20538236787096267,Fabricação e refino de açúcar,Transporte terrestre
7700,8691,0.2051993172013002,Aluguéis não imobiliários e gestão de ativos de propriedade intelectual,Saúde pública
2492,8400,0.2040361750774981,Metalurgia de metais não ferosos e a fundição de metais,"Administração pública, defesa e seguridade social"
2300,2492,0.2035964039575448,Fabricação de produtos de minerais não metálicos,Metalurgia de metais não ferosos e a fundição de metais
2092,2200,0.20359533866957386,"Fabricação de defensivos, desinfestantes, tintas e químicos diversos",Fabricação de produtos de borracha e de material plástico
2091,3500,0.20256430694103505,"Fabricação de químicos orgânicos e inorgânicos, resinas e elastômeros","Energia elétrica, gás natural e outras utilidades"
0680,2092,0.2024156742339689,"Extração de petróleo e gás, inclusive as atividades de apoio","Fabricação de defensivos, desinfestantes, tintas e químicos diversos"
0191,0791,0.2023119567616827,"Agricultura, inclusive o apoio à agricultura e a pós-colheita","Extração de minério de ferro, inclusive beneficiamentos e a aglomeração"
2991,6980,0.2008393335579046,"Fabricação de automóveis, caminhões e ônibus, exceto peças","Atividades jurídicas, contábeis, consultoria e sedes de empresas "
0580,2491,0.1999703547847861,Extração de carvão mineral e de minerais não metálicos,"Produção de ferro gusa/ferroligas, siderurgia e tubos de aço sem costura"
2092,2491,0.199425993503203,"Fabricação de defensivos, desinfestantes, tintas e químicos diversos","Produção de ferro gusa/ferroligas, siderurgia e tubos de aço sem costura"
2491,8692,0.1994131922743609,"Produção de ferro gusa/ferroligas, siderurgia e tubos de aço sem costura",Saúde privada
1700,4900,0.19840272553303653,"Fabricação de celulose, papel e produtos de papel",Transporte terrestre
0680,2091,0.19833663745535485,"Extração de petróleo e gás, inclusive as atividades de apoio","Fabricação de químicos orgânicos e inorgânicos, resinas e elastômeros"
1700,2491,0.1969060626610864,"Fabricação de celulose, papel e produtos de papel","Produção de ferro gusa/ferroligas, siderurgia e tubos de aço sem costura"
5980,6100,0.1968685279245885,"Atividades de televisão, rádio, cinema e  gravação/edição de som e imagem",Telecomunicações
2992,3680,0.1968561201330639,Fabricação de peças e acessórios para veículos automotores,"Água, esgoto e gestão de resíduos"
2092,4900,0.196717737134778,"Fabricação de defensivos, desinfestantes, tintas e químicos diversos",Transporte terrestre
0680,2992,0.1966388964853427,"Extração de petróleo e gás, inclusive as atividades de apoio",Fabricação de peças e acessórios para veículos automotores
1992,3500,0.1965757466863296,Fabricação de biocombustíveis,"Energia elétrica, gás natural e outras utilidades"
2092,4580,0.19618415405732192,"Fabricação de defensivos, desinfestantes, tintas e químicos diversos",Comércio por atacado e varejo
3500,8691,0.19590267542308937,"Energia elétrica, gás natural e outras utilidades",Saúde pública
2991,5100,0.19567094780545813,"Fabricação de automóveis, caminhões e ônibus, exceto peças",Transporte aéreo
2500,3500,0.1956384554026642,"Fabricação de produtos de metal, exceto máquinas e equipamentos","Energia elétrica, gás natural e outras utilidades"
0191,4580,0.1955393475245772,"Agricultura, inclusive o apoio à agricultura e a pós-colheita",Comércio por atacado e varejo
0791,1992,0.1953602156541642,"Extração de minério de ferro, inclusive beneficiamentos e a aglomeração",Fabricação de biocombustíveis
0791,3680,0.19456257753831363,"Extração de minério de ferro, inclusive beneficiamentos e a aglomeração","Água, esgoto e gestão de resíduos"
2300,4580,0.19330139712453887,Fabricação de produtos de minerais não metálicos,Comércio por atacado e varejo
0680,2492,0.19324174145811943,"Extração de petróleo e gás, inclusive as atividades de apoio",Metalurgia de metais não ferosos e a fundição de metais
2091,2093,0.19276273387446238,"Fabricação de químicos orgânicos e inorgânicos, resinas e elastômeros","Fabricação de produtos de limpeza, cosméticos/perfumaria e higiene pessoal"
4580,7700,0.19275714042783398,Comércio por atacado e varejo,Aluguéis não imobiliários e gestão de ativos de propriedade intelectual
7880,8591,0.1922730044535513,Outras atividades administrativas e serviços complementares,Educação pública
4580,5280,0.19132983948397186,Comércio por atacado e varejo,"Armazenamento, atividades auxiliares dos transportes e correio"
8591,8691,0.19114275648839069,Educação pública,Saúde pública
0191,1991,0.18959610782656733,"Agricultura, inclusive o apoio à agricultura e a pós-colheita",Refino de petróleo e coquerias
3300,4580,0.18957769483052764,"Manutenção, reparação e instalação de máquinas e equipamentos",Comércio por atacado e varejo
0580,3500,0.1894813735692506,Extração de carvão mineral e de minerais não metálicos,"Energia elétrica, gás natural e outras utilidades"
1991,4580,0.1890818114819562,Refino de petróleo e coquerias,Comércio por atacado e varejo
1991,2091,0.18882362460365087,Refino de petróleo e coquerias,"Fabricação de químicos orgânicos e inorgânicos, resinas e elastômeros"
0680,2500,0.18873172817479625,"Extração de petróleo e gás, inclusive as atividades de apoio","Fabricação de produtos de metal, exceto máquinas e equipamentos"
6100,7700,0.1886152466573246,Telecomunicações,Aluguéis não imobiliários e gestão de ativos de propriedade intelectual
2200,2992,0.1885944929427042,Fabricação de produtos de borracha e de material plástico,Fabricação de peças e acessórios para veículos automotores
2992,8691,0.18848652841353938,Fabricação de peças e acessórios para veículos automotores,Saúde pública
0191,4900,0.18840627703647517,"Agricultura, inclusive o apoio à agricultura e a pós-colheita",Transporte terrestre
2991,8692,0.18834754507102158,"Fabricação de automóveis, caminhões e ônibus, exceto peças",Saúde privada
6100,7380,0.18732824863329417,Telecomunicações,"Outras atividades profissionais, científicas e técnicas"
2492,3300,0.18687989024686852,Metalurgia de metais não ferosos e a fundição de metais,"Manutenção, reparação e instalação de máquinas e equipamentos"
2492,7880,0.18581682138300926,Metalurgia de metais não ferosos e a fundição de metais,Outras atividades administrativas e serviços complementares
1091,1500,0.18577202612536817,"Abate e produtos de carne, inclusive os produtos do laticínio e da pesca",Fabricação de calçados e de artefatos de couro
0791,2200,0.18563897780884425,"Extração de minério de ferro, inclusive beneficiamentos e a aglomeração",Fabricação de produtos de borracha e de material plástico
2492,2700,0.18516237572894123,Metalurgia de metais não ferosos e a fundição de metais,Fabricação de máquinas e equipamentos elétricos
2200,3500,0.18513375749955915,Fabricação de produtos de borracha e de material plástico,"Energia elétrica, gás natural e outras utilidades"
0680,1992,0.18510402140634583,"Extração de petróleo e gás, inclusive as atividades de apoio",Fabricação de biocombustíveis
2491,8591,0.18503512527593505,"Produção de ferro gusa/ferroligas, siderurgia e tubos de aço sem costura",Educação pública
1700,2092,0.184941500438774,"Fabricação de celulose, papel e produtos de papel","Fabricação de defensivos, desinfestantes, tintas e químicos diversos"
0791,2091,0.1846609320666016,"Extração de minério de ferro, inclusive beneficiamentos e a aglomeração","Fabricação de químicos orgânicos e inorgânicos, resinas e elastômeros"
1300,1500,0.18465059194024963,Fabricação de produtos têxteis,Fabricação de calçados e de artefatos de couro
0192,2991,0.18413287057673505,"Pecuária, inclusive o apoio à pecuária","Fabricação de automóveis, caminhões e ônibus, exceto peças"
1700,2492,0.18355869735221056,"Fabricação de celulose, papel e produtos de papel",Metalurgia de metais não ferosos e a fundição de metais
0191,0192,0.18309857075916855,"Agricultura, inclusive o apoio à agricultura e a pós-colheita","Pecuária, inclusive o apoio à pecuária"
1300,3500,0.18275357946781992,Fabricação de produtos têxteis,"Energia elétrica, gás natural e outras utilidades"
2091,4900,0.18232196005013038,"Fabricação de químicos orgânicos e inorgânicos, resinas e elastômeros",Transporte terrestre
2092,2492,0.1818025901267216,"Fabricação de defensivos, desinfestantes, tintas e químicos diversos",Metalurgia de metais não ferosos e a fundição de metais
1991,2092,0.18109515929267192,Refino de petróleo e coquerias,"Fabricação de defensivos, desinfestantes, tintas e químicos diversos"
1991,2491,0.18106467262756143,Refino de petróleo e coquerias,"Produção de ferro gusa/ferroligas, siderurgia e tubos de aço sem costura"
4580,7880,0.18083581195469492,Comércio por atacado e varejo,Outras atividades administrativas e serviços complementares
8691,8692,0.1805396064723198,Saúde pública,Saúde privada
0791,6480,0.17998942199386184,"Extração de minério de ferro, inclusive beneficiamentos e a aglomeração","Intermediação financeira, seguros e previdência complementar"
0280,1700,0.1796606028193978,Produção florestal; pesca e aquicultura,"Fabricação de celulose, papel e produtos de papel"
2092,3500,0.1794569591391145,"Fabricação de defensivos, desinfestantes, tintas e químicos diversos","Energia elétrica, gás natural e outras utilidades"
0791,8400,0.17853973035302673,"Extração de minério de ferro, inclusive beneficiamentos e a aglomeração","Administração pública, defesa e seguridade social"
2500,4580,0.17816149191199504,"Fabricação de produtos de metal, exceto máquinas e equipamentos",Comércio por atacado e varejo
2491,2800,0.17799261075392642,"Produção de ferro gusa/ferroligas, siderurgia e tubos de aço sem costura",Fabricação de máquinas e equipamentos mecânicos
1600,2991,0.177953533706529,Fabricação de produtos da madeira,"Fabricação de automóveis, caminhões e ônibus, exceto peças"
1992,4580,0.17793829682945483,Fabricação de biocombustíveis,Comércio por atacado e varejo
4580,7380,0.1776393894234584,Comércio por atacado e varejo,"Outras atividades profissionais, científicas e técnicas"
5100,5280,0.1775745806198602,Transporte aéreo,"Armazenamento, atividades auxiliares dos transportes e correio"
5600,8691,0.17754880081417349,Alimentação,Saúde pública
1091,5600,0.17650983519782293,"Abate e produtos de carne, inclusive os produtos do laticínio e da pesca",Alimentação
0191,1700,0.1758975026787071,"Agricultura, inclusive o apoio à agricultura e a pós-colheita","Fabricação de celulose, papel e produtos de papel"
7880,8400,0.17586694279903878,Outras atividades administrativas e serviços complementares,"Administração pública, defesa e seguridade social"
0191,2200,0.17576088001809806,"Agricultura, inclusive o apoio à agricultura e a pós-colheita",Fabricação de produtos de borracha e de material plástico
0791,7880,0.1755130594615946,"Extração de minério de ferro, inclusive beneficiamentos e a aglomeração",Outras atividades administrativas e serviços complementares
3680,4580,0.17530432807116741,"Água, esgoto e gestão de resíduos",Comércio por atacado e varejo
2500,2992,0.1749900438723428,"Fabricação de produtos de metal, exceto máquinas e equipamentos",Fabricação de peças e acessórios para veículos automotores
0191,2492,0.17477332563375758,"Agricultura, inclusive o apoio à agricultura e a pós-colheita",Metalurgia de metais não ferosos e a fundição de metais
2492,8692,0.17469100365123602,Metalurgia de metais não ferosos e a fundição de metais,Saúde privada
0191,2491,0.17348912062268418,"Agricultura, inclusive o apoio à agricultura e a pós-colheita","Produção de ferro gusa/ferroligas, siderurgia e tubos de aço sem costura"
2091,2300,0.17296309754351405,"Fabricação de químicos orgânicos e inorgânicos, resinas e elastômeros",Fabricação de produtos de minerais não metálicos
0680,6480,0.17295291409981,"Extração de petróleo e gás, inclusive as atividades de apoio","Intermediação financeira, seguros e previdência complementar"
0191,2300,0.17285286012754172,"Agricultura, inclusive o apoio à agricultura e a pós-colheita",Fabricação de produtos de minerais não metálicos
4900,8592,0.1725449675380523,Transporte terrestre,Educação privada
2091,2492,0.17219466473536726,"Fabricação de químicos orgânicos e inorgânicos, resinas e elastômeros",Metalurgia de metais não ferosos e a fundição de metais
3500,4900,0.1719300624111264,"Energia elétrica, gás natural e outras utilidades",Transporte terrestre
3500,8592,0.1717684719540081,"Energia elétrica, gás natural e outras utilidades",Educação privada
2500,3300,0.17150581569789866,"Fabricação de produtos de metal, exceto máquinas e equipamentos","Manutenção, reparação e instalação de máquinas e equipamentos"
0791,8591,0.17129237629171665,"Extração de minério de ferro, inclusive beneficiamentos e a aglomeração",Educação pública
4580,8692,0.17124987766148378,Comércio por atacado e varejo,Saúde privada
2300,4900,0.1711150721316401,Fabricação de produtos de minerais não metálicos,Transporte terrestre
0680,2800,0.17111439351995394,"Extração de petróleo e gás, inclusive as atividades de apoio",Fabricação de máquinas e equipamentos mecânicos
2092,8691,0.17082662687700828,"Fabricação de defensivos, desinfestantes, tintas e químicos diversos",Saúde pública
2500,3680,0.1700756856290708,"Fabricação de produtos de metal, exceto máquinas e equipamentos","Água, esgoto e gestão de resíduos"
2200,4580,0.1692792146455906,Fabricação de produtos de borracha e de material plástico,Comércio por atacado e varejo
1600,1700,0.16919907374132687,Fabricação de produtos da madeira,"Fabricação de celulose, papel e produtos de papel"
2091,2491,0.16871966742688196,"Fabricação de químicos orgânicos e inorgânicos, resinas e elastômeros","Produção de ferro gusa/ferroligas, siderurgia e tubos de aço sem costura"
0192,2091,0.16777370711160358,"Pecuária, inclusive o apoio à pecuária","Fabricação de químicos orgânicos e inorgânicos, resinas e elastômeros"
0580,2300,0.16763888826996876,Extração de carvão mineral e de minerais não metálicos,Fabricação de produtos de minerais não metálicos
4900,6480,0.16744261109100708,Transporte terrestre,"Intermediação financeira, seguros e previdência complementar"
8000,8591,0.16689581173818205,"Atividades de vigilância, segurança e investigação",Educação pública
0192,1992,0.1665730338974533,"Pecuária, inclusive o apoio à pecuária",Fabricação de biocombustíveis
0191,0680,0.16652011724870586,"Agricultura, inclusive o apoio à agricultura e a pós-colheita","Extração de petróleo e gás, inclusive as atividades de apoio"
2991,9480,0.16553701425157324,"Fabricação de automóveis, caminhões e ônibus, exceto peças",Organizações associativas e outros serviços pessoais
1700,2300,0.16530612003943704,"Fabricação de celulose, papel e produtos de papel",Fabricação de produtos de minerais não metálicos
1991,5280,0.16445273389807932,Refino de petróleo e coquerias,"Armazenamento, atividades auxiliares dos transportes e correio"
1600,2491,0.164263160378017,Fabricação de produtos da madeira,"Produção de ferro gusa/ferroligas, siderurgia e tubos de aço sem costura"
2500,4900,0.16418438922726272,"Fabricação de produtos de metal, exceto máquinas e equipamentos",Transporte terrestre
1700,8691,0.16407803663287018,"Fabricação de celulose, papel e produtos de papel",Saúde pública
1300,2091,0.1640476195791317,Fabricação de produtos têxteis,"Fabricação de químicos orgânicos e inorgânicos, resinas e elastômeros"
0680,2300,0.16370821062413715,"Extração de petróleo e gás, inclusive as atividades de apoio",Fabricação de produtos de minerais não metálicos
0192,0791,0.16338327741171418,"Pecuária, inclusive o apoio à pecuária","Extração de minério de ferro, inclusive beneficiamentos e a aglomeração"
2492,8591,0.1630543149156813,Metalurgia de metais não ferosos e a fundição de metais,Educação pública
0192,4580,0.16303501386071978,"Pecuária, inclusive o apoio à pecuária",Comércio por atacado e varejo
2093,2991,0.16280657664725107,"Fabricação de produtos de limpeza, cosméticos/perfumaria e higiene pessoal","Fabricação de automóveis, caminhões e ônibus, exceto peças"
2492,5280,0.16265047732903354,Metalurgia de metais não ferosos e a fundição de metais,"Armazenamento, atividades auxiliares dos transportes e correio"
2300,8691,0.16257055537301723,Fabricação de produtos de minerais não metálicos,Saúde pública
0580,2991,0.1622159405435387,Extração de carvão mineral e de minerais não metálicos,"Fabricação de automóveis, caminhões e ônibus, exceto peças"
3680,5280,0.16219133156872378,"Água, esgoto e gestão de resíduos","Armazenamento, atividades auxiliares dos transportes e correio"
3300,4900,0.16210320117565657,"Manutenção, reparação e instalação de máquinas e equipamentos",Transporte terrestre
3680,9480,0.16196460730121967,"Água, esgoto e gestão de resíduos",Organizações associativas e outros serviços pessoais
2092,2093,0.1618078041113292,"Fabricação de defensivos, desinfestantes, tintas e químicos diversos","Fabricação de produtos de limpeza, cosméticos/perfumaria e higiene pessoal"
0680,7180,0.16140744499274395,"Extração de petróleo e gás, inclusive as atividades de apoio","Serviços de arquitetura, engenharia, testes/análises técnicas e P & D"
0680,8591,0.16062791014734173,"Extração de petróleo e gás, inclusive as atividades de apoio",Educação pública
6480,7380,0.16036695230068923,"Intermediação financeira, seguros e previdência complementar","Outras atividades profissionais, científicas e técnicas"
8691,9480,0.16028241536479088,Saúde pública,Organizações associativas e outros serviços pessoais
4580,6480,0.15969684905737555,Comércio por atacado e varejo,"Intermediação financeira, seguros e previdência complementar"
2991,3000,0.1593395985574925,"Fabricação de automóveis, caminhões e ônibus, exceto peças","Fabricação de outros equipamentos de transporte, exceto veículos automotores"
0791,6100,0.15884830078318615,"Extração de minério de ferro, inclusive beneficiamentos e a aglomeração",Telecomunicações
1700,2992,0.158517153757695,"Fabricação de celulose, papel e produtos de papel",Fabricação de peças e acessórios para veículos automotores
6480,8400,0.15832167331598954,"Intermediação financeira, seguros e previdência complementar","Administração pública, defesa e seguridade social"
0791,4180,0.1582149330208124,"Extração de minério de ferro, inclusive beneficiamentos e a aglomeração",Construção
2091,2992,0.1579973359439184,"Fabricação de químicos orgânicos e inorgânicos, resinas e elastômeros",Fabricação de peças e acessórios para veículos automotores
2092,2300,0.1579772224036137,"Fabricação de defensivos, desinfestantes, tintas e químicos diversos",Fabricação de produtos de minerais não metálicos
2500,8691,0.1579629955426763,"Fabricação de produtos de metal, exceto máquinas e equipamentos",Saúde pública
1700,2200,0.15786264358039848,"Fabricação de celulose, papel e produtos de papel",Fabricação de produtos de borracha e de material plástico
2200,2491,0.1573989085266978,Fabricação de produtos de borracha e de material plástico,"Produção de ferro gusa/ferroligas, siderurgia e tubos de aço sem costura"
4580,8591,0.15681347826483463,Comércio por atacado e varejo,Educação pública
4580,8592,0.155716748140523,Comércio por atacado e varejo,Educação privada
0191,1093,0.1555494956868032,"Agricultura, inclusive o apoio à agricultura e a pós-colheita",Outros produtos alimentares
2491,2700,0.15538117180847882,"Produção de ferro gusa/ferroligas, siderurgia e tubos de aço sem costura",Fabricação de máquinas e equipamentos elétricos
0791,8692,0.15509727523524952,"Extração de minério de ferro, inclusive beneficiamentos e a aglomeração",Saúde privada
2300,2992,0.15508114817747948,Fabricação de produtos de minerais não metálicos,Fabricação de peças e acessórios para veículos automotores
2700,3300,0.1546580605114971,Fabricação de máquinas e equipamentos elétricos,"Manutenção, reparação e instalação de máquinas e equipamentos"
8592,8691,0.15428784217129124,Educação privada,Saúde pública
1992,2491,0.1539405365675314,Fabricação de biocombustíveis,"Produção de ferro gusa/ferroligas, siderurgia e tubos de aço sem costura"
2092,3680,0.153375990751735,"Fabricação de defensivos, desinfestantes, tintas e químicos diversos","Água, esgoto e gestão de resíduos"
4580,8400,0.1530250958051924,Comércio por atacado e varejo,"Administração pública, defesa e seguridade social"
0192,2092,0.15302259821822417,"Pecuária, inclusive o apoio à pecuária","Fabricação de defensivos, desinfestantes, tintas e químicos diversos"
2100,8691,0.1525309894437464,Fabricação de produtos farmoquímicos e farmacêuticos,Saúde pública
1500,2991,0.152368089489069,Fabricação de calçados e de artefatos de couro,"Fabricação de automóveis, caminhões e ônibus, exceto peças"
0791,1600,0.1516187832825267,"Extração de minério de ferro, inclusive beneficiamentos e a aglomeração",Fabricação de produtos da madeira
2091,4580,0.15145504595100995,"Fabricação de químicos orgânicos e inorgânicos, resinas e elastômeros",Comércio por atacado e varejo
2092,2992,0.1511071707334183,"Fabricação de defensivos, desinfestantes, tintas e químicos diversos",Fabricação de peças e acessórios para veículos automotores
2491,9480,0.15103212798586685,"Produção de ferro gusa/ferroligas, siderurgia e tubos de aço sem costura",Organizações associativas e outros serviços pessoais
1991,8691,0.151025932363014,Refino de petróleo e coquerias,Saúde pública
3500,7880,0.1505061197653351,"Energia elétrica, gás natural e outras utilidades",Outras atividades administrativas e serviços complementares
1200,1992,0.15027049709252752,Fabricação de produtos do fumo,Fabricação de biocombustíveis
0680,8400,0.14887128026023386,"Extração de petróleo e gás, inclusive as atividades de apoio","Administração pública, defesa e seguridade social"
1300,2991,0.14880010257214601,Fabricação de produtos têxteis,"Fabricação de automóveis, caminhões e ônibus, exceto peças"
1700,1991,0.14776367293108414,"Fabricação de celulose, papel e produtos de papel",Refino de petróleo e coquerias
0580,2092,0.14737805086594563,Extração de carvão mineral e de minerais não metálicos,"Fabricação de defensivos, desinfestantes, tintas e químicos diversos"
2200,2300,0.14732785702844767,Fabricação de produtos de borracha e de material plástico,Fabricação de produtos de minerais não metálicos
0680,2200,0.14717703723150444,"Extração de petróleo e gás, inclusive as atividades de apoio",Fabricação de produtos de borracha e de material plástico
1600,2492,0.14706763004375664,Fabricação de produtos da madeira,Metalurgia de metais não ferosos e a fundição de metais
0191,2992,0.14676037304680006,"Agricultura, inclusive o apoio à agricultura e a pós-colheita",Fabricação de peças e acessórios para veículos automotores
1600,4580,0.1465994277242726,Fabricação de produtos da madeira,Comércio por atacado e varejo
1091,1093,0.14554648808603596,"Abate e produtos de carne, inclusive os produtos do laticínio e da pesca",Outros produtos alimentares
0791,2700,0.14542724850286615,"Extração de minério de ferro, inclusive beneficiamentos e a aglomeração",Fabricação de máquinas e equipamentos elétricos
4580,6100,0.1454249719274261,Comércio por atacado e varejo,Telecomunicações
0191,1300,0.14497881884111166,"Agricultura, inclusive o apoio à agricultura e a pós-colheita",Fabricação de produtos têxteis
2800,4580,0.1449681378784509,Fabricação de máquinas e equipamentos mecânicos,Comércio por atacado e varejo
0792,2491,0.14480685384051775,"Extração de minerais metálicos não ferrosos, inclusive beneficiamentos","Produção de ferro gusa/ferroligas, siderurgia e tubos de aço sem costura"
1093,5600,0.1447983139554378,Outros produtos alimentares,Alimentação
4900,8591,0.14466609861737825,Transporte terrestre,Educação pública
2700,4580,0.14422515457188734,Fabricação de máquinas e equipamentos elétricos,Comércio por atacado e varejo
1992,2492,0.1441545951744916,Fabricação de biocombustíveis,Metalurgia de metais não ferosos e a fundição de metais
1991,2492,0.144144661638275,Refino de petróleo e coquerias,Metalurgia de metais não ferosos e a fundição de metais
0580,0791,0.1439577337011749,Extração de carvão mineral e de minerais não metálicos,"Extração de minério de ferro, inclusive beneficiamentos e a aglomeração"
0192,2300,0.14338219189632637,"Pecuária, inclusive o apoio à pecuária",Fabricação de produtos de minerais não metálicos
2991,5600,0.14297609708908113,"Fabricação de automóveis, caminhões e ônibus, exceto peças",Alimentação
1700,1992,0.14289332856570242,"Fabricação de celulose, papel e produtos de papel",Fabricação de biocombustíveis
1700,7700,0.142739670697693,"Fabricação de celulose, papel e produtos de papel",Aluguéis não imobiliários e gestão de ativos de propriedade intelectual
2992,5280,0.14252155786543802,Fabricação de peças e acessórios para veículos automotores,"Armazenamento, atividades auxiliares dos transportes e correio"
4580,6980,0.1423925448844534,Comércio por atacado e varejo,"Atividades jurídicas, contábeis, consultoria e sedes de empresas "
4900,6100,0.14238470076996187,Transporte terrestre,Telecomunicações
0791,9480,0.14234260728510256,"Extração de minério de ferro, inclusive beneficiamentos e a aglomeração",Organizações associativas e outros serviços pessoais
0192,2492,0.14218656044112604,"Pecuária, inclusive o apoio à pecuária",Metalurgia de metais não ferosos e a fundição de metais
2491,7700,0.14205516969206675,"Produção de ferro gusa/ferroligas, siderurgia e tubos de aço sem costura",Aluguéis não imobiliários e gestão de ativos de propriedade intelectual
6480,7880,0.14198731073925733,"Intermediação financeira, seguros e previdência complementar",Outras atividades administrativas e serviços complementares
5280,8400,0.14193757824481618,"Armazenamento, atividades auxiliares dos transportes e correio","Administração pública, defesa e seguridade social"
7380,8592,0.14124485504060083,"Outras atividades profissionais, científicas e técnicas",Educação privada
2200,2492,0.1412148557922773,Fabricação de produtos de borracha e de material plástico,Metalurgia de metais não ferosos e a fundição de metais
0192,2491,0.1412006273540284,"Pecuária, inclusive o apoio à pecuária","Produção de ferro gusa/ferroligas, siderurgia e tubos de aço sem costura"
5100,8592,0.14109518430629148,Transporte aéreo,Educação privada
1200,2991,0.14091728520935906,Fabricação de produtos do fumo,"Fabricação de automóveis, caminhões e ônibus, exceto peças"
1500,2091,0.1407888715379108,Fabricação de calçados e de artefatos de couro,"Fabricação de químicos orgânicos e inorgânicos, resinas e elastômeros"
2700,3500,0.14049783648010686,Fabricação de máquinas e equipamentos elétricos,"Energia elétrica, gás natural e outras utilidades"
3500,8591,0.1404248193533163,"Energia elétrica, gás natural e outras utilidades",Educação pública
0680,4180,0.14001739181774342,"Extração de petróleo e gás, inclusive as atividades de apoio",Construção
2992,3300,0.13977668191342826,Fabricação de peças e acessórios para veículos automotores,"Manutenção, reparação e instalação de máquinas e equipamentos"
1700,5280,0.13945890567831182,"Fabricação de celulose, papel e produtos de papel","Armazenamento, atividades auxiliares dos transportes e correio"
2991,8000,0.13944510840503946,"Fabricação de automóveis, caminhões e ônibus, exceto peças","Atividades de vigilância, segurança e investigação"
2491,8592,0.13944368737483542,"Produção de ferro gusa/ferroligas, siderurgia e tubos de aço sem costura",Educação privada
2991,3180,0.13910477193407889,"Fabricação de automóveis, caminhões e ônibus, exceto peças",Fabricação de móveis e de produtos de indústrias diversas
2991,4180,0.13887342775132647,"Fabricação de automóveis, caminhões e ônibus, exceto peças",Construção
4900,8400,0.1387696040677687,Transporte terrestre,"Administração pública, defesa e seguridade social"
5280,8591,0.1387071585077955,"Armazenamento, atividades auxiliares dos transportes e correio",Educação pública
4580,5100,0.13843468310975093,Comércio por atacado e varejo,Transporte aéreo
3300,8691,0.13798844878390706,"Manutenção, reparação e instalação de máquinas e equipamentos",Saúde pública
0792,2991,0.13757792166648905,"Extração de minerais metálicos não ferrosos, inclusive beneficiamentos","Fabricação de automóveis, caminhões e ônibus, exceto peças"
0191,8691,0.1374035962454619,"Agricultura, inclusive o apoio à agricultura e a pós-colheita",Saúde pública
4900,6980,0.13707366691816092,Transporte terrestre,"Atividades jurídicas, contábeis, consultoria e sedes de empresas "
5280,6480,0.1370606915743299,"Armazenamento, atividades auxiliares dos transportes e correio","Intermediação financeira, seguros e previdência complementar"
2300,4180,0.13680712348553398,Fabricação de produtos de minerais não metálicos,Construção
3000,3300,0.13674572446728123,"Fabricação de outros equipamentos de transporte, exceto veículos automotores","Manutenção, reparação e instalação de máquinas e equipamentos"
1992,8691,0.1367440752361306,Fabricação de biocombustíveis,Saúde pública
1991,5000,0.13637895288860413,Refino de petróleo e coquerias,Transporte aquaviário
6480,8691,0.13631591758547196,"Intermediação financeira, seguros e previdência complementar",Saúde pública
2491,3000,0.13614923595796416,"Produção de ferro gusa/ferroligas, siderurgia e tubos de aço sem costura","Fabricação de outros equipamentos de transporte, exceto veículos automotores"
0580,0680,0.13540504521695707,Extração de carvão mineral e de minerais não metálicos,"Extração de petróleo e gás, inclusive as atividades de apoio"
6100,7880,0.13525609344578296,Telecomunicações,Outras atividades administrativas e serviços complementares
8000,8691,0.13467364357968872,"Atividades de vigilância, segurança e investigação",Saúde pública
0680,8692,0.13450609559808677,"Extração de petróleo e gás, inclusive as atividades de apoio",Saúde privada
0192,4900,0.134421271758962,"Pecuária, inclusive o apoio à pecuária",Transporte terrestre
6480,8000,0.1343319642614148,"Intermediação financeira, seguros e previdência complementar","Atividades de vigilância, segurança e investigação"
6280,6480,0.1341261028680345,Desenvolvimento de sistemas e outros serviços de informação,"Intermediação financeira, seguros e previdência complementar"
5280,8592,0.1340122614218524,"Armazenamento, atividades auxiliares dos transportes e correio",Educação privada
5100,8691,0.133967970690829,Transporte aéreo,Saúde pública
0192,1700,0.13363963830719391,"Pecuária, inclusive o apoio à pecuária","Fabricação de celulose, papel e produtos de papel"
3300,3500,0.13346228496582424,"Manutenção, reparação e instalação de máquinas e equipamentos","Energia elétrica, gás natural e outras utilidades"
3300,5280,0.1331496865917704,"Manutenção, reparação e instalação de máquinas e equipamentos","Armazenamento, atividades auxiliares dos transportes e correio"
2492,9480,0.1330366121195663,Metalurgia de metais não ferosos e a fundição de metais,Organizações associativas e outros serviços pessoais
1992,2200,0.132974891918298,Fabricação de biocombustíveis,Fabricação de produtos de borracha e de material plástico
1992,2300,0.13297126296949546,Fabricação de biocombustíveis,Fabricação de produtos de minerais não metálicos
1500,4580,0.13228533781984342,Fabricação de calçados e de artefatos de couro,Comércio por atacado e varejo
8400,8591,0.13226275455200975,"Administração pública, defesa e seguridade social",Educação pública
1991,6980,0.13221620474610413,Refino de petróleo e coquerias,"Atividades jurídicas, contábeis, consultoria e sedes de empresas "
2092,2500,0.13202107179592867,"Fabricação de defensivos, desinfestantes, tintas e químicos diversos","Fabricação de produtos de metal, exceto máquinas e equipamentos"
2100,8692,0.13188990155038283,Fabricação de produtos farmoquímicos e farmacêuticos,Saúde privada
1700,3300,0.13182980316396356,"Fabricação de celulose, papel e produtos de papel","Manutenção, reparação e instalação de máquinas e equipamentos"
2492,2800,0.13172795107790605,Metalurgia de metais não ferosos e a fundição de metais,Fabricação de máquinas e equipamentos mecânicos
4180,8691,0.13167823808453133,Construção,Saúde pública
0191,2093,0.13155220516066307,"Agricultura, inclusive o apoio à agricultura e a pós-colheita","Fabricação de produtos de limpeza, cosméticos/perfumaria e higiene pessoal"
7880,8692,0.1314711781715782,Outras atividades administrativas e serviços complementares,Saúde privada
6100,6480,0.13092194139871732,Telecomunicações,"Intermediação financeira, seguros e previdência complementar"
1700,2500,0.1303268641822058,"Fabricação de celulose, papel e produtos de papel","Fabricação de produtos de metal, exceto máquinas e equipamentos"
1991,2300,0.13032433155551262,Refino de petróleo e coquerias,Fabricação de produtos de minerais não metálicos
4900,7880,0.1292704744915165,Transporte terrestre,Outras atividades administrativas e serviços complementares
5280,7880,0.12877648956147253,"Armazenamento, atividades auxiliares dos transportes e correio",Outras atividades administrativas e serviços complementares
3680,4900,0.12875282753977044,"Água, esgoto e gestão de resíduos",Transporte terrestre
2091,8691,0.12856916108974706,"Fabricação de químicos orgânicos e inorgânicos, resinas e elastômeros",Saúde pública
0680,3500,0.12856107394419286,"Extração de petróleo e gás, inclusive as atividades de apoio","Energia elétrica, gás natural e outras utilidades"
1992,2093,0.1282603606129196,Fabricação de biocombustíveis,"Fabricação de produtos de limpeza, cosméticos/perfumaria e higiene pessoal"
2200,8691,0.12816200882424283,Fabricação de produtos de borracha e de material plástico,Saúde pública
1600,3680,0.12795739264922074,Fabricação de produtos da madeira,"Água, esgoto e gestão de resíduos"
2992,8400,0.127770388791659,Fabricação de peças e acessórios para veículos automotores,"Administração pública, defesa e seguridade social"
3180,8692,0.12769028798856802,Fabricação de móveis e de produtos de indústrias diversas,Saúde privada
0791,3000,0.1273562814812502,"Extração de minério de ferro, inclusive beneficiamentos e a aglomeração","Fabricação de outros equipamentos de transporte, exceto veículos automotores"
0680,3000,0.12723713226743794,"Extração de petróleo e gás, inclusive as atividades de apoio","Fabricação de outros equipamentos de transporte, exceto veículos automotores"
6100,8691,0.12695569239027668,Telecomunicações,Saúde pública
3500,9480,0.12684025190873977,"Energia elétrica, gás natural e outras utilidades",Organizações associativas e outros serviços pessoais
3000,4580,0.12681601900946898,"Fabricação de outros equipamentos de transporte, exceto veículos automotores",Comércio por atacado e varejo
2093,4580,0.12672277482927705,"Fabricação de produtos de limpeza, cosméticos/perfumaria e higiene pessoal",Comércio por atacado e varejo
2700,2992,0.1266968399439884,Fabricação de máquinas e equipamentos elétricos,Fabricação de peças e acessórios para veículos automotores
0580,2492,0.1265787163095635,Extração de carvão mineral e de minerais não metálicos,Metalurgia de metais não ferosos e a fundição de metais
0791,7180,0.12649283105655906,"Extração de minério de ferro, inclusive beneficiamentos e a aglomeração","Serviços de arquitetura, engenharia, testes/análises técnicas e P & D"
1500,3500,0.12648557772807326,Fabricação de calçados e de artefatos de couro,"Energia elétrica, gás natural e outras utilidades"
4580,9480,0.12647736662559048,Comércio por atacado e varejo,Organizações associativas e outros serviços pessoais
2300,3680,0.12633977986725345,Fabricação de produtos de minerais não metálicos,"Água, esgoto e gestão de resíduos"
1200,3500,0.12628111732104594,Fabricação de produtos do fumo,"Energia elétrica, gás natural e outras utilidades"
2093,4900,0.1260534086829588,"Fabricação de produtos de limpeza, cosméticos/perfumaria e higiene pessoal",Transporte terrestre
2700,4900,0.12576527745855823,Fabricação de máquinas e equipamentos elétricos,Transporte terrestre
1991,2992,0.12515326080248237,Refino de petróleo e coquerias,Fabricação de peças e acessórios para veículos automotores
1200,2091,0.12499003099370685,Fabricação de produtos do fumo,"Fabricação de químicos orgânicos e inorgânicos, resinas e elastômeros"
2492,8592,0.12491386617373385,Metalurgia de metais não ferosos e a fundição de metais,Educação privada
0580,2091,0.1247085021414545,Extração de carvão mineral e de minerais não metálicos,"Fabricação de químicos orgânicos e inorgânicos, resinas e elastômeros"
5000,7700,0.12442195431946913,Transporte aquaviário,Aluguéis não imobiliários e gestão de ativos de propriedade intelectual
4900,5000,0.12421922301417195,Transporte terrestre,Transporte aquaviário
8400,8692,0.12393091992648268,"Administração pública, defesa e seguridade social",Saúde privada
2092,6980,0.12381778615921957,"Fabricação de defensivos, desinfestantes, tintas e químicos diversos","Atividades jurídicas, contábeis, consultoria e sedes de empresas "
0680,7880,0.12362381380020138,"Extração de petróleo e gás, inclusive as atividades de apoio",Outras atividades administrativas e serviços complementares
1992,2992,0.12361262139446934,Fabricação de biocombustíveis,Fabricação de peças e acessórios para veículos automotores
2992,7880,0.12342819060828394,Fabricação de peças e acessórios para veículos automotores,Outras atividades administrativas e serviços complementares
2300,2500,0.12322740658951815,Fabricação de produtos de minerais não metálicos,"Fabricação de produtos de metal, exceto máquinas e equipamentos"
2093,2200,0.12308294813442386,"Fabricação de produtos de limpeza, cosméticos/perfumaria e higiene pessoal",Fabricação de produtos de borracha e de material plástico
2091,2500,0.12272204070335553,"Fabricação de químicos orgânicos e inorgânicos, resinas e elastômeros","Fabricação de produtos de metal, exceto máquinas e equipamentos"
4900,8692,0.12269736684053799,Transporte terrestre,Saúde privada
2500,2800,0.12253304142077079,"Fabricação de produtos de metal, exceto máquinas e equipamentos",Fabricação de máquinas e equipamentos mecânicos
1600,8691,0.12242615270284708,Fabricação de produtos da madeira,Saúde pública
1091,1992,0.12220840919111989,"Abate e produtos de carne, inclusive os produtos do laticínio e da pesca",Fabricação de biocombustíveis
2491,6480,0.12209879165827908,"Produção de ferro gusa/ferroligas, siderurgia e tubos de aço sem costura","Intermediação financeira, seguros e previdência complementar"
4580,5980,0.122017757944052,Comércio por atacado e varejo,"Atividades de televisão, rádio, cinema e  gravação/edição de som e imagem"
3500,8692,0.12193320870387758,"Energia elétrica, gás natural e outras utilidades",Saúde privada
2800,4900,0.12189675897301222,Fabricação de máquinas e equipamentos mecânicos,Transporte terrestre
0192,8691,0.12164126798362544,"Pecuária, inclusive o apoio à pecuária",Saúde pública
2300,3300,0.1215929947584663,Fabricação de produtos de minerais não metálicos,"Manutenção, reparação e instalação de máquinas e equipamentos"
3000,4900,0.12128019468325625,"Fabricação de outros equipamentos de transporte, exceto veículos automotores",Transporte terrestre
4580,5600,0.12109193472222819,Comércio por atacado e varejo,Alimentação
0791,0792,0.1208578928132049,"Extração de minério de ferro, inclusive beneficiamentos e a aglomeração","Extração de minerais metálicos não ferrosos, inclusive beneficiamentos"
6480,6980,0.12069872087179769,"Intermediação financeira, seguros e previdência complementar","Atividades jurídicas, contábeis, consultoria e sedes de empresas "
0680,0792,0.12065012310541018,"Extração de petróleo e gás, inclusive as atividades de apoio","Extração de minerais metálicos não ferrosos, inclusive beneficiamentos"
1200,4580,0.12059371670799438,Fabricação de produtos do fumo,Comércio por atacado e varejo
2092,5280,0.1202517870475778,"Fabricação de defensivos, desinfestantes, tintas e químicos diversos","Armazenamento, atividades auxiliares dos transportes e correio"
1600,4900,0.12000448319419076,Fabricação de produtos da madeira,Transporte terrestre
2200,3300,0.11993195924526551,Fabricação de produtos de borracha e de material plástico,"Manutenção, reparação e instalação de máquinas e equipamentos"
0580,4900,0.11985132856672946,Extração de carvão mineral e de minerais não metálicos,Transporte terrestre
0791,2093,0.11978171632294615,"Extração de minério de ferro, inclusive beneficiamentos e a aglomeração","Fabricação de produtos de limpeza, cosméticos/perfumaria e higiene pessoal"
0680,9480,0.1197773531491764,"Extração de petróleo e gás, inclusive as atividades de apoio",Organizações associativas e outros serviços pessoais
0680,2700,0.11958916442972117,"Extração de petróleo e gás, inclusive as atividades de apoio",Fabricação de máquinas e equipamentos elétricos
7180,8691,0.1194799516791495,"Serviços de arquitetura, engenharia, testes/análises técnicas e P & D",Saúde pública
7880,8592,0.11893661860805631,Outras atividades administrativas e serviços complementares,Educação privada
2500,5280,0.11870415103670769,"Fabricação de produtos de metal, exceto máquinas e equipamentos","Armazenamento, atividades auxiliares dos transportes e correio"
1300,2992,0.11837053778413117,Fabricação de produtos têxteis,Fabricação de peças e acessórios para veículos automotores
3500,5280,0.11822645027553003,"Energia elétrica, gás natural e outras utilidades","Armazenamento, atividades auxiliares dos transportes e correio"
2500,3000,0.1181665027253525,"Fabricação de produtos de metal, exceto máquinas e equipamentos","Fabricação de outros equipamentos de transporte, exceto veículos automotores"
0680,1600,0.11811701998982832,"Extração de petróleo e gás, inclusive as atividades de apoio",Fabricação de produtos da madeira
1093,1991,0.11757386420077524,Outros produtos alimentares,Refino de petróleo e coquerias
1991,3300,0.11723213108641999,Refino de petróleo e coquerias,"Manutenção, reparação e instalação de máquinas e equipamentos"
2991,6280,0.11721294381441287,"Fabricação de automóveis, caminhões e ônibus, exceto peças",Desenvolvimento de sistemas e outros serviços de informação
5800,8592,0.11699107575827807,Edição e edição integrada à impressão,Educação privada
2992,8591,0.11697692385922906,Fabricação de peças e acessórios para veículos automotores,Educação pública
0680,7380,0.11691155982348729,"Extração de petróleo e gás, inclusive as atividades de apoio","Outras atividades profissionais, científicas e técnicas"
2492,4180,0.11684146471353996,Metalurgia de metais não ferosos e a fundição de metais,Construção
1991,2093,0.11677562134427161,Refino de petróleo e coquerias,"Fabricação de produtos de limpeza, cosméticos/perfumaria e higiene pessoal"
2492,3000,0.11672575428459686,Metalurgia de metais não ferosos e a fundição de metais,"Fabricação de outros equipamentos de transporte, exceto veículos automotores"
0792,3500,0.11639880971403009,"Extração de minerais metálicos não ferrosos, inclusive beneficiamentos","Energia elétrica, gás natural e outras utilidades"
1992,5280,0.1163977169395764,Fabricação de biocombustíveis,"Armazenamento, atividades auxiliares dos transportes e correio"
5800,8591,0.11638225385876286,Edição e edição integrada à impressão,Educação pública
8000,8592,0.11621011102876291,"Atividades de vigilância, segurança e investigação",Educação privada
1600,2092,0.11572506251976508,Fabricação de produtos da madeira,"Fabricação de defensivos, desinfestantes, tintas e químicos diversos"
2092,3300,0.11572048785729347,"Fabricação de defensivos, desinfestantes, tintas e químicos diversos","Manutenção, reparação e instalação de máquinas e equipamentos"
4900,8000,0.11554562345091737,Transporte terrestre,"Atividades de vigilância, segurança e investigação"
1093,2991,0.11543622832356677,Outros produtos alimentares,"Fabricação de automóveis, caminhões e ônibus, exceto peças"
0191,2500,0.11542793483761223,"Agricultura, inclusive o apoio à agricultura e a pós-colheita","Fabricação de produtos de metal, exceto máquinas e equipamentos"
2992,7700,0.11522492760162371,Fabricação de peças e acessórios para veículos automotores,Aluguéis não imobiliários e gestão de ativos de propriedade intelectual
2300,5280,0.11505472867854491,Fabricação de produtos de minerais não metálicos,"Armazenamento, atividades auxiliares dos transportes e correio"
0191,1600,0.11504919883868736,"Agricultura, inclusive o apoio à agricultura e a pós-colheita",Fabricação de produtos da madeira
2091,2700,0.1150093426912525,"Fabricação de químicos orgânicos e inorgânicos, resinas e elastômeros",Fabricação de máquinas e equipamentos elétricos
2100,2991,0.11489103530802842,Fabricação de produtos farmoquímicos e farmacêuticos,"Fabricação de automóveis, caminhões e ônibus, exceto peças"
0192,1991,0.1147696433734813,"Pecuária, inclusive o apoio à pecuária",Refino de petróleo e coquerias
0192,2992,0.11445520134967022,"Pecuária, inclusive o apoio à pecuária",Fabricação de peças e acessórios para veículos automotores
0580,4580,0.11442882328542374,Extração de carvão mineral e de minerais não metálicos,Comércio por atacado e varejo
1991,2500,0.11431496023477453,Refino de petróleo e coquerias,"Fabricação de produtos de metal, exceto máquinas e equipamentos"
1200,2092,0.1140793413284889,Fabricação de produtos do fumo,"Fabricação de defensivos, desinfestantes, tintas e químicos diversos"
0791,1200,0.11393422132121271,"Extração de minério de ferro, inclusive beneficiamentos e a aglomeração",Fabricação de produtos do fumo
0192,0680,0.11387661904897772,"Pecuária, inclusive o apoio à pecuária","Extração de petróleo e gás, inclusive as atividades de apoio"
1600,2091,0.11372221938450201,Fabricação de produtos da madeira,"Fabricação de químicos orgânicos e inorgânicos, resinas e elastômeros"
7700,8591,0.11353193731097952,Aluguéis não imobiliários e gestão de ativos de propriedade intelectual,Educação pública
3500,8400,0.1133249543807611,"Energia elétrica, gás natural e outras utilidades","Administração pública, defesa e seguridade social"
6280,8691,0.11319491791168589,Desenvolvimento de sistemas e outros serviços de informação,Saúde pública
1700,2093,0.1131321696342051,"Fabricação de celulose, papel e produtos de papel","Fabricação de produtos de limpeza, cosméticos/perfumaria e higiene pessoal"
2992,8692,0.11301339069557235,Fabricação de peças e acessórios para veículos automotores,Saúde privada
1200,1700,0.11280665763635311,Fabricação de produtos do fumo,"Fabricação de celulose, papel e produtos de papel"
6100,8592,0.11278016708786213,Telecomunicações,Educação privada
1600,3180,0.11271065919180354,Fabricação de produtos da madeira,Fabricação de móveis e de produtos de indústrias diversas
0191,0580,0.1125789726359696,"Agricultura, inclusive o apoio à agricultura e a pós-colheita",Extração de carvão mineral e de minerais não metálicos
8000,8400,0.11250364410323799,"Atividades de vigilância, segurança e investigação","Administração pública, defesa e seguridade social"
3300,7700,0.11245726702064308,"Manutenção, reparação e instalação de máquinas e equipamentos",Aluguéis não imobiliários e gestão de ativos de propriedade intelectual
1093,2092,0.11238651536837813,Outros produtos alimentares,"Fabricação de defensivos, desinfestantes, tintas e químicos diversos"
7880,9480,0.11208939292680592,Outras atividades administrativas e serviços complementares,Organizações associativas e outros serviços pessoais
1700,8592,0.1120260713410958,"Fabricação de celulose, papel e produtos de papel",Educação privada
0680,2093,0.11202482042030396,"Extração de petróleo e gás, inclusive as atividades de apoio","Fabricação de produtos de limpeza, cosméticos/perfumaria e higiene pessoal"
1700,3680,0.1117372721531856,"Fabricação de celulose, papel e produtos de papel","Água, esgoto e gestão de resíduos"
5980,6480,0.11172697724133886,"Atividades de televisão, rádio, cinema e  gravação/edição de som e imagem","Intermediação financeira, seguros e previdência complementar"
1300,4580,0.1112783702658238,Fabricação de produtos têxteis,Comércio por atacado e varejo
6480,8592,0.11122422122901202,"Intermediação financeira, seguros e previdência complementar",Educação privada
1093,4900,0.11120971221159015,Outros produtos alimentares,Transporte terrestre
7380,8691,0.11116344494245435,"Outras atividades profissionais, científicas e técnicas",Saúde pública
2491,4180,0.11105647391636499,"Produção de ferro gusa/ferroligas, siderurgia e tubos de aço sem costura",Construção
2092,7880,0.11096192240154885,"Fabricação de defensivos, desinfestantes, tintas e químicos diversos",Outras atividades administrativas e serviços complementares
0791,5600,0.11094234038942137,"Extração de minério de ferro, inclusive beneficiamentos e a aglomeração",Alimentação
2300,7880,0.11056797274756014,Fabricação de produtos de minerais não metálicos,Outras atividades administrativas e serviços complementares
1991,2200,0.11056543557135909,Refino de petróleo e coquerias,Fabricação de produtos de borracha e de material plástico
1600,2992,0.11051800305942984,Fabricação de produtos da madeira,Fabricação de peças e acessórios para veículos automotores
1092,2092,0.11035557009093788,Fabricação e refino de açúcar,"Fabricação de defensivos, desinfestantes, tintas e químicos diversos"
1991,8592,0.11034691310511602,Refino de petróleo e coquerias,Educação privada
2500,7700,0.1101619862214538,"Fabricação de produtos de metal, exceto máquinas e equipamentos",Aluguéis não imobiliários e gestão de ativos de propriedade intelectual
0680,6280,0.1100578613697185,"Extração de petróleo e gás, inclusive as atividades de apoio",Desenvolvimento de sistemas e outros serviços de informação
8591,8592,0.1099203018802287,Educação pública,Educação privada
1300,2092,0.10980866180678513,Fabricação de produtos têxteis,"Fabricação de defensivos, desinfestantes, tintas e químicos diversos"
0791,1300,0.1092006786822281,"Extração de minério de ferro, inclusive beneficiamentos e a aglomeração",Fabricação de produtos têxteis
4900,9480,0.10919347687633621,Transporte terrestre,Organizações associativas e outros serviços pessoais
2800,3500,0.1089091293872368,Fabricação de máquinas e equipamentos mecânicos,"Energia elétrica, gás natural e outras utilidades"
3180,4580,0.1085931410211355,Fabricação de móveis e de produtos de indústrias diversas,Comércio por atacado e varejo
1700,7880,0.10844164976134986,"Fabricação de celulose, papel e produtos de papel",Outras atividades administrativas e serviços complementares
1600,2300,0.10828160963811276,Fabricação de produtos da madeira,Fabricação de produtos de minerais não metálicos
0791,1500,0.10823503803616354,"Extração de minério de ferro, inclusive beneficiamentos e a aglomeração",Fabricação de calçados e de artefatos de couro
1700,8591,0.10819983899497168,"Fabricação de celulose, papel e produtos de papel",Educação pública
0192,2200,0.1078939306924797,"Pecuária, inclusive o apoio à pecuária",Fabricação de produtos de borracha e de material plástico
5280,6100,0.10781515337180415,"Armazenamento, atividades auxiliares dos transportes e correio",Telecomunicações
2491,5600,0.1076768579018596,"Produção de ferro gusa/ferroligas, siderurgia e tubos de aço sem costura",Alimentação
1400,2991,0.10757115186972452,Confecção de artefatos do vestuário e acessórios,"Fabricação de automóveis, caminhões e ônibus, exceto peças"
1093,8691,0.10742932639117538,Outros produtos alimentares,Saúde pública
2500,8400,0.10697918672725293,"Fabricação de produtos de metal, exceto máquinas e equipamentos","Administração pública, defesa e seguridade social"
2800,2992,0.10679282509410074,Fabricação de máquinas e equipamentos mecânicos,Fabricação de peças e acessórios para veículos automotores
2491,6980,0.1067758606604226,"Produção de ferro gusa/ferroligas, siderurgia e tubos de aço sem costura","Atividades jurídicas, contábeis, consultoria e sedes de empresas "
4900,5600,0.10617997288925506,Transporte terrestre,Alimentação
2700,8691,0.10615739785125829,Fabricação de máquinas e equipamentos elétricos,Saúde pública
0680,5600,0.10615172889514199,"Extração de petróleo e gás, inclusive as atividades de apoio",Alimentação
2800,8691,0.10602291453720883,Fabricação de máquinas e equipamentos mecânicos,Saúde pública
2092,8400,0.1058615018314179,"Fabricação de defensivos, desinfestantes, tintas e químicos diversos","Administração pública, defesa e seguridade social"
1093,4580,0.10560926264474589,Outros produtos alimentares,Comércio por atacado e varejo
1200,6980,0.10558738656408455,Fabricação de produtos do fumo,"Atividades jurídicas, contábeis, consultoria e sedes de empresas "
2992,8592,0.10557340305624854,Fabricação de peças e acessórios para veículos automotores,Educação privada
2300,8400,0.10533727551033534,Fabricação de produtos de minerais não metálicos,"Administração pública, defesa e seguridade social"
2200,2500,0.10511470859099625,Fabricação de produtos de borracha e de material plástico,"Fabricação de produtos de metal, exceto máquinas e equipamentos"
2093,2491,0.10498581110408732,"Fabricação de produtos de limpeza, cosméticos/perfumaria e higiene pessoal","Produção de ferro gusa/ferroligas, siderurgia e tubos de aço sem costura"
2491,5100,0.10446071759904053,"Produção de ferro gusa/ferroligas, siderurgia e tubos de aço sem costura",Transporte aéreo
3180,8691,0.10417838103362813,Fabricação de móveis e de produtos de indústrias diversas,Saúde pública
0792,4900,0.10403434951131231,"Extração de minerais metálicos não ferrosos, inclusive beneficiamentos",Transporte terrestre
2500,2700,0.1039195271505772,"Fabricação de produtos de metal, exceto máquinas e equipamentos",Fabricação de máquinas e equipamentos elétricos
1500,4900,0.10388497272919561,Fabricação de calçados e de artefatos de couro,Transporte terrestre
1700,6480,0.10382961968025929,"Fabricação de celulose, papel e produtos de papel","Intermediação financeira, seguros e previdência complementar"
3000,3500,0.10381527877148712,"Fabricação de outros equipamentos de transporte, exceto veículos automotores","Energia elétrica, gás natural e outras utilidades"
4180,4580,0.1037125306398352,Construção,Comércio por atacado e varejo
2492,6480,0.10351646085637042,Metalurgia de metais não ferosos e a fundição de metais,"Intermediação financeira, seguros e previdência complementar"
1700,8400,0.10338618823024265,"Fabricação de celulose, papel e produtos de papel","Administração pública, defesa e seguridade social"
0191,1500,0.1032165624358088,"Agricultura, inclusive o apoio à agricultura e a pós-colheita",Fabricação de calçados e de artefatos de couro
1092,2093,0.10320634017064516,Fabricação e refino de açúcar,"Fabricação de produtos de limpeza, cosméticos/perfumaria e higiene pessoal"
1400,4580,0.1030822714408011,Confecção de artefatos do vestuário e acessórios,Comércio por atacado e varejo
5280,9480,0.10298457623184763,"Armazenamento, atividades auxiliares dos transportes e correio",Organizações associativas e outros serviços pessoais
2500,7880,0.10291301629434965,"Fabricação de produtos de metal, exceto máquinas e equipamentos",Outras atividades administrativas e serviços complementares
1500,2092,0.10287111116654132,Fabricação de calçados e de artefatos de couro,"Fabricação de defensivos, desinfestantes, tintas e químicos diversos"
2300,8591,0.10280318014548881,Fabricação de produtos de minerais não metálicos,Educação pública
5100,9480,0.10275696041486289,Transporte aéreo,Organizações associativas e outros serviços pessoais
5600,9480,0.10270175319197916,Alimentação,Organizações associativas e outros serviços pessoais
1992,3300,0.10262615616185168,Fabricação de biocombustíveis,"Manutenção, reparação e instalação de máquinas e equipamentos"
1400,3500,0.10204317374827233,Confecção de artefatos do vestuário e acessórios,"Energia elétrica, gás natural e outras utilidades"
2200,2700,0.10171984176129216,Fabricação de produtos de borracha e de material plástico,Fabricação de máquinas e equipamentos elétricos
2092,8692,0.1016594473404176,"Fabricação de defensivos, desinfestantes, tintas e químicos diversos",Saúde privada
3300,3680,0.10159975769649159,"Manutenção, reparação e instalação de máquinas e equipamentos","Água, esgoto e gestão de resíduos"
2492,3180,0.1015723374958748,Metalurgia de metais não ferosos e a fundição de metais,Fabricação de móveis e de produtos de indústrias diversas
1500,2200,0.10138398815680966,Fabricação de calçados e de artefatos de couro,Fabricação de produtos de borracha e de material plástico
0580,1991,0.10137039896337025,Extração de carvão mineral e de minerais não metálicos,Refino de petróleo e coquerias
1992,2500,0.1010555268475566,Fabricação de biocombustíveis,"Fabricação de produtos de metal, exceto máquinas e equipamentos"
0192,1600,0.10103166984757748,"Pecuária, inclusive o apoio à pecuária",Fabricação de produtos da madeira
2300,8592,0.10093105834603631,Fabricação de produtos de minerais não metálicos,Educação privada
2091,3300,0.10086001881080958,"Fabricação de químicos orgânicos e inorgânicos, resinas e elastômeros","Manutenção, reparação e instalação de máquinas e equipamentos"
2600,3300,0.10079584566984483,"Fabricação de equipamentos de informática, produtos eletrônicos e ópticos","Manutenção, reparação e instalação de máquinas e equipamentos"
4900,7380,0.10057275523858338,Transporte terrestre,"Outras atividades profissionais, científicas e técnicas"
4180,4900,0.10040577198284951,Construção,Transporte terrestre
8400,9480,0.10015419287514932,"Administração pública, defesa e seguridade social",Organizações associativas e outros serviços pessoais
2992,6100,0.10006344352168434,Fabricação de peças e acessórios para veículos automotores,Telecomunicações
2092,8591,0.09998806691040117,"Fabricação de defensivos, desinfestantes, tintas e químicos diversos",Educação pública
0680,1200,0.09986653157536571,"Extração de petróleo e gás, inclusive as atividades de apoio",Fabricação de produtos do fumo
1200,4900,0.099785232133521,Fabricação de produtos do fumo,Transporte terrestre
1700,8692,0.09961489760965232,"Fabricação de celulose, papel e produtos de papel",Saúde privada
2491,3180,0.09959509958836232,"Produção de ferro gusa/ferroligas, siderurgia e tubos de aço sem costura",Fabricação de móveis e de produtos de indústrias diversas
5600,8692,0.09955949758319503,Alimentação,Saúde privada
3180,3500,0.0993028651646702,Fabricação de móveis e de produtos de indústrias diversas,"Energia elétrica, gás natural e outras utilidades"
1300,2492,0.09920502229203479,Fabricação de produtos têxteis,Metalurgia de metais não ferosos e a fundição de metais
0580,2992,0.09905305217366749,Extração de carvão mineral e de minerais não metálicos,Fabricação de peças e acessórios para veículos automotores
0192,5600,0.0989743148135589,"Pecuária, inclusive o apoio à pecuária",Alimentação
8591,8692,0.09887197613189586,Educação pública,Saúde privada
2700,3680,0.098792786630891,Fabricação de máquinas e equipamentos elétricos,"Água, esgoto e gestão de resíduos"
1700,5000,0.09874318744756273,"Fabricação de celulose, papel e produtos de papel",Transporte aquaviário
1600,2500,0.09860868520266955,Fabricação de produtos da madeira,"Fabricação de produtos de metal, exceto máquinas e equipamentos"
2093,3500,0.09852359002416491,"Fabricação de produtos de limpeza, cosméticos/perfumaria e higiene pessoal","Energia elétrica, gás natural e outras utilidades"
0791,3180,0.09831905300072553,"Extração de minério de ferro, inclusive beneficiamentos e a aglomeração",Fabricação de móveis e de produtos de indústrias diversas
0580,1992,0.09830486729702126,Extração de carvão mineral e de minerais não metálicos,Fabricação de biocombustíveis
5280,8692,0.0982989233862979,"Armazenamento, atividades auxiliares dos transportes e correio",Saúde privada
1300,2491,0.0981842642167124,Fabricação de produtos têxteis,"Produção de ferro gusa/ferroligas, siderurgia e tubos de aço sem costura"
1500,1700,0.09811799395268092,Fabricação de calçados e de artefatos de couro,"Fabricação de celulose, papel e produtos de papel"
0680,1500,0.09763461204171099,"Extração de petróleo e gás, inclusive as atividades de apoio",Fabricação de calçados e de artefatos de couro
2992,6480,0.09752961750357775,Fabricação de peças e acessórios para veículos automotores,"Intermediação financeira, seguros e previdência complementar"
1600,2200,0.09737375483915126,Fabricação de produtos da madeira,Fabricação de produtos de borracha e de material plástico
8692,9480,0.09724598372400368,Saúde privada,Organizações associativas e outros serviços pessoais
5980,8592,0.09724492171310804,"Atividades de televisão, rádio, cinema e  gravação/edição de som e imagem",Educação privada
2092,2700,0.09721092849453355,"Fabricação de defensivos, desinfestantes, tintas e químicos diversos",Fabricação de máquinas e equipamentos elétricos
3680,5600,0.09710306430449224,"Água, esgoto e gestão de resíduos",Alimentação
2093,8691,0.09701154473853854,"Fabricação de produtos de limpeza, cosméticos/perfumaria e higiene pessoal",Saúde pública
1300,1700,0.09694531565479172,Fabricação de produtos têxteis,"Fabricação de celulose, papel e produtos de papel"
1700,6980,0.09669907579422846,"Fabricação de celulose, papel e produtos de papel","Atividades jurídicas, contábeis, consultoria e sedes de empresas "
2700,2800,0.09645245045432996,Fabricação de máquinas e equipamentos elétricos,Fabricação de máquinas e equipamentos mecânicos
4580,8000,0.09631072984376654,Comércio por atacado e varejo,"Atividades de vigilância, segurança e investigação"
5100,6100,0.09628788662489289,Transporte aéreo,Telecomunicações
2600,2991,0.09610056678153615,"Fabricação de equipamentos de informática, produtos eletrônicos e ópticos","Fabricação de automóveis, caminhões e ônibus, exceto peças"
0191,5280,0.0960062961842168,"Agricultura, inclusive o apoio à agricultura e a pós-colheita","Armazenamento, atividades auxiliares dos transportes e correio"
6480,8591,0.09595537130404927,"Intermediação financeira, seguros e previdência complementar",Educação pública
0791,1093,0.09590959756734085,"Extração de minério de ferro, inclusive beneficiamentos e a aglomeração",Outros produtos alimentares
2492,7700,0.09583072411170582,Metalurgia de metais não ferosos e a fundição de metais,Aluguéis não imobiliários e gestão de ativos de propriedade intelectual
1991,6480,0.0957862351260396,Refino de petróleo e coquerias,"Intermediação financeira, seguros e previdência complementar"
2491,6100,0.09568017836046915,"Produção de ferro gusa/ferroligas, siderurgia e tubos de aço sem costura",Telecomunicações
2093,2492,0.09553759861271258,"Fabricação de produtos de limpeza, cosméticos/perfumaria e higiene pessoal",Metalurgia de metais não ferosos e a fundição de metais
0791,7380,0.0954154555252704,"Extração de minério de ferro, inclusive beneficiamentos e a aglomeração","Outras atividades profissionais, científicas e técnicas"
3000,8691,0.09529470423600056,"Fabricação de outros equipamentos de transporte, exceto veículos automotores",Saúde pública
8400,8592,0.0952510685671278,"Administração pública, defesa e seguridade social",Educação privada
2300,8692,0.0951596584632749,Fabricação de produtos de minerais não metálicos,Saúde privada
2492,5600,0.09511971680584629,Metalurgia de metais não ferosos e a fundição de metais,Alimentação
0791,6280,0.09509384415587682,"Extração de minério de ferro, inclusive beneficiamentos e a aglomeração",Desenvolvimento de sistemas e outros serviços de informação
1300,2200,0.09505948496771703,Fabricação de produtos têxteis,Fabricação de produtos de borracha e de material plástico
1992,5600,0.09500616675767187,Fabricação de biocombustíveis,Alimentação
0191,3300,0.09477842021052037,"Agricultura, inclusive o apoio à agricultura e a pós-colheita","Manutenção, reparação e instalação de máquinas e equipamentos"
1100,8691,0.09472323587653497,Fabricação de bebidas,Saúde pública
0680,3680,0.09456001158905761,"Extração de petróleo e gás, inclusive as atividades de apoio","Água, esgoto e gestão de resíduos"
5100,6480,0.09441040830725479,Transporte aéreo,"Intermediação financeira, seguros e previdência complementar"
2992,9480,0.09427286886282883,Fabricação de peças e acessórios para veículos automotores,Organizações associativas e outros serviços pessoais
2091,3180,0.09425490659512831,"Fabricação de químicos orgânicos e inorgânicos, resinas e elastômeros",Fabricação de móveis e de produtos de indústrias diversas
1700,2700,0.09410141336741923,"Fabricação de celulose, papel e produtos de papel",Fabricação de máquinas e equipamentos elétricos
0580,8691,0.09384988868702895,Extração de carvão mineral e de minerais não metálicos,Saúde pública
2500,8591,0.09381325906273748,"Fabricação de produtos de metal, exceto máquinas e equipamentos",Educação pública
6480,7700,0.09373172678319881,"Intermediação financeira, seguros e previdência complementar",Aluguéis não imobiliários e gestão de ativos de propriedade intelectual
0191,1092,0.09362477769786279,"Agricultura, inclusive o apoio à agricultura e a pós-colheita",Fabricação e refino de açúcar
0580,1700,0.09362299542697823,Extração de carvão mineral e de minerais não metálicos,"Fabricação de celulose, papel e produtos de papel"
0192,1500,0.09354686025626359,"Pecuária, inclusive o apoio à pecuária",Fabricação de calçados e de artefatos de couro
1500,7380,0.09327349018985015,Fabricação de calçados e de artefatos de couro,"Outras atividades profissionais, científicas e técnicas"
1300,1992,0.09314669145017579,Fabricação de produtos têxteis,Fabricação de biocombustíveis
0192,2500,0.09304501251224319,"Pecuária, inclusive o apoio à pecuária","Fabricação de produtos de metal, exceto máquinas e equipamentos"
1700,5100,0.09298628145708775,"Fabricação de celulose, papel e produtos de papel",Transporte aéreo
2100,4580,0.09280585810296806,Fabricação de produtos farmoquímicos e farmacêuticos,Comércio por atacado e varejo
2500,8692,0.09271432691671834,"Fabricação de produtos de metal, exceto máquinas e equipamentos",Saúde privada
2092,7700,0.0927078476564404,"Fabricação de defensivos, desinfestantes, tintas e químicos diversos",Aluguéis não imobiliários e gestão de ativos de propriedade intelectual
2300,2700,0.09270076658310163,Fabricação de produtos de minerais não metálicos,Fabricação de máquinas e equipamentos elétricos
0792,4580,0.0925643129234568,"Extração de minerais metálicos não ferrosos, inclusive beneficiamentos",Comércio por atacado e varejo
2200,3180,0.09244584303774384,Fabricação de produtos de borracha e de material plástico,Fabricação de móveis e de produtos de indústrias diversas
1992,7700,0.09241947466181122,Fabricação de biocombustíveis,Aluguéis não imobiliários e gestão de ativos de propriedade intelectual
2100,7380,0.09212257129269465,Fabricação de produtos farmoquímicos e farmacêuticos,"Outras atividades profissionais, científicas e técnicas"
6980,8691,0.09182504423215092,"Atividades jurídicas, contábeis, consultoria e sedes de empresas ",Saúde pública
2800,5280,0.09173440677061487,Fabricação de máquinas e equipamentos mecânicos,"Armazenamento, atividades auxiliares dos transportes e correio"
1991,8591,0.09170060192439285,Refino de petróleo e coquerias,Educação pública
0792,2992,0.09156121805488554,"Extração de minerais metálicos não ferrosos, inclusive beneficiamentos",Fabricação de peças e acessórios para veículos automotores
1500,2491,0.09144915475296335,Fabricação de calçados e de artefatos de couro,"Produção de ferro gusa/ferroligas, siderurgia e tubos de aço sem costura"
2093,7380,0.09112109605119738,"Fabricação de produtos de limpeza, cosméticos/perfumaria e higiene pessoal","Outras atividades profissionais, científicas e técnicas"
1091,2093,0.09102227692934785,"Abate e produtos de carne, inclusive os produtos do laticínio e da pesca","Fabricação de produtos de limpeza, cosméticos/perfumaria e higiene pessoal"
0191,2700,0.09092221025265948,"Agricultura, inclusive o apoio à agricultura e a pós-colheita",Fabricação de máquinas e equipamentos elétricos
1992,6480,0.09074456859532029,Fabricação de biocombustíveis,"Intermediação financeira, seguros e previdência complementar"
3500,5600,0.09071798849361762,"Energia elétrica, gás natural e outras utilidades",Alimentação
1093,2093,0.0907045339351833,Outros produtos alimentares,"Fabricação de produtos de limpeza, cosméticos/perfumaria e higiene pessoal"
1991,6100,0.09069950771877935,Refino de petróleo e coquerias,Telecomunicações
0680,2100,0.09061850613493047,"Extração de petróleo e gás, inclusive as atividades de apoio",Fabricação de produtos farmoquímicos e farmacêuticos
1991,2800,0.09054172312718453,Refino de petróleo e coquerias,Fabricação de máquinas e equipamentos mecânicos
2991,5000,0.09043942341733142,"Fabricação de automóveis, caminhões e ônibus, exceto peças",Transporte aquaviário
2992,6980,0.09028211688198219,Fabricação de peças e acessórios para veículos automotores,"Atividades jurídicas, contábeis, consultoria e sedes de empresas "
1093,3500,0.09020090275357771,Outros produtos alimentares,"Energia elétrica, gás natural e outras utilidades"
1300,4900,0.09018303032930569,Fabricação de produtos têxteis,Transporte terrestre
6280,7700,0.09017293374304533,Desenvolvimento de sistemas e outros serviços de informação,Aluguéis não imobiliários e gestão de ativos de propriedade intelectual
2800,3680,0.09010661493140146,Fabricação de máquinas e equipamentos mecânicos,"Água, esgoto e gestão de resíduos"
0791,5000,0.0899817086385019,"Extração de minério de ferro, inclusive beneficiamentos e a aglomeração",Transporte aquaviário
1093,2091,0.08994346614789064,Outros produtos alimentares,"Fabricação de químicos orgânicos e inorgânicos, resinas e elastômeros"
1800,4580,0.0898611183433315,Impressão e reprodução de gravações,Comércio por atacado e varejo
2092,6480,0.08979413014116919,"Fabricação de defensivos, desinfestantes, tintas e químicos diversos","Intermediação financeira, seguros e previdência complementar"
1500,1992,0.08978294783886046,Fabricação de calçados e de artefatos de couro,Fabricação de biocombustíveis
1300,2300,0.08975031045039145,Fabricação de produtos têxteis,Fabricação de produtos de minerais não metálicos
0680,1093,0.08970092632459524,"Extração de petróleo e gás, inclusive as atividades de apoio",Outros produtos alimentares
5280,6980,0.08968598943906841,"Armazenamento, atividades auxiliares dos transportes e correio","Atividades jurídicas, contábeis, consultoria e sedes de empresas "
6980,7380,0.08951680727644387,"Atividades jurídicas, contábeis, consultoria e sedes de empresas ","Outras atividades profissionais, científicas e técnicas"
1093,1700,0.08946703726540878,Outros produtos alimentares,"Fabricação de celulose, papel e produtos de papel"
4580,6280,0.0891305455151888,Comércio por atacado e varejo,Desenvolvimento de sistemas e outros serviços de informação
5600,8400,0.08910709794394138,Alimentação,"Administração pública, defesa e seguridade social"
1600,1992,0.08909594172790351,Fabricação de produtos da madeira,Fabricação de biocombustíveis
2200,3680,0.0888392968483473,Fabricação de produtos de borracha e de material plástico,"Água, esgoto e gestão de resíduos"
3300,7880,0.08869738651569602,"Manutenção, reparação e instalação de máquinas e equipamentos",Outras atividades administrativas e serviços complementares
2992,3000,0.08863161436988816,Fabricação de peças e acessórios para veículos automotores,"Fabricação de outros equipamentos de transporte, exceto veículos automotores"
1091,8691,0.08860303885943305,"Abate e produtos de carne, inclusive os produtos do laticínio e da pesca",Saúde pública
0680,5980,0.08859251174496317,"Extração de petróleo e gás, inclusive as atividades de apoio","Atividades de televisão, rádio, cinema e  gravação/edição de som e imagem"
2200,5280,0.08855866334878464,Fabricação de produtos de borracha e de material plástico,"Armazenamento, atividades auxiliares dos transportes e correio"
1992,7880,0.08851226148346746,Fabricação de biocombustíveis,Outras atividades administrativas e serviços complementares
0792,1991,0.0883235789993078,"Extração de minerais metálicos não ferrosos, inclusive beneficiamentos",Refino de petróleo e coquerias
0680,3180,0.08830134890362105,"Extração de petróleo e gás, inclusive as atividades de apoio",Fabricação de móveis e de produtos de indústrias diversas
3000,7700,0.08824719315795387,"Fabricação de outros equipamentos de transporte, exceto veículos automotores",Aluguéis não imobiliários e gestão de ativos de propriedade intelectual
5280,7380,0.08810347914734311,"Armazenamento, atividades auxiliares dos transportes e correio","Outras atividades profissionais, científicas e técnicas"
7700,8400,0.08802639939778967,Aluguéis não imobiliários e gestão de ativos de propriedade intelectual,"Administração pública, defesa e seguridade social"
2100,6980,0.0880245700852407,Fabricação de produtos farmoquímicos e farmacêuticos,"Atividades jurídicas, contábeis, consultoria e sedes de empresas "
2091,3680,0.08801989502114187,"Fabricação de químicos orgânicos e inorgânicos, resinas e elastômeros","Água, esgoto e gestão de resíduos"
0191,8591,0.08795770977237008,"Agricultura, inclusive o apoio à agricultura e a pós-colheita",Educação pública
1991,8400,0.08794594967527876,Refino de petróleo e coquerias,"Administração pública, defesa e seguridade social"
2092,8592,0.08788881060389922,"Fabricação de defensivos, desinfestantes, tintas e químicos diversos",Educação privada
0192,2093,0.08785559290626155,"Pecuária, inclusive o apoio à pecuária","Fabricação de produtos de limpeza, cosméticos/perfumaria e higiene pessoal"
3000,3680,0.0878026215407356,"Fabricação de outros equipamentos de transporte, exceto veículos automotores","Água, esgoto e gestão de resíduos"
0792,7700,0.08769841616075563,"Extração de minerais metálicos não ferrosos, inclusive beneficiamentos",Aluguéis não imobiliários e gestão de ativos de propriedade intelectual
1091,2991,0.08769572434810255,"Abate e produtos de carne, inclusive os produtos do laticínio e da pesca","Fabricação de automóveis, caminhões e ônibus, exceto peças"
1500,2492,0.08743944564281057,Fabricação de calçados e de artefatos de couro,Metalurgia de metais não ferosos e a fundição de metais
1992,8591,0.08738639750908711,Fabricação de biocombustíveis,Educação pública
1092,1093,0.08729168204985373,Fabricação e refino de açúcar,Outros produtos alimentares
2500,8592,0.08721915862688316,"Fabricação de produtos de metal, exceto máquinas e equipamentos",Educação privada
3180,4900,0.08703387131928036,Fabricação de móveis e de produtos de indústrias diversas,Transporte terrestre
1500,8691,0.0868794618176283,Fabricação de calçados e de artefatos de couro,Saúde pública
6980,8592,0.08685527960555077,"Atividades jurídicas, contábeis, consultoria e sedes de empresas ",Educação privada
7700,8692,0.08685351941754399,Aluguéis não imobiliários e gestão de ativos de propriedade intelectual,Saúde privada
1200,2491,0.08681348524906855,Fabricação de produtos do fumo,"Produção de ferro gusa/ferroligas, siderurgia e tubos de aço sem costura"
0580,2500,0.08662426260816497,Extração de carvão mineral e de minerais não metálicos,"Fabricação de produtos de metal, exceto máquinas e equipamentos"
1991,5600,0.08659128501207607,Refino de petróleo e coquerias,Alimentação
0192,0580,0.08657418028354423,"Pecuária, inclusive o apoio à pecuária",Extração de carvão mineral e de minerais não metálicos
2300,6480,0.08655454940743441,Fabricação de produtos de minerais não metálicos,"Intermediação financeira, seguros e previdência complementar"
2091,8692,0.08641662246936517,"Fabricação de químicos orgânicos e inorgânicos, resinas e elastômeros",Saúde privada
0191,8592,0.08617231762497991,"Agricultura, inclusive o apoio à agricultura e a pós-colheita",Educação privada
2500,4180,0.08588611086143239,"Fabricação de produtos de metal, exceto máquinas e equipamentos",Construção
6480,8692,0.08586583996201207,"Intermediação financeira, seguros e previdência complementar",Saúde privada
0791,2100,0.08579854312472764,"Extração de minério de ferro, inclusive beneficiamentos e a aglomeração",Fabricação de produtos farmoquímicos e farmacêuticos
1992,5100,0.08551724226773534,Fabricação de biocombustíveis,Transporte aéreo
0191,7880,0.08531656117989463,"Agricultura, inclusive o apoio à agricultura e a pós-colheita",Outras atividades administrativas e serviços complementares
0191,8692,0.08531343031345716,"Agricultura, inclusive o apoio à agricultura e a pós-colheita",Saúde privada
2091,5280,0.08520332898378259,"Fabricação de químicos orgânicos e inorgânicos, resinas e elastômeros","Armazenamento, atividades auxiliares dos transportes e correio"
2093,2300,0.085161548960135,"Fabricação de produtos de limpeza, cosméticos/perfumaria e higiene pessoal",Fabricação de produtos de minerais não metálicos
0792,3300,0.0851126986374858,"Extração de minerais metálicos não ferrosos, inclusive beneficiamentos","Manutenção, reparação e instalação de máquinas e equipamentos"
6100,8400,0.08510958703005041,Telecomunicações,"Administração pública, defesa e seguridade social"
5600,8591,0.08502477204123671,Alimentação,Educação pública
1700,6100,0.08481166630692027,"Fabricação de celulose, papel e produtos de papel",Telecomunicações
2093,2992,0.08479030299992657,"Fabricação de produtos de limpeza, cosméticos/perfumaria e higiene pessoal",Fabricação de peças e acessórios para veículos automotores
1700,2800,0.0847776704274879,"Fabricação de celulose, papel e produtos de papel",Fabricação de máquinas e equipamentos mecânicos
2700,5280,0.08475490948894317,Fabricação de máquinas e equipamentos elétricos,"Armazenamento, atividades auxiliares dos transportes e correio"
2093,2500,0.08471374075308137,"Fabricação de produtos de limpeza, cosméticos/perfumaria e higiene pessoal","Fabricação de produtos de metal, exceto máquinas e equipamentos"
1600,5280,0.08470407556314853,Fabricação de produtos da madeira,"Armazenamento, atividades auxiliares dos transportes e correio"
2300,9480,0.0846877683638068,Fabricação de produtos de minerais não metálicos,Organizações associativas e outros serviços pessoais
2200,3000,0.08465791716568226,Fabricação de produtos de borracha e de material plástico,"Fabricação de outros equipamentos de transporte, exceto veículos automotores"
4900,7180,0.08455504674488093,Transporte terrestre,"Serviços de arquitetura, engenharia, testes/análises técnicas e P & D"
0192,2100,0.08455187665923286,"Pecuária, inclusive o apoio à pecuária",Fabricação de produtos farmoquímicos e farmacêuticos
3500,6480,0.08444006767233163,"Energia elétrica, gás natural e outras utilidades","Intermediação financeira, seguros e previdência complementar"
1700,9480,0.08424282592360932,"Fabricação de celulose, papel e produtos de papel",Organizações associativas e outros serviços pessoais
4180,5280,0.08411478021235336,Construção,"Armazenamento, atividades auxiliares dos transportes e correio"
0580,3300,0.08406927841211846,Extração de carvão mineral e de minerais não metálicos,"Manutenção, reparação e instalação de máquinas e equipamentos"
0192,1200,0.08397628486891687,"Pecuária, inclusive o apoio à pecuária",Fabricação de produtos do fumo
1500,2992,0.08397575743882876,Fabricação de calçados e de artefatos de couro,Fabricação de peças e acessórios para veículos automotores
2992,3180,0.08397224209268989,Fabricação de peças e acessórios para veículos automotores,Fabricação de móveis e de produtos de indústrias diversas
2100,4900,0.0838849747115793,Fabricação de produtos farmoquímicos e farmacêuticos,Transporte terrestre
0580,2200,0.08386543696662106,Extração de carvão mineral e de minerais não metálicos,Fabricação de produtos de borracha e de material plástico
5500,8691,0.08358895149763922,Alojamento,Saúde pública
2991,5500,0.0835646552372066,"Fabricação de automóveis, caminhões e ônibus, exceto peças",Alojamento
1991,8692,0.08342725569467711,Refino de petróleo e coquerias,Saúde privada
2300,7700,0.08332187613907598,Fabricação de produtos de minerais não metálicos,Aluguéis não imobiliários e gestão de ativos de propriedade intelectual
6100,8591,0.08314859737833298,Telecomunicações,Educação pública
3300,5100,0.08307346846643615,"Manutenção, reparação e instalação de máquinas e equipamentos",Transporte aéreo
3300,8400,0.08299777625241331,"Manutenção, reparação e instalação de máquinas e equipamentos","Administração pública, defesa e seguridade social"
3000,5280,0.0828987504489529,"Fabricação de outros equipamentos de transporte, exceto veículos automotores","Armazenamento, atividades auxiliares dos transportes e correio"
5980,9080,0.08288559579872964,"Atividades de televisão, rádio, cinema e  gravação/edição de som e imagem","Atividades artísticas, criativas e de espetáculos"
2092,2100,0.0828204455282857,"Fabricação de defensivos, desinfestantes, tintas e químicos diversos",Fabricação de produtos farmoquímicos e farmacêuticos
1600,3300,0.08278995201203636,Fabricação de produtos da madeira,"Manutenção, reparação e instalação de máquinas e equipamentos"
0191,5600,0.08277874597406902,"Agricultura, inclusive o apoio à agricultura e a pós-colheita",Alimentação
2300,6980,0.08271055516275562,Fabricação de produtos de minerais não metálicos,"Atividades jurídicas, contábeis, consultoria e sedes de empresas "
1200,2492,0.08270145737533578,Fabricação de produtos do fumo,Metalurgia de metais não ferosos e a fundição de metais
1091,3500,0.08263198937371943,"Abate e produtos de carne, inclusive os produtos do laticínio e da pesca","Energia elétrica, gás natural e outras utilidades"
2992,5100,0.08251589284191688,Fabricação de peças e acessórios para veículos automotores,Transporte aéreo
4900,6280,0.08250036745748919,Transporte terrestre,Desenvolvimento de sistemas e outros serviços de informação
0580,7700,0.08243943848602941,Extração de carvão mineral e de minerais não metálicos,Aluguéis não imobiliários e gestão de ativos de propriedade intelectual
1991,3500,0.08194807580053465,Refino de petróleo e coquerias,"Energia elétrica, gás natural e outras utilidades"
3500,4180,0.0817666209337578,"Energia elétrica, gás natural e outras utilidades",Construção
1600,8400,0.0817511531847782,Fabricação de produtos da madeira,"Administração pública, defesa e seguridade social"
4580,5500,0.0817384861692892,Comércio por atacado e varejo,Alojamento
1200,8691,0.08173266621051636,Fabricação de produtos do fumo,Saúde pública
1200,1991,0.08172675271084154,Fabricação de produtos do fumo,Refino de petróleo e coquerias
2300,2800,0.08157584571457092,Fabricação de produtos de minerais não metálicos,Fabricação de máquinas e equipamentos mecânicos
2092,5100,0.08157036295853558,"Fabricação de defensivos, desinfestantes, tintas e químicos diversos",Transporte aéreo
2992,7180,0.08156494169168953,Fabricação de peças e acessórios para veículos automotores,"Serviços de arquitetura, engenharia, testes/análises técnicas e P & D"
2492,6100,0.08155398653372736,Metalurgia de metais não ferosos e a fundição de metais,Telecomunicações
1091,4580,0.08149346659866961,"Abate e produtos de carne, inclusive os produtos do laticínio e da pesca",Comércio por atacado e varejo
3500,6100,0.08146171446096938,"Energia elétrica, gás natural e outras utilidades",Telecomunicações
2200,2800,0.08140905808923736,Fabricação de produtos de borracha e de material plástico,Fabricação de máquinas e equipamentos mecânicos
1992,8592,0.08134643851282379,Fabricação de biocombustíveis,Educação privada
1992,6980,0.08127870466907855,Fabricação de biocombustíveis,"Atividades jurídicas, contábeis, consultoria e sedes de empresas "
4180,7700,0.08122848657079809,Construção,Aluguéis não imobiliários e gestão de ativos de propriedade intelectual
1400,1500,0.08115101811157456,Confecção de artefatos do vestuário e acessórios,Fabricação de calçados e de artefatos de couro
8591,9480,0.08108770219363953,Educação pública,Organizações associativas e outros serviços pessoais
0680,1300,0.0810716108136204,"Extração de petróleo e gás, inclusive as atividades de apoio",Fabricação de produtos têxteis
4180,8400,0.08100527363545264,Construção,"Administração pública, defesa e seguridade social"
1600,1991,0.08088804226310346,Fabricação de produtos da madeira,Refino de petróleo e coquerias
1991,2700,0.08086375956820248,Refino de petróleo e coquerias,Fabricação de máquinas e equipamentos elétricos
2200,8692,0.0808518419478207,Fabricação de produtos de borracha e de material plástico,Saúde privada
1992,8400,0.08080119191576758,Fabricação de biocombustíveis,"Administração pública, defesa e seguridade social"
2500,6480,0.08070643704804399,"Fabricação de produtos de metal, exceto máquinas e equipamentos","Intermediação financeira, seguros e previdência complementar"
2092,3180,0.08059584659048001,"Fabricação de defensivos, desinfestantes, tintas e químicos diversos",Fabricação de móveis e de produtos de indústrias diversas
2092,9480,0.08042810258682181,"Fabricação de defensivos, desinfestantes, tintas e químicos diversos",Organizações associativas e outros serviços pessoais
3300,8591,0.08036672219485336,"Manutenção, reparação e instalação de máquinas e equipamentos",Educação pública
0191,8400,0.08017947504504969,"Agricultura, inclusive o apoio à agricultura e a pós-colheita","Administração pública, defesa e seguridade social"
0191,6480,0.08015253644502307,"Agricultura, inclusive o apoio à agricultura e a pós-colheita","Intermediação financeira, seguros e previdência complementar"
1992,8692,0.07991903383846834,Fabricação de biocombustíveis,Saúde privada
0192,8591,0.07981840765187502,"Pecuária, inclusive o apoio à pecuária",Educação pública
0792,2800,0.07979167547437475,"Extração de minerais metálicos não ferrosos, inclusive beneficiamentos",Fabricação de máquinas e equipamentos mecânicos
0192,1300,0.07953050434740053,"Pecuária, inclusive o apoio à pecuária",Fabricação de produtos têxteis
2800,7880,0.07950045918687648,Fabricação de máquinas e equipamentos mecânicos,Outras atividades administrativas e serviços complementares
1600,8692,0.07949945920290148,Fabricação de produtos da madeira,Saúde privada
8592,9480,0.07939126821979096,Educação privada,Organizações associativas e outros serviços pessoais
0791,1400,0.0793357772309809,"Extração de minério de ferro, inclusive beneficiamentos e a aglomeração",Confecção de artefatos do vestuário e acessórios
0791,1092,0.07923052967426483,"Extração de minério de ferro, inclusive beneficiamentos e a aglomeração",Fabricação e refino de açúcar
2492,5100,0.07918962473962306,Metalurgia de metais não ferosos e a fundição de metais,Transporte aéreo
2500,9480,0.0791748339569503,"Fabricação de produtos de metal, exceto máquinas e equipamentos",Organizações associativas e outros serviços pessoais
1991,4180,0.0790001021466508,Refino de petróleo e coquerias,Construção
0792,2500,0.07898200470443646,"Extração de minerais metálicos não ferrosos, inclusive beneficiamentos","Fabricação de produtos de metal, exceto máquinas e equipamentos"
1800,2991,0.07887646328519324,Impressão e reprodução de gravações,"Fabricação de automóveis, caminhões e ônibus, exceto peças"
1700,3180,0.07877580391725474,"Fabricação de celulose, papel e produtos de papel",Fabricação de móveis e de produtos de indústrias diversas
1600,7880,0.07859539443364266,Fabricação de produtos da madeira,Outras atividades administrativas e serviços complementares
6480,9480,0.07855600666543791,"Intermediação financeira, seguros e previdência complementar",Organizações associativas e outros serviços pessoais
2492,6980,0.07853629203838958,Metalurgia de metais não ferosos e a fundição de metais,"Atividades jurídicas, contábeis, consultoria e sedes de empresas "
1400,2091,0.07843161990123948,Confecção de artefatos do vestuário e acessórios,"Fabricação de químicos orgânicos e inorgânicos, resinas e elastômeros"
1200,2300,0.07839922523874462,Fabricação de produtos do fumo,Fabricação de produtos de minerais não metálicos
0191,1400,0.07837098492784736,"Agricultura, inclusive o apoio à agricultura e a pós-colheita",Confecção de artefatos do vestuário e acessórios
5980,8691,0.07830323349116822,"Atividades de televisão, rádio, cinema e  gravação/edição de som e imagem",Saúde pública
1200,7380,0.07829986138537741,Fabricação de produtos do fumo,"Outras atividades profissionais, científicas e técnicas"
5100,8591,0.07813800150141736,Transporte aéreo,Educação pública
1991,3680,0.07802157149556958,Refino de petróleo e coquerias,"Água, esgoto e gestão de resíduos"
5000,5280,0.07796776259779337,Transporte aquaviário,"Armazenamento, atividades auxiliares dos transportes e correio"
5800,7380,0.07793048046043109,Edição e edição integrada à impressão,"Outras atividades profissionais, científicas e técnicas"
3300,6480,0.07776338927809918,"Manutenção, reparação e instalação de máquinas e equipamentos","Intermediação financeira, seguros e previdência complementar"
0792,8691,0.07776196470261888,"Extração de minerais metálicos não ferrosos, inclusive beneficiamentos",Saúde pública
1992,2700,0.07764255390808836,Fabricação de biocombustíveis,Fabricação de máquinas e equipamentos elétricos
6100,9480,0.07759508434107296,Telecomunicações,Organizações associativas e outros serviços pessoais
3300,8592,0.07753298779393004,"Manutenção, reparação e instalação de máquinas e equipamentos",Educação privada
2700,6980,0.07736051089313033,Fabricação de máquinas e equipamentos elétricos,"Atividades jurídicas, contábeis, consultoria e sedes de empresas "
2200,5100,0.07727616461392667,Fabricação de produtos de borracha e de material plástico,Transporte aéreo
2200,7880,0.07726979916820281,Fabricação de produtos de borracha e de material plástico,Outras atividades administrativas e serviços complementares
2092,5600,0.07717200232972397,"Fabricação de defensivos, desinfestantes, tintas e químicos diversos",Alimentação
0192,8592,0.07695786787746178,"Pecuária, inclusive o apoio à pecuária",Educação privada
1700,3000,0.0766158757080518,"Fabricação de celulose, papel e produtos de papel","Fabricação de outros equipamentos de transporte, exceto veículos automotores"
1500,2300,0.07654629091558499,Fabricação de calçados e de artefatos de couro,Fabricação de produtos de minerais não metálicos
2091,8591,0.07640987301273038,"Fabricação de químicos orgânicos e inorgânicos, resinas e elastômeros",Educação pública
2700,7880,0.07635492603608912,Fabricação de máquinas e equipamentos elétricos,Outras atividades administrativas e serviços complementares
2092,2800,0.07626083925888068,"Fabricação de defensivos, desinfestantes, tintas e químicos diversos",Fabricação de máquinas e equipamentos mecânicos
3680,8592,0.07614388931052078,"Água, esgoto e gestão de resíduos",Educação privada
3300,8692,0.07608343568865127,"Manutenção, reparação e instalação de máquinas e equipamentos",Saúde privada
2091,7880,0.07599462635176771,"Fabricação de químicos orgânicos e inorgânicos, resinas e elastômeros",Outras atividades administrativas e serviços complementares
2091,2100,0.0759381943346007,"Fabricação de químicos orgânicos e inorgânicos, resinas e elastômeros",Fabricação de produtos farmoquímicos e farmacêuticos
1700,7380,0.07583579971613733,"Fabricação de celulose, papel e produtos de papel","Outras atividades profissionais, científicas e técnicas"
0680,1092,0.07574081575119229,"Extração de petróleo e gás, inclusive as atividades de apoio",Fabricação e refino de açúcar
2200,8591,0.0756338065324113,Fabricação de produtos de borracha e de material plástico,Educação pública
1600,8591,0.07559792348200302,Fabricação de produtos da madeira,Educação pública
1300,8691,0.07555452549102726,Fabricação de produtos têxteis,Saúde pública
1991,9480,0.07529177383214233,Refino de petróleo e coquerias,Organizações associativas e outros serviços pessoais
3300,6980,0.07511026827824946,"Manutenção, reparação e instalação de máquinas e equipamentos","Atividades jurídicas, contábeis, consultoria e sedes de empresas "
6100,6980,0.07504739733004073,Telecomunicações,"Atividades jurídicas, contábeis, consultoria e sedes de empresas "
1700,5600,0.07481382389814657,"Fabricação de celulose, papel e produtos de papel",Alimentação
1093,2491,0.07475182097314678,Outros produtos alimentares,"Produção de ferro gusa/ferroligas, siderurgia e tubos de aço sem costura"
2092,3000,0.07460634300544795,"Fabricação de defensivos, desinfestantes, tintas e químicos diversos","Fabricação de outros equipamentos de transporte, exceto veículos automotores"
1500,1991,0.07437458709302047,Fabricação de calçados e de artefatos de couro,Refino de petróleo e coquerias
6280,7380,0.07436148625456511,Desenvolvimento de sistemas e outros serviços de informação,"Outras atividades profissionais, científicas e técnicas"
8592,8692,0.07427293337700772,Educação privada,Saúde privada
1200,2992,0.07423216154471149,Fabricação de produtos do fumo,Fabricação de peças e acessórios para veículos automotores
7380,9080,0.07422919126852782,"Outras atividades profissionais, científicas e técnicas","Atividades artísticas, criativas e de espetáculos"
2300,3000,0.07422655807615487,Fabricação de produtos de minerais não metálicos,"Fabricação de outros equipamentos de transporte, exceto veículos automotores"
1093,2200,0.07417959863201569,Outros produtos alimentares,Fabricação de produtos de borracha e de material plástico
0192,8692,0.07417952893393978,"Pecuária, inclusive o apoio à pecuária",Saúde privada
2091,8400,0.07415433824748516,"Fabricação de químicos orgânicos e inorgânicos, resinas e elastômeros","Administração pública, defesa e seguridade social"
2093,5280,0.07414407746594012,"Fabricação de produtos de limpeza, cosméticos/perfumaria e higiene pessoal","Armazenamento, atividades auxiliares dos transportes e correio"
0192,5280,0.0739526085989157,"Pecuária, inclusive o apoio à pecuária","Armazenamento, atividades auxiliares dos transportes e correio"
2992,4180,0.07376733900203489,Fabricação de peças e acessórios para veículos automotores,Construção
2200,8400,0.0736539438603755,Fabricação de produtos de borracha e de material plástico,"Administração pública, defesa e seguridade social"
1991,7880,0.07338957081817503,Refino de petróleo e coquerias,Outras atividades administrativas e serviços complementares
0580,7880,0.07338531193310951,Extração de carvão mineral e de minerais não metálicos,Outras atividades administrativas e serviços complementares
2300,6100,0.07336216539751199,Fabricação de produtos de minerais não metálicos,Telecomunicações
2992,5600,0.07336143830643366,Fabricação de peças e acessórios para veículos automotores,Alimentação
1400,4900,0.07325220274392585,Confecção de artefatos do vestuário e acessórios,Transporte terrestre
2091,3000,0.0731735206625164,"Fabricação de químicos orgânicos e inorgânicos, resinas e elastômeros","Fabricação de outros equipamentos de transporte, exceto veículos automotores"
6980,8692,0.07316545066787496,"Atividades jurídicas, contábeis, consultoria e sedes de empresas ",Saúde privada
6280,8400,0.07313746983225364,Desenvolvimento de sistemas e outros serviços de informação,"Administração pública, defesa e seguridade social"
0191,9480,0.0730858997290283,"Agricultura, inclusive o apoio à agricultura e a pós-colheita",Organizações associativas e outros serviços pessoais
1992,3680,0.07301141818267573,Fabricação de biocombustíveis,"Água, esgoto e gestão de resíduos"
4900,5980,0.07291569268637182,Transporte terrestre,"Atividades de televisão, rádio, cinema e  gravação/edição de som e imagem"
5280,6280,0.07283974603846378,"Armazenamento, atividades auxiliares dos transportes e correio",Desenvolvimento de sistemas e outros serviços de informação
2092,4180,0.07282005989640997,"Fabricação de defensivos, desinfestantes, tintas e químicos diversos",Construção
0192,3300,0.07280596022528375,"Pecuária, inclusive o apoio à pecuária","Manutenção, reparação e instalação de máquinas e equipamentos"
2093,6980,0.0726803176503681,"Fabricação de produtos de limpeza, cosméticos/perfumaria e higiene pessoal","Atividades jurídicas, contábeis, consultoria e sedes de empresas "
2500,5100,0.0725421373293965,"Fabricação de produtos de metal, exceto máquinas e equipamentos",Transporte aéreo
5100,6280,0.07253630808984993,Transporte aéreo,Desenvolvimento de sistemas e outros serviços de informação
0792,5280,0.07244352424567127,"Extração de minerais metálicos não ferrosos, inclusive beneficiamentos","Armazenamento, atividades auxiliares dos transportes e correio"
2093,3680,0.07240313088130201,"Fabricação de produtos de limpeza, cosméticos/perfumaria e higiene pessoal","Água, esgoto e gestão de resíduos"
0791,8000,0.0723051343707584,"Extração de minério de ferro, inclusive beneficiamentos e a aglomeração","Atividades de vigilância, segurança e investigação"
0191,3180,0.07228454236731247,"Agricultura, inclusive o apoio à agricultura e a pós-colheita",Fabricação de móveis e de produtos de indústrias diversas
5100,8400,0.07216896044055925,Transporte aéreo,"Administração pública, defesa e seguridade social"
0791,5500,0.0721289431374979,"Extração de minério de ferro, inclusive beneficiamentos e a aglomeração",Alojamento
2200,4180,0.07160333983019786,Fabricação de produtos de borracha e de material plástico,Construção
0191,1091,0.07156688958074438,"Agricultura, inclusive o apoio à agricultura e a pós-colheita","Abate e produtos de carne, inclusive os produtos do laticínio e da pesca"
1991,3000,0.07155205138949534,Refino de petróleo e coquerias,"Fabricação de outros equipamentos de transporte, exceto veículos automotores"
1200,5280,0.07145194822504464,Fabricação de produtos do fumo,"Armazenamento, atividades auxiliares dos transportes e correio"
0791,1091,0.0714345263526428,"Extração de minério de ferro, inclusive beneficiamentos e a aglomeração","Abate e produtos de carne, inclusive os produtos do laticínio e da pesca"
6980,7880,0.07135776433593094,"Atividades jurídicas, contábeis, consultoria e sedes de empresas ",Outras atividades administrativas e serviços complementares
1091,4900,0.07132065711337039,"Abate e produtos de carne, inclusive os produtos do laticínio e da pesca",Transporte terrestre
1093,8591,0.07099330587254538,Outros produtos alimentares,Educação pública
2800,7180,0.07091440782766611,Fabricação de máquinas e equipamentos mecânicos,"Serviços de arquitetura, engenharia, testes/análises técnicas e P & D"
2700,8400,0.07087224379305128,Fabricação de máquinas e equipamentos elétricos,"Administração pública, defesa e seguridade social"
2092,6100,0.07073195997575957,"Fabricação de defensivos, desinfestantes, tintas e químicos diversos",Telecomunicações
0192,7880,0.07065867384930129,"Pecuária, inclusive o apoio à pecuária",Outras atividades administrativas e serviços complementares
0791,5980,0.07029783436782085,"Extração de minério de ferro, inclusive beneficiamentos e a aglomeração","Atividades de televisão, rádio, cinema e  gravação/edição de som e imagem"
1992,9480,0.07025196896019864,Fabricação de biocombustíveis,Organizações associativas e outros serviços pessoais
2200,8592,0.07023353569582258,Fabricação de produtos de borracha e de material plástico,Educação privada
0191,3680,0.07020782279223632,"Agricultura, inclusive o apoio à agricultura e a pós-colheita","Água, esgoto e gestão de resíduos"
1200,2200,0.07019395512591002,Fabricação de produtos do fumo,Fabricação de produtos de borracha e de material plástico
2500,5600,0.07018889020279814,"Fabricação de produtos de metal, exceto máquinas e equipamentos",Alimentação
6100,6280,0.07018284557233247,Telecomunicações,Desenvolvimento de sistemas e outros serviços de informação
5600,6480,0.0701269363057346,Alimentação,"Intermediação financeira, seguros e previdência complementar"
1992,7180,0.06995390281690073,Fabricação de biocombustíveis,"Serviços de arquitetura, engenharia, testes/análises técnicas e P & D"
0191,7700,0.06991486795837357,"Agricultura, inclusive o apoio à agricultura e a pós-colheita",Aluguéis não imobiliários e gestão de ativos de propriedade intelectual
1991,7180,0.06981763959161959,Refino de petróleo e coquerias,"Serviços de arquitetura, engenharia, testes/análises técnicas e P & D"
2300,3180,0.0697870683695204,Fabricação de produtos de minerais não metálicos,Fabricação de móveis e de produtos de indústrias diversas
2500,6100,0.06978453710734808,"Fabricação de produtos de metal, exceto máquinas e equipamentos",Telecomunicações
1400,2992,0.0696609589227337,Confecção de artefatos do vestuário e acessórios,Fabricação de peças e acessórios para veículos automotores
2300,5600,0.06965875537985419,Fabricação de produtos de minerais não metálicos,Alimentação
1200,6480,0.0696367980557394,Fabricação de produtos do fumo,"Intermediação financeira, seguros e previdência complementar"
0580,5280,0.06963617839298865,Extração de carvão mineral e de minerais não metálicos,"Armazenamento, atividades auxiliares dos transportes e correio"
1600,8592,0.06955601945671926,Fabricação de produtos da madeira,Educação privada
1991,2100,0.06949018971827048,Refino de petróleo e coquerias,Fabricação de produtos farmoquímicos e farmacêuticos
2092,7380,0.06937545449648429,"Fabricação de defensivos, desinfestantes, tintas e químicos diversos","Outras atividades profissionais, científicas e técnicas"
2091,8592,0.06920699643010791,"Fabricação de químicos orgânicos e inorgânicos, resinas e elastômeros",Educação privada
2800,7700,0.06919110119753538,Fabricação de máquinas e equipamentos mecânicos,Aluguéis não imobiliários e gestão de ativos de propriedade intelectual
0680,1400,0.06916738219578857,"Extração de petróleo e gás, inclusive as atividades de apoio",Confecção de artefatos do vestuário e acessórios
1093,2492,0.06900506595050271,Outros produtos alimentares,Metalurgia de metais não ferosos e a fundição de metais
5280,5600,0.06892710739692325,"Armazenamento, atividades auxiliares dos transportes e correio",Alimentação
0191,2800,0.06888680901638111,"Agricultura, inclusive o apoio à agricultura e a pós-colheita",Fabricação de máquinas e equipamentos mecânicos
2800,3000,0.0685363312388796,Fabricação de máquinas e equipamentos mecânicos,"Fabricação de outros equipamentos de transporte, exceto veículos automotores"
7180,8591,0.06845919138554521,"Serviços de arquitetura, engenharia, testes/análises técnicas e P & D",Educação pública
2300,5100,0.06825643093703071,Fabricação de produtos de minerais não metálicos,Transporte aéreo
2500,3180,0.06824507096280959,"Fabricação de produtos de metal, exceto máquinas e equipamentos",Fabricação de móveis e de produtos de indústrias diversas
1992,2800,0.06822390321860036,Fabricação de biocombustíveis,Fabricação de máquinas e equipamentos mecânicos
3300,6100,0.06822240831295048,"Manutenção, reparação e instalação de máquinas e equipamentos",Telecomunicações
2092,7180,0.06818410894484984,"Fabricação de defensivos, desinfestantes, tintas e químicos diversos","Serviços de arquitetura, engenharia, testes/análises técnicas e P & D"
1400,2491,0.06815527997326953,Confecção de artefatos do vestuário e acessórios,"Produção de ferro gusa/ferroligas, siderurgia e tubos de aço sem costura"
2200,7700,0.06809893164947657,Fabricação de produtos de borracha e de material plástico,Aluguéis não imobiliários e gestão de ativos de propriedade intelectual
5980,6980,0.06809346277588268,"Atividades de televisão, rádio, cinema e  gravação/edição de som e imagem","Atividades jurídicas, contábeis, consultoria e sedes de empresas "
4180,6100,0.0680439219947051,Construção,Telecomunicações
1091,8591,0.06798461600264678,"Abate e produtos de carne, inclusive os produtos do laticínio e da pesca",Educação pública
3680,6480,0.06797663131691661,"Água, esgoto e gestão de resíduos","Intermediação financeira, seguros e previdência complementar"
0792,2300,0.0679389779216891,"Extração de minerais metálicos não ferrosos, inclusive beneficiamentos",Fabricação de produtos de minerais não metálicos
5100,7880,0.06789534782482162,Transporte aéreo,Outras atividades administrativas e serviços complementares
0680,2600,0.06777705791634205,"Extração de petróleo e gás, inclusive as atividades de apoio","Fabricação de equipamentos de informática, produtos eletrônicos e ópticos"
1600,7700,0.06775667054883948,Fabricação de produtos da madeira,Aluguéis não imobiliários e gestão de ativos de propriedade intelectual
0192,2700,0.0677328893247568,"Pecuária, inclusive o apoio à pecuária",Fabricação de máquinas e equipamentos elétricos
0191,5100,0.06743395337101318,"Agricultura, inclusive o apoio à agricultura e a pós-colheita",Transporte aéreo
2800,8400,0.06736928393895415,Fabricação de máquinas e equipamentos mecânicos,"Administração pública, defesa e seguridade social"
5600,7880,0.06725955528750022,Alimentação,Outras atividades administrativas e serviços complementares
6100,8692,0.06725155812785749,Telecomunicações,Saúde privada
7380,8400,0.06712719987129645,"Outras atividades profissionais, científicas e técnicas","Administração pública, defesa e seguridade social"
0191,3000,0.06697480353343431,"Agricultura, inclusive o apoio à agricultura e a pós-colheita","Fabricação de outros equipamentos de transporte, exceto veículos automotores"
0792,1700,0.06678283391473817,"Extração de minerais metálicos não ferrosos, inclusive beneficiamentos","Fabricação de celulose, papel e produtos de papel"
2093,7880,0.06661891665962243,"Fabricação de produtos de limpeza, cosméticos/perfumaria e higiene pessoal",Outras atividades administrativas e serviços complementares
2091,2800,0.06654376897202743,"Fabricação de químicos orgânicos e inorgânicos, resinas e elastômeros",Fabricação de máquinas e equipamentos mecânicos
3180,3680,0.06641440224826262,Fabricação de móveis e de produtos de indústrias diversas,"Água, esgoto e gestão de resíduos"
0191,2100,0.06640025610174527,"Agricultura, inclusive o apoio à agricultura e a pós-colheita",Fabricação de produtos farmoquímicos e farmacêuticos
0192,6480,0.06625396576088721,"Pecuária, inclusive o apoio à pecuária","Intermediação financeira, seguros e previdência complementar"
0192,8400,0.06611048749037486,"Pecuária, inclusive o apoio à pecuária","Administração pública, defesa e seguridade social"
1992,2100,0.06610029883245865,Fabricação de biocombustíveis,Fabricação de produtos farmoquímicos e farmacêuticos
5100,5600,0.0660864130348864,Transporte aéreo,Alimentação
1400,2492,0.0659093076600521,Confecção de artefatos do vestuário e acessórios,Metalurgia de metais não ferosos e a fundição de metais
2491,5500,0.06577802546458075,"Produção de ferro gusa/ferroligas, siderurgia e tubos de aço sem costura",Alojamento
6980,8400,0.0657480356232453,"Atividades jurídicas, contábeis, consultoria e sedes de empresas ","Administração pública, defesa e seguridade social"
1500,2093,0.0657131184216716,Fabricação de calçados e de artefatos de couro,"Fabricação de produtos de limpeza, cosméticos/perfumaria e higiene pessoal"
1700,4180,0.06558174972797479,"Fabricação de celulose, papel e produtos de papel",Construção
2100,2491,0.06549904572887881,Fabricação de produtos farmoquímicos e farmacêuticos,"Produção de ferro gusa/ferroligas, siderurgia e tubos de aço sem costura"
2500,6980,0.06536424261060843,"Fabricação de produtos de metal, exceto máquinas e equipamentos","Atividades jurídicas, contábeis, consultoria e sedes de empresas "
1992,6100,0.06535522056806022,Fabricação de biocombustíveis,Telecomunicações
0580,1300,0.0652887894862979,Extração de carvão mineral e de minerais não metálicos,Fabricação de produtos têxteis
1092,2091,0.0651726156004634,Fabricação e refino de açúcar,"Fabricação de químicos orgânicos e inorgânicos, resinas e elastômeros"
2091,6980,0.06512284423217746,"Fabricação de químicos orgânicos e inorgânicos, resinas e elastômeros","Atividades jurídicas, contábeis, consultoria e sedes de empresas "
3300,9480,0.06510173377759419,"Manutenção, reparação e instalação de máquinas e equipamentos",Organizações associativas e outros serviços pessoais
2700,8591,0.06507513579060588,Fabricação de máquinas e equipamentos elétricos,Educação pública
5000,5100,0.06503642040481296,Transporte aquaviário,Transporte aéreo
1093,2300,0.06496962441292614,Outros produtos alimentares,Fabricação de produtos de minerais não metálicos
1500,5980,0.0648496463604895,Fabricação de calçados e de artefatos de couro,"Atividades de televisão, rádio, cinema e  gravação/edição de som e imagem"
1700,7180,0.06484336473400656,"Fabricação de celulose, papel e produtos de papel","Serviços de arquitetura, engenharia, testes/análises técnicas e P & D"
2200,6480,0.06476102895864784,Fabricação de produtos de borracha e de material plástico,"Intermediação financeira, seguros e previdência complementar"
2093,8692,0.06469208011237985,"Fabricação de produtos de limpeza, cosméticos/perfumaria e higiene pessoal",Saúde privada
0580,8592,0.06455435003328282,Extração de carvão mineral e de minerais não metálicos,Educação privada
1300,3180,0.06448333192907477,Fabricação de produtos têxteis,Fabricação de móveis e de produtos de indústrias diversas
2091,9480,0.06440180348254453,"Fabricação de químicos orgânicos e inorgânicos, resinas e elastômeros",Organizações associativas e outros serviços pessoais
2091,6480,0.06436091947421554,"Fabricação de químicos orgânicos e inorgânicos, resinas e elastômeros","Intermediação financeira, seguros e previdência complementar"
0191,6980,0.06432742397149771,"Agricultura, inclusive o apoio à agricultura e a pós-colheita","Atividades jurídicas, contábeis, consultoria e sedes de empresas "
0792,2092,0.06428586024209662,"Extração de minerais metálicos não ferrosos, inclusive beneficiamentos","Fabricação de defensivos, desinfestantes, tintas e químicos diversos"
1500,5280,0.06427781227605134,Fabricação de calçados e de artefatos de couro,"Armazenamento, atividades auxiliares dos transportes e correio"
7700,9480,0.06425611321714596,Aluguéis não imobiliários e gestão de ativos de propriedade intelectual,Organizações associativas e outros serviços pessoais
4580,6800,0.06411565183227666,Comércio por atacado e varejo,Atividades imobiliárias
5600,7380,0.06396819579356759,Alimentação,"Outras atividades profissionais, científicas e técnicas"
0192,9480,0.06393299845657337,"Pecuária, inclusive o apoio à pecuária",Organizações associativas e outros serviços pessoais
1300,2500,0.06384034066404813,Fabricação de produtos têxteis,"Fabricação de produtos de metal, exceto máquinas e equipamentos"
0680,1091,0.06381948084829983,"Extração de petróleo e gás, inclusive as atividades de apoio","Abate e produtos de carne, inclusive os produtos do laticínio e da pesca"
0791,2600,0.06379051147366038,"Extração de minério de ferro, inclusive beneficiamentos e a aglomeração","Fabricação de equipamentos de informática, produtos eletrônicos e ópticos"
3000,8400,0.0637576279156671,"Fabricação de outros equipamentos de transporte, exceto veículos automotores","Administração pública, defesa e seguridade social"
1700,2100,0.06373900904432504,"Fabricação de celulose, papel e produtos de papel",Fabricação de produtos farmoquímicos e farmacêuticos
1200,8000,0.06362029759843808,Fabricação de produtos do fumo,"Atividades de vigilância, segurança e investigação"
2100,5980,0.06360576398542685,Fabricação de produtos farmoquímicos e farmacêuticos,"Atividades de televisão, rádio, cinema e  gravação/edição de som e imagem"
2200,6980,0.0634877848128448,Fabricação de produtos de borracha e de material plástico,"Atividades jurídicas, contábeis, consultoria e sedes de empresas "
0580,1600,0.06345426134376028,Extração de carvão mineral e de minerais não metálicos,Fabricação de produtos da madeira
7380,9480,0.06345385202244701,"Outras atividades profissionais, científicas e técnicas",Organizações associativas e outros serviços pessoais
2091,4180,0.06342632069225584,"Fabricação de químicos orgânicos e inorgânicos, resinas e elastômeros",Construção
1100,9480,0.06341335980389806,Fabricação de bebidas,Organizações associativas e outros serviços pessoais
2700,3000,0.06338489019288196,Fabricação de máquinas e equipamentos elétricos,"Fabricação de outros equipamentos de transporte, exceto veículos automotores"
2700,8692,0.06330860106351162,Fabricação de máquinas e equipamentos elétricos,Saúde privada
5100,6980,0.06325815899276001,Transporte aéreo,"Atividades jurídicas, contábeis, consultoria e sedes de empresas "
1400,2092,0.06318174668427527,Confecção de artefatos do vestuário e acessórios,"Fabricação de defensivos, desinfestantes, tintas e químicos diversos"
5600,7700,0.06314933384978538,Alimentação,Aluguéis não imobiliários e gestão de ativos de propriedade intelectual
1400,1700,0.06312837964628075,Confecção de artefatos do vestuário e acessórios,"Fabricação de celulose, papel e produtos de papel"
2700,6480,0.06308791031872807,Fabricação de máquinas e equipamentos elétricos,"Intermediação financeira, seguros e previdência complementar"
2093,3300,0.06308480386529526,"Fabricação de produtos de limpeza, cosméticos/perfumaria e higiene pessoal","Manutenção, reparação e instalação de máquinas e equipamentos"
3180,3300,0.0630612290518976,Fabricação de móveis e de produtos de indústrias diversas,"Manutenção, reparação e instalação de máquinas e equipamentos"
1600,9480,0.06305875664191055,Fabricação de produtos da madeira,Organizações associativas e outros serviços pessoais
5280,5980,0.06298611932149742,"Armazenamento, atividades auxiliares dos transportes e correio","Atividades de televisão, rádio, cinema e  gravação/edição de som e imagem"
2491,7180,0.06298099924242741,"Produção de ferro gusa/ferroligas, siderurgia e tubos de aço sem costura","Serviços de arquitetura, engenharia, testes/análises técnicas e P & D"
2700,4180,0.06295558719856559,Fabricação de máquinas e equipamentos elétricos,Construção
2992,7380,0.06288517453292408,Fabricação de peças e acessórios para veículos automotores,"Outras atividades profissionais, científicas e técnicas"
0191,0792,0.06286125124089925,"Agricultura, inclusive o apoio à agricultura e a pós-colheita","Extração de minerais metálicos não ferrosos, inclusive beneficiamentos"
1300,1991,0.06285283729955492,Fabricação de produtos têxteis,Refino de petróleo e coquerias
2200,9480,0.06275475446642781,Fabricação de produtos de borracha e de material plástico,Organizações associativas e outros serviços pessoais
7380,8591,0.06274186272403455,"Outras atividades profissionais, científicas e técnicas",Educação pública
2600,4580,0.06272592210593109,"Fabricação de equipamentos de informática, produtos eletrônicos e ópticos",Comércio por atacado e varejo
2800,8591,0.06264317005770398,Fabricação de máquinas e equipamentos mecânicos,Educação pública
3680,4180,0.06260097844229583,"Água, esgoto e gestão de resíduos",Construção
0792,2700,0.06253223129125411,"Extração de minerais metálicos não ferrosos, inclusive beneficiamentos",Fabricação de máquinas e equipamentos elétricos
1600,2700,0.0625071798258643,Fabricação de produtos da madeira,Fabricação de máquinas e equipamentos elétricos
1500,5600,0.06244541659998947,Fabricação de calçados e de artefatos de couro,Alimentação
3300,4180,0.06244442846315183,"Manutenção, reparação e instalação de máquinas e equipamentos",Construção
2091,5600,0.062420019091312284,"Fabricação de químicos orgânicos e inorgânicos, resinas e elastômeros",Alimentação
2091,5100,0.06238189573082503,"Fabricação de químicos orgânicos e inorgânicos, resinas e elastômeros",Transporte aéreo
1500,6480,0.062311918785564656,Fabricação de calçados e de artefatos de couro,"Intermediação financeira, seguros e previdência complementar"
2093,5980,0.0621990300613558,"Fabricação de produtos de limpeza, cosméticos/perfumaria e higiene pessoal","Atividades de televisão, rádio, cinema e  gravação/edição de som e imagem"
2200,5600,0.06216681824742281,Fabricação de produtos de borracha e de material plástico,Alimentação
1500,2500,0.062056625928713145,Fabricação de calçados e de artefatos de couro,"Fabricação de produtos de metal, exceto máquinas e equipamentos"
2100,5280,0.06185399031021061,Fabricação de produtos farmoquímicos e farmacêuticos,"Armazenamento, atividades auxiliares dos transportes e correio"
2991,9080,0.061842763193274336,"Fabricação de automóveis, caminhões e ônibus, exceto peças","Atividades artísticas, criativas e de espetáculos"
2800,6480,0.061835639012544005,Fabricação de máquinas e equipamentos mecânicos,"Intermediação financeira, seguros e previdência complementar"
6480,6800,0.06174875503525952,"Intermediação financeira, seguros e previdência complementar",Atividades imobiliárias
5500,8400,0.0617353980428384,Alojamento,"Administração pública, defesa e seguridade social"
1093,2992,0.061538355761907186,Outros produtos alimentares,Fabricação de peças e acessórios para veículos automotores
6980,9480,0.06131748435839253,"Atividades jurídicas, contábeis, consultoria e sedes de empresas ",Organizações associativas e outros serviços pessoais
2100,3500,0.06129430914771988,Fabricação de produtos farmoquímicos e farmacêuticos,"Energia elétrica, gás natural e outras utilidades"
1700,8000,0.06124518725462187,"Fabricação de celulose, papel e produtos de papel","Atividades de vigilância, segurança e investigação"
0680,5800,0.0612007376861968,"Extração de petróleo e gás, inclusive as atividades de apoio",Edição e edição integrada à impressão
2800,6980,0.06104295722792765,Fabricação de máquinas e equipamentos mecânicos,"Atividades jurídicas, contábeis, consultoria e sedes de empresas "
1600,2800,0.06099033441445352,Fabricação de produtos da madeira,Fabricação de máquinas e equipamentos mecânicos
2491,7380,0.06097740937843457,"Produção de ferro gusa/ferroligas, siderurgia e tubos de aço sem costura","Outras atividades profissionais, científicas e técnicas"
2093,8591,0.060958402180636646,"Fabricação de produtos de limpeza, cosméticos/perfumaria e higiene pessoal",Educação pública
3000,7880,0.06091033153930166,"Fabricação de outros equipamentos de transporte, exceto veículos automotores",Outras atividades administrativas e serviços complementares
2093,6480,0.060888454981996375,"Fabricação de produtos de limpeza, cosméticos/perfumaria e higiene pessoal","Intermediação financeira, seguros e previdência complementar"
1992,3000,0.06080108849362339,Fabricação de biocombustíveis,"Fabricação de outros equipamentos de transporte, exceto veículos automotores"
2491,5000,0.06074019741762542,"Produção de ferro gusa/ferroligas, siderurgia e tubos de aço sem costura",Transporte aquaviário
2093,8400,0.06067934207860854,"Fabricação de produtos de limpeza, cosméticos/perfumaria e higiene pessoal","Administração pública, defesa e seguridade social"
0191,4180,0.060519870307167704,"Agricultura, inclusive o apoio à agricultura e a pós-colheita",Construção
2700,8592,0.060497676900104984,Fabricação de máquinas e equipamentos elétricos,Educação privada
1091,1991,0.06049203905152934,"Abate e produtos de carne, inclusive os produtos do laticínio e da pesca",Refino de petróleo e coquerias
1600,6480,0.060408861669283935,Fabricação de produtos da madeira,"Intermediação financeira, seguros e previdência complementar"
4180,7880,0.06023508232914837,Construção,Outras atividades administrativas e serviços complementares
2700,9480,0.06018688082706466,Fabricação de máquinas e equipamentos elétricos,Organizações associativas e outros serviços pessoais
3300,7180,0.06014229990084679,"Manutenção, reparação e instalação de máquinas e equipamentos","Serviços de arquitetura, engenharia, testes/análises técnicas e P & D"
1300,1600,0.06011594830323889,Fabricação de produtos têxteis,Fabricação de produtos da madeira
4180,8591,0.06011077732463958,Construção,Educação pública
2991,5800,0.06001069507164981,"Fabricação de automóveis, caminhões e ônibus, exceto peças",Edição e edição integrada à impressão
5100,8692,0.059988615578400094,Transporte aéreo,Saúde privada
5600,8592,0.05996562068907953,Alimentação,Educação privada
0792,2091,0.05994574044819462,"Extração de minerais metálicos não ferrosos, inclusive beneficiamentos","Fabricação de químicos orgânicos e inorgânicos, resinas e elastômeros"
1091,2092,0.059934001174697556,"Abate e produtos de carne, inclusive os produtos do laticínio e da pesca","Fabricação de defensivos, desinfestantes, tintas e químicos diversos"
0580,6980,0.0597697843267442,Extração de carvão mineral e de minerais não metálicos,"Atividades jurídicas, contábeis, consultoria e sedes de empresas "
3500,5500,0.059684962430709046,"Energia elétrica, gás natural e outras utilidades",Alojamento
1092,2991,0.05961244534650385,Fabricação e refino de açúcar,"Fabricação de automóveis, caminhões e ônibus, exceto peças"
0680,8000,0.05960862867599629,"Extração de petróleo e gás, inclusive as atividades de apoio","Atividades de vigilância, segurança e investigação"
1400,8691,0.05950758385548961,Confecção de artefatos do vestuário e acessórios,Saúde pública
4580,5000,0.05945596838305269,Comércio por atacado e varejo,Transporte aquaviário
3180,5280,0.05943286017840804,Fabricação de móveis e de produtos de indústrias diversas,"Armazenamento, atividades auxiliares dos transportes e correio"
2600,2700,0.0593860070248579,"Fabricação de equipamentos de informática, produtos eletrônicos e ópticos",Fabricação de máquinas e equipamentos elétricos
7380,7700,0.05931955592844379,"Outras atividades profissionais, científicas e técnicas",Aluguéis não imobiliários e gestão de ativos de propriedade intelectual
0580,2800,0.05918520022283608,Extração de carvão mineral e de minerais não metálicos,Fabricação de máquinas e equipamentos mecânicos
1093,1500,0.05913773122895092,Outros produtos alimentares,Fabricação de calçados e de artefatos de couro
1093,1200,0.059124003564677736,Outros produtos alimentares,Fabricação de produtos do fumo
1991,7380,0.05897531397764394,Refino de petróleo e coquerias,"Outras atividades profissionais, científicas e técnicas"
0580,8591,0.058873067454727375,Extração de carvão mineral e de minerais não metálicos,Educação pública
1091,1700,0.058863400753550156,"Abate e produtos de carne, inclusive os produtos do laticínio e da pesca","Fabricação de celulose, papel e produtos de papel"
2800,8692,0.058812172604497885,Fabricação de máquinas e equipamentos mecânicos,Saúde privada
0580,6480,0.058810021562613043,Extração de carvão mineral e de minerais não metálicos,"Intermediação financeira, seguros e previdência complementar"
2700,6100,0.058768738621132244,Fabricação de máquinas e equipamentos elétricos,Telecomunicações
3000,6480,0.0587447114343762,"Fabricação de outros equipamentos de transporte, exceto veículos automotores","Intermediação financeira, seguros e previdência complementar"
1991,3180,0.05871749187537236,Refino de petróleo e coquerias,Fabricação de móveis e de produtos de indústrias diversas
1600,3000,0.05869245639734401,Fabricação de produtos da madeira,"Fabricação de outros equipamentos de transporte, exceto veículos automotores"
1992,3180,0.05844100364231787,Fabricação de biocombustíveis,Fabricação de móveis e de produtos de indústrias diversas
1200,2500,0.05835109274707223,Fabricação de produtos do fumo,"Fabricação de produtos de metal, exceto máquinas e equipamentos"
3300,7380,0.05835009634834587,"Manutenção, reparação e instalação de máquinas e equipamentos","Outras atividades profissionais, científicas e técnicas"
2100,2492,0.05833181502928204,Fabricação de produtos farmoquímicos e farmacêuticos,Metalurgia de metais não ferosos e a fundição de metais
1091,2491,0.058295045211813,"Abate e produtos de carne, inclusive os produtos do laticínio e da pesca","Produção de ferro gusa/ferroligas, siderurgia e tubos de aço sem costura"
0580,2700,0.058285280600861945,Extração de carvão mineral e de minerais não metálicos,Fabricação de máquinas e equipamentos elétricos
0792,3680,0.05824823096875831,"Extração de minerais metálicos não ferrosos, inclusive beneficiamentos","Água, esgoto e gestão de resíduos"
1200,8592,0.058208244403128453,Fabricação de produtos do fumo,Educação privada
5100,7380,0.05811360253724916,Transporte aéreo,"Outras atividades profissionais, científicas e técnicas"
0792,1992,0.058051663542848526,"Extração de minerais metálicos não ferrosos, inclusive beneficiamentos",Fabricação de biocombustíveis
0680,5500,0.0577650738475828,"Extração de petróleo e gás, inclusive as atividades de apoio",Alojamento
3300,5600,0.05773669619249922,"Manutenção, reparação e instalação de máquinas e equipamentos",Alimentação
3000,8591,0.05770161014626884,"Fabricação de outros equipamentos de transporte, exceto veículos automotores",Educação pública
3000,8592,0.0576743663341393,"Fabricação de outros equipamentos de transporte, exceto veículos automotores",Educação privada
1400,2200,0.05763831443144394,Confecção de artefatos do vestuário e acessórios,Fabricação de produtos de borracha e de material plástico
1600,2093,0.05761301461068789,Fabricação de produtos da madeira,"Fabricação de produtos de limpeza, cosméticos/perfumaria e higiene pessoal"
2500,7380,0.05754514177886342,"Fabricação de produtos de metal, exceto máquinas e equipamentos","Outras atividades profissionais, científicas e técnicas"
0580,4180,0.0574542757653225,Extração de carvão mineral e de minerais não metálicos,Construção
4580,7180,0.05743551977311719,Comércio por atacado e varejo,"Serviços de arquitetura, engenharia, testes/análises técnicas e P & D"
2800,8592,0.057399707893049136,Fabricação de máquinas e equipamentos mecânicos,Educação privada
0191,6100,0.057378559417306595,"Agricultura, inclusive o apoio à agricultura e a pós-colheita",Telecomunicações
0580,8400,0.05726695842335575,Extração de carvão mineral e de minerais não metálicos,"Administração pública, defesa e seguridade social"
1200,2093,0.05724186892908463,Fabricação de produtos do fumo,"Fabricação de produtos de limpeza, cosméticos/perfumaria e higiene pessoal"
2100,7180,0.057215939099494524,Fabricação de produtos farmoquímicos e farmacêuticos,"Serviços de arquitetura, engenharia, testes/análises técnicas e P & D"
4180,6480,0.05711556090936521,Construção,"Intermediação financeira, seguros e previdência complementar"
1092,5600,0.05710901414964474,Fabricação e refino de açúcar,Alimentação
2093,5600,0.057089002840714546,"Fabricação de produtos de limpeza, cosméticos/perfumaria e higiene pessoal",Alimentação
6280,7880,0.05707517936913265,Desenvolvimento de sistemas e outros serviços de informação,Outras atividades administrativas e serviços complementares
1500,3300,0.057059773737660816,Fabricação de calçados e de artefatos de couro,"Manutenção, reparação e instalação de máquinas e equipamentos"
6280,8591,0.057011190541700625,Desenvolvimento de sistemas e outros serviços de informação,Educação pública
1700,1800,0.056935734671679894,"Fabricação de celulose, papel e produtos de papel",Impressão e reprodução de gravações
1400,2300,0.05691165029674852,Confecção de artefatos do vestuário e acessórios,Fabricação de produtos de minerais não metálicos
1500,8591,0.05675534305004212,Fabricação de calçados e de artefatos de couro,Educação pública
1500,8592,0.05665196659361528,Fabricação de calçados e de artefatos de couro,Educação privada
2093,8592,0.05662693551187915,"Fabricação de produtos de limpeza, cosméticos/perfumaria e higiene pessoal",Educação privada
0192,1092,0.05637050119406485,"Pecuária, inclusive o apoio à pecuária",Fabricação e refino de açúcar
1992,4180,0.05622625558720183,Fabricação de biocombustíveis,Construção
2091,7700,0.056147274603871346,"Fabricação de químicos orgânicos e inorgânicos, resinas e elastômeros",Aluguéis não imobiliários e gestão de ativos de propriedade intelectual
7180,8400,0.056136950830778326,"Serviços de arquitetura, engenharia, testes/análises técnicas e P & D","Administração pública, defesa e seguridade social"
1400,1992,0.05612628453929844,Confecção de artefatos do vestuário e acessórios,Fabricação de biocombustíveis
1200,7880,0.05604476344302638,Fabricação de produtos do fumo,Outras atividades administrativas e serviços complementares
1500,7880,0.05601777861862207,Fabricação de calçados e de artefatos de couro,Outras atividades administrativas e serviços complementares
1091,2091,0.0560133138278426,"Abate e produtos de carne, inclusive os produtos do laticínio e da pesca","Fabricação de químicos orgânicos e inorgânicos, resinas e elastômeros"
2492,7180,0.0559283935988272,Metalurgia de metais não ferosos e a fundição de metais,"Serviços de arquitetura, engenharia, testes/análises técnicas e P & D"
0680,1800,0.055918724248214244,"Extração de petróleo e gás, inclusive as atividades de apoio",Impressão e reprodução de gravações
2700,7380,0.05575447640619529,Fabricação de máquinas e equipamentos elétricos,"Outras atividades profissionais, científicas e técnicas"
0192,2800,0.05560928696798964,"Pecuária, inclusive o apoio à pecuária",Fabricação de máquinas e equipamentos mecânicos
2700,7700,0.05555537654727748,Fabricação de máquinas e equipamentos elétricos,Aluguéis não imobiliários e gestão de ativos de propriedade intelectual
6280,8592,0.05545027895458358,Desenvolvimento de sistemas e outros serviços de informação,Educação privada
1200,8591,0.05531142432703488,Fabricação de produtos do fumo,Educação pública
2600,6280,0.055262102136251344,"Fabricação de equipamentos de informática, produtos eletrônicos e ópticos",Desenvolvimento de sistemas e outros serviços de informação
4180,8592,0.05523084496713225,Construção,Educação privada
1992,7380,0.0551931454038018,Fabricação de biocombustíveis,"Outras atividades profissionais, científicas e técnicas"
2992,8000,0.05500516987061875,Fabricação de peças e acessórios para veículos automotores,"Atividades de vigilância, segurança e investigação"
1200,1600,0.05492189547264249,Fabricação de produtos do fumo,Fabricação de produtos da madeira
1091,2492,0.05485865342766992,"Abate e produtos de carne, inclusive os produtos do laticínio e da pesca",Metalurgia de metais não ferosos e a fundição de metais
0580,3680,0.05485244201027428,Extração de carvão mineral e de minerais não metálicos,"Água, esgoto e gestão de resíduos"
2300,7180,0.054852182476641836,Fabricação de produtos de minerais não metálicos,"Serviços de arquitetura, engenharia, testes/análises técnicas e P & D"
0791,1800,0.05482567523496225,"Extração de minério de ferro, inclusive beneficiamentos e a aglomeração",Impressão e reprodução de gravações
7700,7880,0.0548035373073017,Aluguéis não imobiliários e gestão de ativos de propriedade intelectual,Outras atividades administrativas e serviços complementares
1093,8692,0.054769251741128275,Outros produtos alimentares,Saúde privada
0192,0280,0.054751891732030884,"Pecuária, inclusive o apoio à pecuária",Produção florestal; pesca e aquicultura
1800,5800,0.05469938796909208,Impressão e reprodução de gravações,Edição e edição integrada à impressão
2492,5500,0.05469734661894315,Metalurgia de metais não ferosos e a fundição de metais,Alojamento
0580,2093,0.0546216634021806,Extração de carvão mineral e de minerais não metálicos,"Fabricação de produtos de limpeza, cosméticos/perfumaria e higiene pessoal"
3000,8692,0.054528038575513874,"Fabricação de outros equipamentos de transporte, exceto veículos automotores",Saúde privada
1100,8692,0.05452002932903927,Fabricação de bebidas,Saúde privada
1300,2093,0.054370311421715424,Fabricação de produtos têxteis,"Fabricação de produtos de limpeza, cosméticos/perfumaria e higiene pessoal"
1200,5980,0.05427547078514614,Fabricação de produtos do fumo,"Atividades de televisão, rádio, cinema e  gravação/edição de som e imagem"
1100,2991,0.05425016577235768,Fabricação de bebidas,"Fabricação de automóveis, caminhões e ônibus, exceto peças"
3000,5100,0.054217452597145784,"Fabricação de outros equipamentos de transporte, exceto veículos automotores",Transporte aéreo
1092,5100,0.05420850550373479,Fabricação e refino de açúcar,Transporte aéreo
0580,8692,0.05416914036045459,Extração de carvão mineral e de minerais não metálicos,Saúde privada
1500,1600,0.0541589234094579,Fabricação de calçados e de artefatos de couro,Fabricação de produtos da madeira
2093,2700,0.05409882970910312,"Fabricação de produtos de limpeza, cosméticos/perfumaria e higiene pessoal",Fabricação de máquinas e equipamentos elétricos
6280,6980,0.05407543790733831,Desenvolvimento de sistemas e outros serviços de informação,"Atividades jurídicas, contábeis, consultoria e sedes de empresas "
1200,8400,0.05402294746488496,Fabricação de produtos do fumo,"Administração pública, defesa e seguridade social"
1200,1300,0.053890513599209496,Fabricação de produtos do fumo,Fabricação de produtos têxteis
3180,8591,0.05375696331408126,Fabricação de móveis e de produtos de indústrias diversas,Educação pública
2100,2992,0.05374512928876016,Fabricação de produtos farmoquímicos e farmacêuticos,Fabricação de peças e acessórios para veículos automotores
2093,9480,0.05360498314759249,"Fabricação de produtos de limpeza, cosméticos/perfumaria e higiene pessoal",Organizações associativas e outros serviços pessoais
6980,8591,0.05343355427814391,"Atividades jurídicas, contábeis, consultoria e sedes de empresas ",Educação pública
2800,5100,0.0533680392892543,Fabricação de máquinas e equipamentos mecânicos,Transporte aéreo
0580,5100,0.05333313294063893,Extração de carvão mineral e de minerais não metálicos,Transporte aéreo
5500,8592,0.05332812822225347,Alojamento,Educação privada
2100,2200,0.053254375916950175,Fabricação de produtos farmoquímicos e farmacêuticos,Fabricação de produtos de borracha e de material plástico
5800,7700,0.05322937668710294,Edição e edição integrada à impressão,Aluguéis não imobiliários e gestão de ativos de propriedade intelectual
1093,5280,0.053205273776952736,Outros produtos alimentares,"Armazenamento, atividades auxiliares dos transportes e correio"
9080,9480,0.05303052817534784,"Atividades artísticas, criativas e de espetáculos",Organizações associativas e outros serviços pessoais
4900,5500,0.053009705218346526,Transporte terrestre,Alojamento
4180,5100,0.053000174198117624,Construção,Transporte aéreo
1500,8400,0.05287898123082306,Fabricação de calçados e de artefatos de couro,"Administração pública, defesa e seguridade social"
1300,3300,0.052805279959210034,Fabricação de produtos têxteis,"Manutenção, reparação e instalação de máquinas e equipamentos"
1700,5980,0.052752370097144105,"Fabricação de celulose, papel e produtos de papel","Atividades de televisão, rádio, cinema e  gravação/edição de som e imagem"
2200,6100,0.05274905239572668,Fabricação de produtos de borracha e de material plástico,Telecomunicações
2491,6280,0.052673903337515836,"Produção de ferro gusa/ferroligas, siderurgia e tubos de aço sem costura",Desenvolvimento de sistemas e outros serviços de informação
1500,6100,0.05264824232081052,Fabricação de calçados e de artefatos de couro,Telecomunicações
1200,3300,0.052575059215398894,Fabricação de produtos do fumo,"Manutenção, reparação e instalação de máquinas e equipamentos"
1300,5280,0.05249266518190197,Fabricação de produtos têxteis,"Armazenamento, atividades auxiliares dos transportes e correio"
0792,2200,0.05232470847923192,"Extração de minerais metálicos não ferrosos, inclusive beneficiamentos",Fabricação de produtos de borracha e de material plástico
2800,9480,0.05229927740330978,Fabricação de máquinas e equipamentos mecânicos,Organizações associativas e outros serviços pessoais
1400,3180,0.052293919444381394,Confecção de artefatos do vestuário e acessórios,Fabricação de móveis e de produtos de indústrias diversas
2600,8691,0.05227433741588206,"Fabricação de equipamentos de informática, produtos eletrônicos e ópticos",Saúde pública
0580,1093,0.052250729209913714,Extração de carvão mineral e de minerais não metálicos,Outros produtos alimentares
1300,7880,0.052125531969502197,Fabricação de produtos têxteis,Outras atividades administrativas e serviços complementares
1093,2500,0.052056092452873515,Outros produtos alimentares,"Fabricação de produtos de metal, exceto máquinas e equipamentos"
2100,6480,0.05203265025078013,Fabricação de produtos farmoquímicos e farmacêuticos,"Intermediação financeira, seguros e previdência complementar"
5800,6480,0.05200417661302404,Edição e edição integrada à impressão,"Intermediação financeira, seguros e previdência complementar"
1800,7380,0.05199343979808086,Impressão e reprodução de gravações,"Outras atividades profissionais, científicas e técnicas"
3180,7700,0.05198361945329182,Fabricação de móveis e de produtos de indústrias diversas,Aluguéis não imobiliários e gestão de ativos de propriedade intelectual
0192,7700,0.05195902447234392,"Pecuária, inclusive o apoio à pecuária",Aluguéis não imobiliários e gestão de ativos de propriedade intelectual
0792,8592,0.051920317689834475,"Extração de minerais metálicos não ferrosos, inclusive beneficiamentos",Educação privada
3000,6100,0.05189764571913274,"Fabricação de outros equipamentos de transporte, exceto veículos automotores",Telecomunicações
2800,6100,0.051889915102307047,Fabricação de máquinas e equipamentos mecânicos,Telecomunicações
0792,5100,0.051809077567901214,"Extração de minerais metálicos não ferrosos, inclusive beneficiamentos",Transporte aéreo
2500,7180,0.05179458696201088,"Fabricação de produtos de metal, exceto máquinas e equipamentos","Serviços de arquitetura, engenharia, testes/análises técnicas e P & D"
0192,3000,0.051714869986875814,"Pecuária, inclusive o apoio à pecuária","Fabricação de outros equipamentos de transporte, exceto veículos automotores"
1500,8692,0.05171303660527629,Fabricação de calçados e de artefatos de couro,Saúde privada
1500,7700,0.0516930068649151,Fabricação de calçados e de artefatos de couro,Aluguéis não imobiliários e gestão de ativos de propriedade intelectual
6980,7700,0.05164719457887754,"Atividades jurídicas, contábeis, consultoria e sedes de empresas ",Aluguéis não imobiliários e gestão de ativos de propriedade intelectual
0192,3180,0.051342056407233785,"Pecuária, inclusive o apoio à pecuária",Fabricação de móveis e de produtos de indústrias diversas
2600,5280,0.051299675831956104,"Fabricação de equipamentos de informática, produtos eletrônicos e ópticos","Armazenamento, atividades auxiliares dos transportes e correio"
1300,8591,0.05120848932163607,Fabricação de produtos têxteis,Educação pública
2200,7180,0.05108646186153416,Fabricação de produtos de borracha e de material plástico,"Serviços de arquitetura, engenharia, testes/análises técnicas e P & D"
0792,7880,0.05106005328466033,"Extração de minerais metálicos não ferrosos, inclusive beneficiamentos",Outras atividades administrativas e serviços complementares
2300,7380,0.050809685810574934,Fabricação de produtos de minerais não metálicos,"Outras atividades profissionais, científicas e técnicas"
2100,7880,0.05080389701924426,Fabricação de produtos farmoquímicos e farmacêuticos,Outras atividades administrativas e serviços complementares
1600,5600,0.050622997122395076,Fabricação de produtos da madeira,Alimentação
0192,7380,0.05061659371242192,"Pecuária, inclusive o apoio à pecuária","Outras atividades profissionais, científicas e técnicas"
7380,8692,0.05049189796143219,"Outras atividades profissionais, científicas e técnicas",Saúde privada
3300,8000,0.05049118242748381,"Manutenção, reparação e instalação de máquinas e equipamentos","Atividades de vigilância, segurança e investigação"
0192,6100,0.050466809350020986,"Pecuária, inclusive o apoio à pecuária",Telecomunicações
3180,8400,0.05044843175948477,Fabricação de móveis e de produtos de indústrias diversas,"Administração pública, defesa e seguridade social"
3300,5000,0.05041040310809779,"Manutenção, reparação e instalação de máquinas e equipamentos",Transporte aquaviário
2300,8000,0.050397997919265976,Fabricação de produtos de minerais não metálicos,"Atividades de vigilância, segurança e investigação"
7380,7880,0.05032082747361135,"Outras atividades profissionais, científicas e técnicas",Outras atividades administrativas e serviços complementares
2800,4180,0.05027536563824126,Fabricação de máquinas e equipamentos mecânicos,Construção
0192,0792,0.05019754992839699,"Pecuária, inclusive o apoio à pecuária","Extração de minerais metálicos não ferrosos, inclusive beneficiamentos"
1093,1600,0.05019238262173461,Outros produtos alimentares,Fabricação de produtos da madeira
1800,4900,0.050153131275966996,Impressão e reprodução de gravações,Transporte terrestre
1300,2700,0.05014694503134671,Fabricação de produtos têxteis,Fabricação de máquinas e equipamentos elétricos
1600,5100,0.05011634706340811,Fabricação de produtos da madeira,Transporte aéreo
1600,4180,0.05007723406274666,Fabricação de produtos da madeira,Construção
3180,7880,0.0500591807715647,Fabricação de móveis e de produtos de indústrias diversas,Outras atividades administrativas e serviços complementares
0192,6980,0.04997507031107613,"Pecuária, inclusive o apoio à pecuária","Atividades jurídicas, contábeis, consultoria e sedes de empresas "
5100,8000,0.04997233579474691,Transporte aéreo,"Atividades de vigilância, segurança e investigação"
2600,4900,0.049781710343369964,"Fabricação de equipamentos de informática, produtos eletrônicos e ópticos",Transporte terrestre
5500,5600,0.0497137747987594,Alojamento,Alimentação
2093,7180,0.049692680652780506,"Fabricação de produtos de limpeza, cosméticos/perfumaria e higiene pessoal","Serviços de arquitetura, engenharia, testes/análises técnicas e P & D"
1091,8692,0.04962790778119303,"Abate e produtos de carne, inclusive os produtos do laticínio e da pesca",Saúde privada
2100,2300,0.049568153519907385,Fabricação de produtos farmoquímicos e farmacêuticos,Fabricação de produtos de minerais não metálicos
1200,7180,0.049515576957632354,Fabricação de produtos do fumo,"Serviços de arquitetura, engenharia, testes/análises técnicas e P & D"
1600,6100,0.049491526359333154,Fabricação de produtos da madeira,Telecomunicações
1300,8592,0.049484844746235435,Fabricação de produtos têxteis,Educação privada
0580,1500,0.049483553270992596,Extração de carvão mineral e de minerais não metálicos,Fabricação de calçados e de artefatos de couro
3000,7380,0.04936853020950369,"Fabricação de outros equipamentos de transporte, exceto veículos automotores","Outras atividades profissionais, científicas e técnicas"
1300,8692,0.04927897648039886,Fabricação de produtos têxteis,Saúde privada
5500,6480,0.04926016275859559,Alojamento,"Intermediação financeira, seguros e previdência complementar"
3680,6980,0.04924780507405106,"Água, esgoto e gestão de resíduos","Atividades jurídicas, contábeis, consultoria e sedes de empresas "
1091,2300,0.04915509913811585,"Abate e produtos de carne, inclusive os produtos do laticínio e da pesca",Fabricação de produtos de minerais não metálicos
1300,9480,0.04911091942643576,Fabricação de produtos têxteis,Organizações associativas e outros serviços pessoais
0792,8400,0.0490999153072472,"Extração de minerais metálicos não ferrosos, inclusive beneficiamentos","Administração pública, defesa e seguridade social"
0192,1400,0.04908739110603084,"Pecuária, inclusive o apoio à pecuária",Confecção de artefatos do vestuário e acessórios
0580,9480,0.049056526592602075,Extração de carvão mineral e de minerais não metálicos,Organizações associativas e outros serviços pessoais
5600,6980,0.049039741021123656,Alimentação,"Atividades jurídicas, contábeis, consultoria e sedes de empresas "
0192,5100,0.04898932345621454,"Pecuária, inclusive o apoio à pecuária",Transporte aéreo
3500,6980,0.04876285942593199,"Energia elétrica, gás natural e outras utilidades","Atividades jurídicas, contábeis, consultoria e sedes de empresas "
2092,5980,0.04868834267388247,"Fabricação de defensivos, desinfestantes, tintas e químicos diversos","Atividades de televisão, rádio, cinema e  gravação/edição de som e imagem"
5280,5500,0.0486697660943413,"Armazenamento, atividades auxiliares dos transportes e correio",Alojamento
5980,7700,0.04862367855778861,"Atividades de televisão, rádio, cinema e  gravação/edição de som e imagem",Aluguéis não imobiliários e gestão de ativos de propriedade intelectual
2991,6800,0.04861919096417965,"Fabricação de automóveis, caminhões e ônibus, exceto peças",Atividades imobiliárias
5600,6100,0.048606576628127104,Alimentação,Telecomunicações
0580,1200,0.04858989760316169,Extração de carvão mineral e de minerais não metálicos,Fabricação de produtos do fumo
1600,6980,0.04854387493813191,Fabricação de produtos da madeira,"Atividades jurídicas, contábeis, consultoria e sedes de empresas "
1093,9480,0.04841028450816765,Outros produtos alimentares,Organizações associativas e outros serviços pessoais
1500,2700,0.04840860869933751,Fabricação de calçados e de artefatos de couro,Fabricação de máquinas e equipamentos elétricos
1200,1500,0.048177021196675066,Fabricação de produtos do fumo,Fabricação de calçados e de artefatos de couro
6280,9480,0.04816742576347642,Desenvolvimento de sistemas e outros serviços de informação,Organizações associativas e outros serviços pessoais
1091,2200,0.04809551901789451,"Abate e produtos de carne, inclusive os produtos do laticínio e da pesca",Fabricação de produtos de borracha e de material plástico
2600,8591,0.04806593099443028,"Fabricação de equipamentos de informática, produtos eletrônicos e ópticos",Educação pública
4580,5800,0.048045031076400846,Comércio por atacado e varejo,Edição e edição integrada à impressão
1500,3180,0.04803792738716729,Fabricação de calçados e de artefatos de couro,Fabricação de móveis e de produtos de indústrias diversas
2700,3180,0.047936418513413986,Fabricação de máquinas e equipamentos elétricos,Fabricação de móveis e de produtos de indústrias diversas
1991,6280,0.04791913516180143,Refino de petróleo e coquerias,Desenvolvimento de sistemas e outros serviços de informação
2492,7380,0.04791080775579871,Metalurgia de metais não ferosos e a fundição de metais,"Outras atividades profissionais, científicas e técnicas"
2093,7700,0.047898022647941414,"Fabricação de produtos de limpeza, cosméticos/perfumaria e higiene pessoal",Aluguéis não imobiliários e gestão de ativos de propriedade intelectual
0192,4180,0.04785153603331223,"Pecuária, inclusive o apoio à pecuária",Construção
1092,2100,0.04782808238527747,Fabricação e refino de açúcar,Fabricação de produtos farmoquímicos e farmacêuticos
5980,8400,0.04777690387643829,"Atividades de televisão, rádio, cinema e  gravação/edição de som e imagem","Administração pública, defesa e seguridade social"
2093,6100,0.047762556637537285,"Fabricação de produtos de limpeza, cosméticos/perfumaria e higiene pessoal",Telecomunicações
2700,5100,0.04768410608410766,Fabricação de máquinas e equipamentos elétricos,Transporte aéreo
2100,8592,0.047680715740835586,Fabricação de produtos farmoquímicos e farmacêuticos,Educação privada
1091,2992,0.04766484407041163,"Abate e produtos de carne, inclusive os produtos do laticínio e da pesca",Fabricação de peças e acessórios para veículos automotores
0191,7180,0.04765644632319209,"Agricultura, inclusive o apoio à agricultura e a pós-colheita","Serviços de arquitetura, engenharia, testes/análises técnicas e P & D"
1400,1991,0.04755759017458194,Confecção de artefatos do vestuário e acessórios,Refino de petróleo e coquerias
2091,6100,0.04755040711707267,"Fabricação de químicos orgânicos e inorgânicos, resinas e elastômeros",Telecomunicações
2100,8591,0.04751868823001931,Fabricação de produtos farmoquímicos e farmacêuticos,Educação pública
1500,3680,0.047419915088668156,Fabricação de calçados e de artefatos de couro,"Água, esgoto e gestão de resíduos"
0792,8591,0.047408645206870534,"Extração de minerais metálicos não ferrosos, inclusive beneficiamentos",Educação pública
1093,8400,0.047339544287312886,Outros produtos alimentares,"Administração pública, defesa e seguridade social"
3000,9480,0.047234726299954156,"Fabricação de outros equipamentos de transporte, exceto veículos automotores",Organizações associativas e outros serviços pessoais
0580,6100,0.047194373014326156,Extração de carvão mineral e de minerais não metálicos,Telecomunicações
1500,9480,0.046967156331582424,Fabricação de calçados e de artefatos de couro,Organizações associativas e outros serviços pessoais
1400,5280,0.04688517023496197,Confecção de artefatos do vestuário e acessórios,"Armazenamento, atividades auxiliares dos transportes e correio"
5000,8691,0.04685364954742711,Transporte aquaviário,Saúde pública
2992,5500,0.046785384226979726,Fabricação de peças e acessórios para veículos automotores,Alojamento
2600,7380,0.046690915604480174,"Fabricação de equipamentos de informática, produtos eletrônicos e ópticos","Outras atividades profissionais, científicas e técnicas"
1500,6980,0.04661349711599452,Fabricação de calçados e de artefatos de couro,"Atividades jurídicas, contábeis, consultoria e sedes de empresas "
1400,6480,0.04659269852810858,Confecção de artefatos do vestuário e acessórios,"Intermediação financeira, seguros e previdência complementar"
2800,7380,0.046534488529433156,Fabricação de máquinas e equipamentos mecânicos,"Outras atividades profissionais, científicas e técnicas"
1800,2200,0.04649653612399909,Impressão e reprodução de gravações,Fabricação de produtos de borracha e de material plástico
2093,5100,0.04648382692083106,"Fabricação de produtos de limpeza, cosméticos/perfumaria e higiene pessoal",Transporte aéreo
1800,2092,0.04645078182216649,Impressão e reprodução de gravações,"Fabricação de defensivos, desinfestantes, tintas e químicos diversos"
1700,6280,0.046425845670832216,"Fabricação de celulose, papel e produtos de papel",Desenvolvimento de sistemas e outros serviços de informação
1200,2700,0.04640370441812684,Fabricação de produtos do fumo,Fabricação de máquinas e equipamentos elétricos
1093,7700,0.046316547252920205,Outros produtos alimentares,Aluguéis não imobiliários e gestão de ativos de propriedade intelectual
1093,3300,0.04629181660076061,Outros produtos alimentares,"Manutenção, reparação e instalação de máquinas e equipamentos"
1093,8592,0.04622213344539023,Outros produtos alimentares,Educação privada
1200,6100,0.04614338189174591,Fabricação de produtos do fumo,Telecomunicações
2093,2800,0.04612451659928468,"Fabricação de produtos de limpeza, cosméticos/perfumaria e higiene pessoal",Fabricação de máquinas e equipamentos mecânicos
0792,6480,0.04606430149638984,"Extração de minerais metálicos não ferrosos, inclusive beneficiamentos","Intermediação financeira, seguros e previdência complementar"
1200,8692,0.0460406259645344,Fabricação de produtos do fumo,Saúde privada
1800,3300,0.04599766535608602,Impressão e reprodução de gravações,"Manutenção, reparação e instalação de máquinas e equipamentos"
0580,3000,0.04597528245482846,Extração de carvão mineral e de minerais não metálicos,"Fabricação de outros equipamentos de transporte, exceto veículos automotores"
3000,6980,0.04597432920128475,"Fabricação de outros equipamentos de transporte, exceto veículos automotores","Atividades jurídicas, contábeis, consultoria e sedes de empresas "
1300,8400,0.04596783733009492,Fabricação de produtos têxteis,"Administração pública, defesa e seguridade social"
2992,5980,0.04594314241403429,Fabricação de peças e acessórios para veículos automotores,"Atividades de televisão, rádio, cinema e  gravação/edição de som e imagem"
5600,5980,0.04591742620034056,Alimentação,"Atividades de televisão, rádio, cinema e  gravação/edição de som e imagem"
2100,8400,0.04582770507541236,Fabricação de produtos farmoquímicos e farmacêuticos,"Administração pública, defesa e seguridade social"
2600,2992,0.045824909667303,"Fabricação de equipamentos de informática, produtos eletrônicos e ópticos",Fabricação de peças e acessórios para veículos automotores
3180,6480,0.04572241711665873,Fabricação de móveis e de produtos de indústrias diversas,"Intermediação financeira, seguros e previdência complementar"
1093,6980,0.045583476598151186,Outros produtos alimentares,"Atividades jurídicas, contábeis, consultoria e sedes de empresas "
3500,5100,0.04555781193963817,"Energia elétrica, gás natural e outras utilidades",Transporte aéreo
1400,2500,0.045456704203007604,Confecção de artefatos do vestuário e acessórios,"Fabricação de produtos de metal, exceto máquinas e equipamentos"
0791,5800,0.04532429674509195,"Extração de minério de ferro, inclusive beneficiamentos e a aglomeração",Edição e edição integrada à impressão
1400,8591,0.045320022240985455,Confecção de artefatos do vestuário e acessórios,Educação pública
1300,6480,0.0452479699457176,Fabricação de produtos têxteis,"Intermediação financeira, seguros e previdência complementar"
2800,3180,0.045237170304808734,Fabricação de máquinas e equipamentos mecânicos,Fabricação de móveis e de produtos de indústrias diversas
1800,8691,0.04516229255739746,Impressão e reprodução de gravações,Saúde pública
0792,1600,0.045010455453142646,"Extração de minerais metálicos não ferrosos, inclusive beneficiamentos",Fabricação de produtos da madeira
5980,9480,0.04498150685431983,"Atividades de televisão, rádio, cinema e  gravação/edição de som e imagem",Organizações associativas e outros serviços pessoais
2100,3300,0.04492337956806987,Fabricação de produtos farmoquímicos e farmacêuticos,"Manutenção, reparação e instalação de máquinas e equipamentos"
1800,6480,0.04490950742214106,Impressão e reprodução de gravações,"Intermediação financeira, seguros e previdência complementar"
2200,7380,0.044891097889127346,Fabricação de produtos de borracha e de material plástico,"Outras atividades profissionais, científicas e técnicas"
2600,2800,0.044765953603041454,"Fabricação de equipamentos de informática, produtos eletrônicos e ópticos",Fabricação de máquinas e equipamentos mecânicos
3680,6100,0.04471996992096545,"Água, esgoto e gestão de resíduos",Telecomunicações
4180,8692,0.04471940237766555,Construção,Saúde privada
2093,2100,0.044692078596842114,"Fabricação de produtos de limpeza, cosméticos/perfumaria e higiene pessoal",Fabricação de produtos farmoquímicos e farmacêuticos
3180,8592,0.0446466244999265,Fabricação de móveis e de produtos de indústrias diversas,Educação privada
0192,3680,0.04435532383735851,"Pecuária, inclusive o apoio à pecuária","Água, esgoto e gestão de resíduos"
2992,6280,0.04429977279172857,Fabricação de peças e acessórios para veículos automotores,Desenvolvimento de sistemas e outros serviços de informação
0792,4180,0.04428944970621775,"Extração de minerais metálicos não ferrosos, inclusive beneficiamentos",Construção
1200,7700,0.04418402166062478,Fabricação de produtos do fumo,Aluguéis não imobiliários e gestão de ativos de propriedade intelectual
4180,7180,0.04416930968300333,Construção,"Serviços de arquitetura, engenharia, testes/análises técnicas e P & D"
1093,6480,0.04409708240878823,Outros produtos alimentares,"Intermediação financeira, seguros e previdência complementar"
1093,5100,0.04407706748059679,Outros produtos alimentares,Transporte aéreo
0792,8692,0.04386302998014875,"Extração de minerais metálicos não ferrosos, inclusive beneficiamentos",Saúde privada
2100,6100,0.04379993412907118,Fabricação de produtos farmoquímicos e farmacêuticos,Telecomunicações
2491,5980,0.043607163048015145,"Produção de ferro gusa/ferroligas, siderurgia e tubos de aço sem costura","Atividades de televisão, rádio, cinema e  gravação/edição de som e imagem"
0191,7380,0.04354667366983704,"Agricultura, inclusive o apoio à agricultura e a pós-colheita","Outras atividades profissionais, científicas e técnicas"
5500,8591,0.043493070959642346,Alojamento,Educação pública
2600,6980,0.043486231500499954,"Fabricação de equipamentos de informática, produtos eletrônicos e ópticos","Atividades jurídicas, contábeis, consultoria e sedes de empresas "
2500,5500,0.04346109133852277,"Fabricação de produtos de metal, exceto máquinas e equipamentos",Alojamento
3680,5500,0.04345868959728393,"Água, esgoto e gestão de resíduos",Alojamento
4180,6980,0.0433752410107858,Construção,"Atividades jurídicas, contábeis, consultoria e sedes de empresas "
2100,2500,0.04336764518164345,Fabricação de produtos farmoquímicos e farmacêuticos,"Fabricação de produtos de metal, exceto máquinas e equipamentos"
2492,5000,0.04331358458790636,Metalurgia de metais não ferosos e a fundição de metais,Transporte aquaviário
1500,5100,0.043303394293969136,Fabricação de calçados e de artefatos de couro,Transporte aéreo
0580,0792,0.04325044418613711,Extração de carvão mineral e de minerais não metálicos,"Extração de minerais metálicos não ferrosos, inclusive beneficiamentos"
2800,5600,0.04317312474332335,Fabricação de máquinas e equipamentos mecânicos,Alimentação
0280,2200,0.04311271485786852,Produção florestal; pesca e aquicultura,Fabricação de produtos de borracha e de material plástico
1200,9480,0.04307638705942594,Fabricação de produtos do fumo,Organizações associativas e outros serviços pessoais
1991,5980,0.043054759591951604,Refino de petróleo e coquerias,"Atividades de televisão, rádio, cinema e  gravação/edição de som e imagem"
1091,8400,0.04302658246851594,"Abate e produtos de carne, inclusive os produtos do laticínio e da pesca","Administração pública, defesa e seguridade social"
2700,5600,0.042990513549013204,Fabricação de máquinas e equipamentos elétricos,Alimentação
1700,5500,0.04294571436916492,"Fabricação de celulose, papel e produtos de papel",Alojamento
1091,2500,0.04293402066942941,"Abate e produtos de carne, inclusive os produtos do laticínio e da pesca","Fabricação de produtos de metal, exceto máquinas e equipamentos"
2092,8000,0.04281338106702516,"Fabricação de defensivos, desinfestantes, tintas e químicos diversos","Atividades de vigilância, segurança e investigação"
3000,4180,0.0428062057982968,"Fabricação de outros equipamentos de transporte, exceto veículos automotores",Construção
3300,6280,0.04276237975543339,"Manutenção, reparação e instalação de máquinas e equipamentos",Desenvolvimento de sistemas e outros serviços de informação
2093,3000,0.04272336352328035,"Fabricação de produtos de limpeza, cosméticos/perfumaria e higiene pessoal","Fabricação de outros equipamentos de transporte, exceto veículos automotores"
2092,5500,0.04264236431047101,"Fabricação de defensivos, desinfestantes, tintas e químicos diversos",Alojamento
1092,4580,0.04255930107294923,Fabricação e refino de açúcar,Comércio por atacado e varejo
0792,3000,0.04252056551188459,"Extração de minerais metálicos não ferrosos, inclusive beneficiamentos","Fabricação de outros equipamentos de transporte, exceto veículos automotores"
2093,3180,0.04247904117354223,"Fabricação de produtos de limpeza, cosméticos/perfumaria e higiene pessoal",Fabricação de móveis e de produtos de indústrias diversas
5980,8591,0.04239548993876654,"Atividades de televisão, rádio, cinema e  gravação/edição de som e imagem",Educação pública
1093,7380,0.04235889575223546,Outros produtos alimentares,"Outras atividades profissionais, científicas e técnicas"
1300,3680,0.04230506282899641,Fabricação de produtos têxteis,"Água, esgoto e gestão de resíduos"
0280,2491,0.0422393073491504,Produção florestal; pesca e aquicultura,"Produção de ferro gusa/ferroligas, siderurgia e tubos de aço sem costura"
1091,5280,0.0421909741909247,"Abate e produtos de carne, inclusive os produtos do laticínio e da pesca","Armazenamento, atividades auxiliares dos transportes e correio"
1200,5100,0.042111296301708526,Fabricação de produtos do fumo,Transporte aéreo
2492,6280,0.04211080672243807,Metalurgia de metais não ferosos e a fundição de metais,Desenvolvimento de sistemas e outros serviços de informação
4180,9480,0.04209013268739213,Construção,Organizações associativas e outros serviços pessoais
2700,7180,0.04204247860585202,Fabricação de máquinas e equipamentos elétricos,"Serviços de arquitetura, engenharia, testes/análises técnicas e P & D"
1092,2491,0.04201071861094412,Fabricação e refino de açúcar,"Produção de ferro gusa/ferroligas, siderurgia e tubos de aço sem costura"
3000,7180,0.04193697465028547,"Fabricação de outros equipamentos de transporte, exceto veículos automotores","Serviços de arquitetura, engenharia, testes/análises técnicas e P & D"
1400,7380,0.04191586921430313,Confecção de artefatos do vestuário e acessórios,"Outras atividades profissionais, científicas e técnicas"
2100,7700,0.04173798378369191,Fabricação de produtos farmoquímicos e farmacêuticos,Aluguéis não imobiliários e gestão de ativos de propriedade intelectual
2300,5500,0.041736561560503906,Fabricação de produtos de minerais não metálicos,Alojamento
0580,5600,0.0417345908222246,Extração de carvão mineral e de minerais não metálicos,Alimentação
1400,6100,0.041654862739451334,Confecção de artefatos do vestuário e acessórios,Telecomunicações
0580,3180,0.041589126431075124,Extração de carvão mineral e de minerais não metálicos,Fabricação de móveis e de produtos de indústrias diversas
5100,5980,0.04153565556333661,Transporte aéreo,"Atividades de televisão, rádio, cinema e  gravação/edição de som e imagem"
2491,2600,0.04151387740180181,"Produção de ferro gusa/ferroligas, siderurgia e tubos de aço sem costura","Fabricação de equipamentos de informática, produtos eletrônicos e ópticos"
1200,5600,0.04146586452207586,Fabricação de produtos do fumo,Alimentação
2092,6280,0.04145590413768985,"Fabricação de defensivos, desinfestantes, tintas e químicos diversos",Desenvolvimento de sistemas e outros serviços de informação
6800,8592,0.04142165757736477,Atividades imobiliárias,Educação privada
1400,3300,0.04138057172801598,Confecção de artefatos do vestuário e acessórios,"Manutenção, reparação e instalação de máquinas e equipamentos"
1400,7880,0.04127849297622636,Confecção de artefatos do vestuário e acessórios,Outras atividades administrativas e serviços complementares
4900,5800,0.04122061232056372,Transporte terrestre,Edição e edição integrada à impressão
1400,9480,0.04119806791606345,Confecção de artefatos do vestuário e acessórios,Organizações associativas e outros serviços pessoais
2100,3680,0.04116350131620158,Fabricação de produtos farmoquímicos e farmacêuticos,"Água, esgoto e gestão de resíduos"
1093,1300,0.04115152195998496,Outros produtos alimentares,Fabricação de produtos têxteis
3180,6100,0.041124735319236466,Fabricação de móveis e de produtos de indústrias diversas,Telecomunicações
1500,2800,0.041035866896342255,Fabricação de calçados e de artefatos de couro,Fabricação de máquinas e equipamentos mecânicos
6100,9080,0.041020571296766034,Telecomunicações,"Atividades artísticas, criativas e de espetáculos"
2500,5980,0.04091007340813537,"Fabricação de produtos de metal, exceto máquinas e equipamentos","Atividades de televisão, rádio, cinema e  gravação/edição de som e imagem"
3300,5980,0.04090284406974903,"Manutenção, reparação e instalação de máquinas e equipamentos","Atividades de televisão, rádio, cinema e  gravação/edição de som e imagem"
2992,5000,0.04078780087869813,Fabricação de peças e acessórios para veículos automotores,Transporte aquaviário
3680,5100,0.0407319350333973,"Água, esgoto e gestão de resíduos",Transporte aéreo
1800,2491,0.04070686088533531,Impressão e reprodução de gravações,"Produção de ferro gusa/ferroligas, siderurgia e tubos de aço sem costura"
3180,7380,0.04068127745686418,Fabricação de móveis e de produtos de indústrias diversas,"Outras atividades profissionais, científicas e técnicas"
5000,8592,0.040545681010821816,Transporte aquaviário,Educação privada
1091,9480,0.040437143747988485,"Abate e produtos de carne, inclusive os produtos do laticínio e da pesca",Organizações associativas e outros serviços pessoais
1091,8592,0.040339448950532174,"Abate e produtos de carne, inclusive os produtos do laticínio e da pesca",Educação privada
1300,3000,0.04021209965958979,Fabricação de produtos têxteis,"Fabricação de outros equipamentos de transporte, exceto veículos automotores"
2091,5000,0.04013622644828114,"Fabricação de químicos orgânicos e inorgânicos, resinas e elastômeros",Transporte aquaviário
3180,9480,0.040116527576818106,Fabricação de móveis e de produtos de indústrias diversas,Organizações associativas e outros serviços pessoais
1800,6100,0.04004152964241377,Impressão e reprodução de gravações,Telecomunicações
2100,9480,0.040016002333748704,Fabricação de produtos farmoquímicos e farmacêuticos,Organizações associativas e outros serviços pessoais
1400,1600,0.039805000099976826,Confecção de artefatos do vestuário e acessórios,Fabricação de produtos da madeira
1800,2600,0.039739482585657446,Impressão e reprodução de gravações,"Fabricação de equipamentos de informática, produtos eletrônicos e ópticos"
1200,2800,0.039683725715121125,Fabricação de produtos do fumo,Fabricação de máquinas e equipamentos mecânicos
1100,5500,0.03961396520685941,Fabricação de bebidas,Alojamento
2600,7180,0.039592588190312805,"Fabricação de equipamentos de informática, produtos eletrônicos e ópticos","Serviços de arquitetura, engenharia, testes/análises técnicas e P & D"
2600,6480,0.03950186155236722,"Fabricação de equipamentos de informática, produtos eletrônicos e ópticos","Intermediação financeira, seguros e previdência complementar"
2491,8000,0.039380409713254114,"Produção de ferro gusa/ferroligas, siderurgia e tubos de aço sem costura","Atividades de vigilância, segurança e investigação"
1093,7880,0.03935916110094038,Outros produtos alimentares,Outras atividades administrativas e serviços complementares
0792,9480,0.03932832810826453,"Extração de minerais metálicos não ferrosos, inclusive beneficiamentos",Organizações associativas e outros serviços pessoais
1092,1700,0.039290522185085094,Fabricação e refino de açúcar,"Fabricação de celulose, papel e produtos de papel"
2091,7180,0.039276739578136176,"Fabricação de químicos orgânicos e inorgânicos, resinas e elastômeros","Serviços de arquitetura, engenharia, testes/análises técnicas e P & D"
2700,5980,0.03923996854535361,Fabricação de máquinas e equipamentos elétricos,"Atividades de televisão, rádio, cinema e  gravação/edição de som e imagem"
4580,9080,0.03920944679417038,Comércio por atacado e varejo,"Atividades artísticas, criativas e de espetáculos"
5100,7180,0.039156775709459926,Transporte aéreo,"Serviços de arquitetura, engenharia, testes/análises técnicas e P & D"
1992,5980,0.03911941054863663,Fabricação de biocombustíveis,"Atividades de televisão, rádio, cinema e  gravação/edição de som e imagem"
1800,3500,0.03901334286852495,Impressão e reprodução de gravações,"Energia elétrica, gás natural e outras utilidades"
1800,2492,0.039011078958591634,Impressão e reprodução de gravações,Metalurgia de metais não ferosos e a fundição de metais
1100,8400,0.039010814350815055,Fabricação de bebidas,"Administração pública, defesa e seguridade social"
1500,3000,0.038973593738518934,Fabricação de calçados e de artefatos de couro,"Fabricação de outros equipamentos de transporte, exceto veículos automotores"
0792,6100,0.03895927887620611,"Extração de minerais metálicos não ferrosos, inclusive beneficiamentos",Telecomunicações
0792,6980,0.038933542633532624,"Extração de minerais metálicos não ferrosos, inclusive beneficiamentos","Atividades jurídicas, contábeis, consultoria e sedes de empresas "
1400,8592,0.038898881528323964,Confecção de artefatos do vestuário e acessórios,Educação privada
7180,7700,0.03883024675318156,"Serviços de arquitetura, engenharia, testes/análises técnicas e P & D",Aluguéis não imobiliários e gestão de ativos de propriedade intelectual
1992,5000,0.03881952087859959,Fabricação de biocombustíveis,Transporte aquaviário
0280,2991,0.03881917835842413,Produção florestal; pesca e aquicultura,"Fabricação de automóveis, caminhões e ônibus, exceto peças"
1300,2800,0.03878103662459068,Fabricação de produtos têxteis,Fabricação de máquinas e equipamentos mecânicos
1200,2100,0.038698833352467904,Fabricação de produtos do fumo,Fabricação de produtos farmoquímicos e farmacêuticos
1091,1600,0.03863852635439456,"Abate e produtos de carne, inclusive os produtos do laticínio e da pesca",Fabricação de produtos da madeira
6980,8000,0.038477568515236905,"Atividades jurídicas, contábeis, consultoria e sedes de empresas ","Atividades de vigilância, segurança e investigação"
2500,8000,0.0383653837989104,"Fabricação de produtos de metal, exceto máquinas e equipamentos","Atividades de vigilância, segurança e investigação"
2600,7880,0.03825259347690839,"Fabricação de equipamentos de informática, produtos eletrônicos e ópticos",Outras atividades administrativas e serviços complementares
3000,5600,0.03825068588240492,"Fabricação de outros equipamentos de transporte, exceto veículos automotores",Alimentação
1100,7380,0.038081414808385325,Fabricação de bebidas,"Outras atividades profissionais, científicas e técnicas"
1400,8400,0.038080780824955356,Confecção de artefatos do vestuário e acessórios,"Administração pública, defesa e seguridade social"
3180,6980,0.038060776376513686,Fabricação de móveis e de produtos de indústrias diversas,"Atividades jurídicas, contábeis, consultoria e sedes de empresas "
1400,8692,0.03790783084605488,Confecção de artefatos do vestuário e acessórios,Saúde privada
0580,1400,0.037898455042159426,Extração de carvão mineral e de minerais não metálicos,Confecção de artefatos do vestuário e acessórios
1092,8691,0.037879091408015014,Fabricação e refino de açúcar,Saúde pública
3300,5500,0.03778522675911536,"Manutenção, reparação e instalação de máquinas e equipamentos",Alojamento
0792,7180,0.037781072266382276,"Extração de minerais metálicos não ferrosos, inclusive beneficiamentos","Serviços de arquitetura, engenharia, testes/análises técnicas e P & D"
5980,6280,0.03775227553295635,"Atividades de televisão, rádio, cinema e  gravação/edição de som e imagem",Desenvolvimento de sistemas e outros serviços de informação
3000,3180,0.037741228467374835,"Fabricação de outros equipamentos de transporte, exceto veículos automotores",Fabricação de móveis e de produtos de indústrias diversas
1200,3680,0.03772995520223942,Fabricação de produtos do fumo,"Água, esgoto e gestão de resíduos"
1092,2300,0.03762636299647311,Fabricação e refino de açúcar,Fabricação de produtos de minerais não metálicos
1093,2700,0.03751871783135688,Outros produtos alimentares,Fabricação de máquinas e equipamentos elétricos
1091,6480,0.037507939720738785,"Abate e produtos de carne, inclusive os produtos do laticínio e da pesca","Intermediação financeira, seguros e previdência complementar"
2093,4180,0.03738168247416578,"Fabricação de produtos de limpeza, cosméticos/perfumaria e higiene pessoal",Construção
3180,5100,0.03737937211150445,Fabricação de móveis e de produtos de indústrias diversas,Transporte aéreo
0680,9080,0.03736101559957002,"Extração de petróleo e gás, inclusive as atividades de apoio","Atividades artísticas, criativas e de espetáculos"
1800,2992,0.03731153635584666,Impressão e reprodução de gravações,Fabricação de peças e acessórios para veículos automotores
1600,5000,0.036939092990462476,Fabricação de produtos da madeira,Transporte aquaviário
2100,5100,0.036704751281461154,Fabricação de produtos farmoquímicos e farmacêuticos,Transporte aéreo
1300,6100,0.036607076654894335,Fabricação de produtos têxteis,Telecomunicações
1800,7700,0.03652210953725166,Impressão e reprodução de gravações,Aluguéis não imobiliários e gestão de ativos de propriedade intelectual
2092,5000,0.03644894048934478,"Fabricação de defensivos, desinfestantes, tintas e químicos diversos",Transporte aquaviário
6100,8000,0.03638082351666404,Telecomunicações,"Atividades de vigilância, segurança e investigação"
2300,5980,0.036378255588412844,Fabricação de produtos de minerais não metálicos,"Atividades de televisão, rádio, cinema e  gravação/edição de som e imagem"
1200,3000,0.03636646549512101,Fabricação de produtos do fumo,"Fabricação de outros equipamentos de transporte, exceto veículos automotores"
1100,8591,0.036359411210731385,Fabricação de bebidas,Educação pública
0791,6800,0.03626479335520167,"Extração de minério de ferro, inclusive beneficiamentos e a aglomeração",Atividades imobiliárias
5980,8692,0.03618921394931968,"Atividades de televisão, rádio, cinema e  gravação/edição de som e imagem",Saúde privada
5500,7880,0.03617328852242448,Alojamento,Outras atividades administrativas e serviços complementares
2500,6280,0.03615585001987193,"Fabricação de produtos de metal, exceto máquinas e equipamentos",Desenvolvimento de sistemas e outros serviços de informação
2500,5000,0.036145255257375206,"Fabricação de produtos de metal, exceto máquinas e equipamentos",Transporte aquaviário
1300,5600,0.036109583642182544,Fabricação de produtos têxteis,Alimentação
1400,7700,0.03604167166640418,Confecção de artefatos do vestuário e acessórios,Aluguéis não imobiliários e gestão de ativos de propriedade intelectual
0191,0280,0.03597001745894683,"Agricultura, inclusive o apoio à agricultura e a pós-colheita",Produção florestal; pesca e aquicultura
6980,7180,0.035877788037858384,"Atividades jurídicas, contábeis, consultoria e sedes de empresas ","Serviços de arquitetura, engenharia, testes/análises técnicas e P & D"
1400,2093,0.035666690821383164,Confecção de artefatos do vestuário e acessórios,"Fabricação de produtos de limpeza, cosméticos/perfumaria e higiene pessoal"
1800,5280,0.03564769472486064,Impressão e reprodução de gravações,"Armazenamento, atividades auxiliares dos transportes e correio"
5500,8692,0.03564540437242689,Alojamento,Saúde privada
2300,5000,0.03562596077991182,Fabricação de produtos de minerais não metálicos,Transporte aquaviário
4180,7380,0.035599522217278884,Construção,"Outras atividades profissionais, científicas e técnicas"
5280,6800,0.03557134329253987,"Armazenamento, atividades auxiliares dos transportes e correio",Atividades imobiliárias
1800,8591,0.03553160077402787,Impressão e reprodução de gravações,Educação pública
8691,9080,0.03549509605489418,Saúde pública,"Atividades artísticas, criativas e de espetáculos"
1091,3300,0.03549019830127893,"Abate e produtos de carne, inclusive os produtos do laticínio e da pesca","Manutenção, reparação e instalação de máquinas e equipamentos"
2600,6100,0.03548476529163074,"Fabricação de equipamentos de informática, produtos eletrônicos e ópticos",Telecomunicações
1300,6980,0.03548290357677148,Fabricação de produtos têxteis,"Atividades jurídicas, contábeis, consultoria e sedes de empresas "
0791,1100,0.03547170969754315,"Extração de minério de ferro, inclusive beneficiamentos e a aglomeração",Fabricação de bebidas
5980,7880,0.035461230544185984,"Atividades de televisão, rádio, cinema e  gravação/edição de som e imagem",Outras atividades administrativas e serviços complementares
1093,6100,0.035415219600499745,Outros produtos alimentares,Telecomunicações
2300,6280,0.035405354959549475,Fabricação de produtos de minerais não metálicos,Desenvolvimento de sistemas e outros serviços de informação
0192,5980,0.03539677172837462,"Pecuária, inclusive o apoio à pecuária","Atividades de televisão, rádio, cinema e  gravação/edição de som e imagem"
3500,7380,0.03539191968588032,"Energia elétrica, gás natural e outras utilidades","Outras atividades profissionais, científicas e técnicas"
2600,9480,0.03539166265152282,"Fabricação de equipamentos de informática, produtos eletrônicos e ópticos",Organizações associativas e outros serviços pessoais
0191,5500,0.03534555701393639,"Agricultura, inclusive o apoio à agricultura e a pós-colheita",Alojamento
1700,2600,0.03534258603729399,"Fabricação de celulose, papel e produtos de papel","Fabricação de equipamentos de informática, produtos eletrônicos e ópticos"
0791,9080,0.035251113259498895,"Extração de minério de ferro, inclusive beneficiamentos e a aglomeração","Atividades artísticas, criativas e de espetáculos"
1500,2100,0.03522001346675201,Fabricação de calçados e de artefatos de couro,Fabricação de produtos farmoquímicos e farmacêuticos
0680,1100,0.035155701615939304,"Extração de petróleo e gás, inclusive as atividades de apoio",Fabricação de bebidas
1093,2100,0.035108861784238145,Outros produtos alimentares,Fabricação de produtos farmoquímicos e farmacêuticos
1092,2492,0.03510789726419252,Fabricação e refino de açúcar,Metalurgia de metais não ferosos e a fundição de metais
0792,2093,0.03497503066789295,"Extração de minerais metálicos não ferrosos, inclusive beneficiamentos","Fabricação de produtos de limpeza, cosméticos/perfumaria e higiene pessoal"
0792,3180,0.034931542233962276,"Extração de minerais metálicos não ferrosos, inclusive beneficiamentos",Fabricação de móveis e de produtos de indústrias diversas
3000,5980,0.034911685877128354,"Fabricação de outros equipamentos de transporte, exceto veículos automotores","Atividades de televisão, rádio, cinema e  gravação/edição de som e imagem"
6480,7180,0.034911127378100815,"Intermediação financeira, seguros e previdência complementar","Serviços de arquitetura, engenharia, testes/análises técnicas e P & D"
1800,2091,0.03484142189253053,Impressão e reprodução de gravações,"Fabricação de químicos orgânicos e inorgânicos, resinas e elastômeros"
2100,2700,0.03479193282249234,Fabricação de produtos farmoquímicos e farmacêuticos,Fabricação de máquinas e equipamentos elétricos
1991,8000,0.03476797544171227,Refino de petróleo e coquerias,"Atividades de vigilância, segurança e investigação"
1091,7380,0.034758007572607996,"Abate e produtos de carne, inclusive os produtos do laticínio e da pesca","Outras atividades profissionais, científicas e técnicas"
1091,6980,0.034755788448176915,"Abate e produtos de carne, inclusive os produtos do laticínio e da pesca","Atividades jurídicas, contábeis, consultoria e sedes de empresas "
4900,6800,0.03475482464566202,Transporte terrestre,Atividades imobiliárias
1400,3680,0.0346887706656644,Confecção de artefatos do vestuário e acessórios,"Água, esgoto e gestão de resíduos"
1992,5500,0.03464584930017299,Fabricação de biocombustíveis,Alojamento
1100,4900,0.03459668851057588,Fabricação de bebidas,Transporte terrestre
1600,7380,0.03459027191446487,Fabricação de produtos da madeira,"Outras atividades profissionais, científicas e técnicas"
1200,1400,0.03457939023429317,Fabricação de produtos do fumo,Confecção de artefatos do vestuário e acessórios
2100,5600,0.03453712084648839,Fabricação de produtos farmoquímicos e farmacêuticos,Alimentação
1200,3180,0.03446946992866526,Fabricação de produtos do fumo,Fabricação de móveis e de produtos de indústrias diversas
1992,6280,0.034460998107119264,Fabricação de biocombustíveis,Desenvolvimento de sistemas e outros serviços de informação
1100,4580,0.034359468589643276,Fabricação de bebidas,Comércio por atacado e varejo
2492,2600,0.03435247530546002,Metalurgia de metais não ferosos e a fundição de metais,"Fabricação de equipamentos de informática, produtos eletrônicos e ópticos"
1400,2700,0.03418126861933303,Confecção de artefatos do vestuário e acessórios,Fabricação de máquinas e equipamentos elétricos
3000,8000,0.03408326609437714,"Fabricação de outros equipamentos de transporte, exceto veículos automotores","Atividades de vigilância, segurança e investigação"
2800,5500,0.03407354552045852,Fabricação de máquinas e equipamentos mecânicos,Alojamento
0680,6800,0.03407239775983708,"Extração de petróleo e gás, inclusive as atividades de apoio",Atividades imobiliárias
2492,5980,0.03405044153659975,Metalurgia de metais não ferosos e a fundição de metais,"Atividades de televisão, rádio, cinema e  gravação/edição de som e imagem"
1800,7880,0.03396744669398745,Impressão e reprodução de gravações,Outras atividades administrativas e serviços complementares
1600,2100,0.03395406221733879,Fabricação de produtos da madeira,Fabricação de produtos farmoquímicos e farmacêuticos
4180,5600,0.03393379839846935,Construção,Alimentação
5800,8691,0.033912336449886754,Edição e edição integrada à impressão,Saúde pública
1093,2800,0.033813161532748305,Outros produtos alimentares,Fabricação de máquinas e equipamentos mecânicos
0191,5000,0.033810110693154254,"Agricultura, inclusive o apoio à agricultura e a pós-colheita",Transporte aquaviário
1400,5100,0.03379116776205751,Confecção de artefatos do vestuário e acessórios,Transporte aéreo
1091,1200,0.03377939736323783,"Abate e produtos de carne, inclusive os produtos do laticínio e da pesca",Fabricação de produtos do fumo
0792,1300,0.03377428718025517,"Extração de minerais metálicos não ferrosos, inclusive beneficiamentos",Fabricação de produtos têxteis
1093,3680,0.033711464357150285,Outros produtos alimentares,"Água, esgoto e gestão de resíduos"
1991,2600,0.03356346415089329,Refino de petróleo e coquerias,"Fabricação de equipamentos de informática, produtos eletrônicos e ópticos"
2091,7380,0.033466740850035,"Fabricação de químicos orgânicos e inorgânicos, resinas e elastômeros","Outras atividades profissionais, científicas e técnicas"
0192,5500,0.03335650020198719,"Pecuária, inclusive o apoio à pecuária",Alojamento
1091,7700,0.03333310832998899,"Abate e produtos de carne, inclusive os produtos do laticínio e da pesca",Aluguéis não imobiliários e gestão de ativos de propriedade intelectual
3180,4180,0.03321206617737406,Fabricação de móveis e de produtos de indústrias diversas,Construção
1800,8592,0.03315916306401982,Impressão e reprodução de gravações,Educação privada
2600,5980,0.033105216068814905,"Fabricação de equipamentos de informática, produtos eletrônicos e ópticos","Atividades de televisão, rádio, cinema e  gravação/edição de som e imagem"
1300,4180,0.03302733924313596,Fabricação de produtos têxteis,Construção
6800,8691,0.03302605662653835,Atividades imobiliárias,Saúde pública
2800,5000,0.03301915958294803,Fabricação de máquinas e equipamentos mecânicos,Transporte aquaviário
3500,6280,0.032973354780963665,"Energia elétrica, gás natural e outras utilidades",Desenvolvimento de sistemas e outros serviços de informação
6280,8692,0.03296179427381602,Desenvolvimento de sistemas e outros serviços de informação,Saúde privada
1500,4180,0.03278292783090481,Fabricação de calçados e de artefatos de couro,Construção
2800,5980,0.03274606589129464,Fabricação de máquinas e equipamentos mecânicos,"Atividades de televisão, rádio, cinema e  gravação/edição de som e imagem"
5000,6100,0.032708444034624924,Transporte aquaviário,Telecomunicações
1091,7880,0.032695143525646064,"Abate e produtos de carne, inclusive os produtos do laticínio e da pesca",Outras atividades administrativas e serviços complementares
0191,1800,0.03264921434664699,"Agricultura, inclusive o apoio à agricultura e a pós-colheita",Impressão e reprodução de gravações
1092,2200,0.03262858238684129,Fabricação e refino de açúcar,Fabricação de produtos de borracha e de material plástico
1300,5100,0.03261793156416087,Fabricação de produtos têxteis,Transporte aéreo
0580,7380,0.032578824591433374,Extração de carvão mineral e de minerais não metálicos,"Outras atividades profissionais, científicas e técnicas"
2700,6280,0.03256940964433526,Fabricação de máquinas e equipamentos elétricos,Desenvolvimento de sistemas e outros serviços de informação
0580,1092,0.03242053787850741,Extração de carvão mineral e de minerais não metálicos,Fabricação e refino de açúcar
1300,7700,0.032354772214769574,Fabricação de produtos têxteis,Aluguéis não imobiliários e gestão de ativos de propriedade intelectual
1500,7180,0.032354089629015974,Fabricação de calçados e de artefatos de couro,"Serviços de arquitetura, engenharia, testes/análises técnicas e P & D"
0580,2100,0.03229058776881529,Extração de carvão mineral e de minerais não metálicos,Fabricação de produtos farmoquímicos e farmacêuticos
2100,2800,0.03223112005983746,Fabricação de produtos farmoquímicos e farmacêuticos,Fabricação de máquinas e equipamentos mecânicos
2800,8000,0.032064953493476996,Fabricação de máquinas e equipamentos mecânicos,"Atividades de vigilância, segurança e investigação"
3500,9080,0.03205315266461489,"Energia elétrica, gás natural e outras utilidades","Atividades artísticas, criativas e de espetáculos"
3000,5000,0.031988929482721334,"Fabricação de outros equipamentos de transporte, exceto veículos automotores",Transporte aquaviário
1400,6980,0.03195416958166024,Confecção de artefatos do vestuário e acessórios,"Atividades jurídicas, contábeis, consultoria e sedes de empresas "
0580,1091,0.031921847313877844,Extração de carvão mineral e de minerais não metálicos,"Abate e produtos de carne, inclusive os produtos do laticínio e da pesca"
1200,4180,0.031918332145547845,Fabricação de produtos do fumo,Construção
2492,8000,0.03191317429392584,Metalurgia de metais não ferosos e a fundição de metais,"Atividades de vigilância, segurança e investigação"
3180,5600,0.0319084713009244,Fabricação de móveis e de produtos de indústrias diversas,Alimentação
0792,1500,0.0316528747767847,"Extração de minerais metálicos não ferrosos, inclusive beneficiamentos",Fabricação de calçados e de artefatos de couro
1700,5800,0.03164750776806064,"Fabricação de celulose, papel e produtos de papel",Edição e edição integrada à impressão
2600,8592,0.0316275355670639,"Fabricação de equipamentos de informática, produtos eletrônicos e ópticos",Educação privada
2491,6800,0.03153083419876932,"Produção de ferro gusa/ferroligas, siderurgia e tubos de aço sem costura",Atividades imobiliárias
1800,2300,0.03151492736831623,Impressão e reprodução de gravações,Fabricação de produtos de minerais não metálicos
3500,7180,0.031450745094515925,"Energia elétrica, gás natural e outras utilidades","Serviços de arquitetura, engenharia, testes/análises técnicas e P & D"
1100,6480,0.03144595364144586,Fabricação de bebidas,"Intermediação financeira, seguros e previdência complementar"
1992,8000,0.0314447392976986,Fabricação de biocombustíveis,"Atividades de vigilância, segurança e investigação"
0792,1200,0.03136982933620962,"Extração de minerais metálicos não ferrosos, inclusive beneficiamentos",Fabricação de produtos do fumo
1800,1991,0.03133837060607625,Impressão e reprodução de gravações,Refino de petróleo e coquerias
0792,5600,0.031323445997926004,"Extração de minerais metálicos não ferrosos, inclusive beneficiamentos",Alimentação
0191,6280,0.031192499629089623,"Agricultura, inclusive o apoio à agricultura e a pós-colheita",Desenvolvimento de sistemas e outros serviços de informação
1092,3300,0.03118536148802131,Fabricação e refino de açúcar,"Manutenção, reparação e instalação de máquinas e equipamentos"
2200,5980,0.031069249535773863,Fabricação de produtos de borracha e de material plástico,"Atividades de televisão, rádio, cinema e  gravação/edição de som e imagem"
1091,5100,0.031019089630091118,"Abate e produtos de carne, inclusive os produtos do laticínio e da pesca",Transporte aéreo
1100,5100,0.031005479293285777,Fabricação de bebidas,Transporte aéreo
1092,5280,0.0309440708044904,Fabricação e refino de açúcar,"Armazenamento, atividades auxiliares dos transportes e correio"
7180,8592,0.03079721093575644,"Serviços de arquitetura, engenharia, testes/análises técnicas e P & D",Educação privada
1093,3000,0.030728800662805793,Outros produtos alimentares,"Fabricação de outros equipamentos de transporte, exceto veículos automotores"
1800,8400,0.03060146724957764,Impressão e reprodução de gravações,"Administração pública, defesa e seguridade social"
0191,5980,0.03053222419252216,"Agricultura, inclusive o apoio à agricultura e a pós-colheita","Atividades de televisão, rádio, cinema e  gravação/edição de som e imagem"
1300,2100,0.03050806202497099,Fabricação de produtos têxteis,Fabricação de produtos farmoquímicos e farmacêuticos
2100,8000,0.030395231066125183,Fabricação de produtos farmoquímicos e farmacêuticos,"Atividades de vigilância, segurança e investigação"
1800,1992,0.03037239550689959,Impressão e reprodução de gravações,Fabricação de biocombustíveis
4180,5500,0.030361457987338192,Construção,Alojamento
3180,7180,0.03030955448400725,Fabricação de móveis e de produtos de indústrias diversas,"Serviços de arquitetura, engenharia, testes/análises técnicas e P & D"
1093,3180,0.03030824538927424,Outros produtos alimentares,Fabricação de móveis e de produtos de indústrias diversas
1400,5980,0.030167918222851326,Confecção de artefatos do vestuário e acessórios,"Atividades de televisão, rádio, cinema e  gravação/edição de som e imagem"
5000,6480,0.030157219939776887,Transporte aquaviário,"Intermediação financeira, seguros e previdência complementar"
1991,5500,0.030122369046072458,Refino de petróleo e coquerias,Alojamento
6480,9080,0.030117267098778055,"Intermediação financeira, seguros e previdência complementar","Atividades artísticas, criativas e de espetáculos"
2700,5500,0.030115773418476526,Fabricação de máquinas e equipamentos elétricos,Alojamento
1092,1200,0.03002970118289711,Fabricação e refino de açúcar,Fabricação de produtos do fumo
1100,2491,0.029951286802124954,Fabricação de bebidas,"Produção de ferro gusa/ferroligas, siderurgia e tubos de aço sem costura"
1400,2800,0.029943785472761247,Confecção de artefatos do vestuário e acessórios,Fabricação de máquinas e equipamentos mecânicos
6800,6980,0.029849618681660656,Atividades imobiliárias,"Atividades jurídicas, contábeis, consultoria e sedes de empresas "
2200,5500,0.029770139039986397,Fabricação de produtos de borracha e de material plástico,Alojamento
0280,3180,0.029674570053136753,Produção florestal; pesca e aquicultura,Fabricação de móveis e de produtos de indústrias diversas
0580,7180,0.029605347726374045,Extração de carvão mineral e de minerais não metálicos,"Serviços de arquitetura, engenharia, testes/análises técnicas e P & D"
5800,6100,0.029557147315494765,Edição e edição integrada à impressão,Telecomunicações
2200,2600,0.029554009812846543,Fabricação de produtos de borracha e de material plástico,"Fabricação de equipamentos de informática, produtos eletrônicos e ópticos"
1093,5980,0.029537220086466687,Outros produtos alimentares,"Atividades de televisão, rádio, cinema e  gravação/edição de som e imagem"
2500,2600,0.029442794697780505,"Fabricação de produtos de metal, exceto máquinas e equipamentos","Fabricação de equipamentos de informática, produtos eletrônicos e ópticos"
4900,9080,0.02940304032472749,Transporte terrestre,"Atividades artísticas, criativas e de espetáculos"
2800,6280,0.029402899036554797,Fabricação de máquinas e equipamentos mecânicos,Desenvolvimento de sistemas e outros serviços de informação
0280,3500,0.029375636883344197,Produção florestal; pesca e aquicultura,"Energia elétrica, gás natural e outras utilidades"
0280,1093,0.029364027839557664,Produção florestal; pesca e aquicultura,Outros produtos alimentares
1800,2500,0.02933444901978013,Impressão e reprodução de gravações,"Fabricação de produtos de metal, exceto máquinas e equipamentos"
1092,2992,0.029267557735052095,Fabricação e refino de açúcar,Fabricação de peças e acessórios para veículos automotores
2092,2600,0.029193338111757745,"Fabricação de defensivos, desinfestantes, tintas e químicos diversos","Fabricação de equipamentos de informática, produtos eletrônicos e ópticos"
8592,9080,0.029003932944444477,Educação privada,"Atividades artísticas, criativas e de espetáculos"
2600,3500,0.028946282355559336,"Fabricação de equipamentos de informática, produtos eletrônicos e ópticos","Energia elétrica, gás natural e outras utilidades"
0192,7180,0.02893150349483724,"Pecuária, inclusive o apoio à pecuária","Serviços de arquitetura, engenharia, testes/análises técnicas e P & D"
5600,8000,0.0288629206008894,Alimentação,"Atividades de vigilância, segurança e investigação"
1091,1092,0.028842591331785565,"Abate e produtos de carne, inclusive os produtos do laticínio e da pesca",Fabricação e refino de açúcar
2600,8400,0.028693474073001872,"Fabricação de equipamentos de informática, produtos eletrônicos e ópticos","Administração pública, defesa e seguridade social"
1091,2700,0.028583353616084897,"Abate e produtos de carne, inclusive os produtos do laticínio e da pesca",Fabricação de máquinas e equipamentos elétricos
5280,5800,0.028570944368253123,"Armazenamento, atividades auxiliares dos transportes e correio",Edição e edição integrada à impressão
1400,3000,0.028552485423980367,Confecção de artefatos do vestuário e acessórios,"Fabricação de outros equipamentos de transporte, exceto veículos automotores"
2200,6280,0.028502376565650956,Fabricação de produtos de borracha e de material plástico,Desenvolvimento de sistemas e outros serviços de informação
5000,8591,0.028491113076122215,Transporte aquaviário,Educação pública
2091,5500,0.02848728437216721,"Fabricação de químicos orgânicos e inorgânicos, resinas e elastômeros",Alojamento
3180,5980,0.02835896428975681,Fabricação de móveis e de produtos de indústrias diversas,"Atividades de televisão, rádio, cinema e  gravação/edição de som e imagem"
2200,5000,0.02829948422607391,Fabricação de produtos de borracha e de material plástico,Transporte aquaviário
1093,4180,0.02819145293905112,Outros produtos alimentares,Construção
2100,3000,0.028176811229055247,Fabricação de produtos farmoquímicos e farmacêuticos,"Fabricação de outros equipamentos de transporte, exceto veículos automotores"
0792,1093,0.028173518604618114,"Extração de minerais metálicos não ferrosos, inclusive beneficiamentos",Outros produtos alimentares
2600,7700,0.028144081176623443,"Fabricação de equipamentos de informática, produtos eletrônicos e ópticos",Aluguéis não imobiliários e gestão de ativos de propriedade intelectual
1091,1300,0.02813955591303939,"Abate e produtos de carne, inclusive os produtos do laticínio e da pesca",Fabricação de produtos têxteis
1400,5600,0.02810864719291373,Confecção de artefatos do vestuário e acessórios,Alimentação
1100,1991,0.028057625738645158,Fabricação de bebidas,Refino de petróleo e coquerias
2100,6280,0.027936414706314666,Fabricação de produtos farmoquímicos e farmacêuticos,Desenvolvimento de sistemas e outros serviços de informação
5800,5980,0.02789175517367583,Edição e edição integrada à impressão,"Atividades de televisão, rádio, cinema e  gravação/edição de som e imagem"
7880,8000,0.027862193145807304,Outras atividades administrativas e serviços complementares,"Atividades de vigilância, segurança e investigação"
1091,6100,0.027855271285313378,"Abate e produtos de carne, inclusive os produtos do laticínio e da pesca",Telecomunicações
2200,8000,0.0278319801625971,Fabricação de produtos de borracha e de material plástico,"Atividades de vigilância, segurança e investigação"
1800,6980,0.027786930081592436,Impressão e reprodução de gravações,"Atividades jurídicas, contábeis, consultoria e sedes de empresas "
1300,7380,0.0277348134180355,Fabricação de produtos têxteis,"Outras atividades profissionais, científicas e técnicas"
1200,6280,0.027658525073866083,Fabricação de produtos do fumo,Desenvolvimento de sistemas e outros serviços de informação
1600,5500,0.02761282532994068,Fabricação de produtos da madeira,Alojamento
1093,1400,0.0275752116541097,Outros produtos alimentares,Confecção de artefatos do vestuário e acessórios
2600,8692,0.027545384240919728,"Fabricação de equipamentos de informática, produtos eletrônicos e ópticos",Saúde privada
3000,6280,0.027357757676862236,"Fabricação de outros equipamentos de transporte, exceto veículos automotores",Desenvolvimento de sistemas e outros serviços de informação
5500,6100,0.027335979650227573,Alojamento,Telecomunicações
1100,5980,0.027330943458219268,Fabricação de bebidas,"Atividades de televisão, rádio, cinema e  gravação/edição de som e imagem"
2491,5800,0.027291694500271736,"Produção de ferro gusa/ferroligas, siderurgia e tubos de aço sem costura",Edição e edição integrada à impressão
1600,7180,0.02719785851025694,Fabricação de produtos da madeira,"Serviços de arquitetura, engenharia, testes/análises técnicas e P & D"
4180,6280,0.02716470523888881,Construção,Desenvolvimento de sistemas e outros serviços de informação
5100,5800,0.027071805918686208,Transporte aéreo,Edição e edição integrada à impressão
1092,2500,0.02706959519047152,Fabricação e refino de açúcar,"Fabricação de produtos de metal, exceto máquinas e equipamentos"
1991,5800,0.026985748281942258,Refino de petróleo e coquerias,Edição e edição integrada à impressão
5800,6980,0.026983706908730764,Edição e edição integrada à impressão,"Atividades jurídicas, contábeis, consultoria e sedes de empresas "
1091,2100,0.026953105915784713,"Abate e produtos de carne, inclusive os produtos do laticínio e da pesca",Fabricação de produtos farmoquímicos e farmacêuticos
8400,9080,0.02692527859049046,"Administração pública, defesa e seguridade social","Atividades artísticas, criativas e de espetáculos"
2091,6280,0.026918089376755754,"Fabricação de químicos orgânicos e inorgânicos, resinas e elastômeros",Desenvolvimento de sistemas e outros serviços de informação
5800,8400,0.026901167584917115,Edição e edição integrada à impressão,"Administração pública, defesa e seguridade social"
2300,6800,0.02688757126879568,Fabricação de produtos de minerais não metálicos,Atividades imobiliárias
3000,5500,0.026800045924876604,"Fabricação de outros equipamentos de transporte, exceto veículos automotores",Alojamento
2492,6800,0.02677207540869392,Metalurgia de metais não ferosos e a fundição de metais,Atividades imobiliárias
1600,8000,0.026760489049291736,Fabricação de produtos da madeira,"Atividades de vigilância, segurança e investigação"
2700,8000,0.026727273376067298,Fabricação de máquinas e equipamentos elétricos,"Atividades de vigilância, segurança e investigação"
2491,9080,0.02671458448707436,"Produção de ferro gusa/ferroligas, siderurgia e tubos de aço sem costura","Atividades artísticas, criativas e de espetáculos"
2300,2600,0.026669993844400885,Fabricação de produtos de minerais não metálicos,"Fabricação de equipamentos de informática, produtos eletrônicos e ópticos"
1200,5500,0.026473072828361782,Fabricação de produtos do fumo,Alojamento
6800,7880,0.02643214623443531,Atividades imobiliárias,Outras atividades administrativas e serviços complementares
1500,5500,0.02638285649322307,Fabricação de calçados e de artefatos de couro,Alojamento
1092,8591,0.026373967257955513,Fabricação e refino de açúcar,Educação pública
2100,5500,0.026330380615909196,Fabricação de produtos farmoquímicos e farmacêuticos,Alojamento
1800,5100,0.02632189352939197,Impressão e reprodução de gravações,Transporte aéreo
3500,3680,0.02631659357159693,"Energia elétrica, gás natural e outras utilidades","Água, esgoto e gestão de resíduos"
1800,8692,0.02630053109293338,Impressão e reprodução de gravações,Saúde privada
0280,1091,0.02628491951464042,Produção florestal; pesca e aquicultura,"Abate e produtos de carne, inclusive os produtos do laticínio e da pesca"
6800,8692,0.02626412397773425,Atividades imobiliárias,Saúde privada
1091,2800,0.026244869216127117,"Abate e produtos de carne, inclusive os produtos do laticínio e da pesca",Fabricação de máquinas e equipamentos mecânicos
5000,8400,0.02623963757225249,Transporte aquaviário,"Administração pública, defesa e seguridade social"
1500,8000,0.026229773609820674,Fabricação de calçados e de artefatos de couro,"Atividades de vigilância, segurança e investigação"
0192,6280,0.026229718996052958,"Pecuária, inclusive o apoio à pecuária",Desenvolvimento de sistemas e outros serviços de informação
0191,8000,0.026107203865020776,"Agricultura, inclusive o apoio à agricultura e a pós-colheita","Atividades de vigilância, segurança e investigação"
7180,8692,0.026031768709744926,"Serviços de arquitetura, engenharia, testes/análises técnicas e P & D",Saúde privada
1800,9480,0.025995063288914894,Impressão e reprodução de gravações,Organizações associativas e outros serviços pessoais
1992,2600,0.02594866611399708,Fabricação de biocombustíveis,"Fabricação de equipamentos de informática, produtos eletrônicos e ópticos"
2100,3180,0.025911440479188048,Fabricação de produtos farmoquímicos e farmacêuticos,Fabricação de móveis e de produtos de indústrias diversas
0280,1992,0.02590267543416639,Produção florestal; pesca e aquicultura,Fabricação de biocombustíveis
0280,4580,0.025878565692188035,Produção florestal; pesca e aquicultura,Comércio por atacado e varejo
6800,8400,0.025834606740722257,Atividades imobiliárias,"Administração pública, defesa e seguridade social"
1091,3680,0.025833609887249837,"Abate e produtos de carne, inclusive os produtos do laticínio e da pesca","Água, esgoto e gestão de resíduos"
4180,5980,0.025730317640070284,Construção,"Atividades de televisão, rádio, cinema e  gravação/edição de som e imagem"
7700,9080,0.025681058969216877,Aluguéis não imobiliários e gestão de ativos de propriedade intelectual,"Atividades artísticas, criativas e de espetáculos"
1100,2492,0.025669119647862216,Fabricação de bebidas,Metalurgia de metais não ferosos e a fundição de metais
3500,7700,0.025609288157846466,"Energia elétrica, gás natural e outras utilidades",Aluguéis não imobiliários e gestão de ativos de propriedade intelectual
1091,5500,0.025546399970384288,"Abate e produtos de carne, inclusive os produtos do laticínio e da pesca",Alojamento
3500,5980,0.025511651963962007,"Energia elétrica, gás natural e outras utilidades","Atividades de televisão, rádio, cinema e  gravação/edição de som e imagem"
1100,2500,0.025363911804806443,Fabricação de bebidas,"Fabricação de produtos de metal, exceto máquinas e equipamentos"
1500,6280,0.025331497134521805,Fabricação de calçados e de artefatos de couro,Desenvolvimento de sistemas e outros serviços de informação
1800,2700,0.02529343831910705,Impressão e reprodução de gravações,Fabricação de máquinas e equipamentos elétricos
1800,2800,0.025248611579691917,Impressão e reprodução de gravações,Fabricação de máquinas e equipamentos mecânicos
2093,6280,0.025240860803592634,"Fabricação de produtos de limpeza, cosméticos/perfumaria e higiene pessoal",Desenvolvimento de sistemas e outros serviços de informação
0792,1092,0.025058098195302653,"Extração de minerais metálicos não ferrosos, inclusive beneficiamentos",Fabricação e refino de açúcar
2091,8000,0.02492234626710469,"Fabricação de químicos orgânicos e inorgânicos, resinas e elastômeros","Atividades de vigilância, segurança e investigação"
1600,5980,0.024916148567352775,Fabricação de produtos da madeira,"Atividades de televisão, rádio, cinema e  gravação/edição de som e imagem"
1093,7180,0.024913586633836707,Outros produtos alimentares,"Serviços de arquitetura, engenharia, testes/análises técnicas e P & D"
1600,6280,0.024898268086480463,Fabricação de produtos da madeira,Desenvolvimento de sistemas e outros serviços de informação
3300,5800,0.02487725737193371,"Manutenção, reparação e instalação de máquinas e equipamentos",Edição e edição integrada à impressão
2600,3000,0.02482729891759162,"Fabricação de equipamentos de informática, produtos eletrônicos e ópticos","Fabricação de outros equipamentos de transporte, exceto veículos automotores"
0192,1800,0.024805332669197194,"Pecuária, inclusive o apoio à pecuária",Impressão e reprodução de gravações
2100,4180,0.0246827314387024,Fabricação de produtos farmoquímicos e farmacêuticos,Construção
5000,7880,0.024621001813618273,Transporte aquaviário,Outras atividades administrativas e serviços complementares
5100,5500,0.024576777878931078,Transporte aéreo,Alojamento
1091,5980,0.024438003144291915,"Abate e produtos de carne, inclusive os produtos do laticínio e da pesca","Atividades de televisão, rádio, cinema e  gravação/edição de som e imagem"
1300,5500,0.024390572605072824,Fabricação de produtos têxteis,Alojamento
1600,1800,0.024315156185464776,Fabricação de produtos da madeira,Impressão e reprodução de gravações
0280,0791,0.02430229565828807,Produção florestal; pesca e aquicultura,"Extração de minério de ferro, inclusive beneficiamentos e a aglomeração"
1400,7180,0.024276787038146102,Confecção de artefatos do vestuário e acessórios,"Serviços de arquitetura, engenharia, testes/análises técnicas e P & D"
5500,6280,0.02426642429967512,Alojamento,Desenvolvimento de sistemas e outros serviços de informação
1092,8692,0.024234541246807018,Fabricação e refino de açúcar,Saúde privada
0792,5000,0.0241970578204942,"Extração de minerais metálicos não ferrosos, inclusive beneficiamentos",Transporte aquaviário
5600,6280,0.02418326162888692,Alimentação,Desenvolvimento de sistemas e outros serviços de informação
2700,5000,0.02416923072096287,Fabricação de máquinas e equipamentos elétricos,Transporte aquaviário
1100,2092,0.02414372718955777,Fabricação de bebidas,"Fabricação de defensivos, desinfestantes, tintas e químicos diversos"
3680,6800,0.024142749014803993,"Água, esgoto e gestão de resíduos",Atividades imobiliárias
2600,5100,0.024123903372279563,"Fabricação de equipamentos de informática, produtos eletrônicos e ópticos",Transporte aéreo
1800,2093,0.024112227715989924,Impressão e reprodução de gravações,"Fabricação de produtos de limpeza, cosméticos/perfumaria e higiene pessoal"
3680,6280,0.024096282960829316,"Água, esgoto e gestão de resíduos",Desenvolvimento de sistemas e outros serviços de informação
2992,6800,0.024056297970151724,Fabricação de peças e acessórios para veículos automotores,Atividades imobiliárias
2093,5000,0.02405537430895329,"Fabricação de produtos de limpeza, cosméticos/perfumaria e higiene pessoal",Transporte aquaviário
5280,9080,0.024049654184742714,"Armazenamento, atividades auxiliares dos transportes e correio","Atividades artísticas, criativas e de espetáculos"
1400,4180,0.02396811933482923,Confecção de artefatos do vestuário e acessórios,Construção
2492,9080,0.02396128058228402,Metalurgia de metais não ferosos e a fundição de metais,"Atividades artísticas, criativas e de espetáculos"
3180,5500,0.02393349955878077,Fabricação de móveis e de produtos de indústrias diversas,Alojamento
2092,6800,0.02391322999748503,"Fabricação de defensivos, desinfestantes, tintas e químicos diversos",Atividades imobiliárias
0580,6280,0.023850827853135494,Extração de carvão mineral e de minerais não metálicos,Desenvolvimento de sistemas e outros serviços de informação
5500,7380,0.023770557110176435,Alojamento,"Outras atividades profissionais, científicas e técnicas"
2093,5500,0.0237703176431132,"Fabricação de produtos de limpeza, cosméticos/perfumaria e higiene pessoal",Alojamento
0191,2600,0.023714767289947432,"Agricultura, inclusive o apoio à agricultura e a pós-colheita","Fabricação de equipamentos de informática, produtos eletrônicos e ópticos"
6100,6800,0.02370298483274442,Telecomunicações,Atividades imobiliárias
5000,8692,0.023696509117479843,Transporte aquaviário,Saúde privada
0192,5000,0.02369113858232706,"Pecuária, inclusive o apoio à pecuária",Transporte aquaviário
1100,1992,0.023639460816008005,Fabricação de bebidas,Fabricação de biocombustíveis
5500,6980,0.023603773946603086,Alojamento,"Atividades jurídicas, contábeis, consultoria e sedes de empresas "
2092,5800,0.023588099227143517,"Fabricação de defensivos, desinfestantes, tintas e químicos diversos",Edição e edição integrada à impressão
1092,1500,0.02354599877610146,Fabricação e refino de açúcar,Fabricação de calçados e de artefatos de couro
1091,3000,0.023543446077477975,"Abate e produtos de carne, inclusive os produtos do laticínio e da pesca","Fabricação de outros equipamentos de transporte, exceto veículos automotores"
1093,5500,0.0235237255820841,Outros produtos alimentares,Alojamento
0792,7380,0.023438048742036397,"Extração de minerais metálicos não ferrosos, inclusive beneficiamentos","Outras atividades profissionais, científicas e técnicas"
1800,6280,0.023394958409304598,Impressão e reprodução de gravações,Desenvolvimento de sistemas e outros serviços de informação
0580,5980,0.023382201412050215,Extração de carvão mineral e de minerais não metálicos,"Atividades de televisão, rádio, cinema e  gravação/edição de som e imagem"
0792,1400,0.02337994921442429,"Extração de minerais metálicos não ferrosos, inclusive beneficiamentos",Confecção de artefatos do vestuário e acessórios
2093,8000,0.023379252703442696,"Fabricação de produtos de limpeza, cosméticos/perfumaria e higiene pessoal","Atividades de vigilância, segurança e investigação"
1100,3300,0.023309034487296425,Fabricação de bebidas,"Manutenção, reparação e instalação de máquinas e equipamentos"
0580,5000,0.023249031706291806,Extração de carvão mineral e de minerais não metálicos,Transporte aquaviário
2091,5980,0.023179755769623323,"Fabricação de químicos orgânicos e inorgânicos, resinas e elastômeros","Atividades de televisão, rádio, cinema e  gravação/edição de som e imagem"
8000,8692,0.023099284834759128,"Atividades de vigilância, segurança e investigação",Saúde privada
0580,5500,0.023045894933646015,Extração de carvão mineral e de minerais não metálicos,Alojamento
1100,5280,0.023030268464342734,Fabricação de bebidas,"Armazenamento, atividades auxiliares dos transportes e correio"
0280,4900,0.022977020815090857,Produção florestal; pesca e aquicultura,Transporte terrestre
6800,9480,0.022912374254160192,Atividades imobiliárias,Organizações associativas e outros serviços pessoais
1100,2200,0.022875640426556168,Fabricação de bebidas,Fabricação de produtos de borracha e de material plástico
1092,1600,0.02287446696708545,Fabricação e refino de açúcar,Fabricação de produtos da madeira
0792,2100,0.02285932136486919,"Extração de minerais metálicos não ferrosos, inclusive beneficiamentos",Fabricação de produtos farmoquímicos e farmacêuticos
2492,5800,0.022815407420003195,Metalurgia de metais não ferosos e a fundição de metais,Edição e edição integrada à impressão
2992,5800,0.022808696258961522,Fabricação de peças e acessórios para veículos automotores,Edição e edição integrada à impressão
0280,2300,0.02279748473077957,Produção florestal; pesca e aquicultura,Fabricação de produtos de minerais não metálicos
2091,2600,0.022772992561626085,"Fabricação de químicos orgânicos e inorgânicos, resinas e elastômeros","Fabricação de equipamentos de informática, produtos eletrônicos e ópticos"
4180,8000,0.022720625653970854,Construção,"Atividades de vigilância, segurança e investigação"
6800,7380,0.022655369330853766,Atividades imobiliárias,"Outras atividades profissionais, científicas e técnicas"
1500,1800,0.022633717955002696,Fabricação de calçados e de artefatos de couro,Impressão e reprodução de gravações
1100,2992,0.02260897805322401,Fabricação de bebidas,Fabricação de peças e acessórios para veículos automotores
1700,9080,0.022526801548030738,"Fabricação de celulose, papel e produtos de papel","Atividades artísticas, criativas e de espetáculos"
1700,6800,0.022488687990179695,"Fabricação de celulose, papel e produtos de papel",Atividades imobiliárias
0280,1200,0.02248707917896565,Produção florestal; pesca e aquicultura,Fabricação de produtos do fumo
1400,2100,0.0224342925368866,Confecção de artefatos do vestuário e acessórios,Fabricação de produtos farmoquímicos e farmacêuticos
0280,2992,0.02198437628962829,Produção florestal; pesca e aquicultura,Fabricação de peças e acessórios para veículos automotores
1100,8592,0.021960351367326006,Fabricação de bebidas,Educação privada
5800,8692,0.02193489706752446,Edição e edição integrada à impressão,Saúde privada
3500,5000,0.02185956257260889,"Energia elétrica, gás natural e outras utilidades",Transporte aquaviário
4180,5000,0.02185364436300303,Construção,Transporte aquaviário
1091,3180,0.021831120449408284,"Abate e produtos de carne, inclusive os produtos do laticínio e da pesca",Fabricação de móveis e de produtos de indústrias diversas
6280,8000,0.021822593658551038,Desenvolvimento de sistemas e outros serviços de informação,"Atividades de vigilância, segurança e investigação"
1091,7180,0.02180830197439002,"Abate e produtos de carne, inclusive os produtos do laticínio e da pesca","Serviços de arquitetura, engenharia, testes/análises técnicas e P & D"
0792,6280,0.02167105445722326,"Extração de minerais metálicos não ferrosos, inclusive beneficiamentos",Desenvolvimento de sistemas e outros serviços de informação
8591,9080,0.021669836611274303,Educação pública,"Atividades artísticas, criativas e de espetáculos"
2992,9080,0.02163054334646572,Fabricação de peças e acessórios para veículos automotores,"Atividades artísticas, criativas e de espetáculos"
6100,7180,0.021609598327608892,Telecomunicações,"Serviços de arquitetura, engenharia, testes/análises técnicas e P & D"
1092,2800,0.021552038501524207,Fabricação e refino de açúcar,Fabricação de máquinas e equipamentos mecânicos
6980,9080,0.021365509001504215,"Atividades jurídicas, contábeis, consultoria e sedes de empresas ","Atividades artísticas, criativas e de espetáculos"
7880,9080,0.021342962061600378,Outras atividades administrativas e serviços complementares,"Atividades artísticas, criativas e de espetáculos"
1100,2300,0.021337949849252805,Fabricação de bebidas,Fabricação de produtos de minerais não metálicos
0191,1100,0.0213277595430362,"Agricultura, inclusive o apoio à agricultura e a pós-colheita",Fabricação de bebidas
1100,3680,0.02131527682725791,Fabricação de bebidas,"Água, esgoto e gestão de resíduos"
3180,6280,0.021242759158150205,Fabricação de móveis e de produtos de indústrias diversas,Desenvolvimento de sistemas e outros serviços de informação
1200,1800,0.021207809629289975,Fabricação de produtos do fumo,Impressão e reprodução de gravações
1100,1700,0.021115598388664447,Fabricação de bebidas,"Fabricação de celulose, papel e produtos de papel"
5800,6280,0.021074991374948754,Edição e edição integrada à impressão,Desenvolvimento de sistemas e outros serviços de informação
7180,7880,0.021062462242892908,"Serviços de arquitetura, engenharia, testes/análises técnicas e P & D",Outras atividades administrativas e serviços complementares
1093,1100,0.021045969853431674,Outros produtos alimentares,Fabricação de bebidas
1300,7180,0.020973904726054406,Fabricação de produtos têxteis,"Serviços de arquitetura, engenharia, testes/análises técnicas e P & D"
1500,5000,0.020947838415198098,Fabricação de calçados e de artefatos de couro,Transporte aquaviário
0792,1091,0.020855956669201682,"Extração de minerais metálicos não ferrosos, inclusive beneficiamentos","Abate e produtos de carne, inclusive os produtos do laticínio e da pesca"
1091,4180,0.02079297503617204,"Abate e produtos de carne, inclusive os produtos do laticínio e da pesca",Construção
7180,9480,0.02075760042622414,"Serviços de arquitetura, engenharia, testes/análises técnicas e P & D",Organizações associativas e outros serviços pessoais
6800,8591,0.020679452678766128,Atividades imobiliárias,Educação pública
5800,9480,0.020634731371583653,Edição e edição integrada à impressão,Organizações associativas e outros serviços pessoais
1100,7880,0.020604978638661262,Fabricação de bebidas,Outras atividades administrativas e serviços complementares
5600,6800,0.020523180621366967,Alimentação,Atividades imobiliárias
1800,3000,0.020522599118539788,Impressão e reprodução de gravações,"Fabricação de outros equipamentos de transporte, exceto veículos automotores"
1092,1300,0.020401442484180153,Fabricação e refino de açúcar,Fabricação de produtos têxteis
1100,6980,0.020388829164550152,Fabricação de bebidas,"Atividades jurídicas, contábeis, consultoria e sedes de empresas "
1100,3500,0.020375578725398424,Fabricação de bebidas,"Energia elétrica, gás natural e outras utilidades"
5000,5600,0.020346190568206305,Transporte aquaviário,Alimentação
1092,2700,0.020271161588327334,Fabricação e refino de açúcar,Fabricação de máquinas e equipamentos elétricos
0280,2091,0.020241712899401482,Produção florestal; pesca e aquicultura,"Fabricação de químicos orgânicos e inorgânicos, resinas e elastômeros"
0280,0680,0.020209112538903385,Produção florestal; pesca e aquicultura,"Extração de petróleo e gás, inclusive as atividades de apoio"
2500,6800,0.020159073083358955,"Fabricação de produtos de metal, exceto máquinas e equipamentos",Atividades imobiliárias
1992,6800,0.02015409536129452,Fabricação de biocombustíveis,Atividades imobiliárias
2300,9080,0.020153728781710664,Fabricação de produtos de minerais não metálicos,"Atividades artísticas, criativas e de espetáculos"
3500,5800,0.020140978824132592,"Energia elétrica, gás natural e outras utilidades",Edição e edição integrada à impressão
3680,7700,0.020076927578537327,"Água, esgoto e gestão de resíduos",Aluguéis não imobiliários e gestão de ativos de propriedade intelectual
1091,5000,0.02005377557614569,"Abate e produtos de carne, inclusive os produtos do laticínio e da pesca",Transporte aquaviário
0192,8000,0.020023374290687714,"Pecuária, inclusive o apoio à pecuária","Atividades de vigilância, segurança e investigação"
0280,2500,0.020022843198391753,Produção florestal; pesca e aquicultura,"Fabricação de produtos de metal, exceto máquinas e equipamentos"
5600,7180,0.019968540596020583,Alimentação,"Serviços de arquitetura, engenharia, testes/análises técnicas e P & D"
1092,9480,0.01994539906413163,Fabricação e refino de açúcar,Organizações associativas e outros serviços pessoais
3500,6800,0.01993590506045571,"Energia elétrica, gás natural e outras utilidades",Atividades imobiliárias
2600,4180,0.019929830696330263,"Fabricação de equipamentos de informática, produtos eletrônicos e ópticos",Construção
1092,8400,0.01985886991103298,Fabricação e refino de açúcar,"Administração pública, defesa e seguridade social"
0580,1800,0.01985287746356056,Extração de carvão mineral e de minerais não metálicos,Impressão e reprodução de gravações
1300,5980,0.019789220395850286,Fabricação de produtos têxteis,"Atividades de televisão, rádio, cinema e  gravação/edição de som e imagem"
5000,9480,0.0197483842232442,Transporte aquaviário,Organizações associativas e outros serviços pessoais
1800,5600,0.019723458934691098,Impressão e reprodução de gravações,Alimentação
1092,3500,0.019633169595046827,Fabricação e refino de açúcar,"Energia elétrica, gás natural e outras utilidades"
1091,1400,0.01961812774664211,"Abate e produtos de carne, inclusive os produtos do laticínio e da pesca",Confecção de artefatos do vestuário e acessórios
1093,6280,0.019590253091791743,Outros produtos alimentares,Desenvolvimento de sistemas e outros serviços de informação
1991,6800,0.019506000209900048,Refino de petróleo e coquerias,Atividades imobiliárias
0792,5500,0.01946564516654506,"Extração de minerais metálicos não ferrosos, inclusive beneficiamentos",Alojamento
2092,9080,0.01945758996718103,"Fabricação de defensivos, desinfestantes, tintas e químicos diversos","Atividades artísticas, criativas e de espetáculos"
3180,8000,0.01943056156039518,Fabricação de móveis e de produtos de indústrias diversas,"Atividades de vigilância, segurança e investigação"
1093,5000,0.019337246729618177,Outros produtos alimentares,Transporte aquaviário
3180,5000,0.01933651950618378,Fabricação de móveis e de produtos de indústrias diversas,Transporte aquaviário
2500,5800,0.019328023806056357,"Fabricação de produtos de metal, exceto máquinas e equipamentos",Edição e edição integrada à impressão
0280,8691,0.019228712570128766,Produção florestal; pesca e aquicultura,Saúde pública
0192,2600,0.019198717899587273,"Pecuária, inclusive o apoio à pecuária","Fabricação de equipamentos de informática, produtos eletrônicos e ópticos"
1992,5800,0.01918291469909366,Fabricação de biocombustíveis,Edição e edição integrada à impressão
2300,5800,0.019137764247894724,Fabricação de produtos de minerais não metálicos,Edição e edição integrada à impressão
1400,5500,0.019109460254192003,Confecção de artefatos do vestuário e acessórios,Alojamento
2093,2600,0.01897491733202319,"Fabricação de produtos de limpeza, cosméticos/perfumaria e higiene pessoal","Fabricação de equipamentos de informática, produtos eletrônicos e ópticos"
1092,4180,0.018942753560989962,Fabricação e refino de açúcar,Construção
1200,5000,0.018848619799415323,Fabricação de produtos do fumo,Transporte aquaviário
5800,7880,0.018826366741726313,Edição e edição integrada à impressão,Outras atividades administrativas e serviços complementares
1092,1100,0.01880259966967932,Fabricação e refino de açúcar,Fabricação de bebidas
1600,2600,0.01879562721361651,Fabricação de produtos da madeira,"Fabricação de equipamentos de informática, produtos eletrônicos e ópticos"
2091,5800,0.018782302179838988,"Fabricação de químicos orgânicos e inorgânicos, resinas e elastômeros",Edição e edição integrada à impressão
7380,8000,0.01875283076538977,"Outras atividades profissionais, científicas e técnicas","Atividades de vigilância, segurança e investigação"
1800,3180,0.018727086093835287,Impressão e reprodução de gravações,Fabricação de móveis e de produtos de indústrias diversas
5000,6980,0.018696352021897514,Transporte aquaviário,"Atividades jurídicas, contábeis, consultoria e sedes de empresas "
1800,3680,0.0185357919690848,Impressão e reprodução de gravações,"Água, esgoto e gestão de resíduos"
3300,6800,0.018530848643503104,"Manutenção, reparação e instalação de máquinas e equipamentos",Atividades imobiliárias
0191,5800,0.01851232888288855,"Agricultura, inclusive o apoio à agricultura e a pós-colheita",Edição e edição integrada à impressão
0792,8000,0.018379858858404312,"Extração de minerais metálicos não ferrosos, inclusive beneficiamentos","Atividades de vigilância, segurança e investigação"
8000,9480,0.018326954254990452,"Atividades de vigilância, segurança e investigação",Organizações associativas e outros serviços pessoais
1991,9080,0.018299496192539996,Refino de petróleo e coquerias,"Atividades artísticas, criativas e de espetáculos"
0280,5600,0.018271251482837047,Produção florestal; pesca e aquicultura,Alimentação
2500,9080,0.01825519161962151,"Fabricação de produtos de metal, exceto máquinas e equipamentos","Atividades artísticas, criativas e de espetáculos"
3300,9080,0.01814948700394146,"Manutenção, reparação e instalação de máquinas e equipamentos","Atividades artísticas, criativas e de espetáculos"
1300,1800,0.01812151352008603,Fabricação de produtos têxteis,Impressão e reprodução de gravações
1800,5980,0.018118494234570973,Impressão e reprodução de gravações,"Atividades de televisão, rádio, cinema e  gravação/edição de som e imagem"
6280,7180,0.01808238729149109,Desenvolvimento de sistemas e outros serviços de informação,"Serviços de arquitetura, engenharia, testes/análises técnicas e P & D"
1100,2091,0.018070055419814043,Fabricação de bebidas,"Fabricação de químicos orgânicos e inorgânicos, resinas e elastômeros"
0280,2092,0.018027620609397117,Produção florestal; pesca e aquicultura,"Fabricação de defensivos, desinfestantes, tintas e químicos diversos"
2600,3680,0.017990078263989604,"Fabricação de equipamentos de informática, produtos eletrônicos e ópticos","Água, esgoto e gestão de resíduos"
5000,7180,0.0179895867321594,Transporte aquaviário,"Serviços de arquitetura, engenharia, testes/análises técnicas e P & D"
1400,6280,0.017981439331148475,Confecção de artefatos do vestuário e acessórios,Desenvolvimento de sistemas e outros serviços de informação
1300,6280,0.017933373205394128,Fabricação de produtos têxteis,Desenvolvimento de sistemas e outros serviços de informação
2093,9080,0.01791285556095626,"Fabricação de produtos de limpeza, cosméticos/perfumaria e higiene pessoal","Atividades artísticas, criativas e de espetáculos"
1400,8000,0.017893697628305793,Confecção de artefatos do vestuário e acessórios,"Atividades de vigilância, segurança e investigação"
0191,6800,0.01786186052160818,"Agricultura, inclusive o apoio à agricultura e a pós-colheita",Atividades imobiliárias
1100,6100,0.017852463241735648,Fabricação de bebidas,Telecomunicações
2600,3180,0.01781097359635055,"Fabricação de equipamentos de informática, produtos eletrônicos e ópticos",Fabricação de móveis e de produtos de indústrias diversas
4180,6800,0.017699990537230426,Construção,Atividades imobiliárias
5000,7380,0.017671837056531182,Transporte aquaviário,"Outras atividades profissionais, científicas e técnicas"
1500,2600,0.017604123738685317,Fabricação de calçados e de artefatos de couro,"Fabricação de equipamentos de informática, produtos eletrônicos e ópticos"
0580,2600,0.017596351706941803,Extração de carvão mineral e de minerais não metálicos,"Fabricação de equipamentos de informática, produtos eletrônicos e ópticos"
0280,2492,0.01751143103435006,Produção florestal; pesca e aquicultura,Metalurgia de metais não ferosos e a fundição de metais
3680,5000,0.017454242946986546,"Água, esgoto e gestão de resíduos",Transporte aquaviário
1500,9080,0.017445765487451238,Fabricação de calçados e de artefatos de couro,"Atividades artísticas, criativas e de espetáculos"
0192,1100,0.017442269541004966,"Pecuária, inclusive o apoio à pecuária",Fabricação de bebidas
1200,2600,0.01743194823760966,Fabricação de produtos do fumo,"Fabricação de equipamentos de informática, produtos eletrônicos e ópticos"
0580,8000,0.017346641188856208,Extração de carvão mineral e de minerais não metálicos,"Atividades de vigilância, segurança e investigação"
2200,5800,0.017292387392370476,Fabricação de produtos de borracha e de material plástico,Edição e edição integrada à impressão
0792,2600,0.017266824903481463,"Extração de minerais metálicos não ferrosos, inclusive beneficiamentos","Fabricação de equipamentos de informática, produtos eletrônicos e ópticos"
5000,6280,0.01726449369777754,Transporte aquaviário,Desenvolvimento de sistemas e outros serviços de informação
0191,9080,0.01719745396768935,"Agricultura, inclusive o apoio à agricultura e a pós-colheita","Atividades artísticas, criativas e de espetáculos"
0280,1991,0.017127782103187536,Produção florestal; pesca e aquicultura,Refino de petróleo e coquerias
5100,9080,0.017089898343559066,Transporte aéreo,"Atividades artísticas, criativas e de espetáculos"
1093,1800,0.017067099101660023,Outros produtos alimentares,Impressão e reprodução de gravações
0280,1500,0.01705759043042861,Produção florestal; pesca e aquicultura,Fabricação de calçados e de artefatos de couro
7700,8000,0.017045195475754338,Aluguéis não imobiliários e gestão de ativos de propriedade intelectual,"Atividades de vigilância, segurança e investigação"
0792,5980,0.016964488831667075,"Extração de minerais metálicos não ferrosos, inclusive beneficiamentos","Atividades de televisão, rádio, cinema e  gravação/edição de som e imagem"
1992,9080,0.016961399231774584,Fabricação de biocombustíveis,"Atividades artísticas, criativas e de espetáculos"
1100,2800,0.016918717545101603,Fabricação de bebidas,Fabricação de máquinas e equipamentos mecânicos
1800,2100,0.016909913538825413,Impressão e reprodução de gravações,Fabricação de produtos farmoquímicos e farmacêuticos
2200,6800,0.01685008900724631,Fabricação de produtos de borracha e de material plástico,Atividades imobiliárias
1093,8000,0.016842306932493716,Outros produtos alimentares,"Atividades de vigilância, segurança e investigação"
1800,4180,0.01681736520786908,Impressão e reprodução de gravações,Construção
7180,7380,0.016800511303971203,"Serviços de arquitetura, engenharia, testes/análises técnicas e P & D","Outras atividades profissionais, científicas e técnicas"
6800,7700,0.016767108640090043,Atividades imobiliárias,Aluguéis não imobiliários e gestão de ativos de propriedade intelectual
2093,5800,0.016674619284758288,"Fabricação de produtos de limpeza, cosméticos/perfumaria e higiene pessoal",Edição e edição integrada à impressão
2700,6800,0.01666524635454904,Fabricação de máquinas e equipamentos elétricos,Atividades imobiliárias
8692,9080,0.016589726203456716,Saúde privada,"Atividades artísticas, criativas e de espetáculos"
0192,9080,0.016529205557686714,"Pecuária, inclusive o apoio à pecuária","Atividades artísticas, criativas e de espetáculos"
1100,2093,0.016471668570197044,Fabricação de bebidas,"Fabricação de produtos de limpeza, cosméticos/perfumaria e higiene pessoal"
0792,1800,0.016353204241652385,"Extração de minerais metálicos não ferrosos, inclusive beneficiamentos",Impressão e reprodução de gravações
2091,6800,0.016235672263452353,"Fabricação de químicos orgânicos e inorgânicos, resinas e elastômeros",Atividades imobiliárias
5500,5980,0.01622396963795103,Alojamento,"Atividades de televisão, rádio, cinema e  gravação/edição de som e imagem"
1800,7180,0.01620990587975926,Impressão e reprodução de gravações,"Serviços de arquitetura, engenharia, testes/análises técnicas e P & D"
1092,8592,0.01614436264877168,Fabricação e refino de açúcar,Educação privada
1300,5000,0.016135973283315227,Fabricação de produtos têxteis,Transporte aquaviário
1091,1100,0.01611858232927636,"Abate e produtos de carne, inclusive os produtos do laticínio e da pesca",Fabricação de bebidas
1300,8000,0.016046961865387985,Fabricação de produtos têxteis,"Atividades de vigilância, segurança e investigação"
5000,8000,0.0160068998792243,Transporte aquaviário,"Atividades de vigilância, segurança e investigação"
1500,5800,0.015987514489703893,Fabricação de calçados e de artefatos de couro,Edição e edição integrada à impressão
5100,6800,0.015984946163794835,Transporte aéreo,Atividades imobiliárias
2100,2600,0.015894557011291742,Fabricação de produtos farmoquímicos e farmacêuticos,"Fabricação de equipamentos de informática, produtos eletrônicos e ópticos"
3680,7380,0.015882037374891033,"Água, esgoto e gestão de resíduos","Outras atividades profissionais, científicas e técnicas"
1200,9080,0.015814737698528064,Fabricação de produtos do fumo,"Atividades artísticas, criativas e de espetáculos"
1092,3000,0.015785059068595203,Fabricação e refino de açúcar,"Fabricação de outros equipamentos de transporte, exceto veículos automotores"
0280,2093,0.01573120941669209,Produção florestal; pesca e aquicultura,"Fabricação de produtos de limpeza, cosméticos/perfumaria e higiene pessoal"
6280,6800,0.015689260313639694,Desenvolvimento de sistemas e outros serviços de informação,Atividades imobiliárias
1091,6280,0.015682092107666818,"Abate e produtos de carne, inclusive os produtos do laticínio e da pesca",Desenvolvimento de sistemas e outros serviços de informação
1400,1800,0.015641551782526006,Confecção de artefatos do vestuário e acessórios,Impressão e reprodução de gravações
1092,3180,0.01562691052403511,Fabricação e refino de açúcar,Fabricação de móveis e de produtos de indústrias diversas
2600,5600,0.015601693554614155,"Fabricação de equipamentos de informática, produtos eletrônicos e ópticos",Alimentação
1600,6800,0.015509852526613561,Fabricação de produtos da madeira,Atividades imobiliárias
2100,9080,0.01544314419852195,Fabricação de produtos farmoquímicos e farmacêuticos,"Atividades artísticas, criativas e de espetáculos"
5980,6800,0.015425315026751318,"Atividades de televisão, rádio, cinema e  gravação/edição de som e imagem",Atividades imobiliárias
1091,8000,0.015361117552179993,"Abate e produtos de carne, inclusive os produtos do laticínio e da pesca","Atividades de vigilância, segurança e investigação"
1200,5800,0.015280430001491083,Fabricação de produtos do fumo,Edição e edição integrada à impressão
5600,9080,0.015192131586379089,Alimentação,"Atividades artísticas, criativas e de espetáculos"
1092,6480,0.015143542336928426,Fabricação e refino de açúcar,"Intermediação financeira, seguros e previdência complementar"
2600,8000,0.015132572813453852,"Fabricação de equipamentos de informática, produtos eletrônicos e ópticos","Atividades de vigilância, segurança e investigação"
1100,7700,0.015122822783689696,Fabricação de bebidas,Aluguéis não imobiliários e gestão de ativos de propriedade intelectual
0192,5800,0.015119078659117656,"Pecuária, inclusive o apoio à pecuária",Edição e edição integrada à impressão
2700,9080,0.014946716086010574,Fabricação de máquinas e equipamentos elétricos,"Atividades artísticas, criativas e de espetáculos"
2700,5800,0.014937818493968195,Fabricação de máquinas e equipamentos elétricos,Edição e edição integrada à impressão
2800,5800,0.014934513060109338,Fabricação de máquinas e equipamentos mecânicos,Edição e edição integrada à impressão
2200,9080,0.01488320766989244,Fabricação de produtos de borracha e de material plástico,"Atividades artísticas, criativas e de espetáculos"
2800,6800,0.014652674708289078,Fabricação de máquinas e equipamentos mecânicos,Atividades imobiliárias
5500,7700,0.014614072040959358,Alojamento,Aluguéis não imobiliários e gestão de ativos de propriedade intelectual
0192,6800,0.014572402358086321,"Pecuária, inclusive o apoio à pecuária",Atividades imobiliárias
1100,1500,0.014482557568282277,Fabricação de bebidas,Fabricação de calçados e de artefatos de couro
2100,5000,0.014419421482792644,Fabricação de produtos farmoquímicos e farmacêuticos,Transporte aquaviário
5500,7180,0.01434276464211278,Alojamento,"Serviços de arquitetura, engenharia, testes/análises técnicas e P & D"
1100,2700,0.0143160669344227,Fabricação de bebidas,Fabricação de máquinas e equipamentos elétricos
3000,5800,0.01424627740103112,"Fabricação de outros equipamentos de transporte, exceto veículos automotores",Edição e edição integrada à impressão
5980,8000,0.014229707429709528,"Atividades de televisão, rádio, cinema e  gravação/edição de som e imagem","Atividades de vigilância, segurança e investigação"
3680,9080,0.014221569277802158,"Água, esgoto e gestão de resíduos","Atividades artísticas, criativas e de espetáculos"
1600,5800,0.014195414221891562,Fabricação de produtos da madeira,Edição e edição integrada à impressão
2093,6800,0.014140138005024143,"Fabricação de produtos de limpeza, cosméticos/perfumaria e higiene pessoal",Atividades imobiliárias
0280,4180,0.014135417030293258,Produção florestal; pesca e aquicultura,Construção
0280,3300,0.014128504178875458,Produção florestal; pesca e aquicultura,"Manutenção, reparação e instalação de máquinas e equipamentos"
1092,7700,0.014118125488650947,Fabricação e refino de açúcar,Aluguéis não imobiliários e gestão de ativos de propriedade intelectual
3680,7180,0.014116203142829221,"Água, esgoto e gestão de resíduos","Serviços de arquitetura, engenharia, testes/análises técnicas e P & D"
6800,9080,0.014080350170798235,Atividades imobiliárias,"Atividades artísticas, criativas e de espetáculos"
1100,2100,0.014040442990004818,Fabricação de bebidas,Fabricação de produtos farmoquímicos e farmacêuticos
2100,5800,0.013984047901364868,Fabricação de produtos farmoquímicos e farmacêuticos,Edição e edição integrada à impressão
0280,8591,0.013982704196818614,Produção florestal; pesca e aquicultura,Educação pública
1500,6800,0.013922353293574857,Fabricação de calçados e de artefatos de couro,Atividades imobiliárias
0580,6800,0.013903730193454434,Extração de carvão mineral e de minerais não metálicos,Atividades imobiliárias
0280,1300,0.01384829799418462,Produção florestal; pesca e aquicultura,Fabricação de produtos têxteis
2091,9080,0.013821984615094459,"Fabricação de químicos orgânicos e inorgânicos, resinas e elastômeros","Atividades artísticas, criativas e de espetáculos"
5600,5800,0.013793241195337619,Alimentação,Edição e edição integrada à impressão
1100,1600,0.013760521461912015,Fabricação de bebidas,Fabricação de produtos da madeira
1600,9080,0.013758372230325389,Fabricação de produtos da madeira,"Atividades artísticas, criativas e de espetáculos"
1400,5000,0.013732814989417367,Confecção de artefatos do vestuário e acessórios,Transporte aquaviário
1092,1400,0.013575487103574837,Fabricação e refino de açúcar,Confecção de artefatos do vestuário e acessórios
1100,3000,0.013458105729811291,Fabricação de bebidas,"Fabricação de outros equipamentos de transporte, exceto veículos automotores"
1200,6800,0.013410786880975682,Fabricação de produtos do fumo,Atividades imobiliárias
1093,2600,0.01334315615598815,Outros produtos alimentares,"Fabricação de equipamentos de informática, produtos eletrônicos e ópticos"
1092,7880,0.013338731251468316,Fabricação e refino de açúcar,Outras atividades administrativas e serviços complementares
1300,2600,0.013281095569639802,Fabricação de produtos têxteis,"Fabricação de equipamentos de informática, produtos eletrônicos e ópticos"
1092,5000,0.01320417551012625,Fabricação e refino de açúcar,Transporte aquaviário
0580,5800,0.01320325247112767,Extração de carvão mineral e de minerais não metálicos,Edição e edição integrada à impressão
3000,6800,0.013135331170710645,"Fabricação de outros equipamentos de transporte, exceto veículos automotores",Atividades imobiliárias
2800,9080,0.013118737193824778,Fabricação de máquinas e equipamentos mecânicos,"Atividades artísticas, criativas e de espetáculos"
1100,1200,0.013020015446368945,Fabricação de bebidas,Fabricação de produtos do fumo
5000,5980,0.013010582486912108,Transporte aquaviário,"Atividades de televisão, rádio, cinema e  gravação/edição de som e imagem"
0280,8692,0.01291794214155014,Produção florestal; pesca e aquicultura,Saúde privada
3000,9080,0.012821846390594001,"Fabricação de outros equipamentos de transporte, exceto veículos automotores","Atividades artísticas, criativas e de espetáculos"
0280,5280,0.0126551146895349,Produção florestal; pesca e aquicultura,"Armazenamento, atividades auxiliares dos transportes e correio"
1091,1800,0.012568153139645724,"Abate e produtos de carne, inclusive os produtos do laticínio e da pesca",Impressão e reprodução de gravações
0580,1100,0.012514401380724497,Extração de carvão mineral e de minerais não metálicos,Fabricação de bebidas
3680,5800,0.012483717603270916,"Água, esgoto e gestão de resíduos",Edição e edição integrada à impressão
0580,9080,0.012454128553510658,Extração de carvão mineral e de minerais não metálicos,"Atividades artísticas, criativas e de espetáculos"
1400,6800,0.012269592996829894,Confecção de artefatos do vestuário e acessórios,Atividades imobiliárias
1300,6800,0.012195639380505848,Fabricação de produtos têxteis,Atividades imobiliárias
1400,2600,0.012118027859064523,Confecção de artefatos do vestuário e acessórios,"Fabricação de equipamentos de informática, produtos eletrônicos e ópticos"
5500,5800,0.012014820198228615,Alojamento,Edição e edição integrada à impressão
3180,6800,0.011954143935932528,Fabricação de móveis e de produtos de indústrias diversas,Atividades imobiliárias
6800,8000,0.011920330721805966,Atividades imobiliárias,"Atividades de vigilância, segurança e investigação"
4180,5800,0.011895353805032927,Construção,Edição e edição integrada à impressão
6280,9080,0.01181356952595207,Desenvolvimento de sistemas e outros serviços de informação,"Atividades artísticas, criativas e de espetáculos"
2100,6800,0.01167794648426678,Fabricação de produtos farmoquímicos e farmacêuticos,Atividades imobiliárias
1800,5000,0.011604263656482688,Impressão e reprodução de gravações,Transporte aquaviário
5980,7180,0.0115976467623014,"Atividades de televisão, rádio, cinema e  gravação/edição de som e imagem","Serviços de arquitetura, engenharia, testes/análises técnicas e P & D"
1092,6980,0.011581614094165672,Fabricação e refino de açúcar,"Atividades jurídicas, contábeis, consultoria e sedes de empresas "
0280,3000,0.011572688690583675,Produção florestal; pesca e aquicultura,"Fabricação de outros equipamentos de transporte, exceto veículos automotores"
0280,2800,0.011533882397890263,Produção florestal; pesca e aquicultura,Fabricação de máquinas e equipamentos mecânicos
0280,8592,0.011459974092436376,Produção florestal; pesca e aquicultura,Educação privada
2600,5500,0.011420645186832487,"Fabricação de equipamentos de informática, produtos eletrônicos e ópticos",Alojamento
3680,5980,0.011252295697108,"Água, esgoto e gestão de resíduos","Atividades de televisão, rádio, cinema e  gravação/edição de som e imagem"
0280,7700,0.011250020864503578,Produção florestal; pesca e aquicultura,Aluguéis não imobiliários e gestão de ativos de propriedade intelectual
0280,2700,0.011234492438302868,Produção florestal; pesca e aquicultura,Fabricação de máquinas e equipamentos elétricos
3180,9080,0.011223305952092363,Fabricação de móveis e de produtos de indústrias diversas,"Atividades artísticas, criativas e de espetáculos"
1100,4180,0.011090467785409805,Fabricação de bebidas,Construção
3180,5800,0.011053035089976463,Fabricação de móveis e de produtos de indústrias diversas,Edição e edição integrada à impressão
0792,5800,0.011032406198417846,"Extração de minerais metálicos não ferrosos, inclusive beneficiamentos",Edição e edição integrada à impressão
1400,9080,0.010952283394059327,Confecção de artefatos do vestuário e acessórios,"Atividades artísticas, criativas e de espetáculos"
2600,5000,0.010930515753357937,"Fabricação de equipamentos de informática, produtos eletrônicos e ópticos",Transporte aquaviário
0280,6480,0.010927921063338212,Produção florestal; pesca e aquicultura,"Intermediação financeira, seguros e previdência complementar"
5500,6800,0.010873998836931272,Alojamento,Atividades imobiliárias
4180,9080,0.01083013090259273,Construção,"Atividades artísticas, criativas e de espetáculos"
1300,9080,0.010787821343738995,Fabricação de produtos têxteis,"Atividades artísticas, criativas e de espetáculos"
1093,5800,0.010708229024989054,Outros produtos alimentares,Edição e edição integrada à impressão
0280,0580,0.010678149987146453,Produção florestal; pesca e aquicultura,Extração de carvão mineral e de minerais não metálicos
1100,3180,0.010633313566866313,Fabricação de bebidas,Fabricação de móveis e de produtos de indústrias diversas
5500,9080,0.010557291321698945,Alojamento,"Atividades artísticas, criativas e de espetáculos"
1091,2600,0.010523992211955232,"Abate e produtos de carne, inclusive os produtos do laticínio e da pesca","Fabricação de equipamentos de informática, produtos eletrônicos e ópticos"
1800,9080,0.01046670084063964,Impressão e reprodução de gravações,"Atividades artísticas, criativas e de espetáculos"
1093,9080,0.01043534442839666,Outros produtos alimentares,"Atividades artísticas, criativas e de espetáculos"
1092,6100,0.010274789746339255,Fabricação e refino de açúcar,Telecomunicações
1100,1300,0.01013413969889697,Fabricação de bebidas,Fabricação de produtos têxteis
1300,5800,0.010085953785212237,Fabricação de produtos têxteis,Edição e edição integrada à impressão
5000,5800,0.009976821777217504,Transporte aquaviário,Edição e edição integrada à impressão
0792,1100,0.009945642006990801,"Extração de minerais metálicos não ferrosos, inclusive beneficiamentos",Fabricação de bebidas
1400,5800,0.00976104991605881,Confecção de artefatos do vestuário e acessórios,Edição e edição integrada à impressão
0280,8400,0.009742426069441585,Produção florestal; pesca e aquicultura,"Administração pública, defesa e seguridade social"
0792,6800,0.009742195274244459,"Extração de minerais metálicos não ferrosos, inclusive beneficiamentos",Atividades imobiliárias
1092,7180,0.00974114958278511,Fabricação e refino de açúcar,"Serviços de arquitetura, engenharia, testes/análises técnicas e P & D"
0280,7880,0.009738034290323948,Produção florestal; pesca e aquicultura,Outras atividades administrativas e serviços complementares
1800,8000,0.009681897690598573,Impressão e reprodução de gravações,"Atividades de vigilância, segurança e investigação"
1093,6800,0.009597671380898076,Outros produtos alimentares,Atividades imobiliárias
0280,1400,0.009582973523244399,Produção florestal; pesca e aquicultura,Confecção de artefatos do vestuário e acessórios
0280,9480,0.009581838736419069,Produção florestal; pesca e aquicultura,Organizações associativas e outros serviços pessoais
2600,5800,0.009412830261932311,"Fabricação de equipamentos de informática, produtos eletrônicos e ópticos",Edição e edição integrada à impressão
5500,8000,0.009379774234245413,Alojamento,"Atividades de vigilância, segurança e investigação"
0792,9080,0.009303954547052793,"Extração de minerais metálicos não ferrosos, inclusive beneficiamentos","Atividades artísticas, criativas e de espetáculos"
3500,8000,0.00927459506802749,"Energia elétrica, gás natural e outras utilidades","Atividades de vigilância, segurança e investigação"
0280,5100,0.009240949971729738,Produção florestal; pesca e aquicultura,Transporte aéreo
1800,5500,0.00917298437812453,Impressão e reprodução de gravações,Alojamento
5800,7180,0.009172770593939752,Edição e edição integrada à impressão,"Serviços de arquitetura, engenharia, testes/análises técnicas e P & D"
1100,1400,0.008871238085812182,Fabricação de bebidas,Confecção de artefatos do vestuário e acessórios
1800,6800,0.0087894037212485,Impressão e reprodução de gravações,Atividades imobiliárias
2600,9080,0.00864158574819619,"Fabricação de equipamentos de informática, produtos eletrônicos e ópticos","Atividades artísticas, criativas e de espetáculos"
1100,6280,0.008469831690603648,Fabricação de bebidas,Desenvolvimento de sistemas e outros serviços de informação
8000,9080,0.00842385819981325,"Atividades de vigilância, segurança e investigação","Atividades artísticas, criativas e de espetáculos"
1091,9080,0.008392088960676232,"Abate e produtos de carne, inclusive os produtos do laticínio e da pesca","Atividades artísticas, criativas e de espetáculos"
1091,5800,0.008330627808384701,"Abate e produtos de carne, inclusive os produtos do laticínio e da pesca",Edição e edição integrada à impressão
5800,9080,0.008126816593964236,Edição e edição integrada à impressão,"Atividades artísticas, criativas e de espetáculos"
1091,6800,0.008032759591457658,"Abate e produtos de carne, inclusive os produtos do laticínio e da pesca",Atividades imobiliárias
1092,3680,0.00798028518594367,Fabricação e refino de açúcar,"Água, esgoto e gestão de resíduos"
0280,7380,0.007935796133973355,Produção florestal; pesca e aquicultura,"Outras atividades profissionais, científicas e técnicas"
0280,2100,0.007809055365061146,Produção florestal; pesca e aquicultura,Fabricação de produtos farmoquímicos e farmacêuticos
0280,6100,0.007806278869503785,Produção florestal; pesca e aquicultura,Telecomunicações
5800,8000,0.007687390429178403,Edição e edição integrada à impressão,"Atividades de vigilância, segurança e investigação"
3680,8000,0.007644353885829219,"Água, esgoto e gestão de resíduos","Atividades de vigilância, segurança e investigação"
1100,9080,0.007585871169292575,Fabricação de bebidas,"Atividades artísticas, criativas e de espetáculos"
6800,7180,0.007427934496251861,Atividades imobiliárias,"Serviços de arquitetura, engenharia, testes/análises técnicas e P & D"
1100,7180,0.007414074110178512,Fabricação de bebidas,"Serviços de arquitetura, engenharia, testes/análises técnicas e P & D"
1092,7380,0.007411850783846202,Fabricação e refino de açúcar,"Outras atividades profissionais, científicas e técnicas"
1100,1800,0.0074016659469831984,Fabricação de bebidas,Impressão e reprodução de gravações
5800,6800,0.007344867259668173,Edição e edição integrada à impressão,Atividades imobiliárias
1092,1800,0.007240725060521193,Fabricação e refino de açúcar,Impressão e reprodução de gravações
0280,6980,0.0072318855423272165,Produção florestal; pesca e aquicultura,"Atividades jurídicas, contábeis, consultoria e sedes de empresas "
5000,5500,0.007142084374847177,Transporte aquaviário,Alojamento
2600,6800,0.0070797321853702175,"Fabricação de equipamentos de informática, produtos eletrônicos e ópticos",Atividades imobiliárias
0280,0792,0.00705921434116866,Produção florestal; pesca e aquicultura,"Extração de minerais metálicos não ferrosos, inclusive beneficiamentos"
0280,1800,0.006996094864376271,Produção florestal; pesca e aquicultura,Impressão e reprodução de gravações
0280,1092,0.006411341460500379,Produção florestal; pesca e aquicultura,Fabricação e refino de açúcar
5000,6800,0.006175457786832259,Transporte aquaviário,Atividades imobiliárias
1092,8000,0.006052635479376156,Fabricação e refino de açúcar,"Atividades de vigilância, segurança e investigação"
1100,2600,0.006027268821405145,Fabricação de bebidas,"Fabricação de equipamentos de informática, produtos eletrônicos e ópticos"
5000,9080,0.005955484813589029,Transporte aquaviário,"Atividades artísticas, criativas e de espetáculos"
1092,2600,0.005882721744739851,Fabricação e refino de açúcar,"Fabricação de equipamentos de informática, produtos eletrônicos e ópticos"
1100,8000,0.005715501595464834,Fabricação de bebidas,"Atividades de vigilância, segurança e investigação"
1092,5500,0.0056177421890747144,Fabricação e refino de açúcar,Alojamento
1092,6280,0.005546494476819437,Fabricação e refino de açúcar,Desenvolvimento de sistemas e outros serviços de informação
1100,5000,0.00554253297477174,Fabricação de bebidas,Transporte aquaviário
1100,5800,0.005497739625924647,Fabricação de bebidas,Edição e edição integrada à impressão
0280,5980,0.005419312246552567,Produção florestal; pesca e aquicultura,"Atividades de televisão, rádio, cinema e  gravação/edição de som e imagem"
7180,8000,0.005286499169460795,"Serviços de arquitetura, engenharia, testes/análises técnicas e P & D","Atividades de vigilância, segurança e investigação"
0280,5500,0.005139907356328254,Produção florestal; pesca e aquicultura,Alojamento
7180,9080,0.005124877814540681,"Serviços de arquitetura, engenharia, testes/análises técnicas e P & D","Atividades artísticas, criativas e de espetáculos"
0280,3680,0.004922498359627485,Produção florestal; pesca e aquicultura,"Água, esgoto e gestão de resíduos"
1092,5980,0.004837323132729898,Fabricação e refino de açúcar,"Atividades de televisão, rádio, cinema e  gravação/edição de som e imagem"
1100,6800,0.004254323933957598,Fabricação de bebidas,Atividades imobiliárias
0280,6280,0.004161886890173932,Produção florestal; pesca e aquicultura,Desenvolvimento de sistemas e outros serviços de informação
0280,2600,0.003947587839561197,Produção florestal; pesca e aquicultura,"Fabricação de equipamentos de informática, produtos eletrônicos e ópticos"
0280,5000,0.003828314740711421,Produção florestal; pesca e aquicultura,Transporte aquaviário
0280,7180,0.0037783255132885483,Produção florestal; pesca e aquicultura,"Serviços de arquitetura, engenharia, testes/análises técnicas e P & D"
0280,5800,0.003688248099973707,Produção florestal; pesca e aquicultura,Edição e edição integrada à impressão
1092,5800,0.003666872060114566,Fabricação e refino de açúcar,Edição e edição integrada à impressão
1092,6800,0.0033299746830081143,Fabricação e refino de açúcar,Atividades imobiliárias
0280,8000,0.002858839524265165,Produção florestal; pesca e aquicultura,"Atividades de vigilância, segurança e investigação"
0280,1100,0.0028080685732546884,Produção florestal; pesca e aquicultura,Fabricação de bebidas
1092,9080,0.002795406645043143,Fabricação e refino de açúcar,"Atividades artísticas, criativas e de espetáculos"
0280,6800,0.002586525361060466,Produção florestal; pesca e aquicultura,Atividades imobiliárias
0280,9080,0.0023358182490202106,Produção florestal; pesca e aquicultura,"Atividades artísticas, criativas e de espetáculos"
0191,9700,0.0,"Agricultura, inclusive o apoio à agricultura e a pós-colheita",Serviços domésticos
0192,9700,0.0,"Pecuária, inclusive o apoio à pecuária",Serviços domésticos
0280,9700,0.0,Produção florestal; pesca e aquicultura,Serviços domésticos
0580,9700,0.0,Extração de carvão mineral e de minerais não metálicos,Serviços domésticos
0680,9700,0.0,"Extração de petróleo e gás, inclusive as atividades de apoio",Serviços domésticos
0791,9700,0.0,"Extração de minério de ferro, inclusive beneficiamentos e a aglomeração",Serviços domésticos
0792,9700,0.0,"Extração de minerais metálicos não ferrosos, inclusive beneficiamentos",Serviços domésticos
1091,9700,0.0,"Abate e produtos de carne, inclusive os produtos do laticínio e da pesca",Serviços domésticos
1092,9700,0.0,Fabricação e refino de açúcar,Serviços domésticos
1093,9700,0.0,Outros produtos alimentares,Serviços domésticos
1100,9700,0.0,Fabricação de bebidas,Serviços domésticos
1200,9700,0.0,Fabricação de produtos do fumo,Serviços domésticos
1300,9700,0.0,Fabricação de produtos têxteis,Serviços domésticos
1400,9700,0.0,Confecção de artefatos do vestuário e acessórios,Serviços domésticos
1500,9700,0.0,Fabricação de calçados e de artefatos de couro,Serviços domésticos
1600,9700,0.0,Fabricação de produtos da madeira,Serviços domésticos
1700,9700,0.0,"Fabricação de celulose, papel e produtos de papel",Serviços domésticos
1800,9700,0.0,Impressão e reprodução de gravações,Serviços domésticos
1991,9700,0.0,Refino de petróleo e coquerias,Serviços domésticos
1992,9700,0.0,Fabricação de biocombustíveis,Serviços domésticos
2091,9700,0.0,"Fabricação de químicos orgânicos e inorgânicos, resinas e elastômeros",Serviços domésticos
2092,9700,0.0,"Fabricação de defensivos, desinfestantes, tintas e químicos diversos",Serviços domésticos
2093,9700,0.0,"Fabricação de produtos de limpeza, cosméticos/perfumaria e higiene pessoal",Serviços domésticos
2100,9700,0.0,Fabricação de produtos farmoquímicos e farmacêuticos,Serviços domésticos
2200,9700,0.0,Fabricação de produtos de borracha e de material plástico,Serviços domésticos
2300,9700,0.0,Fabricação de produtos de minerais não metálicos,Serviços domésticos
2491,9700,0.0,"Produção de ferro gusa/ferroligas, siderurgia e tubos de aço sem costura",Serviços domésticos
2492,9700,0.0,Metalurgia de metais não ferosos e a fundição de metais,Serviços domésticos
2500,9700,0.0,"Fabricação de produtos de metal, exceto máquinas e equipamentos",Serviços domésticos
2600,9700,0.0,"Fabricação de equipamentos de informática, produtos eletrônicos e ópticos",Serviços domésticos
2700,9700,0.0,Fabricação de máquinas e equipamentos elétricos,Serviços domésticos
2800,9700,0.0,Fabricação de máquinas e equipamentos mecânicos,Serviços domésticos
2991,9700,0.0,"Fabricação de automóveis, caminhões e ônibus, exceto peças",Serviços domésticos
2992,9700,0.0,Fabricação de peças e acessórios para veículos automotores,Serviços domésticos
3000,9700,0.0,"Fabricação de outros equipamentos de transporte, exceto veículos automotores",Serviços domésticos
3180,9700,0.0,Fabricação de móveis e de produtos de indústrias diversas,Serviços domésticos
3300,9700,0.0,"Manutenção, reparação e instalação de máquinas e equipamentos",Serviços domésticos
3500,9700,0.0,"Energia elétrica, gás natural e outras utilidades",Serviços domésticos
3680,9700,0.0,"Água, esgoto e gestão de resíduos",Serviços domésticos
4180,9700,0.0,Construção,Serviços domésticos
4580,9700,0.0,Comércio por atacado e varejo,Serviços domésticos
4900,9700,0.0,Transporte terrestre,Serviços domésticos
5000,9700,0.0,Transporte aquaviário,Serviços domésticos
5100,9700,0.0,Transporte aéreo,Serviços domésticos
5280,9700,0.0,"Armazenamento, atividades auxiliares dos transportes e correio",Serviços domésticos
5500,9700,0.0,Alojamento,Serviços domésticos
5600,9700,0.0,Alimentação,Serviços domésticos
5800,9700,0.0,Edição e edição integrada à impressão,Serviços domésticos
5980,9700,0.0,"Atividades de televisão, rádio, cinema e  gravação/edição de som e imagem",Serviços domésticos
6100,9700,0.0,Telecomunicações,Serviços domésticos
6280,9700,0.0,Desenvolvimento de sistemas e outros serviços de informação,Serviços domésticos
6480,9700,0.0,"Intermediação financeira, seguros e previdência complementar",Serviços domésticos
6800,9700,0.0,Atividades imobiliárias,Serviços domésticos
6980,9700,0.0,"Atividades jurídicas, contábeis, consultoria e sedes de empresas ",Serviços domésticos
7180,9700,0.0,"Serviços de arquitetura, engenharia, testes/análises técnicas e P & D",Serviços domésticos
7380,9700,0.0,"Outras atividades profissionais, científicas e técnicas",Serviços domésticos
7700,9700,0.0,Aluguéis não imobiliários e gestão de ativos de propriedade intelectual,Serviços domésticos
7880,9700,0.0,Outras atividades administrativas e serviços complementares,Serviços domésticos
8000,9700,0.0,"Atividades de vigilância, segurança e investigação",Serviços domésticos
8400,9700,0.0,"Administração pública, defesa e seguridade social",Serviços domésticos
8591,9700,0.0,Educação pública,Serviços domésticos
8592,9700,0.0,Educação privada,Serviços domésticos
8691,9700,0.0,Saúde pública,Serviços domésticos
8692,9700,0.0,Saúde privada,Serviços domésticos
9080,9700,0.0,"Atividades artísticas, criativas e de espetáculos",Serviços domésticos
9480,9700,0.0,Organizações associativas e outros serviços pessoais,Serviços domésticos
