cenario,grupo,componente,descricao,participacao_media
linhas_completa,G01,0191,"Agricultura, inclusive o apoio à agricultura e a pós-colheita",0.0010721995519185137
linhas_completa,G01,0192,"Pecuária, inclusive o apoio à pecuária",0.16635677204202984
linhas_completa,G01,0280,Produção florestal; pesca e aquicultura,0.0005775742121268719
linhas_completa,G01,0580,Extração de carvão mineral e de minerais não metálicos,5.6513877628021225e-06
linhas_completa,G01,0680,"Extração de petróleo e gás, inclusive as atividades de apoio",9.927492711465561e-05
linhas_completa,G01,0791,"Extração de minério de ferro, inclusive beneficiamentos e a aglomeração",7.1254527907175875e-06
linhas_completa,G01,0792,"Extração de minerais metálicos não ferrosos, inclusive beneficiamentos",8.809339955353681e-06
linhas_completa,G01,1091,"Abate e produtos de carne, inclusive os produtos do laticínio e da pesca",0.6689938255016399
linhas_completa,G01,1092,Fabricação e refino de açúcar,0.0002416896223770836
linhas_completa,G01,1093,Outros produtos alimentares,0.016849236939243308
linhas_completa,G01,1100,Fabricação de bebidas,0.0007324874469428972
linhas_completa,G01,1200,Fabricação de produtos do fumo,0.0010502371796645336
linhas_completa,G01,1300,Fabricação de produtos têxteis,0.0004731867172150812
linhas_completa,G01,1400,Confecção de artefatos do vestuário e acessórios,0.0013240176011905663
linhas_completa,G01,1500,Fabricação de calçados e de artefatos de couro,0.009540412568927719
linhas_completa,G01,1600,Fabricação de produtos da madeira,1.8680830143796976e-05
linhas_completa,G01,1700,"Fabricação de celulose, papel e produtos de papel",0.00022193062882154275
linhas_completa,G01,1800,Impressão e reprodução de gravações,4.541309880529632e-06
linhas_completa,G01,1991,Refino de petróleo e coquerias,0.0009696905031316247
linhas_completa,G01,1992,Fabricação de biocombustíveis,0.0017091587372001114
linhas_completa,G01,2091,"Fabricação de químicos orgânicos e inorgânicos, resinas e elastômeros",6.356932680661377e-05
linhas_completa,G01,2092,"Fabricação de defensivos, desinfestantes, tintas e químicos diversos",5.164792099887909e-05
linhas_completa,G01,2093,"Fabricação de produtos de limpeza, cosméticos/perfumaria e higiene pessoal",0.006177504632666099
linhas_completa,G01,2100,Fabricação de produtos farmoquímicos e farmacêuticos,0.0004584089187314662
linhas_completa,G01,2200,Fabricação de produtos de borracha e de material plástico,0.00012306455645608866
linhas_completa,G01,2300,Fabricação de produtos de minerais não metálicos,2.9191595410464634e-05
linhas_completa,G01,2491,"Produção de ferro gusa/ferroligas, siderurgia e tubos de aço sem costura",5.00765095911835e-06
linhas_completa,G01,2492,Metalurgia de metais não ferosos e a fundição de metais,2.343233697369177e-05
linhas_completa,G01,2500,"Fabricação de produtos de metal, exceto máquinas e equipamentos",0.00018200403786513113
linhas_completa,G01,2600,"Fabricação de equipamentos de informática, produtos eletrônicos e ópticos",0.0003836256746803602
linhas_completa,G01,2700,Fabricação de máquinas e equipamentos elétricos,0.0002349394692803407
linhas_completa,G01,2800,Fabricação de máquinas e equipamentos mecânicos,0.000492981458778363
linhas_completa,G01,2991,"Fabricação de automóveis, caminhões e ônibus, exceto peças",0.0009102562239573771
linhas_completa,G01,2992,Fabricação de peças e acessórios para veículos automotores,2.2865288016531247e-05
linhas_completa,G01,3000,"Fabricação de outros equipamentos de transporte, exceto veículos automotores",0.00013369718917753437
linhas_completa,G01,3180,Fabricação de móveis e de produtos de indústrias diversas,0.00047382424126910725
linhas_completa,G01,3300,"Manutenção, reparação e instalação de máquinas e equipamentos",5.957177310568853e-05
linhas_completa,G01,3500,"Energia elétrica, gás natural e outras utilidades",0.0003319328330203368
linhas_completa,G01,3680,"Água, esgoto e gestão de resíduos",8.559791064596239e-05
linhas_completa,G01,4180,Construção,0.005241512985231448
linhas_completa,G01,4580,Comércio por atacado e varejo,0.0046212351870442885
linhas_completa,G01,4900,Transporte terrestre,0.0004718518820586873
linhas_completa,G01,5000,Transporte aquaviário,5.446952257796943e-06
linhas_completa,G01,5100,Transporte aéreo,0.00013505859791493972
linhas_completa,G01,5280,"Armazenamento, atividades auxiliares dos transportes e correio",9.638328737531319e-05
linhas_completa,G01,5500,Alojamento,0.001535733337823273
linhas_completa,G01,5600,Alimentação,0.06544309241328802
linhas_completa,G01,5800,Edição e edição integrada à impressão,6.084833389234926e-05
linhas_completa,G01,5980,"Atividades de televisão, rádio, cinema e  gravação/edição de som e imagem",1.7957101727473004e-05
linhas_completa,G01,6100,Telecomunicações,0.0006230449093577076
linhas_completa,G01,6280,Desenvolvimento de sistemas e outros serviços de informação,0.00018196503092612572
linhas_completa,G01,6480,"Intermediação financeira, seguros e previdência complementar",0.0011295049118249052
linhas_completa,G01,6800,Atividades imobiliárias,0.00035264371038490496
linhas_completa,G01,6980,"Atividades jurídicas, contábeis, consultoria e sedes de empresas ",6.647606083380927e-05
linhas_completa,G01,7180,"Serviços de arquitetura, engenharia, testes/análises técnicas e P & D",4.0215994557498606e-05
linhas_completa,G01,7380,"Outras atividades profissionais, científicas e técnicas",1.0379550994423224e-05
linhas_completa,G01,7700,Aluguéis não imobiliários e gestão de ativos de propriedade intelectual,1.8011657828508077e-05
linhas_completa,G01,7880,Outras atividades administrativas e serviços complementares,0.00021834982200218524
linhas_completa,G01,8000,"Atividades de vigilância, segurança e investigação",9.709379805824275e-07
linhas_completa,G01,8400,"Administração pública, defesa e seguridade social",0.012906870704412668
linhas_completa,G01,8591,Educação pública,0.008547003995333355
linhas_completa,G01,8592,Educação privada,0.0012036356778217577
linhas_completa,G01,8691,Saúde pública,0.006062650715801426
linhas_completa,G01,8692,Saúde privada,0.005288761258219324
linhas_completa,G01,9080,"Atividades artísticas, criativas e de espetáculos",0.00015634483502349186
linhas_completa,G01,9480,Organizações associativas e outros serviços pessoais,0.0050644246092073145
linhas_completa,G01,9700,Serviços domésticos,0.0
linhas_completa,G02,0191,"Agricultura, inclusive o apoio à agricultura e a pós-colheita",0.008811649441672778
linhas_completa,G02,0192,"Pecuária, inclusive o apoio à pecuária",0.005949160151414854
linhas_completa,G02,0280,Produção florestal; pesca e aquicultura,0.0006221398823691432
linhas_completa,G02,0580,Extração de carvão mineral e de minerais não metálicos,0.011884532042242033
linhas_completa,G02,0680,"Extração de petróleo e gás, inclusive as atividades de apoio",0.0020598538616235697
linhas_completa,G02,0791,"Extração de minério de ferro, inclusive beneficiamentos e a aglomeração",9.91051058422764e-05
linhas_completa,G02,0792,"Extração de minerais metálicos não ferrosos, inclusive beneficiamentos",0.00012696473467090573
linhas_completa,G02,1091,"Abate e produtos de carne, inclusive os produtos do laticínio e da pesca",0.01517417874973021
linhas_completa,G02,1092,Fabricação e refino de açúcar,0.0010446040164877408
linhas_completa,G02,1093,Outros produtos alimentares,0.01686962458898302
linhas_completa,G02,1100,Fabricação de bebidas,0.007548467624983895
linhas_completa,G02,1200,Fabricação de produtos do fumo,0.0007441913695768414
linhas_completa,G02,1300,Fabricação de produtos têxteis,0.0013470450392364403
linhas_completa,G02,1400,Confecção de artefatos do vestuário e acessórios,0.0023584891480874196
linhas_completa,G02,1500,Fabricação de calçados e de artefatos de couro,0.0014901967994349723
linhas_completa,G02,1600,Fabricação de produtos da madeira,2.5678038436365463e-05
linhas_completa,G02,1700,"Fabricação de celulose, papel e produtos de papel",0.0008837853889157367
linhas_completa,G02,1800,Impressão e reprodução de gravações,3.7253016011833404e-05
linhas_completa,G02,1991,Refino de petróleo e coquerias,0.006425836739921837
linhas_completa,G02,1992,Fabricação de biocombustíveis,0.0027163486706069002
linhas_completa,G02,2091,"Fabricação de químicos orgânicos e inorgânicos, resinas e elastômeros",0.0032392632173595007
linhas_completa,G02,2092,"Fabricação de defensivos, desinfestantes, tintas e químicos diversos",0.0007256179905645878
linhas_completa,G02,2093,"Fabricação de produtos de limpeza, cosméticos/perfumaria e higiene pessoal",0.004741518218114966
linhas_completa,G02,2100,Fabricação de produtos farmoquímicos e farmacêuticos,0.0022596706510196658
linhas_completa,G02,2200,Fabricação de produtos de borracha e de material plástico,0.0016964299832654024
linhas_completa,G02,2300,Fabricação de produtos de minerais não metálicos,0.015550708412813523
linhas_completa,G02,2491,"Produção de ferro gusa/ferroligas, siderurgia e tubos de aço sem costura",0.0006707071983869387
linhas_completa,G02,2492,Metalurgia de metais não ferosos e a fundição de metais,0.0008012839053535294
linhas_completa,G02,2500,"Fabricação de produtos de metal, exceto máquinas e equipamentos",0.0042500612772802026
linhas_completa,G02,2600,"Fabricação de equipamentos de informática, produtos eletrônicos e ópticos",0.0022746517459357398
linhas_completa,G02,2700,Fabricação de máquinas e equipamentos elétricos,0.005712403325915359
linhas_completa,G02,2800,Fabricação de máquinas e equipamentos mecânicos,0.009187821935865856
linhas_completa,G02,2991,"Fabricação de automóveis, caminhões e ônibus, exceto peças",0.022256139001380834
linhas_completa,G02,2992,Fabricação de peças e acessórios para veículos automotores,0.000571840469618559
linhas_completa,G02,3000,"Fabricação de outros equipamentos de transporte, exceto veículos automotores",0.002641223922610616
linhas_completa,G02,3180,Fabricação de móveis e de produtos de indústrias diversas,0.006171906131443291
linhas_completa,G02,3300,"Manutenção, reparação e instalação de máquinas e equipamentos",0.0010374604376348537
linhas_completa,G02,3500,"Energia elétrica, gás natural e outras utilidades",0.019417452082368385
linhas_completa,G02,3680,"Água, esgoto e gestão de resíduos",0.006561761469421449
linhas_completa,G02,4180,Construção,0.6835496284869947
linhas_completa,G02,4580,Comércio por atacado e varejo,0.018160435206702682
linhas_completa,G02,4900,Transporte terrestre,0.0032713252278619175
linhas_completa,G02,5000,Transporte aquaviário,3.943240533397648e-05
linhas_completa,G02,5100,Transporte aéreo,0.00029828609845626255
linhas_completa,G02,5280,"Armazenamento, atividades auxiliares dos transportes e correio",0.0008444511833213446
linhas_completa,G02,5500,Alojamento,0.0008917431864731332
linhas_completa,G02,5600,Alimentação,0.012628384086344003
linhas_completa,G02,5800,Edição e edição integrada à impressão,0.0002784525359706258
linhas_completa,G02,5980,"Atividades de televisão, rádio, cinema e  gravação/edição de som e imagem",4.2953760173416165e-05
linhas_completa,G02,6100,Telecomunicações,0.0055860783092686744
linhas_completa,G02,6280,Desenvolvimento de sistemas e outros serviços de informação,0.0012014194826650102
linhas_completa,G02,6480,"Intermediação financeira, seguros e previdência complementar",0.003595456591850498
linhas_completa,G02,6800,Atividades imobiliárias,0.017097083232411117
linhas_completa,G02,6980,"Atividades jurídicas, contábeis, consultoria e sedes de empresas ",0.00019600230357373746
linhas_completa,G02,7180,"Serviços de arquitetura, engenharia, testes/análises técnicas e P & D",0.0002501454205085536
linhas_completa,G02,7380,"Outras atividades profissionais, científicas e técnicas",2.7541389618461096e-05
linhas_completa,G02,7700,Aluguéis não imobiliários e gestão de ativos de propriedade intelectual,0.00012470820509653637
linhas_completa,G02,7880,Outras atividades administrativas e serviços complementares,0.0015535770437772323
linhas_completa,G02,8000,"Atividades de vigilância, segurança e investigação",3.3595409385844526e-06
linhas_completa,G02,8400,"Administração pública, defesa e seguridade social",0.027379981071778806
linhas_completa,G02,8591,Educação pública,0.00558308311142454
linhas_completa,G02,8592,Educação privada,0.0019500284686280222
linhas_completa,G02,8691,Saúde pública,0.008612407805954516
linhas_completa,G02,8692,Saúde privada,0.004770052724184663
linhas_completa,G02,9080,"Atividades artísticas, criativas e de espetáculos",0.0008988749373495795
linhas_completa,G02,9480,Organizações associativas e outros serviços pessoais,0.00517808239673724
linhas_completa,G02,9700,Serviços domésticos,0.0
linhas_completa,G03,0191,"Agricultura, inclusive o apoio à agricultura e a pós-colheita",0.016600195549323776
linhas_completa,G03,0192,"Pecuária, inclusive o apoio à pecuária",0.007507087359624914
linhas_completa,G03,0280,Produção florestal; pesca e aquicultura,0.001846432824292666
linhas_completa,G03,0580,Extração de carvão mineral e de minerais não metálicos,0.00023229321758829808
linhas_completa,G03,0680,"Extração de petróleo e gás, inclusive as atividades de apoio",0.06753487052351562
linhas_completa,G03,0791,"Extração de minério de ferro, inclusive beneficiamentos e a aglomeração",0.0005150393991861209
linhas_completa,G03,0792,"Extração de minerais metálicos não ferrosos, inclusive beneficiamentos",0.0006334163571200683
linhas_completa,G03,1091,"Abate e produtos de carne, inclusive os produtos do laticínio e da pesca",0.035904890593801024
linhas_completa,G03,1092,Fabricação e refino de açúcar,0.00297227983683824
linhas_completa,G03,1093,Outros produtos alimentares,0.03674712374020282
linhas_completa,G03,1100,Fabricação de bebidas,0.0075207422609624725
linhas_completa,G03,1200,Fabricação de produtos do fumo,0.0017070447894143056
linhas_completa,G03,1300,Fabricação de produtos têxteis,0.0031330253608437483
linhas_completa,G03,1400,Confecção de artefatos do vestuário e acessórios,0.006042310503287638
linhas_completa,G03,1500,Fabricação de calçados e de artefatos de couro,0.004117402015007047
linhas_completa,G03,1600,Fabricação de produtos da madeira,8.659822870681254e-05
linhas_completa,G03,1700,"Fabricação de celulose, papel e produtos de papel",0.002755450365145363
linhas_completa,G03,1800,Impressão e reprodução de gravações,7.98165370747819e-05
linhas_completa,G03,1991,Refino de petróleo e coquerias,0.3078489848265307
linhas_completa,G03,1992,Fabricação de biocombustíveis,0.00465822653565285
linhas_completa,G03,2091,"Fabricação de químicos orgânicos e inorgânicos, resinas e elastômeros",0.004839998731304916
linhas_completa,G03,2092,"Fabricação de defensivos, desinfestantes, tintas e químicos diversos",0.0012495387737144655
linhas_completa,G03,2093,"Fabricação de produtos de limpeza, cosméticos/perfumaria e higiene pessoal",0.008227797282581557
linhas_completa,G03,2100,Fabricação de produtos farmoquímicos e farmacêuticos,0.006353621816809325
linhas_completa,G03,2200,Fabricação de produtos de borracha e de material plástico,0.003342050221649406
linhas_completa,G03,2300,Fabricação de produtos de minerais não metálicos,0.0010236561918201062
linhas_completa,G03,2491,"Produção de ferro gusa/ferroligas, siderurgia e tubos de aço sem costura",0.0002078504541373648
linhas_completa,G03,2492,Metalurgia de metais não ferosos e a fundição de metais,0.0008380650065615333
linhas_completa,G03,2500,"Fabricação de produtos de metal, exceto máquinas e equipamentos",0.003702310341994587
linhas_completa,G03,2600,"Fabricação de equipamentos de informática, produtos eletrônicos e ópticos",0.007478201069793608
linhas_completa,G03,2700,Fabricação de máquinas e equipamentos elétricos,0.007618039580052367
linhas_completa,G03,2800,Fabricação de máquinas e equipamentos mecânicos,0.010447433021167202
linhas_completa,G03,2991,"Fabricação de automóveis, caminhões e ônibus, exceto peças",0.021735668512720026
linhas_completa,G03,2992,Fabricação de peças e acessórios para veículos automotores,0.0006301246249778721
linhas_completa,G03,3000,"Fabricação de outros equipamentos de transporte, exceto veículos automotores",0.003061200004187575
linhas_completa,G03,3180,Fabricação de móveis e de produtos de indústrias diversas,0.007345615305798577
linhas_completa,G03,3300,"Manutenção, reparação e instalação de máquinas e equipamentos",0.0012910207691156643
linhas_completa,G03,3500,"Energia elétrica, gás natural e outras utilidades",0.039319452002464596
linhas_completa,G03,3680,"Água, esgoto e gestão de resíduos",0.003455100864871593
linhas_completa,G03,4180,Construção,0.07624272436751066
linhas_completa,G03,4580,Comércio por atacado e varejo,0.07748963413504825
linhas_completa,G03,4900,Transporte terrestre,0.07748374972863326
linhas_completa,G03,5000,Transporte aquaviário,0.0005023470490907551
linhas_completa,G03,5100,Transporte aéreo,0.007368978971466218
linhas_completa,G03,5280,"Armazenamento, atividades auxiliares dos transportes e correio",0.00300760595932365
linhas_completa,G03,5500,Alojamento,0.0007540924621707915
linhas_completa,G03,5600,Alimentação,0.021002607681236008
linhas_completa,G03,5800,Edição e edição integrada à impressão,0.0008636658024598177
linhas_completa,G03,5980,"Atividades de televisão, rádio, cinema e  gravação/edição de som e imagem",9.162479148295123e-05
linhas_completa,G03,6100,Telecomunicações,0.0042332235238454995
linhas_completa,G03,6280,Desenvolvimento de sistemas e outros serviços de informação,0.0019593834550970064
linhas_completa,G03,6480,"Intermediação financeira, seguros e previdência complementar",0.007271915276482709
linhas_completa,G03,6800,Atividades imobiliárias,0.003374822673761325
linhas_completa,G03,6980,"Atividades jurídicas, contábeis, consultoria e sedes de empresas ",0.0005175084992253608
linhas_completa,G03,7180,"Serviços de arquitetura, engenharia, testes/análises técnicas e P & D",0.0005677505369861187
linhas_completa,G03,7380,"Outras atividades profissionais, científicas e técnicas",7.122820060673094e-05
linhas_completa,G03,7700,Aluguéis não imobiliários e gestão de ativos de propriedade intelectual,0.0004424125992073352
linhas_completa,G03,7880,Outras atividades administrativas e serviços complementares,0.0018492987334821306
linhas_completa,G03,8000,"Atividades de vigilância, segurança e investigação",2.2323954164563952e-05
linhas_completa,G03,8400,"Administração pública, defesa e seguridade social",0.027947761279267135
linhas_completa,G03,8591,Educação pública,0.008813716249393271
linhas_completa,G03,8592,Educação privada,0.005021487847312381
linhas_completa,G03,8691,Saúde pública,0.00819802283566086
linhas_completa,G03,8692,Saúde privada,0.008739483495488132
linhas_completa,G03,9080,"Atividades artísticas, criativas e de espetáculos",0.001621059337102573
linhas_completa,G03,9480,Organizações associativas e outros serviços pessoais,0.013931595154652875
linhas_completa,G03,9700,Serviços domésticos,0.0
linhas_completa,G04,0191,"Agricultura, inclusive o apoio à agricultura e a pós-colheita",0.0047728715146595335
linhas_completa,G04,0192,"Pecuária, inclusive o apoio à pecuária",0.003281445157776712
linhas_completa,G04,0280,Produção florestal; pesca e aquicultura,0.0006791459275564978
linhas_completa,G04,0580,Extração de carvão mineral e de minerais não metálicos,6.34587770372921e-05
linhas_completa,G04,0680,"Extração de petróleo e gás, inclusive as atividades de apoio",0.0014311569425439412
linhas_completa,G04,0791,"Extração de minério de ferro, inclusive beneficiamentos e a aglomeração",0.00014389359815455337
linhas_completa,G04,0792,"Extração de minerais metálicos não ferrosos, inclusive beneficiamentos",0.00016283441572450958
linhas_completa,G04,1091,"Abate e produtos de carne, inclusive os produtos do laticínio e da pesca",0.024169035918478455
linhas_completa,G04,1092,Fabricação e refino de açúcar,0.0008664890327816294
linhas_completa,G04,1093,Outros produtos alimentares,0.021045941801089527
linhas_completa,G04,1100,Fabricação de bebidas,0.010022513987828368
linhas_completa,G04,1200,Fabricação de produtos do fumo,0.0014304320711101093
linhas_completa,G04,1300,Fabricação de produtos têxteis,0.002061903309348994
linhas_completa,G04,1400,Confecção de artefatos do vestuário e acessórios,0.008150096418088199
linhas_completa,G04,1500,Fabricação de calçados e de artefatos de couro,0.0040366642538623605
linhas_completa,G04,1600,Fabricação de produtos da madeira,6.37741830515201e-05
linhas_completa,G04,1700,"Fabricação de celulose, papel e produtos de papel",0.0019307761665611945
linhas_completa,G04,1800,Impressão e reprodução de gravações,0.020064072450407817
linhas_completa,G04,1991,Refino de petróleo e coquerias,0.005703930851630469
linhas_completa,G04,1992,Fabricação de biocombustíveis,0.0015134719707146137
linhas_completa,G04,2091,"Fabricação de químicos orgânicos e inorgânicos, resinas e elastômeros",0.0007913167990924786
linhas_completa,G04,2092,"Fabricação de defensivos, desinfestantes, tintas e químicos diversos",0.0006174396397322709
linhas_completa,G04,2093,"Fabricação de produtos de limpeza, cosméticos/perfumaria e higiene pessoal",0.005690361474014769
linhas_completa,G04,2100,Fabricação de produtos farmoquímicos e farmacêuticos,0.007633923203825674
linhas_completa,G04,2200,Fabricação de produtos de borracha e de material plástico,0.0017620823306822666
linhas_completa,G04,2300,Fabricação de produtos de minerais não metálicos,0.0003738920001775922
linhas_completa,G04,2491,"Produção de ferro gusa/ferroligas, siderurgia e tubos de aço sem costura",8.117835680230904e-05
linhas_completa,G04,2492,Metalurgia de metais não ferosos e a fundição de metais,0.00040199670126907076
linhas_completa,G04,2500,"Fabricação de produtos de metal, exceto máquinas e equipamentos",0.0025067634736141344
linhas_completa,G04,2600,"Fabricação de equipamentos de informática, produtos eletrônicos e ópticos",0.030260562857859927
linhas_completa,G04,2700,Fabricação de máquinas e equipamentos elétricos,0.006804072419285816
linhas_completa,G04,2800,Fabricação de máquinas e equipamentos mecânicos,0.013663093847913456
linhas_completa,G04,2991,"Fabricação de automóveis, caminhões e ônibus, exceto peças",0.02520736870008736
linhas_completa,G04,2992,Fabricação de peças e acessórios para veículos automotores,0.0005683144001029705
linhas_completa,G04,3000,"Fabricação de outros equipamentos de transporte, exceto veículos automotores",0.003652154093370939
linhas_completa,G04,3180,Fabricação de móveis e de produtos de indústrias diversas,0.007862758848122894
linhas_completa,G04,3300,"Manutenção, reparação e instalação de máquinas e equipamentos",0.0016486186449315775
linhas_completa,G04,3500,"Energia elétrica, gás natural e outras utilidades",0.006615083477734587
linhas_completa,G04,3680,"Água, esgoto e gestão de resíduos",0.0015168406263450559
linhas_completa,G04,4180,Construção,0.0471641846554617
linhas_completa,G04,4580,Comércio por atacado e varejo,0.4366166131827766
linhas_completa,G04,4900,Transporte terrestre,0.00838620933027897
linhas_completa,G04,5000,Transporte aquaviário,0.0001120274282533555
linhas_completa,G04,5100,Transporte aéreo,0.0010140260380922823
linhas_completa,G04,5280,"Armazenamento, atividades auxiliares dos transportes e correio",0.0017889445183081635
linhas_completa,G04,5500,Alojamento,0.0008664668765784786
linhas_completa,G04,5600,Alimentação,0.023424393753802043
linhas_completa,G04,5800,Edição e edição integrada à impressão,0.023674081917580178
linhas_completa,G04,5980,"Atividades de televisão, rádio, cinema e  gravação/edição de som e imagem",0.0005395222516342504
linhas_completa,G04,6100,Telecomunicações,0.020750322992634636
linhas_completa,G04,6280,Desenvolvimento de sistemas e outros serviços de informação,0.013091473017838964
linhas_completa,G04,6480,"Intermediação financeira, seguros e previdência complementar",0.033157708324847344
linhas_completa,G04,6800,Atividades imobiliárias,0.010664657374477549
linhas_completa,G04,6980,"Atividades jurídicas, contábeis, consultoria e sedes de empresas ",0.0016203850099283845
linhas_completa,G04,7180,"Serviços de arquitetura, engenharia, testes/análises técnicas e P & D",0.001198286239087897
linhas_completa,G04,7380,"Outras atividades profissionais, científicas e técnicas",0.0013191243571793285
linhas_completa,G04,7700,Aluguéis não imobiliários e gestão de ativos de propriedade intelectual,0.0005745230736353567
linhas_completa,G04,7880,Outras atividades administrativas e serviços complementares,0.006322214807166936
linhas_completa,G04,8000,"Atividades de vigilância, segurança e investigação",1.4486705394653282e-05
linhas_completa,G04,8400,"Administração pública, defesa e seguridade social",0.0533412133306576
linhas_completa,G04,8591,Educação pública,0.019339346291011965
linhas_completa,G04,8592,Educação privada,0.008602600212121206
linhas_completa,G04,8691,Saúde pública,0.014602281553702804
linhas_completa,G04,8692,Saúde privada,0.01754913441098952
linhas_completa,G04,9080,"Atividades artísticas, criativas e de espetáculos",0.008160995691683375
linhas_completa,G04,9480,Organizações associativas e outros serviços pessoais,0.016853046011504974
linhas_completa,G04,9700,Serviços domésticos,0.0
linhas_completa,G05,0191,"Agricultura, inclusive o apoio à agricultura e a pós-colheita",0.08838571947935533
linhas_completa,G05,0192,"Pecuária, inclusive o apoio à pecuária",0.018545368348479488
linhas_completa,G05,0280,Produção florestal; pesca e aquicultura,0.0020577826216121474
linhas_completa,G05,0580,Extração de carvão mineral e de minerais não metálicos,0.0007568914628623087
linhas_completa,G05,0680,"Extração de petróleo e gás, inclusive as atividades de apoio",0.004101455626714937
linhas_completa,G05,0791,"Extração de minério de ferro, inclusive beneficiamentos e a aglomeração",0.00021239914480553944
linhas_completa,G05,0792,"Extração de minerais metálicos não ferrosos, inclusive beneficiamentos",0.0003291896828609976
linhas_completa,G05,1091,"Abate e produtos de carne, inclusive os produtos do laticínio e da pesca",0.060155387172678834
linhas_completa,G05,1092,Fabricação e refino de açúcar,0.008248914870077798
linhas_completa,G05,1093,Outros produtos alimentares,0.0851189210696858
linhas_completa,G05,1100,Fabricação de bebidas,0.009773376697652748
linhas_completa,G05,1200,Fabricação de produtos do fumo,0.00690845592652791
linhas_completa,G05,1300,Fabricação de produtos têxteis,0.012833482651598995
linhas_completa,G05,1400,Confecção de artefatos do vestuário e acessórios,0.016076264517170532
linhas_completa,G05,1500,Fabricação de calçados e de artefatos de couro,0.012936113984555494
linhas_completa,G05,1600,Fabricação de produtos da madeira,0.00023474100344516452
linhas_completa,G05,1700,"Fabricação de celulose, papel e produtos de papel",0.0067268646409806305
linhas_completa,G05,1800,Impressão e reprodução de gravações,0.00047327342294138436
linhas_completa,G05,1991,Refino de petróleo e coquerias,0.020043630906024894
linhas_completa,G05,1992,Fabricação de biocombustíveis,0.013231691475080956
linhas_completa,G05,2091,"Fabricação de químicos orgânicos e inorgânicos, resinas e elastômeros",0.03411364254085086
linhas_completa,G05,2092,"Fabricação de defensivos, desinfestantes, tintas e químicos diversos",0.03979336323425294
linhas_completa,G05,2093,"Fabricação de produtos de limpeza, cosméticos/perfumaria e higiene pessoal",0.040689682421695725
linhas_completa,G05,2100,Fabricação de produtos farmoquímicos e farmacêuticos,0.021059036875600103
linhas_completa,G05,2200,Fabricação de produtos de borracha e de material plástico,0.016368060129504293
linhas_completa,G05,2300,Fabricação de produtos de minerais não metálicos,0.001408123834001902
linhas_completa,G05,2491,"Produção de ferro gusa/ferroligas, siderurgia e tubos de aço sem costura",0.00015732975499704874
linhas_completa,G05,2492,Metalurgia de metais não ferosos e a fundição de metais,0.0006497626385881408
linhas_completa,G05,2500,"Fabricação de produtos de metal, exceto máquinas e equipamentos",0.005722780210813025
linhas_completa,G05,2600,"Fabricação de equipamentos de informática, produtos eletrônicos e ópticos",0.011569846131861603
linhas_completa,G05,2700,Fabricação de máquinas e equipamentos elétricos,0.015130635207134214
linhas_completa,G05,2800,Fabricação de máquinas e equipamentos mecânicos,0.011913857338169302
linhas_completa,G05,2991,"Fabricação de automóveis, caminhões e ônibus, exceto peças",0.03095239425690082
linhas_completa,G05,2992,Fabricação de peças e acessórios para veículos automotores,0.0010388048689075886
linhas_completa,G05,3000,"Fabricação de outros equipamentos de transporte, exceto veículos automotores",0.005623846742220894
linhas_completa,G05,3180,Fabricação de móveis e de produtos de indústrias diversas,0.02234558243357355
linhas_completa,G05,3300,"Manutenção, reparação e instalação de máquinas e equipamentos",0.0027114686807880586
linhas_completa,G05,3500,"Energia elétrica, gás natural e outras utilidades",0.007252072888955191
linhas_completa,G05,3680,"Água, esgoto e gestão de resíduos",0.004826773008589896
linhas_completa,G05,4180,Construção,0.1393136615968742
linhas_completa,G05,4580,Comércio por atacado e varejo,0.0619012061192733
linhas_completa,G05,4900,Transporte terrestre,0.010963906918674462
linhas_completa,G05,5000,Transporte aquaviário,8.748266924459228e-05
linhas_completa,G05,5100,Transporte aéreo,0.0009773978852806355
linhas_completa,G05,5280,"Armazenamento, atividades auxiliares dos transportes e correio",0.0011285249000536632
linhas_completa,G05,5500,Alojamento,0.0008994339418208642
linhas_completa,G05,5600,Alimentação,0.02730215582050336
linhas_completa,G05,5800,Edição e edição integrada à impressão,0.001905808258558478
linhas_completa,G05,5980,"Atividades de televisão, rádio, cinema e  gravação/edição de som e imagem",0.00012916709613011935
linhas_completa,G05,6100,Telecomunicações,0.00459941522595117
linhas_completa,G05,6280,Desenvolvimento de sistemas e outros serviços de informação,0.001786809503184729
linhas_completa,G05,6480,"Intermediação financeira, seguros e previdência complementar",0.005959877016963345
linhas_completa,G05,6800,Atividades imobiliárias,0.012705453310078564
linhas_completa,G05,6980,"Atividades jurídicas, contábeis, consultoria e sedes de empresas ",0.00044223068119837803
linhas_completa,G05,7180,"Serviços de arquitetura, engenharia, testes/análises técnicas e P & D",0.0003756485142380547
linhas_completa,G05,7380,"Outras atividades profissionais, científicas e técnicas",0.00010187735684953324
linhas_completa,G05,7700,Aluguéis não imobiliários e gestão de ativos de propriedade intelectual,0.0002652997613234028
linhas_completa,G05,7880,Outras atividades administrativas e serviços complementares,0.0045592479842308554
linhas_completa,G05,8000,"Atividades de vigilância, segurança e investigação",7.979643697561534e-06
linhas_completa,G05,8400,"Administração pública, defesa e seguridade social",0.022814746785944598
linhas_completa,G05,8591,Educação pública,0.011763544699653922
linhas_completa,G05,8592,Educação privada,0.0031623013836459338
linhas_completa,G05,8691,Saúde pública,0.01770906196851915
linhas_completa,G05,8692,Saúde privada,0.01616687346170463
linhas_completa,G05,9080,"Atividades artísticas, criativas e de espetáculos",0.0016923093534042827
linhas_completa,G05,9480,Organizações associativas e outros serviços pessoais,0.010801590240481048
linhas_completa,G05,9700,Serviços domésticos,0.0
linhas_completa,G06,0191,"Agricultura, inclusive o apoio à agricultura e a pós-colheita",0.004813436200694003
linhas_completa,G06,0192,"Pecuária, inclusive o apoio à pecuária",0.0029921980570818407
linhas_completa,G06,0280,Produção florestal; pesca e aquicultura,0.000521669376630793
linhas_completa,G06,0580,Extração de carvão mineral e de minerais não metálicos,0.0001037955018425062
linhas_completa,G06,0680,"Extração de petróleo e gás, inclusive as atividades de apoio",0.0036366210278975866
linhas_completa,G06,0791,"Extração de minério de ferro, inclusive beneficiamentos e a aglomeração",0.0002458818371198793
linhas_completa,G06,0792,"Extração de minerais metálicos não ferrosos, inclusive beneficiamentos",0.00047875263234321624
linhas_completa,G06,1091,"Abate e produtos de carne, inclusive os produtos do laticínio e da pesca",0.019576182810810867
linhas_completa,G06,1092,Fabricação e refino de açúcar,0.0007903266049041136
linhas_completa,G06,1093,Outros produtos alimentares,0.016793546093177025
linhas_completa,G06,1100,Fabricação de bebidas,0.00801478313845993
linhas_completa,G06,1200,Fabricação de produtos do fumo,0.0005955996859492626
linhas_completa,G06,1300,Fabricação de produtos têxteis,0.001187331871160816
linhas_completa,G06,1400,Confecção de artefatos do vestuário e acessórios,0.0034685607875866624
linhas_completa,G06,1500,Fabricação de calçados e de artefatos de couro,0.0018839479199553259
linhas_completa,G06,1600,Fabricação de produtos da madeira,5.347122240511577e-05
linhas_completa,G06,1700,"Fabricação de celulose, papel e produtos de papel",0.0018179140733837024
linhas_completa,G06,1800,Impressão e reprodução de gravações,0.00023209670662079198
linhas_completa,G06,1991,Refino de petróleo e coquerias,0.00860349685846647
linhas_completa,G06,1992,Fabricação de biocombustíveis,0.0013480546185705164
linhas_completa,G06,2091,"Fabricação de químicos orgânicos e inorgânicos, resinas e elastômeros",0.0013676025944379102
linhas_completa,G06,2092,"Fabricação de defensivos, desinfestantes, tintas e químicos diversos",0.000808255301339091
linhas_completa,G06,2093,"Fabricação de produtos de limpeza, cosméticos/perfumaria e higiene pessoal",0.005122195415838352
linhas_completa,G06,2100,Fabricação de produtos farmoquímicos e farmacêuticos,0.0032902169503904416
linhas_completa,G06,2200,Fabricação de produtos de borracha e de material plástico,0.001976465991951836
linhas_completa,G06,2300,Fabricação de produtos de minerais não metálicos,0.0005696262349006048
linhas_completa,G06,2491,"Produção de ferro gusa/ferroligas, siderurgia e tubos de aço sem costura",0.005032746370316551
linhas_completa,G06,2492,Metalurgia de metais não ferosos e a fundição de metais,0.03910387350561697
linhas_completa,G06,2500,"Fabricação de produtos de metal, exceto máquinas e equipamentos",0.04074464042269403
linhas_completa,G06,2600,"Fabricação de equipamentos de informática, produtos eletrônicos e ópticos",0.015396760350635766
linhas_completa,G06,2700,Fabricação de máquinas e equipamentos elétricos,0.08560957437182129
linhas_completa,G06,2800,Fabricação de máquinas e equipamentos mecânicos,0.09132457008383876
linhas_completa,G06,2991,"Fabricação de automóveis, caminhões e ônibus, exceto peças",0.12381717923837027
linhas_completa,G06,2992,Fabricação de peças e acessórios para veículos automotores,0.006811492902871714
linhas_completa,G06,3000,"Fabricação de outros equipamentos de transporte, exceto veículos automotores",0.023517635938575563
linhas_completa,G06,3180,Fabricação de móveis e de produtos de indústrias diversas,0.04056120749582244
linhas_completa,G06,3300,"Manutenção, reparação e instalação de máquinas e equipamentos",0.010070967334693039
linhas_completa,G06,3500,"Energia elétrica, gás natural e outras utilidades",0.01432178680044045
linhas_completa,G06,3680,"Água, esgoto e gestão de resíduos",0.0035696156158404975
linhas_completa,G06,4180,Construção,0.2433312157843896
linhas_completa,G06,4580,Comércio por atacado e varejo,0.05469208051588235
linhas_completa,G06,4900,Transporte terrestre,0.011483712865872263
linhas_completa,G06,5000,Transporte aquaviário,0.0001665148143215168
linhas_completa,G06,5100,Transporte aéreo,0.0005836962849383389
linhas_completa,G06,5280,"Armazenamento, atividades auxiliares dos transportes e correio",0.0015299912690779583
linhas_completa,G06,5500,Alojamento,0.0005647384078381365
linhas_completa,G06,5600,Alimentação,0.014591931125656562
linhas_completa,G06,5800,Edição e edição integrada à impressão,0.0009603169569928862
linhas_completa,G06,5980,"Atividades de televisão, rádio, cinema e  gravação/edição de som e imagem",7.64704324669749e-05
linhas_completa,G06,6100,Telecomunicações,0.005794925575629658
linhas_completa,G06,6280,Desenvolvimento de sistemas e outros serviços de informação,0.002082146899404106
linhas_completa,G06,6480,"Intermediação financeira, seguros e previdência complementar",0.0049760739734515435
linhas_completa,G06,6800,Atividades imobiliárias,0.004922290313321319
linhas_completa,G06,6980,"Atividades jurídicas, contábeis, consultoria e sedes de empresas ",0.0004789634964196066
linhas_completa,G06,7180,"Serviços de arquitetura, engenharia, testes/análises técnicas e P & D",0.00037749926812594376
linhas_completa,G06,7380,"Outras atividades profissionais, científicas e técnicas",6.41077860084785e-05
linhas_completa,G06,7700,Aluguéis não imobiliários e gestão de ativos de propriedade intelectual,0.0004969260296226012
linhas_completa,G06,7880,Outras atividades administrativas e serviços complementares,0.001963348566752716
linhas_completa,G06,8000,"Atividades de vigilância, segurança e investigação",9.547114955252876e-06
linhas_completa,G06,8400,"Administração pública, defesa e seguridade social",0.022855603147933987
linhas_completa,G06,8591,Educação pública,0.006193168801095973
linhas_completa,G06,8592,Educação privada,0.0030325451224323206
linhas_completa,G06,8691,Saúde pública,0.008582649114962176
linhas_completa,G06,8692,Saúde privada,0.010740189635453262
linhas_completa,G06,9080,"Atividades artísticas, criativas e de espetáculos",0.00219656007908381
linhas_completa,G06,9480,Organizações associativas e outros serviços pessoais,0.007078706672454673
linhas_completa,G06,9700,Serviços domésticos,0.0
linhas_completa,G07,0191,"Agricultura, inclusive o apoio à agricultura e a pós-colheita",0.0015437144072706392
linhas_completa,G07,0192,"Pecuária, inclusive o apoio à pecuária",0.0010332141152165101
linhas_completa,G07,0280,Produção florestal; pesca e aquicultura,0.00022413109636386185
linhas_completa,G07,0580,Extração de carvão mineral e de minerais não metálicos,2.689867764782501e-05
linhas_completa,G07,0680,"Extração de petróleo e gás, inclusive as atividades de apoio",0.0006142251169178196
linhas_completa,G07,0791,"Extração de minério de ferro, inclusive beneficiamentos e a aglomeração",6.687177818915845e-05
linhas_completa,G07,0792,"Extração de minerais metálicos não ferrosos, inclusive beneficiamentos",7.354094338808788e-05
linhas_completa,G07,1091,"Abate e produtos de carne, inclusive os produtos do laticínio e da pesca",0.007808821076090152
linhas_completa,G07,1092,Fabricação e refino de açúcar,0.00044988843743056926
linhas_completa,G07,1093,Outros produtos alimentares,0.007499057678243625
linhas_completa,G07,1100,Fabricação de bebidas,0.0020845228486916665
linhas_completa,G07,1200,Fabricação de produtos do fumo,0.0002756320483327796
linhas_completa,G07,1300,Fabricação de produtos têxteis,0.0006452270067044024
linhas_completa,G07,1400,Confecção de artefatos do vestuário e acessórios,0.001989556945963632
linhas_completa,G07,1500,Fabricação de calçados e de artefatos de couro,0.0011123486913947598
linhas_completa,G07,1600,Fabricação de produtos da madeira,2.014369697649151e-05
linhas_completa,G07,1700,"Fabricação de celulose, papel e produtos de papel",0.000431964954091165
linhas_completa,G07,1800,Impressão e reprodução de gravações,2.8286834129480832e-05
linhas_completa,G07,1991,Refino de petróleo e coquerias,0.002228885270383858
linhas_completa,G07,1992,Fabricação de biocombustíveis,0.0006152069402498711
linhas_completa,G07,2091,"Fabricação de químicos orgânicos e inorgânicos, resinas e elastômeros",0.00028158705346406924
linhas_completa,G07,2092,"Fabricação de defensivos, desinfestantes, tintas e químicos diversos",0.00018653082595604538
linhas_completa,G07,2093,"Fabricação de produtos de limpeza, cosméticos/perfumaria e higiene pessoal",0.001587460634465606
linhas_completa,G07,2100,Fabricação de produtos farmoquímicos e farmacêuticos,0.0017968227014353753
linhas_completa,G07,2200,Fabricação de produtos de borracha e de material plástico,0.0005358611676415218
linhas_completa,G07,2300,Fabricação de produtos de minerais não metálicos,0.00013670381745159405
linhas_completa,G07,2491,"Produção de ferro gusa/ferroligas, siderurgia e tubos de aço sem costura",4.2334561380659804e-05
linhas_completa,G07,2492,Metalurgia de metais não ferosos e a fundição de metais,0.00013028602349465947
linhas_completa,G07,2500,"Fabricação de produtos de metal, exceto máquinas e equipamentos",0.001119529709042388
linhas_completa,G07,2600,"Fabricação de equipamentos de informática, produtos eletrônicos e ópticos",0.004013605546820081
linhas_completa,G07,2700,Fabricação de máquinas e equipamentos elétricos,0.0029743762473598513
linhas_completa,G07,2800,Fabricação de máquinas e equipamentos mecânicos,0.006547555750671742
linhas_completa,G07,2991,"Fabricação de automóveis, caminhões e ônibus, exceto peças",0.7522061531048291
linhas_completa,G07,2992,Fabricação de peças e acessórios para veículos automotores,0.028565137528461435
linhas_completa,G07,3000,"Fabricação de outros equipamentos de transporte, exceto veículos automotores",0.002537846380672627
linhas_completa,G07,3180,Fabricação de móveis e de produtos de indústrias diversas,0.0021953221202400887
linhas_completa,G07,3300,"Manutenção, reparação e instalação de máquinas e equipamentos",0.0009607751581499847
linhas_completa,G07,3500,"Energia elétrica, gás natural e outras utilidades",0.0027176403603016773
linhas_completa,G07,3680,"Água, esgoto e gestão de resíduos",0.0004782645545750874
linhas_completa,G07,4180,Construção,0.02019515027922141
linhas_completa,G07,4580,Comércio por atacado e varejo,0.07533609931590202
linhas_completa,G07,4900,Transporte terrestre,0.027274020863610478
linhas_completa,G07,5000,Transporte aquaviário,3.769956373145215e-05
linhas_completa,G07,5100,Transporte aéreo,0.0002155769243668046
linhas_completa,G07,5280,"Armazenamento, atividades auxiliares dos transportes e correio",0.0005527445488488926
linhas_completa,G07,5500,Alojamento,0.00017122203559424216
linhas_completa,G07,5600,Alimentação,0.005936882016187378
linhas_completa,G07,5800,Edição e edição integrada à impressão,0.0003421293332848278
linhas_completa,G07,5980,"Atividades de televisão, rádio, cinema e  gravação/edição de som e imagem",2.810456675849646e-05
linhas_completa,G07,6100,Telecomunicações,0.0015129079289806352
linhas_completa,G07,6280,Desenvolvimento de sistemas e outros serviços de informação,0.0006035985623541987
linhas_completa,G07,6480,"Intermediação financeira, seguros e previdência complementar",0.0016216923995913072
linhas_completa,G07,6800,Atividades imobiliárias,0.0009955937489906726
linhas_completa,G07,6980,"Atividades jurídicas, contábeis, consultoria e sedes de empresas ",0.0001264290347387778
linhas_completa,G07,7180,"Serviços de arquitetura, engenharia, testes/análises técnicas e P & D",0.00019364941918613952
linhas_completa,G07,7380,"Outras atividades profissionais, científicas e técnicas",2.3948713591215694e-05
linhas_completa,G07,7700,Aluguéis não imobiliários e gestão de ativos de propriedade intelectual,0.0002192009431094768
linhas_completa,G07,7880,Outras atividades administrativas e serviços complementares,0.0004419777349229259
linhas_completa,G07,8000,"Atividades de vigilância, segurança e investigação",2.74251728702754e-06
linhas_completa,G07,8400,"Administração pública, defesa e seguridade social",0.011432087450969146
linhas_completa,G07,8591,Educação pública,0.0042580020272888625
linhas_completa,G07,8592,Educação privada,0.0010981419415077875
linhas_completa,G07,8691,Saúde pública,0.0034427683653572155
linhas_completa,G07,8692,Saúde privada,0.0032782774700870904
linhas_completa,G07,9080,"Atividades artísticas, criativas e de espetáculos",0.00045182398045866333
linhas_completa,G07,9480,Organizações associativas e outros serviços pessoais,0.0024215965039828063
linhas_completa,G07,9700,Serviços domésticos,0.0
linhas_completa,G08,0191,"Agricultura, inclusive o apoio à agricultura e a pós-colheita",0.005478804750069932
linhas_completa,G08,0192,"Pecuária, inclusive o apoio à pecuária",0.0038311391844946963
linhas_completa,G08,0280,Produção florestal; pesca e aquicultura,0.0010094332893414038
linhas_completa,G08,0580,Extração de carvão mineral e de minerais não metálicos,0.0001394937874824048
linhas_completa,G08,0680,"Extração de petróleo e gás, inclusive as atividades de apoio",0.008297035454530241
linhas_completa,G08,0791,"Extração de minério de ferro, inclusive beneficiamentos e a aglomeração",0.00042442231991618993
linhas_completa,G08,0792,"Extração de minerais metálicos não ferrosos, inclusive beneficiamentos",0.0002882660664082757
linhas_completa,G08,1091,"Abate e produtos de carne, inclusive os produtos do laticínio e da pesca",0.03216832105039189
linhas_completa,G08,1092,Fabricação e refino de açúcar,0.0016077157114802246
linhas_completa,G08,1093,Outros produtos alimentares,0.03427691363988228
linhas_completa,G08,1100,Fabricação de bebidas,0.021856965773120712
linhas_completa,G08,1200,Fabricação de produtos do fumo,0.003250198287245065
linhas_completa,G08,1300,Fabricação de produtos têxteis,0.0019232898595751505
linhas_completa,G08,1400,Confecção de artefatos do vestuário e acessórios,0.007628957814737422
linhas_completa,G08,1500,Fabricação de calçados e de artefatos de couro,0.006012673115630121
linhas_completa,G08,1600,Fabricação de produtos da madeira,6.72852677385188e-05
linhas_completa,G08,1700,"Fabricação de celulose, papel e produtos de papel",0.0023040146542090446
linhas_completa,G08,1800,Impressão e reprodução de gravações,0.00013107029742996304
linhas_completa,G08,1991,Refino de petróleo e coquerias,0.02150858160689998
linhas_completa,G08,1992,Fabricação de biocombustíveis,0.002225300886320963
linhas_completa,G08,2091,"Fabricação de químicos orgânicos e inorgânicos, resinas e elastômeros",0.0012473197628621643
linhas_completa,G08,2092,"Fabricação de defensivos, desinfestantes, tintas e químicos diversos",0.0011520643078259316
linhas_completa,G08,2093,"Fabricação de produtos de limpeza, cosméticos/perfumaria e higiene pessoal",0.011700548511182225
linhas_completa,G08,2100,Fabricação de produtos farmoquímicos e farmacêuticos,0.02070532697089652
linhas_completa,G08,2200,Fabricação de produtos de borracha e de material plástico,0.002214835407377616
linhas_completa,G08,2300,Fabricação de produtos de minerais não metálicos,0.0005514709950378522
linhas_completa,G08,2491,"Produção de ferro gusa/ferroligas, siderurgia e tubos de aço sem costura",0.00013084643162851852
linhas_completa,G08,2492,Metalurgia de metais não ferosos e a fundição de metais,0.00042055725654304414
linhas_completa,G08,2500,"Fabricação de produtos de metal, exceto máquinas e equipamentos",0.003610065874214203
linhas_completa,G08,2600,"Fabricação de equipamentos de informática, produtos eletrônicos e ópticos",0.02528298452123048
linhas_completa,G08,2700,Fabricação de máquinas e equipamentos elétricos,0.009474720972137578
linhas_completa,G08,2800,Fabricação de máquinas e equipamentos mecânicos,0.015222154209897079
linhas_completa,G08,2991,"Fabricação de automóveis, caminhões e ônibus, exceto peças",0.045785418441105494
linhas_completa,G08,2992,Fabricação de peças e acessórios para veículos automotores,0.0006614200627046588
linhas_completa,G08,3000,"Fabricação de outros equipamentos de transporte, exceto veículos automotores",0.004982062011290465
linhas_completa,G08,3180,Fabricação de móveis e de produtos de indústrias diversas,0.008103875711964689
linhas_completa,G08,3300,"Manutenção, reparação e instalação de máquinas e equipamentos",0.0017784240672775653
linhas_completa,G08,3500,"Energia elétrica, gás natural e outras utilidades",0.017228189307139145
linhas_completa,G08,3680,"Água, esgoto e gestão de resíduos",0.004527440218587083
linhas_completa,G08,4180,Construção,0.07177537984425854
linhas_completa,G08,4580,Comércio por atacado e varejo,0.1417082724913697
linhas_completa,G08,4900,Transporte terrestre,0.016249729990461002
linhas_completa,G08,5000,Transporte aquaviário,0.0004656762946712072
linhas_completa,G08,5100,Transporte aéreo,0.004160803150804243
linhas_completa,G08,5280,"Armazenamento, atividades auxiliares dos transportes e correio",0.005004075485797395
linhas_completa,G08,5500,Alojamento,0.001622298775526811
linhas_completa,G08,5600,Alimentação,0.032089114813841434
linhas_completa,G08,5800,Edição e edição integrada à impressão,0.005580445291885766
linhas_completa,G08,5980,"Atividades de televisão, rádio, cinema e  gravação/edição de som e imagem",0.012026082794679325
linhas_completa,G08,6100,Telecomunicações,0.054051447161382785
linhas_completa,G08,6280,Desenvolvimento de sistemas e outros serviços de informação,0.013823066481889457
linhas_completa,G08,6480,"Intermediação financeira, seguros e previdência complementar",0.05647245605709277
linhas_completa,G08,6800,Atividades imobiliárias,0.013775668819622326
linhas_completa,G08,6980,"Atividades jurídicas, contábeis, consultoria e sedes de empresas ",0.02306898387066755
linhas_completa,G08,7180,"Serviços de arquitetura, engenharia, testes/análises técnicas e P & D",0.0020038058991553916
linhas_completa,G08,7380,"Outras atividades profissionais, científicas e técnicas",0.0074893809267203605
linhas_completa,G08,7700,Aluguéis não imobiliários e gestão de ativos de propriedade intelectual,0.016157589968217884
linhas_completa,G08,7880,Outras atividades administrativas e serviços complementares,0.00482817767641591
linhas_completa,G08,8000,"Atividades de vigilância, segurança e investigação",6.169000463594998e-05
linhas_completa,G08,8400,"Administração pública, defesa e seguridade social",0.07030466807974936
linhas_completa,G08,8591,Educação pública,0.01703978317581866
linhas_completa,G08,8592,Educação privada,0.02593809353923216
linhas_completa,G08,8691,Saúde pública,0.021707620300857003
linhas_completa,G08,8692,Saúde privada,0.018613648830265322
linhas_completa,G08,9080,"Atividades artísticas, criativas e de espetáculos",0.011359101730265775
linhas_completa,G08,9480,Organizações associativas e outros serviços pessoais,0.023413330686909213
linhas_completa,G08,9700,Serviços domésticos,0.0
colunas_completa,G01,0191,"Agricultura, inclusive o apoio à agricultura e a pós-colheita",0.0013350979008501878
colunas_completa,G01,0192,"Pecuária, inclusive o apoio à pecuária",0.00019375814280307043
colunas_completa,G01,0280,Produção florestal; pesca e aquicultura,0.000860613195268984
colunas_completa,G01,0580,Extração de carvão mineral e de minerais não metálicos,0.002327518857630976
colunas_completa,G01,0680,"Extração de petróleo e gás, inclusive as atividades de apoio",0.05947343500855788
colunas_completa,G01,0791,"Extração de minério de ferro, inclusive beneficiamentos e a aglomeração",0.0001658574318579259
colunas_completa,G01,0792,"Extração de minerais metálicos não ferrosos, inclusive beneficiamentos",0.0008330199653391147
colunas_completa,G01,1091,"Abate e produtos de carne, inclusive os produtos do laticínio e da pesca",0.0006152831313634438
colunas_completa,G01,1092,Fabricação e refino de açúcar,0.010568964817741559
colunas_completa,G01,1093,Outros produtos alimentares,0.0021515218609799774
colunas_completa,G01,1100,Fabricação de bebidas,0.0022491127935894938
colunas_completa,G01,1200,Fabricação de produtos do fumo,3.5788708139018458e-06
colunas_completa,G01,1300,Fabricação de produtos têxteis,0.0010325493371001705
colunas_completa,G01,1400,Confecção de artefatos do vestuário e acessórios,0.0005410505459927123
colunas_completa,G01,1500,Fabricação de calçados e de artefatos de couro,7.172355019711282e-05
colunas_completa,G01,1600,Fabricação de produtos da madeira,0.00037870978765832547
colunas_completa,G01,1700,"Fabricação de celulose, papel e produtos de papel",0.0016903556650093242
colunas_completa,G01,1800,Impressão e reprodução de gravações,0.0024329485838353025
colunas_completa,G01,1991,Refino de petróleo e coquerias,0.010291943080322614
colunas_completa,G01,1992,Fabricação de biocombustíveis,0.0014236551147018038
colunas_completa,G01,2091,"Fabricação de químicos orgânicos e inorgânicos, resinas e elastômeros",0.016441125024927946
colunas_completa,G01,2092,"Fabricação de defensivos, desinfestantes, tintas e químicos diversos",0.0023030989984795846
colunas_completa,G01,2093,"Fabricação de produtos de limpeza, cosméticos/perfumaria e higiene pessoal",0.0012482729196990334
colunas_completa,G01,2100,Fabricação de produtos farmoquímicos e farmacêuticos,0.0011366953753515787
colunas_completa,G01,2200,Fabricação de produtos de borracha e de material plástico,0.004307600714181351
colunas_completa,G01,2300,Fabricação de produtos de minerais não metálicos,0.0012962472312905199
colunas_completa,G01,2491,"Produção de ferro gusa/ferroligas, siderurgia e tubos de aço sem costura",0.0046431183390462025
colunas_completa,G01,2492,Metalurgia de metais não ferosos e a fundição de metais,0.0013197920671405993
colunas_completa,G01,2500,"Fabricação de produtos de metal, exceto máquinas e equipamentos",0.004592309397798584
colunas_completa,G01,2600,"Fabricação de equipamentos de informática, produtos eletrônicos e ópticos",0.004903933949232893
colunas_completa,G01,2700,Fabricação de máquinas e equipamentos elétricos,0.002784627734509098
colunas_completa,G01,2800,Fabricação de máquinas e equipamentos mecânicos,0.010505376056748355
colunas_completa,G01,2991,"Fabricação de automóveis, caminhões e ônibus, exceto peças",4.4366262861426624e-05
colunas_completa,G01,2992,Fabricação de peças e acessórios para veículos automotores,0.0013129135202615198
colunas_completa,G01,3000,"Fabricação de outros equipamentos de transporte, exceto veículos automotores",0.0007470311217372141
colunas_completa,G01,3180,Fabricação de móveis e de produtos de indústrias diversas,0.0017284473481327589
colunas_completa,G01,3300,"Manutenção, reparação e instalação de máquinas e equipamentos",0.008978575191511162
colunas_completa,G01,3500,"Energia elétrica, gás natural e outras utilidades",0.02137865495923299
colunas_completa,G01,3680,"Água, esgoto e gestão de resíduos",0.01650896606797206
colunas_completa,G01,4180,Construção,0.006335205563758597
colunas_completa,G01,4580,Comércio por atacado e varejo,0.011223524321374955
colunas_completa,G01,4900,Transporte terrestre,0.0057085437948014356
colunas_completa,G01,5000,Transporte aquaviário,0.03318039306488875
colunas_completa,G01,5100,Transporte aéreo,0.0061823142568611135
colunas_completa,G01,5280,"Armazenamento, atividades auxiliares dos transportes e correio",0.00830430344872259
colunas_completa,G01,5500,Alojamento,0.007947114593257625
colunas_completa,G01,5600,Alimentação,0.0009232513027801683
colunas_completa,G01,5800,Edição e edição integrada à impressão,0.001739251008050107
colunas_completa,G01,5980,"Atividades de televisão, rádio, cinema e  gravação/edição de som e imagem",0.012530725726185474
colunas_completa,G01,6100,Telecomunicações,0.004427939892727287
colunas_completa,G01,6280,Desenvolvimento de sistemas e outros serviços de informação,0.0050186337614480875
colunas_completa,G01,6480,"Intermediação financeira, seguros e previdência complementar",0.009548404157573073
colunas_completa,G01,6800,Atividades imobiliárias,0.002884255960317982
colunas_completa,G01,6980,"Atividades jurídicas, contábeis, consultoria e sedes de empresas ",0.03335955960162797
colunas_completa,G01,7180,"Serviços de arquitetura, engenharia, testes/análises técnicas e P & D",0.02103053735318006
colunas_completa,G01,7380,"Outras atividades profissionais, científicas e técnicas",0.01343447663613211
colunas_completa,G01,7700,Aluguéis não imobiliários e gestão de ativos de propriedade intelectual,0.5870818543918959
colunas_completa,G01,7880,Outras atividades administrativas e serviços complementares,0.007848430967528802
colunas_completa,G01,8000,"Atividades de vigilância, segurança e investigação",0.010093454008077686
colunas_completa,G01,8400,"Administração pública, defesa e seguridade social",0.0015064341753530013
colunas_completa,G01,8591,Educação pública,4.444999929753218e-05
colunas_completa,G01,8592,Educação privada,0.000673826632528003
colunas_completa,G01,8691,Saúde pública,2.730685397352509e-06
colunas_completa,G01,8692,Saúde privada,1.085015692725436e-05
colunas_completa,G01,9080,"Atividades artísticas, criativas e de espetáculos",0.0018448644817023211
colunas_completa,G01,9480,Organizações associativas e outros serviços pessoais,0.0022928201358761585
colunas_completa,G01,9700,Serviços domésticos,0.0
colunas_completa,G02,0191,"Agricultura, inclusive o apoio à agricultura e a pós-colheita",0.006598310447623882
colunas_completa,G02,0192,"Pecuária, inclusive o apoio à pecuária",0.004889619487342113
colunas_completa,G02,0280,Produção florestal; pesca e aquicultura,0.0026158380608465827
colunas_completa,G02,0580,Extração de carvão mineral e de minerais não metálicos,0.0007423319294236014
colunas_completa,G02,0680,"Extração de petróleo e gás, inclusive as atividades de apoio",0.0007988819915135857
colunas_completa,G02,0791,"Extração de minério de ferro, inclusive beneficiamentos e a aglomeração",5.3070412391955916e-05
colunas_completa,G02,0792,"Extração de minerais metálicos não ferrosos, inclusive beneficiamentos",0.00027427739733049475
colunas_completa,G02,1091,"Abate e produtos de carne, inclusive os produtos do laticínio e da pesca",0.029023380678369196
colunas_completa,G02,1092,Fabricação e refino de açúcar,0.017896443443206518
colunas_completa,G02,1093,Outros produtos alimentares,0.02843145483065003
colunas_completa,G02,1100,Fabricação de bebidas,0.5783190809863011
colunas_completa,G02,1200,Fabricação de produtos do fumo,2.7735173313301278e-06
colunas_completa,G02,1300,Fabricação de produtos têxteis,0.0006960298123473486
colunas_completa,G02,1400,Confecção de artefatos do vestuário e acessórios,0.00036043305593923806
colunas_completa,G02,1500,Fabricação de calçados e de artefatos de couro,6.955717359753762e-05
colunas_completa,G02,1600,Fabricação de produtos da madeira,0.00037952483723608364
colunas_completa,G02,1700,"Fabricação de celulose, papel e produtos de papel",0.001963372903312014
colunas_completa,G02,1800,Impressão e reprodução de gravações,0.002709162032808092
colunas_completa,G02,1991,Refino de petróleo e coquerias,0.004897212699326688
colunas_completa,G02,1992,Fabricação de biocombustíveis,0.0006883783773608342
colunas_completa,G02,2091,"Fabricação de químicos orgânicos e inorgânicos, resinas e elastômeros",0.00662098033922353
colunas_completa,G02,2092,"Fabricação de defensivos, desinfestantes, tintas e químicos diversos",0.002202750630029295
colunas_completa,G02,2093,"Fabricação de produtos de limpeza, cosméticos/perfumaria e higiene pessoal",0.0006768640106786068
colunas_completa,G02,2100,Fabricação de produtos farmoquímicos e farmacêuticos,0.00045487810056856967
colunas_completa,G02,2200,Fabricação de produtos de borracha e de material plástico,0.007535404340423072
colunas_completa,G02,2300,Fabricação de produtos de minerais não metálicos,0.0031918070440382067
colunas_completa,G02,2491,"Produção de ferro gusa/ferroligas, siderurgia e tubos de aço sem costura",0.0014573771747647146
colunas_completa,G02,2492,Metalurgia de metais não ferosos e a fundição de metais,0.0006529293873007715
colunas_completa,G02,2500,"Fabricação de produtos de metal, exceto máquinas e equipamentos",0.005904736623064835
colunas_completa,G02,2600,"Fabricação de equipamentos de informática, produtos eletrônicos e ópticos",0.0009415450690388106
colunas_completa,G02,2700,Fabricação de máquinas e equipamentos elétricos,0.0009544399840910319
colunas_completa,G02,2800,Fabricação de máquinas e equipamentos mecânicos,0.000922891629973864
colunas_completa,G02,2991,"Fabricação de automóveis, caminhões e ônibus, exceto peças",2.971631423254291e-05
colunas_completa,G02,2992,Fabricação de peças e acessórios para veículos automotores,0.0008266181203770786
colunas_completa,G02,3000,"Fabricação de outros equipamentos de transporte, exceto veículos automotores",0.0002654869074715116
colunas_completa,G02,3180,Fabricação de móveis e de produtos de indústrias diversas,0.0004034077326879757
colunas_completa,G02,3300,"Manutenção, reparação e instalação de máquinas e equipamentos",0.001641677626852262
colunas_completa,G02,3500,"Energia elétrica, gás natural e outras utilidades",0.025538119102032297
colunas_completa,G02,3680,"Água, esgoto e gestão de resíduos",0.028142827337687634
colunas_completa,G02,4180,Construção,0.001153149845828402
colunas_completa,G02,4580,Comércio por atacado e varejo,0.012386993755245202
colunas_completa,G02,4900,Transporte terrestre,0.004178695533637011
colunas_completa,G02,5000,Transporte aquaviário,0.0015246027039518737
colunas_completa,G02,5100,Transporte aéreo,0.0007518634054275623
colunas_completa,G02,5280,"Armazenamento, atividades auxiliares dos transportes e correio",0.002871844182196147
colunas_completa,G02,5500,Alojamento,0.0024326420999598104
colunas_completa,G02,5600,Alimentação,0.10893927190937475
colunas_completa,G02,5800,Edição e edição integrada à impressão,0.0013409635513604587
colunas_completa,G02,5980,"Atividades de televisão, rádio, cinema e  gravação/edição de som e imagem",0.016096213074142354
colunas_completa,G02,6100,Telecomunicações,0.002839830937721228
colunas_completa,G02,6280,Desenvolvimento de sistemas e outros serviços de informação,0.002642983934357142
colunas_completa,G02,6480,"Intermediação financeira, seguros e previdência complementar",0.005105168617066466
colunas_completa,G02,6800,Atividades imobiliárias,0.0027400006134611896
colunas_completa,G02,6980,"Atividades jurídicas, contábeis, consultoria e sedes de empresas ",0.00818431581070843
colunas_completa,G02,7180,"Serviços de arquitetura, engenharia, testes/análises técnicas e P & D",0.004348425218250638
colunas_completa,G02,7380,"Outras atividades profissionais, científicas e técnicas",0.01761688238568613
colunas_completa,G02,7700,Aluguéis não imobiliários e gestão de ativos de propriedade intelectual,0.017856106902432313
colunas_completa,G02,7880,Outras atividades administrativas e serviços complementares,0.00548079161537068
colunas_completa,G02,8000,"Atividades de vigilância, segurança e investigação",0.007525274813761645
colunas_completa,G02,8400,"Administração pública, defesa e seguridade social",0.0008536011708574274
colunas_completa,G02,8591,Educação pública,2.7646093873609216e-05
colunas_completa,G02,8592,Educação privada,0.00022273894875478664
colunas_completa,G02,8691,Saúde pública,1.969121767289468e-06
colunas_completa,G02,8692,Saúde privada,1.0217889227267989e-05
colunas_completa,G02,9080,"Atividades artísticas, criativas e de espetáculos",0.002243621391260449
colunas_completa,G02,9480,Organizações associativas e outros serviços pessoais,0.0008505929255249624
colunas_completa,G02,9700,Serviços domésticos,0.0
linhas_sem_diagonal,G01,0191,"Agricultura, inclusive o apoio à agricultura e a pós-colheita",0.006083854074172669
linhas_sem_diagonal,G01,0192,"Pecuária, inclusive o apoio à pecuária",0.026076467971776988
linhas_sem_diagonal,G01,0280,Produção florestal; pesca e aquicultura,0.004633337879596877
linhas_sem_diagonal,G01,0580,Extração de carvão mineral e de minerais não metálicos,7.992715065935712e-05
linhas_sem_diagonal,G01,0680,"Extração de petróleo e gás, inclusive as atividades de apoio",0.0005666702885326434
linhas_sem_diagonal,G01,0791,"Extração de minério de ferro, inclusive beneficiamentos e a aglomeração",4.538686440371437e-05
linhas_sem_diagonal,G01,0792,"Extração de minerais metálicos não ferrosos, inclusive beneficiamentos",5.80603780260377e-05
linhas_sem_diagonal,G01,1091,"Abate e produtos de carne, inclusive os produtos do laticínio e da pesca",0.5375781179252115
linhas_sem_diagonal,G01,1092,Fabricação e refino de açúcar,0.000900990400946485
linhas_sem_diagonal,G01,1093,Outros produtos alimentares,0.01909924029876528
linhas_sem_diagonal,G01,1100,Fabricação de bebidas,0.013655303550364817
linhas_sem_diagonal,G01,1200,Fabricação de produtos do fumo,0.002170093842432328
linhas_sem_diagonal,G01,1300,Fabricação de produtos têxteis,0.0013645667962413144
linhas_sem_diagonal,G01,1400,Confecção de artefatos do vestuário e acessórios,0.0034477197413211274
linhas_sem_diagonal,G01,1500,Fabricação de calçados e de artefatos de couro,0.008693894121717172
linhas_sem_diagonal,G01,1600,Fabricação de produtos da madeira,5.854960996936203e-05
linhas_sem_diagonal,G01,1700,"Fabricação de celulose, papel e produtos de papel",0.00141429433982401
linhas_sem_diagonal,G01,1800,Impressão e reprodução de gravações,3.436263475356004e-05
linhas_sem_diagonal,G01,1991,Refino de petróleo e coquerias,0.009585029325069178
linhas_sem_diagonal,G01,1992,Fabricação de biocombustíveis,0.008604460862993086
linhas_sem_diagonal,G01,2091,"Fabricação de químicos orgânicos e inorgânicos, resinas e elastômeros",0.0006579283224423637
linhas_sem_diagonal,G01,2092,"Fabricação de defensivos, desinfestantes, tintas e químicos diversos",0.0007425601945233274
linhas_sem_diagonal,G01,2093,"Fabricação de produtos de limpeza, cosméticos/perfumaria e higiene pessoal",0.014364971705657861
linhas_sem_diagonal,G01,2100,Fabricação de produtos farmoquímicos e farmacêuticos,0.0035438810247402273
linhas_sem_diagonal,G01,2200,Fabricação de produtos de borracha e de material plástico,0.0008051612774403732
linhas_sem_diagonal,G01,2300,Fabricação de produtos de minerais não metálicos,0.00014880682812744785
linhas_sem_diagonal,G01,2491,"Produção de ferro gusa/ferroligas, siderurgia e tubos de aço sem costura",2.8070288832401224e-05
linhas_sem_diagonal,G01,2492,Metalurgia de metais não ferosos e a fundição de metais,0.00011173676515394002
linhas_sem_diagonal,G01,2500,"Fabricação de produtos de metal, exceto máquinas e equipamentos",0.0007405794801288761
linhas_sem_diagonal,G01,2600,"Fabricação de equipamentos de informática, produtos eletrônicos e ópticos",0.0021719431057592134
linhas_sem_diagonal,G01,2700,Fabricação de máquinas e equipamentos elétricos,0.0014062161451435947
linhas_sem_diagonal,G01,2800,Fabricação de máquinas e equipamentos mecânicos,0.002686532367736224
linhas_sem_diagonal,G01,2991,"Fabricação de automóveis, caminhões e ônibus, exceto peças",0.0047114046203683225
linhas_sem_diagonal,G01,2992,Fabricação de peças e acessórios para veículos automotores,0.00012280433623744564
linhas_sem_diagonal,G01,3000,"Fabricação de outros equipamentos de transporte, exceto veículos automotores",0.0007283583163144002
linhas_sem_diagonal,G01,3180,Fabricação de móveis e de produtos de indústrias diversas,0.0023720741400620198
linhas_sem_diagonal,G01,3300,"Manutenção, reparação e instalação de máquinas e equipamentos",0.00035764095675776866
linhas_sem_diagonal,G01,3500,"Energia elétrica, gás natural e outras utilidades",0.0015906402414532159
linhas_sem_diagonal,G01,3680,"Água, esgoto e gestão de resíduos",0.00047671047643846435
linhas_sem_diagonal,G01,4180,Construção,0.018569094882998183
linhas_sem_diagonal,G01,4580,Comércio por atacado e varejo,0.031674171083975106
linhas_sem_diagonal,G01,4900,Transporte terrestre,0.003719642082476729
linhas_sem_diagonal,G01,5000,Transporte aquaviário,3.181303469538207e-05
linhas_sem_diagonal,G01,5100,Transporte aéreo,0.0005951278139777855
linhas_sem_diagonal,G01,5280,"Armazenamento, atividades auxiliares dos transportes e correio",0.00041630687424920533
linhas_sem_diagonal,G01,5500,Alojamento,0.0028688956440615443
linhas_sem_diagonal,G01,5600,Alimentação,0.1454028389069959
linhas_sem_diagonal,G01,5800,Edição e edição integrada à impressão,0.0003155162719761709
linhas_sem_diagonal,G01,5980,"Atividades de televisão, rádio, cinema e  gravação/edição de som e imagem",5.100848096221607e-05
linhas_sem_diagonal,G01,6100,Telecomunicações,0.0019445701682493377
linhas_sem_diagonal,G01,6280,Desenvolvimento de sistemas e outros serviços de informação,0.0006563550446899633
linhas_sem_diagonal,G01,6480,"Intermediação financeira, seguros e previdência complementar",0.00403237646023325
linhas_sem_diagonal,G01,6800,Atividades imobiliárias,0.001435073501266077
linhas_sem_diagonal,G01,6980,"Atividades jurídicas, contábeis, consultoria e sedes de empresas ",0.00022374960658949432
linhas_sem_diagonal,G01,7180,"Serviços de arquitetura, engenharia, testes/análises técnicas e P & D",0.0001510745143526758
linhas_sem_diagonal,G01,7380,"Outras atividades profissionais, científicas e técnicas",3.793372850874619e-05
linhas_sem_diagonal,G01,7700,Aluguéis não imobiliários e gestão de ativos de propriedade intelectual,8.393859959614194e-05
linhas_sem_diagonal,G01,7880,Outras atividades administrativas e serviços complementares,0.0007122500390725811
linhas_sem_diagonal,G01,8000,"Atividades de vigilância, segurança e investigação",3.8506203351946564e-06
linhas_sem_diagonal,G01,8400,"Administração pública, defesa e seguridade social",0.030265466580816608
linhas_sem_diagonal,G01,8591,Educação pública,0.021905378326775398
linhas_sem_diagonal,G01,8592,Educação privada,0.0030511016909788055
linhas_sem_diagonal,G01,8691,Saúde pública,0.01959651256667651
linhas_sem_diagonal,G01,8692,Saúde privada,0.013867051414536992
linhas_sem_diagonal,G01,9080,"Atividades artísticas, criativas e de espetáculos",0.0007675026267940896
linhas_sem_diagonal,G01,9480,Organizações associativas e outros serviços pessoais,0.015703050784065063
linhas_sem_diagonal,G01,9700,Serviços domésticos,0.0
linhas_sem_diagonal,G02,0191,"Agricultura, inclusive o apoio à agricultura e a pós-colheita",0.019409757043931518
linhas_sem_diagonal,G02,0192,"Pecuária, inclusive o apoio à pecuária",0.02220876839920894
linhas_sem_diagonal,G02,0280,Produção florestal; pesca e aquicultura,0.0009876417671092002
linhas_sem_diagonal,G02,0580,Extração de carvão mineral e de minerais não metálicos,0.00012113635462238242
linhas_sem_diagonal,G02,0680,"Extração de petróleo e gás, inclusive as atividades de apoio",0.00226950635360321
linhas_sem_diagonal,G02,0791,"Extração de minério de ferro, inclusive beneficiamentos e a aglomeração",0.00024819026071889745
linhas_sem_diagonal,G02,0792,"Extração de minerais metálicos não ferrosos, inclusive beneficiamentos",0.00029315307761925026
linhas_sem_diagonal,G02,1091,"Abate e produtos de carne, inclusive os produtos do laticínio e da pesca",0.12864952357481413
linhas_sem_diagonal,G02,1092,Fabricação e refino de açúcar,0.002293551440398193
linhas_sem_diagonal,G02,1093,Outros produtos alimentares,0.05835479264128246
linhas_sem_diagonal,G02,1100,Fabricação de bebidas,0.010671628763474904
linhas_sem_diagonal,G02,1200,Fabricação de produtos do fumo,0.00465123932499507
linhas_sem_diagonal,G02,1300,Fabricação de produtos têxteis,0.0055312795578917546
linhas_sem_diagonal,G02,1400,Confecção de artefatos do vestuário e acessórios,0.017595294385903106
linhas_sem_diagonal,G02,1500,Fabricação de calçados e de artefatos de couro,0.00979546359284094
linhas_sem_diagonal,G02,1600,Fabricação de produtos da madeira,0.002598350307691566
linhas_sem_diagonal,G02,1700,"Fabricação de celulose, papel e produtos de papel",0.02463390515286154
linhas_sem_diagonal,G02,1800,Impressão e reprodução de gravações,0.0002961840132261086
linhas_sem_diagonal,G02,1991,Refino de petróleo e coquerias,0.01020510044461423
linhas_sem_diagonal,G02,1992,Fabricação de biocombustíveis,0.0040562504321189526
linhas_sem_diagonal,G02,2091,"Fabricação de químicos orgânicos e inorgânicos, resinas e elastômeros",0.001999019342079656
linhas_sem_diagonal,G02,2092,"Fabricação de defensivos, desinfestantes, tintas e químicos diversos",0.0011880690180408144
linhas_sem_diagonal,G02,2093,"Fabricação de produtos de limpeza, cosméticos/perfumaria e higiene pessoal",0.013157131574839016
linhas_sem_diagonal,G02,2100,Fabricação de produtos farmoquímicos e farmacêuticos,0.01217317139513537
linhas_sem_diagonal,G02,2200,Fabricação de produtos de borracha e de material plástico,0.01014304385199842
linhas_sem_diagonal,G02,2300,Fabricação de produtos de minerais não metálicos,0.0009692561196742602
linhas_sem_diagonal,G02,2491,"Produção de ferro gusa/ferroligas, siderurgia e tubos de aço sem costura",0.00037091014599181565
linhas_sem_diagonal,G02,2492,Metalurgia de metais não ferosos e a fundição de metais,0.0008104906148386474
linhas_sem_diagonal,G02,2500,"Fabricação de produtos de metal, exceto máquinas e equipamentos",0.0066328287519400175
linhas_sem_diagonal,G02,2600,"Fabricação de equipamentos de informática, produtos eletrônicos e ópticos",0.025404523687966946
linhas_sem_diagonal,G02,2700,Fabricação de máquinas e equipamentos elétricos,0.013252565954040136
linhas_sem_diagonal,G02,2800,Fabricação de máquinas e equipamentos mecânicos,0.029482050983639468
linhas_sem_diagonal,G02,2991,"Fabricação de automóveis, caminhões e ônibus, exceto peças",0.049797129832829655
linhas_sem_diagonal,G02,2992,Fabricação de peças e acessórios para veículos automotores,0.00131779265000204
linhas_sem_diagonal,G02,3000,"Fabricação de outros equipamentos de transporte, exceto veículos automotores",0.00855159369136129
linhas_sem_diagonal,G02,3180,Fabricação de móveis e de produtos de indústrias diversas,0.03776972560620361
linhas_sem_diagonal,G02,3300,"Manutenção, reparação e instalação de máquinas e equipamentos",0.0032927893101443208
linhas_sem_diagonal,G02,3500,"Energia elétrica, gás natural e outras utilidades",0.009134491466898993
linhas_sem_diagonal,G02,3680,"Água, esgoto e gestão de resíduos",0.002696985355074958
linhas_sem_diagonal,G02,4180,Construção,0.15145020058799746
linhas_sem_diagonal,G02,4580,Comércio por atacado e varejo,0.03553045685859492
linhas_sem_diagonal,G02,4900,Transporte terrestre,0.01582749858283732
linhas_sem_diagonal,G02,5000,Transporte aquaviário,0.00017691003810152566
linhas_sem_diagonal,G02,5100,Transporte aéreo,0.0012654441203236028
linhas_sem_diagonal,G02,5280,"Armazenamento, atividades auxiliares dos transportes e correio",0.0018808140077285285
linhas_sem_diagonal,G02,5500,Alojamento,0.002114080505025146
linhas_sem_diagonal,G02,5600,Alimentação,0.06331370458415056
linhas_sem_diagonal,G02,5800,Edição e edição integrada à impressão,0.003441604023464895
linhas_sem_diagonal,G02,5980,"Atividades de televisão, rádio, cinema e  gravação/edição de som e imagem",0.00020397604903783453
linhas_sem_diagonal,G02,6100,Telecomunicações,0.009957536401814394
linhas_sem_diagonal,G02,6280,Desenvolvimento de sistemas e outros serviços de informação,0.00427557865096633
linhas_sem_diagonal,G02,6480,"Intermediação financeira, seguros e previdência complementar",0.010760882951996708
linhas_sem_diagonal,G02,6800,Atividades imobiliárias,0.007464903896022602
linhas_sem_diagonal,G02,6980,"Atividades jurídicas, contábeis, consultoria e sedes de empresas ",0.0008397369504609968
linhas_sem_diagonal,G02,7180,"Serviços de arquitetura, engenharia, testes/análises técnicas e P & D",0.0007509208591236232
linhas_sem_diagonal,G02,7380,"Outras atividades profissionais, científicas e técnicas",0.0002005716099531329
linhas_sem_diagonal,G02,7700,Aluguéis não imobiliários e gestão de ativos de propriedade intelectual,0.0006445344014648213
linhas_sem_diagonal,G02,7880,Outras atividades administrativas e serviços complementares,0.0030156950011481568
linhas_sem_diagonal,G02,8000,"Atividades de vigilância, segurança e investigação",1.611446661038727e-05
linhas_sem_diagonal,G02,8400,"Administração pública, defesa e seguridade social",0.03621273200616629
linhas_sem_diagonal,G02,8591,Educação pública,0.019816585404360224
linhas_sem_diagonal,G02,8592,Educação privada,0.006046134605206173
linhas_sem_diagonal,G02,8691,Saúde pública,0.02113671355511249
linhas_sem_diagonal,G02,8692,Saúde privada,0.0332115229127946
linhas_sem_diagonal,G02,9080,"Atividades artísticas, criativas e de espetáculos",0.0022697864230223747
linhas_sem_diagonal,G02,9480,Organizações associativas e outros serviços pessoais,0.015161074304889161
linhas_sem_diagonal,G02,9700,Serviços domésticos,0.0
linhas_sem_diagonal,G03,0191,"Agricultura, inclusive o apoio à agricultura e a pós-colheita",0.007289349068805381
linhas_sem_diagonal,G03,0192,"Pecuária, inclusive o apoio à pecuária",0.005494602408509228
linhas_sem_diagonal,G03,0280,Produção florestal; pesca e aquicultura,0.0007542485588058016
linhas_sem_diagonal,G03,0580,Extração de carvão mineral e de minerais não metálicos,9.225285435250222e-05
linhas_sem_diagonal,G03,0680,"Extração de petróleo e gás, inclusive as atividades de apoio",0.0038671563492638883
linhas_sem_diagonal,G03,0791,"Extração de minério de ferro, inclusive beneficiamentos e a aglomeração",0.00021502847549279577
linhas_sem_diagonal,G03,0792,"Extração de minerais metálicos não ferrosos, inclusive beneficiamentos",0.0005118414414079382
linhas_sem_diagonal,G03,1091,"Abate e produtos de carne, inclusive os produtos do laticínio e da pesca",0.02311558621038851
linhas_sem_diagonal,G03,1092,Fabricação e refino de açúcar,0.0010716900454119146
linhas_sem_diagonal,G03,1093,Outros produtos alimentares,0.02041033241726588
linhas_sem_diagonal,G03,1100,Fabricação de bebidas,0.014244479898587405
linhas_sem_diagonal,G03,1200,Fabricação de produtos do fumo,0.0008020122496077521
linhas_sem_diagonal,G03,1300,Fabricação de produtos têxteis,0.0015754435095287468
linhas_sem_diagonal,G03,1400,Confecção de artefatos do vestuário e acessórios,0.003556616801527003
linhas_sem_diagonal,G03,1500,Fabricação de calçados e de artefatos de couro,0.0020588177316302352
linhas_sem_diagonal,G03,1600,Fabricação de produtos da madeira,6.887333303607711e-05
linhas_sem_diagonal,G03,1700,"Fabricação de celulose, papel e produtos de papel",0.0013392946979832556
linhas_sem_diagonal,G03,1800,Impressão e reprodução de gravações,9.204637665203663e-05
linhas_sem_diagonal,G03,1991,Refino de petróleo e coquerias,0.010032462485511581
linhas_sem_diagonal,G03,1992,Fabricação de biocombustíveis,0.002319045533677212
linhas_sem_diagonal,G03,2091,"Fabricação de químicos orgânicos e inorgânicos, resinas e elastômeros",0.002209853669613014
linhas_sem_diagonal,G03,2092,"Fabricação de defensivos, desinfestantes, tintas e químicos diversos",0.0008048404989684771
linhas_sem_diagonal,G03,2093,"Fabricação de produtos de limpeza, cosméticos/perfumaria e higiene pessoal",0.007143761115706208
linhas_sem_diagonal,G03,2100,Fabricação de produtos farmoquímicos e farmacêuticos,0.003588777428614321
linhas_sem_diagonal,G03,2200,Fabricação de produtos de borracha e de material plástico,0.0021185092540161126
linhas_sem_diagonal,G03,2300,Fabricação de produtos de minerais não metálicos,0.001995602472701925
linhas_sem_diagonal,G03,2491,"Produção de ferro gusa/ferroligas, siderurgia e tubos de aço sem costura",0.0019679035549599404
linhas_sem_diagonal,G03,2492,Metalurgia de metais não ferosos e a fundição de metais,0.0013448745522328708
linhas_sem_diagonal,G03,2500,"Fabricação de produtos de metal, exceto máquinas e equipamentos",0.0221471487156185
linhas_sem_diagonal,G03,2600,"Fabricação de equipamentos de informática, produtos eletrônicos e ópticos",0.023072551632388597
linhas_sem_diagonal,G03,2700,Fabricação de máquinas e equipamentos elétricos,0.018889592876723812
linhas_sem_diagonal,G03,2800,Fabricação de máquinas e equipamentos mecânicos,0.0694230050809773
linhas_sem_diagonal,G03,2991,"Fabricação de automóveis, caminhões e ônibus, exceto peças",0.08225971011672184
linhas_sem_diagonal,G03,2992,Fabricação de peças e acessórios para veículos automotores,0.002940312070141281
linhas_sem_diagonal,G03,3000,"Fabricação de outros equipamentos de transporte, exceto veículos automotores",0.015765961459520094
linhas_sem_diagonal,G03,3180,Fabricação de móveis e de produtos de indústrias diversas,0.015554968002392493
linhas_sem_diagonal,G03,3300,"Manutenção, reparação e instalação de máquinas e equipamentos",0.007753141023624243
linhas_sem_diagonal,G03,3500,"Energia elétrica, gás natural e outras utilidades",0.03295041507824014
linhas_sem_diagonal,G03,3680,"Água, esgoto e gestão de resíduos",0.005811256335368772
linhas_sem_diagonal,G03,4180,Construção,0.40205886256529383
linhas_sem_diagonal,G03,4580,Comércio por atacado e varejo,0.04340597181238298
linhas_sem_diagonal,G03,4900,Transporte terrestre,0.00921308922786298
linhas_sem_diagonal,G03,5000,Transporte aquaviário,0.00014395217698727283
linhas_sem_diagonal,G03,5100,Transporte aéreo,0.0005788112896767701
linhas_sem_diagonal,G03,5280,"Armazenamento, atividades auxiliares dos transportes e correio",0.0015247942384192866
linhas_sem_diagonal,G03,5500,Alojamento,0.0009960737699719398
linhas_sem_diagonal,G03,5600,Alimentação,0.021840029192949372
linhas_sem_diagonal,G03,5800,Edição e edição integrada à impressão,0.0007127877493050392
linhas_sem_diagonal,G03,5980,"Atividades de televisão, rádio, cinema e  gravação/edição de som e imagem",8.591491276005111e-05
linhas_sem_diagonal,G03,6100,Telecomunicações,0.008283426545404841
linhas_sem_diagonal,G03,6280,Desenvolvimento de sistemas e outros serviços de informação,0.0021920301258414473
linhas_sem_diagonal,G03,6480,"Intermediação financeira, seguros e previdência complementar",0.005309843561485464
linhas_sem_diagonal,G03,6800,Atividades imobiliárias,0.013388662416878595
linhas_sem_diagonal,G03,6980,"Atividades jurídicas, contábeis, consultoria e sedes de empresas ",0.0005656936892951618
linhas_sem_diagonal,G03,7180,"Serviços de arquitetura, engenharia, testes/análises técnicas e P & D",0.00043728957703790936
linhas_sem_diagonal,G03,7380,"Outras atividades profissionais, científicas e técnicas",5.7912975459453545e-05
linhas_sem_diagonal,G03,7700,Aluguéis não imobiliários e gestão de ativos de propriedade intelectual,0.0003822500775594654
linhas_sem_diagonal,G03,7880,Outras atividades administrativas e serviços complementares,0.0026103733384356506
linhas_sem_diagonal,G03,8000,"Atividades de vigilância, segurança e investigação",1.044332152686716e-05
linhas_sem_diagonal,G03,8400,"Administração pública, defesa e seguridade social",0.0293874244944415
linhas_sem_diagonal,G03,8591,Educação pública,0.0073401305636185575
linhas_sem_diagonal,G03,8592,Educação privada,0.003015514443733274
linhas_sem_diagonal,G03,8691,Saúde pública,0.009834988414536849
linhas_sem_diagonal,G03,8692,Saúde privada,0.007786841521553185
linhas_sem_diagonal,G03,9080,"Atividades artísticas, criativas e de espetáculos",0.0018973921244669013
linhas_sem_diagonal,G03,9480,Organizações associativas e outros serviços pessoais,0.010286130487140254
linhas_sem_diagonal,G03,9700,Serviços domésticos,0.0
linhas_sem_diagonal,G04,0191,"Agricultura, inclusive o apoio à agricultura e a pós-colheita",0.01568401671482153
linhas_sem_diagonal,G04,0192,"Pecuária, inclusive o apoio à pecuária",0.008309197137875443
linhas_sem_diagonal,G04,0280,Produção florestal; pesca e aquicultura,0.0016545881565109182
linhas_sem_diagonal,G04,0580,Extração de carvão mineral e de minerais não metálicos,0.00020038440762369149
linhas_sem_diagonal,G04,0680,"Extração de petróleo e gás, inclusive as atividades de apoio",0.015608425801609496
linhas_sem_diagonal,G04,0791,"Extração de minério de ferro, inclusive beneficiamentos e a aglomeração",0.0004062930422776846
linhas_sem_diagonal,G04,0792,"Extração de minerais metálicos não ferrosos, inclusive beneficiamentos",0.0005250992953281133
linhas_sem_diagonal,G04,1091,"Abate e produtos de carne, inclusive os produtos do laticínio e da pesca",0.06063483160705885
linhas_sem_diagonal,G04,1092,Fabricação e refino de açúcar,0.0029835291719621866
linhas_sem_diagonal,G04,1093,Outros produtos alimentares,0.0777418767332971
linhas_sem_diagonal,G04,1100,Fabricação de bebidas,0.016338448596415138
linhas_sem_diagonal,G04,1200,Fabricação de produtos do fumo,0.001775054421970027
linhas_sem_diagonal,G04,1300,Fabricação de produtos têxteis,0.0030961006394305372
linhas_sem_diagonal,G04,1400,Confecção de artefatos do vestuário e acessórios,0.006264081164228738
linhas_sem_diagonal,G04,1500,Fabricação de calçados e de artefatos de couro,0.004500163196456129
linhas_sem_diagonal,G04,1600,Fabricação de produtos da madeira,0.00014643080911905324
linhas_sem_diagonal,G04,1700,"Fabricação de celulose, papel e produtos de papel",0.006088834066377201
linhas_sem_diagonal,G04,1800,Impressão e reprodução de gravações,0.00011667611631641889
linhas_sem_diagonal,G04,1991,Refino de petróleo e coquerias,0.2142877707674203
linhas_sem_diagonal,G04,1992,Fabricação de biocombustíveis,0.006865759008282449
linhas_sem_diagonal,G04,2091,"Fabricação de químicos orgânicos e inorgânicos, resinas e elastômeros",0.004851285068987341
linhas_sem_diagonal,G04,2092,"Fabricação de defensivos, desinfestantes, tintas e químicos diversos",0.001973508567463911
linhas_sem_diagonal,G04,2093,"Fabricação de produtos de limpeza, cosméticos/perfumaria e higiene pessoal",0.02639620620980837
linhas_sem_diagonal,G04,2100,Fabricação de produtos farmoquímicos e farmacêuticos,0.018399457182282707
linhas_sem_diagonal,G04,2200,Fabricação de produtos de borracha e de material plástico,0.003352219274470457
linhas_sem_diagonal,G04,2300,Fabricação de produtos de minerais não metálicos,0.000931609189705418
linhas_sem_diagonal,G04,2491,"Produção de ferro gusa/ferroligas, siderurgia e tubos de aço sem costura",0.0002275855176395966
linhas_sem_diagonal,G04,2492,Metalurgia de metais não ferosos e a fundição de metais,0.0008166324175366739
linhas_sem_diagonal,G04,2500,"Fabricação de produtos de metal, exceto máquinas e equipamentos",0.004039692701105026
linhas_sem_diagonal,G04,2600,"Fabricação de equipamentos de informática, produtos eletrônicos e ópticos",0.008694420301306363
linhas_sem_diagonal,G04,2700,Fabricação de máquinas e equipamentos elétricos,0.0077427636451433005
linhas_sem_diagonal,G04,2800,Fabricação de máquinas e equipamentos mecânicos,0.015306473506250218
linhas_sem_diagonal,G04,2991,"Fabricação de automóveis, caminhões e ônibus, exceto peças",0.025351818566979774
linhas_sem_diagonal,G04,2992,Fabricação de peças e acessórios para veículos automotores,0.0006948024636139437
linhas_sem_diagonal,G04,3000,"Fabricação de outros equipamentos de transporte, exceto veículos automotores",0.005077440155971176
linhas_sem_diagonal,G04,3180,Fabricação de móveis e de produtos de indústrias diversas,0.00792608172547414
linhas_sem_diagonal,G04,3300,"Manutenção, reparação e instalação de máquinas e equipamentos",0.0015509116300544534
linhas_sem_diagonal,G04,3500,"Energia elétrica, gás natural e outras utilidades",0.030304280152604564
linhas_sem_diagonal,G04,3680,"Água, esgoto e gestão de resíduos",0.0029423233600523535
linhas_sem_diagonal,G04,4180,Construção,0.07452776794099356
linhas_sem_diagonal,G04,4580,Comércio por atacado e varejo,0.0852914330846106
linhas_sem_diagonal,G04,4900,Transporte terrestre,0.06255161582202708
linhas_sem_diagonal,G04,5000,Transporte aquaviário,0.0003097864237020159
linhas_sem_diagonal,G04,5100,Transporte aéreo,0.005271639470079727
linhas_sem_diagonal,G04,5280,"Armazenamento, atividades auxiliares dos transportes e correio",0.0029153690076483036
linhas_sem_diagonal,G04,5500,Alojamento,0.0008734494005837803
linhas_sem_diagonal,G04,5600,Alimentação,0.04097283587283204
linhas_sem_diagonal,G04,5800,Edição e edição integrada à impressão,0.0010590397594725312
linhas_sem_diagonal,G04,5980,"Atividades de televisão, rádio, cinema e  gravação/edição de som e imagem",9.80749308161219e-05
linhas_sem_diagonal,G04,6100,Telecomunicações,0.004632597591536048
linhas_sem_diagonal,G04,6280,Desenvolvimento de sistemas e outros serviços de informação,0.0022041014729081007
linhas_sem_diagonal,G04,6480,"Intermediação financeira, seguros e previdência complementar",0.007821973468171883
linhas_sem_diagonal,G04,6800,Atividades imobiliárias,0.003622695327877421
linhas_sem_diagonal,G04,6980,"Atividades jurídicas, contábeis, consultoria e sedes de empresas ",0.0005780128517189877
linhas_sem_diagonal,G04,7180,"Serviços de arquitetura, engenharia, testes/análises técnicas e P & D",0.0006683846553622619
linhas_sem_diagonal,G04,7380,"Outras atividades profissionais, científicas e técnicas",8.355843355040986e-05
linhas_sem_diagonal,G04,7700,Aluguéis não imobiliários e gestão de ativos de propriedade intelectual,0.0004565562021619865
linhas_sem_diagonal,G04,7880,Outras atividades administrativas e serviços complementares,0.0029222223222086694
linhas_sem_diagonal,G04,8000,"Atividades de vigilância, segurança e investigação",2.9096819522615802e-05
linhas_sem_diagonal,G04,8400,"Administração pública, defesa e seguridade social",0.03587231158769364
linhas_sem_diagonal,G04,8591,Educação pública,0.012145468520011244
linhas_sem_diagonal,G04,8592,Educação privada,0.004944262036617327
linhas_sem_diagonal,G04,8691,Saúde pública,0.011151189629738881
linhas_sem_diagonal,G04,8692,Saúde privada,0.012630124885166117
linhas_sem_diagonal,G04,9080,"Atividades artísticas, criativas e de espetáculos",0.001769607127850451
linhas_sem_diagonal,G04,9480,Organizações associativas e outros serviços pessoais,0.014789752864307441
linhas_sem_diagonal,G04,9700,Serviços domésticos,0.0
linhas_sem_diagonal,G05,0191,"Agricultura, inclusive o apoio à agricultura e a pós-colheita",0.0064791484572994384
linhas_sem_diagonal,G05,0192,"Pecuária, inclusive o apoio à pecuária",0.003554389174493759
linhas_sem_diagonal,G05,0280,Produção florestal; pesca e aquicultura,0.00074905117326476
linhas_sem_diagonal,G05,0580,Extração de carvão mineral e de minerais não metálicos,0.00022421117443391654
linhas_sem_diagonal,G05,0680,"Extração de petróleo e gás, inclusive as atividades de apoio",0.006940206049394925
linhas_sem_diagonal,G05,0791,"Extração de minério de ferro, inclusive beneficiamentos e a aglomeração",0.0010498994186487998
linhas_sem_diagonal,G05,0792,"Extração de minerais metálicos não ferrosos, inclusive beneficiamentos",0.0010901438818706278
linhas_sem_diagonal,G05,1091,"Abate e produtos de carne, inclusive os produtos do laticínio e da pesca",0.028986496525378075
linhas_sem_diagonal,G05,1092,Fabricação e refino de açúcar,0.0012605240480191792
linhas_sem_diagonal,G05,1093,Outros produtos alimentares,0.03360632653518219
linhas_sem_diagonal,G05,1100,Fabricação de bebidas,0.01307891558197457
linhas_sem_diagonal,G05,1200,Fabricação de produtos do fumo,0.0008291410691191379
linhas_sem_diagonal,G05,1300,Fabricação de produtos têxteis,0.0019676414913315553
linhas_sem_diagonal,G05,1400,Confecção de artefatos do vestuário e acessórios,0.0057529094039909835
linhas_sem_diagonal,G05,1500,Fabricação de calçados e de artefatos de couro,0.004660906712036264
linhas_sem_diagonal,G05,1600,Fabricação de produtos da madeira,9.487307768676727e-05
linhas_sem_diagonal,G05,1700,"Fabricação de celulose, papel e produtos de papel",0.0027011303237249222
linhas_sem_diagonal,G05,1800,Impressão e reprodução de gravações,0.0004159616208597745
linhas_sem_diagonal,G05,1991,Refino de petróleo e coquerias,0.015891344516962676
linhas_sem_diagonal,G05,1992,Fabricação de biocombustíveis,0.0021821347646347345
linhas_sem_diagonal,G05,2091,"Fabricação de químicos orgânicos e inorgânicos, resinas e elastômeros",0.00188716837134951
linhas_sem_diagonal,G05,2092,"Fabricação de defensivos, desinfestantes, tintas e químicos diversos",0.00112320772336985
linhas_sem_diagonal,G05,2093,"Fabricação de produtos de limpeza, cosméticos/perfumaria e higiene pessoal",0.010566818884305152
linhas_sem_diagonal,G05,2100,Fabricação de produtos farmoquímicos e farmacêuticos,0.006511394673049344
linhas_sem_diagonal,G05,2200,Fabricação de produtos de borracha e de material plástico,0.0016348703831409414
linhas_sem_diagonal,G05,2300,Fabricação de produtos de minerais não metálicos,0.0009177348957330463
linhas_sem_diagonal,G05,2491,"Produção de ferro gusa/ferroligas, siderurgia e tubos de aço sem costura",0.000978025972510015
linhas_sem_diagonal,G05,2492,Metalurgia de metais não ferosos e a fundição de metais,0.015340144267229537
linhas_sem_diagonal,G05,2500,"Fabricação de produtos de metal, exceto máquinas e equipamentos",0.01695159208926169
linhas_sem_diagonal,G05,2600,"Fabricação de equipamentos de informática, produtos eletrônicos e ópticos",0.021018930545370008
linhas_sem_diagonal,G05,2700,Fabricação de máquinas e equipamentos elétricos,0.07496006402062673
linhas_sem_diagonal,G05,2800,Fabricação de máquinas e equipamentos mecânicos,0.044239998041948614
linhas_sem_diagonal,G05,2991,"Fabricação de automóveis, caminhões e ônibus, exceto peças",0.11848000349264301
linhas_sem_diagonal,G05,2992,Fabricação de peças e acessórios para veículos automotores,0.005040877821466346
linhas_sem_diagonal,G05,3000,"Fabricação de outros equipamentos de transporte, exceto veículos automotores",0.02210771863532352
linhas_sem_diagonal,G05,3180,Fabricação de móveis e de produtos de indústrias diversas,0.03964309723895095
linhas_sem_diagonal,G05,3300,"Manutenção, reparação e instalação de máquinas e equipamentos",0.023132358724721656
linhas_sem_diagonal,G05,3500,"Energia elétrica, gás natural e outras utilidades",0.015217744121662961
linhas_sem_diagonal,G05,3680,"Água, esgoto e gestão de resíduos",0.004362315515400966
linhas_sem_diagonal,G05,4180,Construção,0.20649830449474482
linhas_sem_diagonal,G05,4580,Comércio por atacado e varejo,0.07649219620676027
linhas_sem_diagonal,G05,4900,Transporte terrestre,0.019923348311325136
linhas_sem_diagonal,G05,5000,Transporte aquaviário,0.0003922370991283345
linhas_sem_diagonal,G05,5100,Transporte aéreo,0.0018445208542963807
linhas_sem_diagonal,G05,5280,"Armazenamento, atividades auxiliares dos transportes e correio",0.0028759360371464777
linhas_sem_diagonal,G05,5500,Alojamento,0.0006700320060558009
linhas_sem_diagonal,G05,5600,Alimentação,0.02076103453773856
linhas_sem_diagonal,G05,5800,Edição e edição integrada à impressão,0.0016926498789384208
linhas_sem_diagonal,G05,5980,"Atividades de televisão, rádio, cinema e  gravação/edição de som e imagem",0.00010662460461335693
linhas_sem_diagonal,G05,6100,Telecomunicações,0.007501882198594622
linhas_sem_diagonal,G05,6280,Desenvolvimento de sistemas e outros serviços de informação,0.003133543478672343
linhas_sem_diagonal,G05,6480,"Intermediação financeira, seguros e previdência complementar",0.0072827511479699614
linhas_sem_diagonal,G05,6800,Atividades imobiliárias,0.005683461272296044
linhas_sem_diagonal,G05,6980,"Atividades jurídicas, contábeis, consultoria e sedes de empresas ",0.0007422412076276548
linhas_sem_diagonal,G05,7180,"Serviços de arquitetura, engenharia, testes/análises técnicas e P & D",0.0005344662953973476
linhas_sem_diagonal,G05,7380,"Outras atividades profissionais, científicas e técnicas",9.664024586367525e-05
linhas_sem_diagonal,G05,7700,Aluguéis não imobiliários e gestão de ativos de propriedade intelectual,0.0006051557691999683
linhas_sem_diagonal,G05,7880,Outras atividades administrativas e serviços complementares,0.004550998837478575
linhas_sem_diagonal,G05,8000,"Atividades de vigilância, segurança e investigação",1.3496622895184144e-05
linhas_sem_diagonal,G05,8400,"Administração pública, defesa e seguridade social",0.02786088278824512
linhas_sem_diagonal,G05,8591,Educação pública,0.009002063147776754
linhas_sem_diagonal,G05,8592,Educação privada,0.003858661429084233
linhas_sem_diagonal,G05,8691,Saúde pública,0.014307867786204152
linhas_sem_diagonal,G05,8692,Saúde privada,0.014761023585230367
linhas_sem_diagonal,G05,9080,"Atividades artísticas, criativas e de espetáculos",0.0028083962020356134
linhas_sem_diagonal,G05,9480,Organizações associativas e outros serviços pessoais,0.01037016353630986
linhas_sem_diagonal,G05,9700,Serviços domésticos,0.0
linhas_sem_diagonal,G06,0191,"Agricultura, inclusive o apoio à agricultura e a pós-colheita",0.0013618440151905483
linhas_sem_diagonal,G06,0192,"Pecuária, inclusive o apoio à pecuária",0.010082584713550113
linhas_sem_diagonal,G06,0280,Produção florestal; pesca e aquicultura,0.000665447856129228
linhas_sem_diagonal,G06,0580,Extração de carvão mineral e de minerais não metálicos,1.9318024310198586e-05
linhas_sem_diagonal,G06,0680,"Extração de petróleo e gás, inclusive as atividades de apoio",0.0005013993489145889
linhas_sem_diagonal,G06,0791,"Extração de minério de ferro, inclusive beneficiamentos e a aglomeração",3.6130549504107494e-05
linhas_sem_diagonal,G06,0792,"Extração de minerais metálicos não ferrosos, inclusive beneficiamentos",3.8530563859680496e-05
linhas_sem_diagonal,G06,1091,"Abate e produtos de carne, inclusive os produtos do laticínio e da pesca",0.006935638047446397
linhas_sem_diagonal,G06,1092,Fabricação e refino de açúcar,0.0002386187194170378
linhas_sem_diagonal,G06,1093,Outros produtos alimentares,0.02732581452796379
linhas_sem_diagonal,G06,1100,Fabricação de bebidas,0.0012033488838000027
linhas_sem_diagonal,G06,1200,Fabricação de produtos do fumo,0.00029836961233627754
linhas_sem_diagonal,G06,1300,Fabricação de produtos têxteis,0.0003564955082909309
linhas_sem_diagonal,G06,1400,Confecção de artefatos do vestuário e acessórios,0.0011145403703740147
linhas_sem_diagonal,G06,1500,Fabricação de calçados e de artefatos de couro,0.036647014151014574
linhas_sem_diagonal,G06,1600,Fabricação de produtos da madeira,1.242747625073138e-05
linhas_sem_diagonal,G06,1700,"Fabricação de celulose, papel e produtos de papel",0.0003044676691914373
linhas_sem_diagonal,G06,1800,Impressão e reprodução de gravações,1.772420757748996e-05
linhas_sem_diagonal,G06,1991,Refino de petróleo e coquerias,0.0035275732028362448
linhas_sem_diagonal,G06,1992,Fabricação de biocombustíveis,0.005261855192507839
linhas_sem_diagonal,G06,2091,"Fabricação de químicos orgânicos e inorgânicos, resinas e elastômeros",0.00020666298935713052
linhas_sem_diagonal,G06,2092,"Fabricação de defensivos, desinfestantes, tintas e químicos diversos",0.000196547576977666
linhas_sem_diagonal,G06,2093,"Fabricação de produtos de limpeza, cosméticos/perfumaria e higiene pessoal",0.023628215300852053
linhas_sem_diagonal,G06,2100,Fabricação de produtos farmoquímicos e farmacêuticos,0.0022376383369393255
linhas_sem_diagonal,G06,2200,Fabricação de produtos de borracha e de material plástico,0.00031811427866637544
linhas_sem_diagonal,G06,2300,Fabricação de produtos de minerais não metálicos,6.564198047694406e-05
linhas_sem_diagonal,G06,2491,"Produção de ferro gusa/ferroligas, siderurgia e tubos de aço sem costura",1.665404020517621e-05
linhas_sem_diagonal,G06,2492,Metalurgia de metais não ferosos e a fundição de metais,7.256396657132502e-05
linhas_sem_diagonal,G06,2500,"Fabricação de produtos de metal, exceto máquinas e equipamentos",0.0007763343185652147
linhas_sem_diagonal,G06,2600,"Fabricação de equipamentos de informática, produtos eletrônicos e ópticos",0.0018721563271289338
linhas_sem_diagonal,G06,2700,Fabricação de máquinas e equipamentos elétricos,0.0010424131309458317
linhas_sem_diagonal,G06,2800,Fabricação de máquinas e equipamentos mecânicos,0.0028678064877041814
linhas_sem_diagonal,G06,2991,"Fabricação de automóveis, caminhões e ônibus, exceto peças",0.004597213679820616
linhas_sem_diagonal,G06,2992,Fabricação de peças e acessórios para veículos automotores,8.967858408807929e-05
linhas_sem_diagonal,G06,3000,"Fabricação de outros equipamentos de transporte, exceto veículos automotores",0.0006376991549348566
linhas_sem_diagonal,G06,3180,Fabricação de móveis e de produtos de indústrias diversas,0.0012105783713816862
linhas_sem_diagonal,G06,3300,"Manutenção, reparação e instalação de máquinas e equipamentos",0.0003715991465795933
linhas_sem_diagonal,G06,3500,"Energia elétrica, gás natural e outras utilidades",0.0017528441208646988
linhas_sem_diagonal,G06,3680,"Água, esgoto e gestão de resíduos",0.0003076982994905657
linhas_sem_diagonal,G06,4180,Construção,0.009715727710026259
linhas_sem_diagonal,G06,4580,Comércio por atacado e varejo,0.016324044111737074
linhas_sem_diagonal,G06,4900,Transporte terrestre,0.0020165879225533144
linhas_sem_diagonal,G06,5000,Transporte aquaviário,2.71368319706683e-05
linhas_sem_diagonal,G06,5100,Transporte aéreo,0.0010193710458777838
linhas_sem_diagonal,G06,5280,"Armazenamento, atividades auxiliares dos transportes e correio",0.0004219362259316109
linhas_sem_diagonal,G06,5500,Alojamento,0.007573469085499902
linhas_sem_diagonal,G06,5600,Alimentação,0.6088325392657055
linhas_sem_diagonal,G06,5800,Edição e edição integrada à impressão,0.0002751308727376381
linhas_sem_diagonal,G06,5980,"Atividades de televisão, rádio, cinema e  gravação/edição de som e imagem",0.00013462591484516653
linhas_sem_diagonal,G06,6100,Telecomunicações,0.0023293528205596994
linhas_sem_diagonal,G06,6280,Desenvolvimento de sistemas e outros serviços de informação,0.0009506927220485791
linhas_sem_diagonal,G06,6480,"Intermediação financeira, seguros e previdência complementar",0.008723165138518648
linhas_sem_diagonal,G06,6800,Atividades imobiliárias,0.0013923667273447534
linhas_sem_diagonal,G06,6980,"Atividades jurídicas, contábeis, consultoria e sedes de empresas ",0.0004664543211737069
linhas_sem_diagonal,G06,7180,"Serviços de arquitetura, engenharia, testes/análises técnicas e P & D",0.00015284528353318204
linhas_sem_diagonal,G06,7380,"Outras atividades profissionais, científicas e técnicas",6.630269090816377e-05
linhas_sem_diagonal,G06,7700,Aluguéis não imobiliários e gestão de ativos de propriedade intelectual,8.759824095146682e-05
linhas_sem_diagonal,G06,7880,Outras atividades administrativas e serviços complementares,0.0012542318562415286
linhas_sem_diagonal,G06,8000,"Atividades de vigilância, segurança e investigação",4.487019345279683e-06
linhas_sem_diagonal,G06,8400,"Administração pública, defesa e seguridade social",0.06549137676808375
linhas_sem_diagonal,G06,8591,Educação pública,0.03535219352735872
linhas_sem_diagonal,G06,8592,Educação privada,0.005282240135150974
linhas_sem_diagonal,G06,8691,Saúde pública,0.03198192436829838
linhas_sem_diagonal,G06,8692,Saúde privada,0.027517801079303197
linhas_sem_diagonal,G06,9080,"Atividades artísticas, criativas e de espetáculos",0.0011704626376590373
linhas_sem_diagonal,G06,9480,Organizações associativas e outros serviços pessoais,0.033218732944620646
linhas_sem_diagonal,G06,9700,Serviços domésticos,0.0
linhas_sem_diagonal,G07,0191,"Agricultura, inclusive o apoio à agricultura e a pós-colheita",0.009175278629622339
linhas_sem_diagonal,G07,0192,"Pecuária, inclusive o apoio à pecuária",0.005182542529619996
linhas_sem_diagonal,G07,0280,Produção florestal; pesca e aquicultura,0.0010657303973893772
linhas_sem_diagonal,G07,0580,Extração de carvão mineral e de minerais não metálicos,0.0002876445156081144
linhas_sem_diagonal,G07,0680,"Extração de petróleo e gás, inclusive as atividades de apoio",0.005789344546777606
linhas_sem_diagonal,G07,0791,"Extração de minério de ferro, inclusive beneficiamentos e a aglomeração",0.0006438354981529987
linhas_sem_diagonal,G07,0792,"Extração de minerais metálicos não ferrosos, inclusive beneficiamentos",0.0006710416661541994
linhas_sem_diagonal,G07,1091,"Abate e produtos de carne, inclusive os produtos do laticínio e da pesca",0.04277951404956297
linhas_sem_diagonal,G07,1092,Fabricação e refino de açúcar,0.0022828029707068686
linhas_sem_diagonal,G07,1093,Outros produtos alimentares,0.03592759955085505
linhas_sem_diagonal,G07,1100,Fabricação de bebidas,0.012230666566739682
linhas_sem_diagonal,G07,1200,Fabricação de produtos do fumo,0.002547667366276981
linhas_sem_diagonal,G07,1300,Fabricação de produtos têxteis,0.004089309784938047
linhas_sem_diagonal,G07,1400,Confecção de artefatos do vestuário e acessórios,0.015200369503523917
linhas_sem_diagonal,G07,1500,Fabricação de calçados e de artefatos de couro,0.005808131935189482
linhas_sem_diagonal,G07,1600,Fabricação de produtos da madeira,0.00015913692263609121
linhas_sem_diagonal,G07,1700,"Fabricação de celulose, papel e produtos de papel",0.006896524642479489
linhas_sem_diagonal,G07,1800,Impressão e reprodução de gravações,0.0004045507895809678
linhas_sem_diagonal,G07,1991,Refino de petróleo e coquerias,0.020354179994576522
linhas_sem_diagonal,G07,1992,Fabricação de biocombustíveis,0.004075932824786315
linhas_sem_diagonal,G07,2091,"Fabricação de químicos orgânicos e inorgânicos, resinas e elastômeros",0.002213096700498739
linhas_sem_diagonal,G07,2092,"Fabricação de defensivos, desinfestantes, tintas e químicos diversos",0.0015675234536844276
linhas_sem_diagonal,G07,2093,"Fabricação de produtos de limpeza, cosméticos/perfumaria e higiene pessoal",0.016748425718134785
linhas_sem_diagonal,G07,2100,Fabricação de produtos farmoquímicos e farmacêuticos,0.028397028481485398
linhas_sem_diagonal,G07,2200,Fabricação de produtos de borracha e de material plástico,0.004598742385827071
linhas_sem_diagonal,G07,2300,Fabricação de produtos de minerais não metálicos,0.0011950260298831607
linhas_sem_diagonal,G07,2491,"Produção de ferro gusa/ferroligas, siderurgia e tubos de aço sem costura",0.000384692021413452
linhas_sem_diagonal,G07,2492,Metalurgia de metais não ferosos e a fundição de metais,0.0013921863595081315
linhas_sem_diagonal,G07,2500,"Fabricação de produtos de metal, exceto máquinas e equipamentos",0.008124416180273585
linhas_sem_diagonal,G07,2600,"Fabricação de equipamentos de informática, produtos eletrônicos e ópticos",0.02449868241461247
linhas_sem_diagonal,G07,2700,Fabricação de máquinas e equipamentos elétricos,0.01788575172160798
linhas_sem_diagonal,G07,2800,Fabricação de máquinas e equipamentos mecânicos,0.04428187582212169
linhas_sem_diagonal,G07,2991,"Fabricação de automóveis, caminhões e ônibus, exceto peças",0.06957721619473685
linhas_sem_diagonal,G07,2992,Fabricação de peças e acessórios para veículos automotores,0.001841776589474986
linhas_sem_diagonal,G07,3000,"Fabricação de outros equipamentos de transporte, exceto veículos automotores",0.009930190289011296
linhas_sem_diagonal,G07,3180,Fabricação de móveis e de produtos de indústrias diversas,0.022449637043601853
linhas_sem_diagonal,G07,3300,"Manutenção, reparação e instalação de máquinas e equipamentos",0.003488984829335891
linhas_sem_diagonal,G07,3500,"Energia elétrica, gás natural e outras utilidades",0.03708723131422618
linhas_sem_diagonal,G07,3680,"Água, esgoto e gestão de resíduos",0.005452814339823272
linhas_sem_diagonal,G07,4180,Construção,0.11991630305283245
linhas_sem_diagonal,G07,4580,Comércio por atacado e varejo,0.09300933545787704
linhas_sem_diagonal,G07,4900,Transporte terrestre,0.016851800858958012
linhas_sem_diagonal,G07,5000,Transporte aquaviário,0.0006844649813931874
linhas_sem_diagonal,G07,5100,Transporte aéreo,0.0022584232508233346
linhas_sem_diagonal,G07,5280,"Armazenamento, atividades auxiliares dos transportes e correio",0.010278576693327475
linhas_sem_diagonal,G07,5500,Alojamento,0.0013892277060231933
linhas_sem_diagonal,G07,5600,Alimentação,0.030811518726137983
linhas_sem_diagonal,G07,5800,Edição e edição integrada à impressão,0.003922364174110612
linhas_sem_diagonal,G07,5980,"Atividades de televisão, rádio, cinema e  gravação/edição de som e imagem",0.00045584674514230104
linhas_sem_diagonal,G07,6100,Telecomunicações,0.015470136088312431
linhas_sem_diagonal,G07,6280,Desenvolvimento de sistemas e outros serviços de informação,0.009413482740128435
linhas_sem_diagonal,G07,6480,"Intermediação financeira, seguros e previdência complementar",0.020204035747003073
linhas_sem_diagonal,G07,6800,Atividades imobiliárias,0.006888052008437046
linhas_sem_diagonal,G07,6980,"Atividades jurídicas, contábeis, consultoria e sedes de empresas ",0.0013736673524661173
linhas_sem_diagonal,G07,7180,"Serviços de arquitetura, engenharia, testes/análises técnicas e P & D",0.00517337800599956
linhas_sem_diagonal,G07,7380,"Outras atividades profissionais, científicas e técnicas",0.000267043484436569
linhas_sem_diagonal,G07,7700,Aluguéis não imobiliários e gestão de ativos de propriedade intelectual,0.0012003774248539828
linhas_sem_diagonal,G07,7880,Outras atividades administrativas e serviços complementares,0.0042760752074312595
linhas_sem_diagonal,G07,8000,"Atividades de vigilância, segurança e investigação",0.00013825659853082794
linhas_sem_diagonal,G07,8400,"Administração pública, defesa e seguridade social",0.07196846640585709
linhas_sem_diagonal,G07,8591,Educação pública,0.01937761603218107
linhas_sem_diagonal,G07,8592,Educação privada,0.00809462998166024
linhas_sem_diagonal,G07,8691,Saúde pública,0.030729066258095405
linhas_sem_diagonal,G07,8692,Saúde privada,0.026770144684874604
linhas_sem_diagonal,G07,9080,"Atividades artísticas, criativas e de espetáculos",0.004986774970876067
linhas_sem_diagonal,G07,9480,Organizações associativas e outros serviços pessoais,0.017403832787792374
linhas_sem_diagonal,G07,9700,Serviços domésticos,0.0
linhas_sem_diagonal,G08,0191,"Agricultura, inclusive o apoio à agricultura e a pós-colheita",0.0038049048875312243
linhas_sem_diagonal,G08,0192,"Pecuária, inclusive o apoio à pecuária",0.0024255279355293656
linhas_sem_diagonal,G08,0280,Produção florestal; pesca e aquicultura,0.0008334969754806933
linhas_sem_diagonal,G08,0580,Extração de carvão mineral e de minerais não metálicos,7.48207757904962e-05
linhas_sem_diagonal,G08,0680,"Extração de petróleo e gás, inclusive as atividades de apoio",0.004645207826906755
linhas_sem_diagonal,G08,0791,"Extração de minério de ferro, inclusive beneficiamentos e a aglomeração",0.0001625286824187753
linhas_sem_diagonal,G08,0792,"Extração de minerais metálicos não ferrosos, inclusive beneficiamentos",0.00017549518222843702
linhas_sem_diagonal,G08,1091,"Abate e produtos de carne, inclusive os produtos do laticínio e da pesca",0.020763466049246133
linhas_sem_diagonal,G08,1092,Fabricação e refino de açúcar,0.000900102164948843
linhas_sem_diagonal,G08,1093,Outros produtos alimentares,0.018899223095330493
linhas_sem_diagonal,G08,1100,Fabricação de bebidas,0.009505518419160829
linhas_sem_diagonal,G08,1200,Fabricação de produtos do fumo,0.0015558128826505084
linhas_sem_diagonal,G08,1300,Fabricação de produtos têxteis,0.0026007159202319926
linhas_sem_diagonal,G08,1400,Confecção de artefatos do vestuário e acessórios,0.004211898962941194
linhas_sem_diagonal,G08,1500,Fabricação de calçados e de artefatos de couro,0.005535463579876835
linhas_sem_diagonal,G08,1600,Fabricação de produtos da madeira,4.820578284712367e-05
linhas_sem_diagonal,G08,1700,"Fabricação de celulose, papel e produtos de papel",0.0013201097764810425
linhas_sem_diagonal,G08,1800,Impressão e reprodução de gravações,7.677969034514568e-05
linhas_sem_diagonal,G08,1991,Refino de petróleo e coquerias,0.011335479511283728
linhas_sem_diagonal,G08,1992,Fabricação de biocombustíveis,0.001345983841331336
linhas_sem_diagonal,G08,2091,"Fabricação de químicos orgânicos e inorgânicos, resinas e elastômeros",0.00085006308139624
linhas_sem_diagonal,G08,2092,"Fabricação de defensivos, desinfestantes, tintas e químicos diversos",0.0007452790436245536
linhas_sem_diagonal,G08,2093,"Fabricação de produtos de limpeza, cosméticos/perfumaria e higiene pessoal",0.005514212633033469
linhas_sem_diagonal,G08,2100,Fabricação de produtos farmoquímicos e farmacêuticos,0.010505350347276503
linhas_sem_diagonal,G08,2200,Fabricação de produtos de borracha e de material plástico,0.0013877818321847977
linhas_sem_diagonal,G08,2300,Fabricação de produtos de minerais não metálicos,0.0003746255409975858
linhas_sem_diagonal,G08,2491,"Produção de ferro gusa/ferroligas, siderurgia e tubos de aço sem costura",8.728320146978473e-05
linhas_sem_diagonal,G08,2492,Metalurgia de metais não ferosos e a fundição de metais,0.000292891012184311
linhas_sem_diagonal,G08,2500,"Fabricação de produtos de metal, exceto máquinas e equipamentos",0.0031547413815728423
linhas_sem_diagonal,G08,2600,"Fabricação de equipamentos de informática, produtos eletrônicos e ópticos",0.015181951192828107
linhas_sem_diagonal,G08,2700,Fabricação de máquinas e equipamentos elétricos,0.0061766375668555855
linhas_sem_diagonal,G08,2800,Fabricação de máquinas e equipamentos mecânicos,0.01239482074856325
linhas_sem_diagonal,G08,2991,"Fabricação de automóveis, caminhões e ônibus, exceto peças",0.024465921255404095
linhas_sem_diagonal,G08,2992,Fabricação de peças e acessórios para veículos automotores,0.0004804121118600781
linhas_sem_diagonal,G08,3000,"Fabricação de outros equipamentos de transporte, exceto veículos automotores",0.003325353830093998
linhas_sem_diagonal,G08,3180,Fabricação de móveis e de produtos de indústrias diversas,0.006646310957801995
linhas_sem_diagonal,G08,3300,"Manutenção, reparação e instalação de máquinas e equipamentos",0.0012708058427927144
linhas_sem_diagonal,G08,3500,"Energia elétrica, gás natural e outras utilidades",0.015132493491257252
linhas_sem_diagonal,G08,3680,"Água, esgoto e gestão de resíduos",0.003654671746535761
linhas_sem_diagonal,G08,4180,Construção,0.06216950869828794
linhas_sem_diagonal,G08,4580,Comércio por atacado e varejo,0.10836372752720302
linhas_sem_diagonal,G08,4900,Transporte terrestre,0.01121031922714133
linhas_sem_diagonal,G08,5000,Transporte aquaviário,0.0002325560234305905
linhas_sem_diagonal,G08,5100,Transporte aéreo,0.0031078201686698067
linhas_sem_diagonal,G08,5280,"Armazenamento, atividades auxiliares dos transportes e correio",0.005070952621691237
linhas_sem_diagonal,G08,5500,Alojamento,0.0031408948032189445
linhas_sem_diagonal,G08,5600,Alimentação,0.023871896199629122
linhas_sem_diagonal,G08,5800,Edição e edição integrada à impressão,0.0024799133509625392
linhas_sem_diagonal,G08,5980,"Atividades de televisão, rádio, cinema e  gravação/edição de som e imagem",0.004226627534572533
linhas_sem_diagonal,G08,6100,Telecomunicações,0.03193378559123286
linhas_sem_diagonal,G08,6280,Desenvolvimento de sistemas e outros serviços de informação,0.010987166908352596
linhas_sem_diagonal,G08,6480,"Intermediação financeira, seguros e previdência complementar",0.05810009212808324
linhas_sem_diagonal,G08,6800,Atividades imobiliárias,0.010093407832962465
linhas_sem_diagonal,G08,6980,"Atividades jurídicas, contábeis, consultoria e sedes de empresas ",0.002101874667772033
linhas_sem_diagonal,G08,7180,"Serviços de arquitetura, engenharia, testes/análises técnicas e P & D",0.0022493044958500625
linhas_sem_diagonal,G08,7380,"Outras atividades profissionais, científicas e técnicas",0.0014763098052868692
linhas_sem_diagonal,G08,7700,Aluguéis não imobiliários e gestão de ativos de propriedade intelectual,0.0007434455164149678
linhas_sem_diagonal,G08,7880,Outras atividades administrativas e serviços complementares,0.004404761048514959
linhas_sem_diagonal,G08,8000,"Atividades de vigilância, segurança e investigação",0.00013021324204149344
linhas_sem_diagonal,G08,8400,"Administração pública, defesa e seguridade social",0.11889757427609818
linhas_sem_diagonal,G08,8591,Educação pública,0.04684068958191313
linhas_sem_diagonal,G08,8592,Educação privada,0.028289752305066775
linhas_sem_diagonal,G08,8691,Saúde pública,0.024707709233450646
linhas_sem_diagonal,G08,8692,Saúde privada,0.014928503445154753
linhas_sem_diagonal,G08,9080,"Atividades artísticas, criativas e de espetáculos",0.007916162687707522
linhas_sem_diagonal,G08,9480,Organizações associativas e outros serviços pessoais,0.2104626823189965
linhas_sem_diagonal,G08,9700,Serviços domésticos,0.0
linhas_sem_diagonal,G09,0191,"Agricultura, inclusive o apoio à agricultura e a pós-colheita",0.013168768705169543
linhas_sem_diagonal,G09,0192,"Pecuária, inclusive o apoio à pecuária",0.007251090459020102
linhas_sem_diagonal,G09,0280,Produção florestal; pesca e aquicultura,0.001592360909802538
linhas_sem_diagonal,G09,0580,Extração de carvão mineral e de minerais não metálicos,0.00019093236866125614
linhas_sem_diagonal,G09,0680,"Extração de petróleo e gás, inclusive as atividades de apoio",0.005231449824577461
linhas_sem_diagonal,G09,0791,"Extração de minério de ferro, inclusive beneficiamentos e a aglomeração",0.0005249907936738116
linhas_sem_diagonal,G09,0792,"Extração de minerais metálicos não ferrosos, inclusive beneficiamentos",0.0004494346918959619
linhas_sem_diagonal,G09,1091,"Abate e produtos de carne, inclusive os produtos do laticínio e da pesca",0.05258738794454144
linhas_sem_diagonal,G09,1092,Fabricação e refino de açúcar,0.002999789422290854
linhas_sem_diagonal,G09,1093,Outros produtos alimentares,0.053679685819825275
linhas_sem_diagonal,G09,1100,Fabricação de bebidas,0.01822033027591933
linhas_sem_diagonal,G09,1200,Fabricação de produtos do fumo,0.004960849915717068
linhas_sem_diagonal,G09,1300,Fabricação de produtos têxteis,0.004684479981498927
linhas_sem_diagonal,G09,1400,Confecção de artefatos do vestuário e acessórios,0.012049022951863636
linhas_sem_diagonal,G09,1500,Fabricação de calçados e de artefatos de couro,0.008140115611677438
linhas_sem_diagonal,G09,1600,Fabricação de produtos da madeira,0.00017051491865848712
linhas_sem_diagonal,G09,1700,"Fabricação de celulose, papel e produtos de papel",0.003142109616128156
linhas_sem_diagonal,G09,1800,Impressão e reprodução de gravações,0.0003122980613512293
linhas_sem_diagonal,G09,1991,Refino de petróleo e coquerias,0.018577214517725118
linhas_sem_diagonal,G09,1992,Fabricação de biocombustíveis,0.0042740410126182165
linhas_sem_diagonal,G09,2091,"Fabricação de químicos orgânicos e inorgânicos, resinas e elastômeros",0.002493788519129943
linhas_sem_diagonal,G09,2092,"Fabricação de defensivos, desinfestantes, tintas e químicos diversos",0.0018277006846708838
linhas_sem_diagonal,G09,2093,"Fabricação de produtos de limpeza, cosméticos/perfumaria e higiene pessoal",0.015086034945478633
linhas_sem_diagonal,G09,2100,Fabricação de produtos farmoquímicos e farmacêuticos,0.02098888734646762
linhas_sem_diagonal,G09,2200,Fabricação de produtos de borracha e de material plástico,0.004162823030154984
linhas_sem_diagonal,G09,2300,Fabricação de produtos de minerais não metálicos,0.0010925938402681773
linhas_sem_diagonal,G09,2491,"Produção de ferro gusa/ferroligas, siderurgia e tubos de aço sem costura",0.00022984536885135599
linhas_sem_diagonal,G09,2492,Metalurgia de metais não ferosos e a fundição de metais,0.0007880030956311908
linhas_sem_diagonal,G09,2500,"Fabricação de produtos de metal, exceto máquinas e equipamentos",0.006996364808481171
linhas_sem_diagonal,G09,2600,"Fabricação de equipamentos de informática, produtos eletrônicos e ópticos",0.026388585780539826
linhas_sem_diagonal,G09,2700,Fabricação de máquinas e equipamentos elétricos,0.012571213149806148
linhas_sem_diagonal,G09,2800,Fabricação de máquinas e equipamentos mecânicos,0.019931402324908143
linhas_sem_diagonal,G09,2991,"Fabricação de automóveis, caminhões e ônibus, exceto peças",0.0476879447695849
linhas_sem_diagonal,G09,2992,Fabricação de peças e acessórios para veículos automotores,0.0010938025802838377
linhas_sem_diagonal,G09,3000,"Fabricação de outros equipamentos de transporte, exceto veículos automotores",0.006163412249639397
linhas_sem_diagonal,G09,3180,Fabricação de móveis e de produtos de indústrias diversas,0.01368509487261016
linhas_sem_diagonal,G09,3300,"Manutenção, reparação e instalação de máquinas e equipamentos",0.0021922076261143026
linhas_sem_diagonal,G09,3500,"Energia elétrica, gás natural e outras utilidades",0.01339394584945853
linhas_sem_diagonal,G09,3680,"Água, esgoto e gestão de resíduos",0.004310589194007268
linhas_sem_diagonal,G09,4180,Construção,0.08024317018611869
linhas_sem_diagonal,G09,4580,Comércio por atacado e varejo,0.15429812354587183
linhas_sem_diagonal,G09,4900,Transporte terrestre,0.015496643732863732
linhas_sem_diagonal,G09,5000,Transporte aquaviário,0.0006839338605664323
linhas_sem_diagonal,G09,5100,Transporte aéreo,0.0035043596885924746
linhas_sem_diagonal,G09,5280,"Armazenamento, atividades auxiliares dos transportes e correio",0.003992830660322058
linhas_sem_diagonal,G09,5500,Alojamento,0.0025006746061651246
linhas_sem_diagonal,G09,5600,Alimentação,0.037332092543348676
linhas_sem_diagonal,G09,5800,Edição e edição integrada à impressão,0.004837720987673708
linhas_sem_diagonal,G09,5980,"Atividades de televisão, rádio, cinema e  gravação/edição de som e imagem",0.0005273980552755132
linhas_sem_diagonal,G09,6100,Telecomunicações,0.018582904475641444
linhas_sem_diagonal,G09,6280,Desenvolvimento de sistemas e outros serviços de informação,0.008090270326069161
linhas_sem_diagonal,G09,6480,"Intermediação financeira, seguros e previdência complementar",0.04042293321854557
linhas_sem_diagonal,G09,6800,Atividades imobiliárias,0.011351131067494103
linhas_sem_diagonal,G09,6980,"Atividades jurídicas, contábeis, consultoria e sedes de empresas ",0.002119010215940624
linhas_sem_diagonal,G09,7180,"Serviços de arquitetura, engenharia, testes/análises técnicas e P & D",0.0018051715680571375
linhas_sem_diagonal,G09,7380,"Outras atividades profissionais, científicas e técnicas",0.00028904625667975525
linhas_sem_diagonal,G09,7700,Aluguéis não imobiliários e gestão de ativos de propriedade intelectual,0.0010085073203844027
linhas_sem_diagonal,G09,7880,Outras atividades administrativas e serviços complementares,0.008487749111144732
linhas_sem_diagonal,G09,8000,"Atividades de vigilância, segurança e investigação",3.883623051046702e-05
linhas_sem_diagonal,G09,8400,"Administração pública, defesa e seguridade social",0.056552547252663676
linhas_sem_diagonal,G09,8591,Educação pública,0.022340355125111643
linhas_sem_diagonal,G09,8592,Educação privada,0.01763782916816651
linhas_sem_diagonal,G09,8691,Saúde pública,0.021333443308840377
linhas_sem_diagonal,G09,8692,Saúde privada,0.02940935534684352
linhas_sem_diagonal,G09,9080,"Atividades artísticas, criativas e de espetáculos",0.008192859893126351
linhas_sem_diagonal,G09,9480,Organizações associativas e outros serviços pessoais,0.03562999440927993
linhas_sem_diagonal,G09,9700,Serviços domésticos,0.0
linhas_sem_diagonal,G10,0191,"Agricultura, inclusive o apoio à agricultura e a pós-colheita",0.004046826325490946
linhas_sem_diagonal,G10,0192,"Pecuária, inclusive o apoio à pecuária",0.0026604488053989447
linhas_sem_diagonal,G10,0280,Produção florestal; pesca e aquicultura,0.0006011946155221859
linhas_sem_diagonal,G10,0580,Extração de carvão mineral e de minerais não metálicos,6.770426004994093e-05
linhas_sem_diagonal,G10,0680,"Extração de petróleo e gás, inclusive as atividades de apoio",0.002065911055120243
linhas_sem_diagonal,G10,0791,"Extração de minério de ferro, inclusive beneficiamentos e a aglomeração",0.00016838093221552668
linhas_sem_diagonal,G10,0792,"Extração de minerais metálicos não ferrosos, inclusive beneficiamentos",0.00016632805896094375
linhas_sem_diagonal,G10,1091,"Abate e produtos de carne, inclusive os produtos do laticínio e da pesca",0.022189794251634764
linhas_sem_diagonal,G10,1092,Fabricação e refino de açúcar,0.0010460390179676095
linhas_sem_diagonal,G10,1093,Outros produtos alimentares,0.019578985987616298
linhas_sem_diagonal,G10,1100,Fabricação de bebidas,0.008823667451830892
linhas_sem_diagonal,G10,1200,Fabricação de produtos do fumo,0.0014197589434859737
linhas_sem_diagonal,G10,1300,Fabricação de produtos têxteis,0.0023940609568509864
linhas_sem_diagonal,G10,1400,Confecção de artefatos do vestuário e acessórios,0.009085070807282797
linhas_sem_diagonal,G10,1500,Fabricação de calçados e de artefatos de couro,0.0037495674595720042
linhas_sem_diagonal,G10,1600,Fabricação de produtos da madeira,5.630495439947934e-05
linhas_sem_diagonal,G10,1700,"Fabricação de celulose, papel e produtos de papel",0.001724448514592888
linhas_sem_diagonal,G10,1800,Impressão e reprodução de gravações,6.456529968574318e-05
linhas_sem_diagonal,G10,1991,Refino de petróleo e coquerias,0.007270999811727724
linhas_sem_diagonal,G10,1992,Fabricação de biocombustíveis,0.0017895262573803736
linhas_sem_diagonal,G10,2091,"Fabricação de químicos orgânicos e inorgânicos, resinas e elastômeros",0.0007961646176648597
linhas_sem_diagonal,G10,2092,"Fabricação de defensivos, desinfestantes, tintas e químicos diversos",0.0006053885893308437
linhas_sem_diagonal,G10,2093,"Fabricação de produtos de limpeza, cosméticos/perfumaria e higiene pessoal",0.005934022906264653
linhas_sem_diagonal,G10,2100,Fabricação de produtos farmoquímicos e farmacêuticos,0.008918788753573449
linhas_sem_diagonal,G10,2200,Fabricação de produtos de borracha e de material plástico,0.0017772014790709766
linhas_sem_diagonal,G10,2300,Fabricação de produtos de minerais não metálicos,0.0003737363097823337
linhas_sem_diagonal,G10,2491,"Produção de ferro gusa/ferroligas, siderurgia e tubos de aço sem costura",8.66919938303957e-05
linhas_sem_diagonal,G10,2492,Metalurgia de metais não ferosos e a fundição de metais,0.0003346243419711943
linhas_sem_diagonal,G10,2500,"Fabricação de produtos de metal, exceto máquinas e equipamentos",0.0025797183408809553
linhas_sem_diagonal,G10,2600,"Fabricação de equipamentos de informática, produtos eletrônicos e ópticos",0.024549814103247646
linhas_sem_diagonal,G10,2700,Fabricação de máquinas e equipamentos elétricos,0.006229985777588165
linhas_sem_diagonal,G10,2800,Fabricação de máquinas e equipamentos mecânicos,0.012156477273037612
linhas_sem_diagonal,G10,2991,"Fabricação de automóveis, caminhões e ônibus, exceto peças",0.022907124361059072
linhas_sem_diagonal,G10,2992,Fabricação de peças e acessórios para veículos automotores,0.0005503658023167323
linhas_sem_diagonal,G10,3000,"Fabricação de outros equipamentos de transporte, exceto veículos automotores",0.0033416832196213066
linhas_sem_diagonal,G10,3180,Fabricação de móveis e de produtos de indústrias diversas,0.007439823161271838
linhas_sem_diagonal,G10,3300,"Manutenção, reparação e instalação de máquinas e equipamentos",0.001384381145060949
linhas_sem_diagonal,G10,3500,"Energia elétrica, gás natural e outras utilidades",0.01018645872716224
linhas_sem_diagonal,G10,3680,"Água, esgoto e gestão de resíduos",0.0021985547653446454
linhas_sem_diagonal,G10,4180,Construção,0.04828291225633763
linhas_sem_diagonal,G10,4580,Comércio por atacado e varejo,0.2576990546084533
linhas_sem_diagonal,G10,4900,Transporte terrestre,0.009932097686104022
linhas_sem_diagonal,G10,5000,Transporte aquaviário,0.00018899976733945307
linhas_sem_diagonal,G10,5100,Transporte aéreo,0.0014397652560896132
linhas_sem_diagonal,G10,5280,"Armazenamento, atividades auxiliares dos transportes e correio",0.005307403526927283
linhas_sem_diagonal,G10,5500,Alojamento,0.003780720972884099
linhas_sem_diagonal,G10,5600,Alimentação,0.04291097181520619
linhas_sem_diagonal,G10,5800,Edição e edição integrada à impressão,0.017696423642692864
linhas_sem_diagonal,G10,5980,"Atividades de televisão, rádio, cinema e  gravação/edição de som e imagem",0.0006496835292697745
linhas_sem_diagonal,G10,6100,Telecomunicações,0.028458335319592982
linhas_sem_diagonal,G10,6280,Desenvolvimento de sistemas e outros serviços de informação,0.01570869288986924
linhas_sem_diagonal,G10,6480,"Intermediação financeira, seguros e previdência complementar",0.048753715407211955
linhas_sem_diagonal,G10,6800,Atividades imobiliárias,0.012586362542836925
linhas_sem_diagonal,G10,6980,"Atividades jurídicas, contábeis, consultoria e sedes de empresas ",0.0037478428234882454
linhas_sem_diagonal,G10,7180,"Serviços de arquitetura, engenharia, testes/análises técnicas e P & D",0.0019041023535141318
linhas_sem_diagonal,G10,7380,"Outras atividades profissionais, científicas e técnicas",0.0011142284044167675
linhas_sem_diagonal,G10,7700,Aluguéis não imobiliários e gestão de ativos de propriedade intelectual,0.0012689605123890055
linhas_sem_diagonal,G10,7880,Outras atividades administrativas e serviços complementares,0.008294659016500268
linhas_sem_diagonal,G10,8000,"Atividades de vigilância, segurança e investigação",3.671661421573289e-05
linhas_sem_diagonal,G10,8400,"Administração pública, defesa e seguridade social",0.1258737730952154
linhas_sem_diagonal,G10,8591,Educação pública,0.025091498701193978
linhas_sem_diagonal,G10,8592,Educação privada,0.03141410857857077
linhas_sem_diagonal,G10,8691,Saúde pública,0.028396265063790924
linhas_sem_diagonal,G10,8692,Saúde privada,0.017482326073431666
linhas_sem_diagonal,G10,9080,"Atividades artísticas, criativas e de espetáculos",0.02697575902680981
linhas_sem_diagonal,G10,9480,Organizações associativas e outros serviços pessoais,0.03368403108078168
linhas_sem_diagonal,G10,9700,Serviços domésticos,0.0
linhas_sem_diagonal,G11,0191,"Agricultura, inclusive o apoio à agricultura e a pós-colheita",0.014324887271950986
linhas_sem_diagonal,G11,0192,"Pecuária, inclusive o apoio à pecuária",0.007342311011133604
linhas_sem_diagonal,G11,0280,Produção florestal; pesca e aquicultura,0.00181842739697031
linhas_sem_diagonal,G11,0580,Extração de carvão mineral e de minerais não metálicos,0.0002738224926671525
linhas_sem_diagonal,G11,0680,"Extração de petróleo e gás, inclusive as atividades de apoio",0.004969904098653726
linhas_sem_diagonal,G11,0791,"Extração de minério de ferro, inclusive beneficiamentos e a aglomeração",0.0006158695921416542
linhas_sem_diagonal,G11,0792,"Extração de minerais metálicos não ferrosos, inclusive beneficiamentos",0.0007876923133272217
linhas_sem_diagonal,G11,1091,"Abate e produtos de carne, inclusive os produtos do laticínio e da pesca",0.04442807464173301
linhas_sem_diagonal,G11,1092,Fabricação e refino de açúcar,0.0038921367409897253
linhas_sem_diagonal,G11,1093,Outros produtos alimentares,0.04193908861444529
linhas_sem_diagonal,G11,1100,Fabricação de bebidas,0.01124668576923383
linhas_sem_diagonal,G11,1200,Fabricação de produtos do fumo,0.0019300054770530085
linhas_sem_diagonal,G11,1300,Fabricação de produtos têxteis,0.0034654569984222945
linhas_sem_diagonal,G11,1400,Confecção de artefatos do vestuário e acessórios,0.009809642899094992
linhas_sem_diagonal,G11,1500,Fabricação de calçados e de artefatos de couro,0.005628037709454484
linhas_sem_diagonal,G11,1600,Fabricação de produtos da madeira,0.0001330658351383088
linhas_sem_diagonal,G11,1700,"Fabricação de celulose, papel e produtos de papel",0.0034926722487232734
linhas_sem_diagonal,G11,1800,Impressão e reprodução de gravações,0.00024178497769911672
linhas_sem_diagonal,G11,1991,Refino de petróleo e coquerias,0.009356504859373964
linhas_sem_diagonal,G11,1992,Fabricação de biocombustíveis,0.005035342295000281
linhas_sem_diagonal,G11,2091,"Fabricação de químicos orgânicos e inorgânicos, resinas e elastômeros",0.003661247347771483
linhas_sem_diagonal,G11,2092,"Fabricação de defensivos, desinfestantes, tintas e químicos diversos",0.0014783860433008533
linhas_sem_diagonal,G11,2093,"Fabricação de produtos de limpeza, cosméticos/perfumaria e higiene pessoal",0.010048056871542387
linhas_sem_diagonal,G11,2100,Fabricação de produtos farmoquímicos e farmacêuticos,0.010431521680004864
linhas_sem_diagonal,G11,2200,Fabricação de produtos de borracha e de material plástico,0.0035431984337614465
linhas_sem_diagonal,G11,2300,Fabricação de produtos de minerais não metálicos,0.0011255259970095312
linhas_sem_diagonal,G11,2491,"Produção de ferro gusa/ferroligas, siderurgia e tubos de aço sem costura",0.0003616943966350947
linhas_sem_diagonal,G11,2492,Metalurgia de metais não ferosos e a fundição de metais,0.0011073283475760325
linhas_sem_diagonal,G11,2500,"Fabricação de produtos de metal, exceto máquinas e equipamentos",0.006464738274719506
linhas_sem_diagonal,G11,2600,"Fabricação de equipamentos de informática, produtos eletrônicos e ópticos",0.019624012515657756
linhas_sem_diagonal,G11,2700,Fabricação de máquinas e equipamentos elétricos,0.01931116757781184
linhas_sem_diagonal,G11,2800,Fabricação de máquinas e equipamentos mecânicos,0.03726175951186338
linhas_sem_diagonal,G11,2991,"Fabricação de automóveis, caminhões e ônibus, exceto peças",0.03131396082048651
linhas_sem_diagonal,G11,2992,Fabricação de peças e acessórios para veículos automotores,0.0024899861375215168
linhas_sem_diagonal,G11,3000,"Fabricação de outros equipamentos de transporte, exceto veículos automotores",0.016675325191796708
linhas_sem_diagonal,G11,3180,Fabricação de móveis e de produtos de indústrias diversas,0.01286328025786434
linhas_sem_diagonal,G11,3300,"Manutenção, reparação e instalação de máquinas e equipamentos",0.03333272063697732
linhas_sem_diagonal,G11,3500,"Energia elétrica, gás natural e outras utilidades",0.023205619314794878
linhas_sem_diagonal,G11,3680,"Água, esgoto e gestão de resíduos",0.004307340067890538
linhas_sem_diagonal,G11,4180,Construção,0.12750932966178385
linhas_sem_diagonal,G11,4580,Comércio por atacado e varejo,0.13591042958172525
linhas_sem_diagonal,G11,4900,Transporte terrestre,0.10817889764390638
linhas_sem_diagonal,G11,5000,Transporte aquaviário,0.0006869076201424573
linhas_sem_diagonal,G11,5100,Transporte aéreo,0.005496733373622976
linhas_sem_diagonal,G11,5280,"Armazenamento, atividades auxiliares dos transportes e correio",0.004859291186820707
linhas_sem_diagonal,G11,5500,Alojamento,0.0009472920250775839
linhas_sem_diagonal,G11,5600,Alimentação,0.030016823381066163
linhas_sem_diagonal,G11,5800,Edição e edição integrada à impressão,0.0023972183462403125
linhas_sem_diagonal,G11,5980,"Atividades de televisão, rádio, cinema e  gravação/edição de som e imagem",0.00016168041613039144
linhas_sem_diagonal,G11,6100,Telecomunicações,0.00854994137449615
linhas_sem_diagonal,G11,6280,Desenvolvimento de sistemas e outros serviços de informação,0.004187749836260944
linhas_sem_diagonal,G11,6480,"Intermediação financeira, seguros e previdência complementar",0.010299232586445746
linhas_sem_diagonal,G11,6800,Atividades imobiliárias,0.005906613317680697
linhas_sem_diagonal,G11,6980,"Atividades jurídicas, contábeis, consultoria e sedes de empresas ",0.0009030499124122139
linhas_sem_diagonal,G11,7180,"Serviços de arquitetura, engenharia, testes/análises técnicas e P & D",0.0011877559327667377
linhas_sem_diagonal,G11,7380,"Outras atividades profissionais, científicas e técnicas",0.00013639191583249925
linhas_sem_diagonal,G11,7700,Aluguéis não imobiliários e gestão de ativos de propriedade intelectual,0.0008056005797466131
linhas_sem_diagonal,G11,7880,Outras atividades administrativas e serviços complementares,0.003029531591325194
linhas_sem_diagonal,G11,8000,"Atividades de vigilância, segurança e investigação",2.8016584571554883e-05
linhas_sem_diagonal,G11,8400,"Administração pública, defesa e seguridade social",0.0638096985877226
linhas_sem_diagonal,G11,8591,Educação pública,0.013405573413306648
linhas_sem_diagonal,G11,8592,Educação privada,0.006107858339952028
linhas_sem_diagonal,G11,8691,Saúde pública,0.016349458394705484
linhas_sem_diagonal,G11,8692,Saúde privada,0.0173307216148811
linhas_sem_diagonal,G11,9080,"Atividades artísticas, criativas e de espetáculos",0.0033252699571457746
linhas_sem_diagonal,G11,9480,Organizações associativas e outros serviços pessoais,0.019134650156039643
linhas_sem_diagonal,G11,9700,Serviços domésticos,0.0
linhas_sem_diagonal,G12,0191,"Agricultura, inclusive o apoio à agricultura e a pós-colheita",0.09476440118972837
linhas_sem_diagonal,G12,0192,"Pecuária, inclusive o apoio à pecuária",0.019884448840608825
linhas_sem_diagonal,G12,0280,Produção florestal; pesca e aquicultura,0.0022051522508681315
linhas_sem_diagonal,G12,0580,Extração de carvão mineral e de minerais não metálicos,0.0008125710526065571
linhas_sem_diagonal,G12,0680,"Extração de petróleo e gás, inclusive as atividades de apoio",0.004392288527216761
linhas_sem_diagonal,G12,0791,"Extração de minério de ferro, inclusive beneficiamentos e a aglomeração",0.00022769920731331288
linhas_sem_diagonal,G12,0792,"Extração de minerais metálicos não ferrosos, inclusive beneficiamentos",0.0003529431602382864
linhas_sem_diagonal,G12,1091,"Abate e produtos de carne, inclusive os produtos do laticínio e da pesca",0.06450028028475059
linhas_sem_diagonal,G12,1092,Fabricação e refino de açúcar,0.00884359250576358
linhas_sem_diagonal,G12,1093,Outros produtos alimentares,0.09126916007879646
linhas_sem_diagonal,G12,1100,Fabricação de bebidas,0.010475278377506402
linhas_sem_diagonal,G12,1200,Fabricação de produtos do fumo,0.007406675870645736
linhas_sem_diagonal,G12,1300,Fabricação de produtos têxteis,0.013742482995693334
linhas_sem_diagonal,G12,1400,Confecção de artefatos do vestuário e acessórios,0.017218876552692525
linhas_sem_diagonal,G12,1500,Fabricação de calçados e de artefatos de couro,0.013854034600728187
linhas_sem_diagonal,G12,1600,Fabricação de produtos da madeira,0.00025175036305565164
linhas_sem_diagonal,G12,1700,"Fabricação de celulose, papel e produtos de papel",0.007207670416192399
linhas_sem_diagonal,G12,1800,Impressão e reprodução de gravações,0.0005079256597015946
linhas_sem_diagonal,G12,1991,Refino de petróleo e coquerias,0.021475802525229508
linhas_sem_diagonal,G12,1992,Fabricação de biocombustíveis,0.014183536205603035
linhas_sem_diagonal,G12,2091,"Fabricação de químicos orgânicos e inorgânicos, resinas e elastômeros",0.0017216836575291176
linhas_sem_diagonal,G12,2092,"Fabricação de defensivos, desinfestantes, tintas e químicos diversos",0.0054266447752858065
linhas_sem_diagonal,G12,2093,"Fabricação de produtos de limpeza, cosméticos/perfumaria e higiene pessoal",0.043603755790021105
linhas_sem_diagonal,G12,2100,Fabricação de produtos farmoquímicos e farmacêuticos,0.02257137791071538
linhas_sem_diagonal,G12,2200,Fabricação de produtos de borracha e de material plástico,0.017529559251824207
linhas_sem_diagonal,G12,2300,Fabricação de produtos de minerais não metálicos,0.001509269463529984
linhas_sem_diagonal,G12,2491,"Produção de ferro gusa/ferroligas, siderurgia e tubos de aço sem costura",0.00016867996459214816
linhas_sem_diagonal,G12,2492,Metalurgia de metais não ferosos e a fundição de metais,0.0006959938017383597
linhas_sem_diagonal,G12,2500,"Fabricação de produtos de metal, exceto máquinas e equipamentos",0.006133413137253322
linhas_sem_diagonal,G12,2600,"Fabricação de equipamentos de informática, produtos eletrônicos e ópticos",0.012406493668997664
linhas_sem_diagonal,G12,2700,Fabricação de máquinas e equipamentos elétricos,0.016202305437216465
linhas_sem_diagonal,G12,2800,Fabricação de máquinas e equipamentos mecânicos,0.012770621432038002
linhas_sem_diagonal,G12,2991,"Fabricação de automóveis, caminhões e ônibus, exceto peças",0.03317252974297165
linhas_sem_diagonal,G12,2992,Fabricação de peças e acessórios para veículos automotores,0.0011128237611700632
linhas_sem_diagonal,G12,3000,"Fabricação de outros equipamentos de transporte, exceto veículos automotores",0.006026369467820215
linhas_sem_diagonal,G12,3180,Fabricação de móveis e de produtos de indústrias diversas,0.023942984817070287
linhas_sem_diagonal,G12,3300,"Manutenção, reparação e instalação de máquinas e equipamentos",0.0029079425552055033
linhas_sem_diagonal,G12,3500,"Energia elétrica, gás natural e outras utilidades",0.00777266190937655
linhas_sem_diagonal,G12,3680,"Água, esgoto e gestão de resíduos",0.005172831389506662
linhas_sem_diagonal,G12,4180,Construção,0.14944937966204774
linhas_sem_diagonal,G12,4580,Comércio por atacado e varejo,0.06637654748528772
linhas_sem_diagonal,G12,4900,Transporte terrestre,0.011748542918559684
linhas_sem_diagonal,G12,5000,Transporte aquaviário,9.378112176195553e-05
linhas_sem_diagonal,G12,5100,Transporte aéreo,0.0010473527043540947
linhas_sem_diagonal,G12,5280,"Armazenamento, atividades auxiliares dos transportes e correio",0.0012099594842869851
linhas_sem_diagonal,G12,5500,Alojamento,0.0009643517031177407
linhas_sem_diagonal,G12,5600,Alimentação,0.02927004777108666
linhas_sem_diagonal,G12,5800,Edição e edição integrada à impressão,0.002044984981394658
linhas_sem_diagonal,G12,5980,"Atividades de televisão, rádio, cinema e  gravação/edição de som e imagem",0.00013859233463844734
linhas_sem_diagonal,G12,6100,Telecomunicações,0.0049330345030100305
linhas_sem_diagonal,G12,6280,Desenvolvimento de sistemas e outros serviços de informação,0.0019163368204453348
linhas_sem_diagonal,G12,6480,"Intermediação financeira, seguros e previdência complementar",0.006391509610490256
linhas_sem_diagonal,G12,6800,Atividades imobiliárias,0.013637652571678602
linhas_sem_diagonal,G12,6980,"Atividades jurídicas, contábeis, consultoria e sedes de empresas ",0.0004740565126791817
linhas_sem_diagonal,G12,7180,"Serviços de arquitetura, engenharia, testes/análises técnicas e P & D",0.0004027314781773954
linhas_sem_diagonal,G12,7380,"Outras atividades profissionais, científicas e técnicas",0.0001092890066810666
linhas_sem_diagonal,G12,7700,Aluguéis não imobiliários e gestão de ativos de propriedade intelectual,0.0002843969223057561
linhas_sem_diagonal,G12,7880,Outras atividades administrativas e serviços complementares,0.0048929554053253575
linhas_sem_diagonal,G12,8000,"Atividades de vigilância, segurança e investigação",8.553659137015826e-06
linhas_sem_diagonal,G12,8400,"Administração pública, defesa e seguridade social",0.024465376193444265
linhas_sem_diagonal,G12,8591,Educação pública,0.012616663108377266
linhas_sem_diagonal,G12,8592,Educação privada,0.003390519538234697
linhas_sem_diagonal,G12,8691,Saúde pública,0.01899443630071778
linhas_sem_diagonal,G12,8692,Saúde privada,0.017322570391534373
linhas_sem_diagonal,G12,9080,"Atividades artísticas, criativas e de espetáculos",0.0018145237133030544
linhas_sem_diagonal,G12,9480,Organizações associativas e outros serviços pessoais,0.011577341499121045
linhas_sem_diagonal,G12,9700,Serviços domésticos,0.0
linhas_sem_diagonal,G13,0191,"Agricultura, inclusive o apoio à agricultura e a pós-colheita",0.006043156495391177
linhas_sem_diagonal,G13,0192,"Pecuária, inclusive o apoio à pecuária",0.0177798176919857
linhas_sem_diagonal,G13,0280,Produção florestal; pesca e aquicultura,0.0005733800763681712
linhas_sem_diagonal,G13,0580,Extração de carvão mineral e de minerais não metálicos,5.296750889779441e-05
linhas_sem_diagonal,G13,0680,"Extração de petróleo e gás, inclusive as atividades de apoio",0.001848307686970985
linhas_sem_diagonal,G13,0791,"Extração de minério de ferro, inclusive beneficiamentos e a aglomeração",0.00020954492767087294
linhas_sem_diagonal,G13,0792,"Extração de minerais metálicos não ferrosos, inclusive beneficiamentos",9.723594476447209e-05
linhas_sem_diagonal,G13,1091,"Abate e produtos de carne, inclusive os produtos do laticínio e da pesca",0.03599538122358742
linhas_sem_diagonal,G13,1092,Fabricação e refino de açúcar,0.000836708427732174
linhas_sem_diagonal,G13,1093,Outros produtos alimentares,0.015464272888809706
linhas_sem_diagonal,G13,1100,Fabricação de bebidas,0.004924902515501636
linhas_sem_diagonal,G13,1200,Fabricação de produtos do fumo,0.001372479107420199
linhas_sem_diagonal,G13,1300,Fabricação de produtos têxteis,0.0012971298365344111
linhas_sem_diagonal,G13,1400,Confecção de artefatos do vestuário e acessórios,0.02121151708424
linhas_sem_diagonal,G13,1500,Fabricação de calçados e de artefatos de couro,0.005181992734373027
linhas_sem_diagonal,G13,1600,Fabricação de produtos da madeira,4.4409871637416955e-05
linhas_sem_diagonal,G13,1700,"Fabricação de celulose, papel e produtos de papel",0.0008537800572326697
linhas_sem_diagonal,G13,1800,Impressão e reprodução de gravações,5.3372883273963075e-05
linhas_sem_diagonal,G13,1991,Refino de petróleo e coquerias,0.0046462114591747945
linhas_sem_diagonal,G13,1992,Fabricação de biocombustíveis,0.0012255613302658759
linhas_sem_diagonal,G13,2091,"Fabricação de químicos orgânicos e inorgânicos, resinas e elastômeros",0.0009128816270680584
linhas_sem_diagonal,G13,2092,"Fabricação de defensivos, desinfestantes, tintas e químicos diversos",0.0009538369365753082
linhas_sem_diagonal,G13,2093,"Fabricação de produtos de limpeza, cosméticos/perfumaria e higiene pessoal",0.006460755044717246
linhas_sem_diagonal,G13,2100,Fabricação de produtos farmoquímicos e farmacêuticos,0.011799722007663644
linhas_sem_diagonal,G13,2200,Fabricação de produtos de borracha e de material plástico,0.001493109135167232
linhas_sem_diagonal,G13,2300,Fabricação de produtos de minerais não metálicos,0.0002769881906482037
linhas_sem_diagonal,G13,2491,"Produção de ferro gusa/ferroligas, siderurgia e tubos de aço sem costura",5.052113206746324e-05
linhas_sem_diagonal,G13,2492,Metalurgia de metais não ferosos e a fundição de metais,0.0003720981481065879
linhas_sem_diagonal,G13,2500,"Fabricação de produtos de metal, exceto máquinas e equipamentos",0.0014335214191494175
linhas_sem_diagonal,G13,2600,"Fabricação de equipamentos de informática, produtos eletrônicos e ópticos",0.007740131480770585
linhas_sem_diagonal,G13,2700,Fabricação de máquinas e equipamentos elétricos,0.006700984765524435
linhas_sem_diagonal,G13,2800,Fabricação de máquinas e equipamentos mecânicos,0.016070368617688433
linhas_sem_diagonal,G13,2991,"Fabricação de automóveis, caminhões e ônibus, exceto peças",0.02859265934826001
linhas_sem_diagonal,G13,2992,Fabricação de peças e acessórios para veículos automotores,0.0010006216220841814
linhas_sem_diagonal,G13,3000,"Fabricação de outros equipamentos de transporte, exceto veículos automotores",0.0030217953717849035
linhas_sem_diagonal,G13,3180,Fabricação de móveis e de produtos de indústrias diversas,0.0023963043984232984
linhas_sem_diagonal,G13,3300,"Manutenção, reparação e instalação de máquinas e equipamentos",0.0013971236263428076
linhas_sem_diagonal,G13,3500,"Energia elétrica, gás natural e outras utilidades",0.00612460581725989
linhas_sem_diagonal,G13,3680,"Água, esgoto e gestão de resíduos",0.0013014500968915636
linhas_sem_diagonal,G13,4180,Construção,0.03917981839466089
linhas_sem_diagonal,G13,4580,Comércio por atacado e varejo,0.03042678689979793
linhas_sem_diagonal,G13,4900,Transporte terrestre,0.0041801392486997555
linhas_sem_diagonal,G13,5000,Transporte aquaviário,0.00016611963279723285
linhas_sem_diagonal,G13,5100,Transporte aéreo,0.00045418816754057566
linhas_sem_diagonal,G13,5280,"Armazenamento, atividades auxiliares dos transportes e correio",0.0016554919494991757
linhas_sem_diagonal,G13,5500,Alojamento,0.00044445636096250075
linhas_sem_diagonal,G13,5600,Alimentação,0.010952440766955007
linhas_sem_diagonal,G13,5800,Edição e edição integrada à impressão,0.0004962242334239251
linhas_sem_diagonal,G13,5980,"Atividades de televisão, rádio, cinema e  gravação/edição de som e imagem",9.15220683482933e-05
linhas_sem_diagonal,G13,6100,Telecomunicações,0.005297838613934018
linhas_sem_diagonal,G13,6280,Desenvolvimento de sistemas e outros serviços de informação,0.0033693439292252323
linhas_sem_diagonal,G13,6480,"Intermediação financeira, seguros e previdência complementar",0.005710857888932902
linhas_sem_diagonal,G13,6800,Atividades imobiliárias,0.003275498919621499
linhas_sem_diagonal,G13,6980,"Atividades jurídicas, contábeis, consultoria e sedes de empresas ",0.0004651193328758843
linhas_sem_diagonal,G13,7180,"Serviços de arquitetura, engenharia, testes/análises técnicas e P & D",0.004165855183407821
linhas_sem_diagonal,G13,7380,"Outras atividades profissionais, científicas e técnicas",0.00011207971560370429
linhas_sem_diagonal,G13,7700,Aluguéis não imobiliários e gestão de ativos de propriedade intelectual,0.0009587906212530444
linhas_sem_diagonal,G13,7880,Outras atividades administrativas e serviços complementares,0.0013583118003265247
linhas_sem_diagonal,G13,8000,"Atividades de vigilância, segurança e investigação",8.336800690774884e-06
linhas_sem_diagonal,G13,8400,"Administração pública, defesa e seguridade social",0.03223132419587658
linhas_sem_diagonal,G13,8591,Educação pública,0.024709779238464763
linhas_sem_diagonal,G13,8592,Educação privada,0.004862334936234631
linhas_sem_diagonal,G13,8691,Saúde pública,0.10905731929462131
linhas_sem_diagonal,G13,8692,Saúde privada,0.48230725190194
linhas_sem_diagonal,G13,9080,"Atividades artísticas, criativas e de espetáculos",0.0026759540532388846
linhas_sem_diagonal,G13,9480,Organizações associativas e outros serviços pessoais,0.013575207313041461
linhas_sem_diagonal,G13,9700,Serviços domésticos,0.0
linhas_sem_diagonal,G14,0191,"Agricultura, inclusive o apoio à agricultura e a pós-colheita",0.005983055514721099
linhas_sem_diagonal,G14,0192,"Pecuária, inclusive o apoio à pecuária",0.0033809359441285443
linhas_sem_diagonal,G14,0280,Produção florestal; pesca e aquicultura,0.0008341743368492756
linhas_sem_diagonal,G14,0580,Extração de carvão mineral e de minerais não metálicos,0.00011026490020556882
linhas_sem_diagonal,G14,0680,"Extração de petróleo e gás, inclusive as atividades de apoio",0.00412368793244351
linhas_sem_diagonal,G14,0791,"Extração de minério de ferro, inclusive beneficiamentos e a aglomeração",0.0005179977092897632
linhas_sem_diagonal,G14,0792,"Extração de minerais metálicos não ferrosos, inclusive beneficiamentos",0.0004996256223841143
linhas_sem_diagonal,G14,1091,"Abate e produtos de carne, inclusive os produtos do laticínio e da pesca",0.02098303543027769
linhas_sem_diagonal,G14,1092,Fabricação e refino de açúcar,0.001516845028666814
linhas_sem_diagonal,G14,1093,Outros produtos alimentares,0.01940110138913372
linhas_sem_diagonal,G14,1100,Fabricação de bebidas,0.00818021703921046
linhas_sem_diagonal,G14,1200,Fabricação de produtos do fumo,0.0013333079586693997
linhas_sem_diagonal,G14,1300,Fabricação de produtos têxteis,0.0020189882434130464
linhas_sem_diagonal,G14,1400,Confecção de artefatos do vestuário e acessórios,0.006003731596606672
linhas_sem_diagonal,G14,1500,Fabricação de calçados e de artefatos de couro,0.0030795701177170633
linhas_sem_diagonal,G14,1600,Fabricação de produtos da madeira,9.292077964146465e-05
linhas_sem_diagonal,G14,1700,"Fabricação de celulose, papel e produtos de papel",0.0017518026243507096
linhas_sem_diagonal,G14,1800,Impressão e reprodução de gravações,9.92521262587303e-05
linhas_sem_diagonal,G14,1991,Refino de petróleo e coquerias,0.013399288708014163
linhas_sem_diagonal,G14,1992,Fabricação de biocombustíveis,0.0021636138220194286
linhas_sem_diagonal,G14,2091,"Fabricação de químicos orgânicos e inorgânicos, resinas e elastômeros",0.0014297628385036487
linhas_sem_diagonal,G14,2092,"Fabricação de defensivos, desinfestantes, tintas e químicos diversos",0.0009029436724966011
linhas_sem_diagonal,G14,2093,"Fabricação de produtos de limpeza, cosméticos/perfumaria e higiene pessoal",0.005848147813788036
linhas_sem_diagonal,G14,2100,Fabricação de produtos farmoquímicos e farmacêuticos,0.006214089836306287
linhas_sem_diagonal,G14,2200,Fabricação de produtos de borracha e de material plástico,0.002037731299283023
linhas_sem_diagonal,G14,2300,Fabricação de produtos de minerais não metálicos,0.0005579353568215274
linhas_sem_diagonal,G14,2491,"Produção de ferro gusa/ferroligas, siderurgia e tubos de aço sem costura",0.00031704516203119414
linhas_sem_diagonal,G14,2492,Metalurgia de metais não ferosos e a fundição de metais,0.001892651842991507
linhas_sem_diagonal,G14,2500,"Fabricação de produtos de metal, exceto máquinas e equipamentos",0.00448222507512208
linhas_sem_diagonal,G14,2600,"Fabricação de equipamentos de informática, produtos eletrônicos e ópticos",0.010913595867097786
linhas_sem_diagonal,G14,2700,Fabricação de máquinas e equipamentos elétricos,0.00878383872949629
linhas_sem_diagonal,G14,2800,Fabricação de máquinas e equipamentos mecânicos,0.014844849109408158
linhas_sem_diagonal,G14,2991,"Fabricação de automóveis, caminhões e ônibus, exceto peças",0.026598051749322088
linhas_sem_diagonal,G14,2992,Fabricação de peças e acessórios para veículos automotores,0.0008474917571379324
linhas_sem_diagonal,G14,3000,"Fabricação de outros equipamentos de transporte, exceto veículos automotores",0.0057292946163499635
linhas_sem_diagonal,G14,3180,Fabricação de móveis e de produtos de indústrias diversas,0.007889154073089188
linhas_sem_diagonal,G14,3300,"Manutenção, reparação e instalação de máquinas e equipamentos",0.0015562865311579072
linhas_sem_diagonal,G14,3500,"Energia elétrica, gás natural e outras utilidades",0.01038154952396019
linhas_sem_diagonal,G14,3680,"Água, esgoto e gestão de resíduos",0.014051229246991386
linhas_sem_diagonal,G14,4180,Construção,0.04795139126626637
linhas_sem_diagonal,G14,4580,Comércio por atacado e varejo,0.09232208660986148
linhas_sem_diagonal,G14,4900,Transporte terrestre,0.012631977679788098
linhas_sem_diagonal,G14,5000,Transporte aquaviário,0.00023591205908235022
linhas_sem_diagonal,G14,5100,Transporte aéreo,0.0016188186095103347
linhas_sem_diagonal,G14,5280,"Armazenamento, atividades auxiliares dos transportes e correio",0.006117344173314394
linhas_sem_diagonal,G14,5500,Alojamento,0.003113129651462511
linhas_sem_diagonal,G14,5600,Alimentação,0.029058046580466373
linhas_sem_diagonal,G14,5800,Edição e edição integrada à impressão,0.0015539451235366223
linhas_sem_diagonal,G14,5980,"Atividades de televisão, rádio, cinema e  gravação/edição de som e imagem",0.00030070654052190434
linhas_sem_diagonal,G14,6100,Telecomunicações,0.03892436571703827
linhas_sem_diagonal,G14,6280,Desenvolvimento de sistemas e outros serviços de informação,0.008897955914454823
linhas_sem_diagonal,G14,6480,"Intermediação financeira, seguros e previdência complementar",0.018421505378990243
linhas_sem_diagonal,G14,6800,Atividades imobiliárias,0.043551423732883475
linhas_sem_diagonal,G14,6980,"Atividades jurídicas, contábeis, consultoria e sedes de empresas ",0.0015479220794105085
linhas_sem_diagonal,G14,7180,"Serviços de arquitetura, engenharia, testes/análises técnicas e P & D",0.0015184387904415653
linhas_sem_diagonal,G14,7380,"Outras atividades profissionais, científicas e técnicas",0.0001752831086876696
linhas_sem_diagonal,G14,7700,Aluguéis não imobiliários e gestão de ativos de propriedade intelectual,0.0007151070956619897
linhas_sem_diagonal,G14,7880,Outras atividades administrativas e serviços complementares,0.013640459667193981
linhas_sem_diagonal,G14,8000,"Atividades de vigilância, segurança e investigação",3.3740667397070394e-05
linhas_sem_diagonal,G14,8400,"Administração pública, defesa e seguridade social",0.2941848037233534
linhas_sem_diagonal,G14,8591,Educação pública,0.03199361904772582
linhas_sem_diagonal,G14,8592,Educação privada,0.011756421061542765
linhas_sem_diagonal,G14,8691,Saúde pública,0.05305515664987512
linhas_sem_diagonal,G14,8692,Saúde privada,0.032334255975114315
linhas_sem_diagonal,G14,9080,"Atividades artísticas, criativas e de espetáculos",0.004575586899951106
linhas_sem_diagonal,G14,9480,Organizações associativas e outros serviços pessoais,0.02901930527111146
linhas_sem_diagonal,G14,9700,Serviços domésticos,0.0
linhas_sem_diagonal,G15,0191,"Agricultura, inclusive o apoio à agricultura e a pós-colheita",0.005230513468659821
linhas_sem_diagonal,G15,0192,"Pecuária, inclusive o apoio à pecuária",0.0034408605522161313
linhas_sem_diagonal,G15,0280,Produção florestal; pesca e aquicultura,0.0010984547515527864
linhas_sem_diagonal,G15,0580,Extração de carvão mineral e de minerais não metálicos,0.00013613135946056329
linhas_sem_diagonal,G15,0680,"Extração de petróleo e gás, inclusive as atividades de apoio",0.009227843106894116
linhas_sem_diagonal,G15,0791,"Extração de minério de ferro, inclusive beneficiamentos e a aglomeração",0.0004425125496001667
linhas_sem_diagonal,G15,0792,"Extração de minerais metálicos não ferrosos, inclusive beneficiamentos",0.000371833189835459
linhas_sem_diagonal,G15,1091,"Abate e produtos de carne, inclusive os produtos do laticínio e da pesca",0.027115819605989997
linhas_sem_diagonal,G15,1092,Fabricação e refino de açúcar,0.0016807075644239128
linhas_sem_diagonal,G15,1093,Outros produtos alimentares,0.0278649748671464
linhas_sem_diagonal,G15,1100,Fabricação de bebidas,0.01689080854593746
linhas_sem_diagonal,G15,1200,Fabricação de produtos do fumo,0.0019363549945028353
linhas_sem_diagonal,G15,1300,Fabricação de produtos têxteis,0.002001139787637699
linhas_sem_diagonal,G15,1400,Confecção de artefatos do vestuário e acessórios,0.008620567185391932
linhas_sem_diagonal,G15,1500,Fabricação de calçados e de artefatos de couro,0.005394390595845014
linhas_sem_diagonal,G15,1600,Fabricação de produtos da madeira,8.136761243471053e-05
linhas_sem_diagonal,G15,1700,"Fabricação de celulose, papel e produtos de papel",0.0022551002210210074
linhas_sem_diagonal,G15,1800,Impressão e reprodução de gravações,0.00015747328394438375
linhas_sem_diagonal,G15,1991,Refino de petróleo e coquerias,0.021036179049985133
linhas_sem_diagonal,G15,1992,Fabricação de biocombustíveis,0.002171628405176883
linhas_sem_diagonal,G15,2091,"Fabricação de químicos orgânicos e inorgânicos, resinas e elastômeros",0.0010574593370994507
linhas_sem_diagonal,G15,2092,"Fabricação de defensivos, desinfestantes, tintas e químicos diversos",0.0008062652220798271
linhas_sem_diagonal,G15,2093,"Fabricação de produtos de limpeza, cosméticos/perfumaria e higiene pessoal",0.008410328831549916
linhas_sem_diagonal,G15,2100,Fabricação de produtos farmoquímicos e farmacêuticos,0.013283264408478351
linhas_sem_diagonal,G15,2200,Fabricação de produtos de borracha e de material plástico,0.0021513372807082237
linhas_sem_diagonal,G15,2300,Fabricação de produtos de minerais não metálicos,0.0005311463099657387
linhas_sem_diagonal,G15,2491,"Produção de ferro gusa/ferroligas, siderurgia e tubos de aço sem costura",0.0001355392742343306
linhas_sem_diagonal,G15,2492,Metalurgia de metais não ferosos e a fundição de metais,0.00046585455222730737
linhas_sem_diagonal,G15,2500,"Fabricação de produtos de metal, exceto máquinas e equipamentos",0.004279106131164401
linhas_sem_diagonal,G15,2600,"Fabricação de equipamentos de informática, produtos eletrônicos e ópticos",0.023571110269646634
linhas_sem_diagonal,G15,2700,Fabricação de máquinas e equipamentos elétricos,0.008112372577132826
linhas_sem_diagonal,G15,2800,Fabricação de máquinas e equipamentos mecânicos,0.015524023987641139
linhas_sem_diagonal,G15,2991,"Fabricação de automóveis, caminhões e ônibus, exceto peças",0.041910901374714815
linhas_sem_diagonal,G15,2992,Fabricação de peças e acessórios para veículos automotores,0.0007257898270665713
linhas_sem_diagonal,G15,3000,"Fabricação de outros equipamentos de transporte, exceto veículos automotores",0.00547287558024566
linhas_sem_diagonal,G15,3180,Fabricação de móveis e de produtos de indústrias diversas,0.008875264085452798
linhas_sem_diagonal,G15,3300,"Manutenção, reparação e instalação de máquinas e equipamentos",0.0017003205335090795
linhas_sem_diagonal,G15,3500,"Energia elétrica, gás natural e outras utilidades",0.01831450553185615
linhas_sem_diagonal,G15,3680,"Água, esgoto e gestão de resíduos",0.004625540483397455
linhas_sem_diagonal,G15,4180,Construção,0.07060493972375666
linhas_sem_diagonal,G15,4580,Comércio por atacado e varejo,0.13320351439589953
linhas_sem_diagonal,G15,4900,Transporte terrestre,0.018723563731868693
linhas_sem_diagonal,G15,5000,Transporte aquaviário,0.0006107934435581208
linhas_sem_diagonal,G15,5100,Transporte aéreo,0.005088716974252157
linhas_sem_diagonal,G15,5280,"Armazenamento, atividades auxiliares dos transportes e correio",0.008724646332533682
linhas_sem_diagonal,G15,5500,Alojamento,0.0020921346562136345
linhas_sem_diagonal,G15,5600,Alimentação,0.029621206331641215
linhas_sem_diagonal,G15,5800,Edição e edição integrada à impressão,0.005233604689922938
linhas_sem_diagonal,G15,5980,"Atividades de televisão, rádio, cinema e  gravação/edição de som e imagem",0.0004437659821153397
linhas_sem_diagonal,G15,6100,Telecomunicações,0.08977076899110221
linhas_sem_diagonal,G15,6280,Desenvolvimento de sistemas e outros serviços de informação,0.020687174971843598
linhas_sem_diagonal,G15,6480,"Intermediação financeira, seguros e previdência complementar",0.05436016825469464
linhas_sem_diagonal,G15,6800,Atividades imobiliárias,0.011580975819185107
linhas_sem_diagonal,G15,6980,"Atividades jurídicas, contábeis, consultoria e sedes de empresas ",0.00259589516035403
linhas_sem_diagonal,G15,7180,"Serviços de arquitetura, engenharia, testes/análises técnicas e P & D",0.001415418430965598
linhas_sem_diagonal,G15,7380,"Outras atividades profissionais, científicas e técnicas",0.004947516917452241
linhas_sem_diagonal,G15,7700,Aluguéis não imobiliários e gestão de ativos de propriedade intelectual,0.0007337094692475373
linhas_sem_diagonal,G15,7880,Outras atividades administrativas e serviços complementares,0.006326178479914159
linhas_sem_diagonal,G15,8000,"Atividades de vigilância, segurança e investigação",4.938014828298072e-05
linhas_sem_diagonal,G15,8400,"Administração pública, defesa e seguridade social",0.07457150439632881
linhas_sem_diagonal,G15,8591,Educação pública,0.019454212689070723
linhas_sem_diagonal,G15,8592,Educação privada,0.028537325937617514
linhas_sem_diagonal,G15,8691,Saúde pública,0.04408182862476071
linhas_sem_diagonal,G15,8692,Saúde privada,0.04529512094924118
linhas_sem_diagonal,G15,9080,"Atividades artísticas, criativas e de espetáculos",0.009063948557920032
linhas_sem_diagonal,G15,9480,Organizações associativas e outros serviços pessoais,0.01507431964442986
linhas_sem_diagonal,G15,9700,Serviços domésticos,0.0
linhas_sem_diagonal,G16,0191,"Agricultura, inclusive o apoio à agricultura e a pós-colheita",0.0045087007912524135
linhas_sem_diagonal,G16,0192,"Pecuária, inclusive o apoio à pecuária",0.002681982564810864
linhas_sem_diagonal,G16,0280,Produção florestal; pesca e aquicultura,0.0006263388170369795
linhas_sem_diagonal,G16,0580,Extração de carvão mineral e de minerais não metálicos,0.00010342120294399624
linhas_sem_diagonal,G16,0680,"Extração de petróleo e gás, inclusive as atividades de apoio",0.0028030346185673035
linhas_sem_diagonal,G16,0791,"Extração de minério de ferro, inclusive beneficiamentos e a aglomeração",0.000295065302144208
linhas_sem_diagonal,G16,0792,"Extração de minerais metálicos não ferrosos, inclusive beneficiamentos",0.0002584190589109911
linhas_sem_diagonal,G16,1091,"Abate e produtos de carne, inclusive os produtos do laticínio e da pesca",0.022929510249224343
linhas_sem_diagonal,G16,1092,Fabricação e refino de açúcar,0.0013745195258288482
linhas_sem_diagonal,G16,1093,Outros produtos alimentares,0.023252662098049364
linhas_sem_diagonal,G16,1100,Fabricação de bebidas,0.008128457667619073
linhas_sem_diagonal,G16,1200,Fabricação de produtos do fumo,0.002120603326845716
linhas_sem_diagonal,G16,1300,Fabricação de produtos têxteis,0.001987947028948313
linhas_sem_diagonal,G16,1400,Confecção de artefatos do vestuário e acessórios,0.008015049861782551
linhas_sem_diagonal,G16,1500,Fabricação de calçados e de artefatos de couro,0.00367042560935943
linhas_sem_diagonal,G16,1600,Fabricação de produtos da madeira,5.912838951232716e-05
linhas_sem_diagonal,G16,1700,"Fabricação de celulose, papel e produtos de papel",0.0019484202176685745
linhas_sem_diagonal,G16,1800,Impressão e reprodução de gravações,0.00013763599242833555
linhas_sem_diagonal,G16,1991,Refino de petróleo e coquerias,0.009619686896256061
linhas_sem_diagonal,G16,1992,Fabricação de biocombustíveis,0.00195100261614718
linhas_sem_diagonal,G16,2091,"Fabricação de químicos orgânicos e inorgânicos, resinas e elastômeros",0.0010654770503103859
linhas_sem_diagonal,G16,2092,"Fabricação de defensivos, desinfestantes, tintas e químicos diversos",0.0008656679894866904
linhas_sem_diagonal,G16,2093,"Fabricação de produtos de limpeza, cosméticos/perfumaria e higiene pessoal",0.005637035061320049
linhas_sem_diagonal,G16,2100,Fabricação de produtos farmoquímicos e farmacêuticos,0.011503989107812057
linhas_sem_diagonal,G16,2200,Fabricação de produtos de borracha e de material plástico,0.0018112332378462503
linhas_sem_diagonal,G16,2300,Fabricação de produtos de minerais não metálicos,0.0005293324552212517
linhas_sem_diagonal,G16,2491,"Produção de ferro gusa/ferroligas, siderurgia e tubos de aço sem costura",0.00012469767607089377
linhas_sem_diagonal,G16,2492,Metalurgia de metais não ferosos e a fundição de metais,0.0004522694580076578
linhas_sem_diagonal,G16,2500,"Fabricação de produtos de metal, exceto máquinas e equipamentos",0.0034359262624775585
linhas_sem_diagonal,G16,2600,"Fabricação de equipamentos de informática, produtos eletrônicos e ópticos",0.018604354068144348
linhas_sem_diagonal,G16,2700,Fabricação de máquinas e equipamentos elétricos,0.007991330425695529
linhas_sem_diagonal,G16,2800,Fabricação de máquinas e equipamentos mecânicos,0.015315843911637636
linhas_sem_diagonal,G16,2991,"Fabricação de automóveis, caminhões e ônibus, exceto peças",0.03477125310845894
linhas_sem_diagonal,G16,2992,Fabricação de peças e acessórios para veículos automotores,0.0008256993784860155
linhas_sem_diagonal,G16,3000,"Fabricação de outros equipamentos de transporte, exceto veículos automotores",0.004318444053314457
linhas_sem_diagonal,G16,3180,Fabricação de móveis e de produtos de indústrias diversas,0.007539739563341773
linhas_sem_diagonal,G16,3300,"Manutenção, reparação e instalação de máquinas e equipamentos",0.001679115133200145
linhas_sem_diagonal,G16,3500,"Energia elétrica, gás natural e outras utilidades",0.013352201740635733
linhas_sem_diagonal,G16,3680,"Água, esgoto e gestão de resíduos",0.0032924978403551944
linhas_sem_diagonal,G16,4180,Construção,0.0529389405300847
linhas_sem_diagonal,G16,4580,Comércio por atacado e varejo,0.13097118810147937
linhas_sem_diagonal,G16,4900,Transporte terrestre,0.017707963231349284
linhas_sem_diagonal,G16,5000,Transporte aquaviário,0.0003284288042270262
linhas_sem_diagonal,G16,5100,Transporte aéreo,0.0025196498518493134
linhas_sem_diagonal,G16,5280,"Armazenamento, atividades auxiliares dos transportes e correio",0.008030015006559225
linhas_sem_diagonal,G16,5500,Alojamento,0.0018773975950115967
linhas_sem_diagonal,G16,5600,Alimentação,0.022533972453320786
linhas_sem_diagonal,G16,5800,Edição e edição integrada à impressão,0.0030055068386777776
linhas_sem_diagonal,G16,5980,"Atividades de televisão, rádio, cinema e  gravação/edição de som e imagem",0.0005409726718650236
linhas_sem_diagonal,G16,6100,Telecomunicações,0.02973025047195882
linhas_sem_diagonal,G16,6280,Desenvolvimento de sistemas e outros serviços de informação,0.01042876013586382
linhas_sem_diagonal,G16,6480,"Intermediação financeira, seguros e previdência complementar",0.10569197851350284
linhas_sem_diagonal,G16,6800,Atividades imobiliárias,0.015480011079846218
linhas_sem_diagonal,G16,6980,"Atividades jurídicas, contábeis, consultoria e sedes de empresas ",0.006399356535375438
linhas_sem_diagonal,G16,7180,"Serviços de arquitetura, engenharia, testes/análises técnicas e P & D",0.0013838620083824985
linhas_sem_diagonal,G16,7380,"Outras atividades profissionais, científicas e técnicas",0.0007871230442294428
linhas_sem_diagonal,G16,7700,Aluguéis não imobiliários e gestão de ativos de propriedade intelectual,0.0008615285384421382
linhas_sem_diagonal,G16,7880,Outras atividades administrativas e serviços complementares,0.00836094932986552
linhas_sem_diagonal,G16,8000,"Atividades de vigilância, segurança e investigação",6.989309058987633e-05
linhas_sem_diagonal,G16,8400,"Administração pública, defesa e seguridade social",0.16955034116148973
linhas_sem_diagonal,G16,8591,Educação pública,0.05523126169642436
linhas_sem_diagonal,G16,8592,Educação privada,0.01905494201115506
linhas_sem_diagonal,G16,8691,Saúde pública,0.049779610320115984
linhas_sem_diagonal,G16,8692,Saúde privada,0.01945601284889272
linhas_sem_diagonal,G16,9080,"Atividades artísticas, criativas e de espetáculos",0.005565321676133694
linhas_sem_diagonal,G16,9480,Organizações associativas e outros serviços pessoais,0.032126643096148336
linhas_sem_diagonal,G16,9700,Serviços domésticos,0.0
colunas_sem_diagonal,G01,0191,"Agricultura, inclusive o apoio à agricultura e a pós-colheita",0.017746537274283204
colunas_sem_diagonal,G01,0192,"Pecuária, inclusive o apoio à pecuária",0.0023759311275074464
colunas_sem_diagonal,G01,0280,Produção florestal; pesca e aquicultura,0.01644823135076997
colunas_sem_diagonal,G01,0580,Extração de carvão mineral e de minerais não metálicos,0.005989046741740611
colunas_sem_diagonal,G01,0680,"Extração de petróleo e gás, inclusive as atividades de apoio",0.005274857519429313
colunas_sem_diagonal,G01,0791,"Extração de minério de ferro, inclusive beneficiamentos e a aglomeração",0.0001314501492337207
colunas_sem_diagonal,G01,0792,"Extração de minerais metálicos não ferrosos, inclusive beneficiamentos",0.00115461849809169
colunas_sem_diagonal,G01,1091,"Abate e produtos de carne, inclusive os produtos do laticínio e da pesca",0.0016123959351303618
colunas_sem_diagonal,G01,1092,Fabricação e refino de açúcar,0.022346845218694077
colunas_sem_diagonal,G01,1093,Outros produtos alimentares,0.01186539937138902
colunas_sem_diagonal,G01,1100,Fabricação de bebidas,0.0030608069777937875
colunas_sem_diagonal,G01,1200,Fabricação de produtos do fumo,1.1082435144159483e-05
colunas_sem_diagonal,G01,1300,Fabricação de produtos têxteis,0.005173626055533875
colunas_sem_diagonal,G01,1400,Confecção de artefatos do vestuário e acessórios,0.0010995151739912918
colunas_sem_diagonal,G01,1500,Fabricação de calçados e de artefatos de couro,0.0003720687606211627
colunas_sem_diagonal,G01,1600,Fabricação de produtos da madeira,0.0015075697291314948
colunas_sem_diagonal,G01,1700,"Fabricação de celulose, papel e produtos de papel",0.010066383651607958
colunas_sem_diagonal,G01,1800,Impressão e reprodução de gravações,0.004867277208691302
colunas_sem_diagonal,G01,1991,Refino de petróleo e coquerias,0.03215561210490169
colunas_sem_diagonal,G01,1992,Fabricação de biocombustíveis,0.002702018495092691
colunas_sem_diagonal,G01,2091,"Fabricação de químicos orgânicos e inorgânicos, resinas e elastômeros",0.19372320739653967
colunas_sem_diagonal,G01,2092,"Fabricação de defensivos, desinfestantes, tintas e químicos diversos",0.043352615686898355
colunas_sem_diagonal,G01,2093,"Fabricação de produtos de limpeza, cosméticos/perfumaria e higiene pessoal",0.005335535792691785
colunas_sem_diagonal,G01,2100,Fabricação de produtos farmoquímicos e farmacêuticos,0.002661016497198482
colunas_sem_diagonal,G01,2200,Fabricação de produtos de borracha e de material plástico,0.008636496188394668
colunas_sem_diagonal,G01,2300,Fabricação de produtos de minerais não metálicos,0.007057863895319923
colunas_sem_diagonal,G01,2491,"Produção de ferro gusa/ferroligas, siderurgia e tubos de aço sem costura",0.003558335614616519
colunas_sem_diagonal,G01,2492,Metalurgia de metais não ferosos e a fundição de metais,0.0028723062586994406
colunas_sem_diagonal,G01,2500,"Fabricação de produtos de metal, exceto máquinas e equipamentos",0.004760442664884994
colunas_sem_diagonal,G01,2600,"Fabricação de equipamentos de informática, produtos eletrônicos e ópticos",0.002934431356082807
colunas_sem_diagonal,G01,2700,Fabricação de máquinas e equipamentos elétricos,0.004676933529239116
colunas_sem_diagonal,G01,2800,Fabricação de máquinas e equipamentos mecânicos,0.003306059833722247
colunas_sem_diagonal,G01,2991,"Fabricação de automóveis, caminhões e ônibus, exceto peças",0.00010938942720289232
colunas_sem_diagonal,G01,2992,Fabricação de peças e acessórios para veículos automotores,0.002764281248302127
colunas_sem_diagonal,G01,3000,"Fabricação de outros equipamentos de transporte, exceto veículos automotores",0.0007322142215506227
colunas_sem_diagonal,G01,3180,Fabricação de móveis e de produtos de indústrias diversas,0.0022944231152082837
colunas_sem_diagonal,G01,3300,"Manutenção, reparação e instalação de máquinas e equipamentos",0.006558632434665022
colunas_sem_diagonal,G01,3500,"Energia elétrica, gás natural e outras utilidades",0.19611776197604916
colunas_sem_diagonal,G01,3680,"Água, esgoto e gestão de resíduos",0.05470348764909497
colunas_sem_diagonal,G01,4180,Construção,0.0026863612213539312
colunas_sem_diagonal,G01,4580,Comércio por atacado e varejo,0.04632451063143101
colunas_sem_diagonal,G01,4900,Transporte terrestre,0.013561111949841491
colunas_sem_diagonal,G01,5000,Transporte aquaviário,0.008262465483805855
colunas_sem_diagonal,G01,5100,Transporte aéreo,0.0029899341963734397
colunas_sem_diagonal,G01,5280,"Armazenamento, atividades auxiliares dos transportes e correio",0.006661071592582778
colunas_sem_diagonal,G01,5500,Alojamento,0.0089134505832814
colunas_sem_diagonal,G01,5600,Alimentação,0.0008185488912398885
colunas_sem_diagonal,G01,5800,Edição e edição integrada à impressão,0.002979171013828721
colunas_sem_diagonal,G01,5980,"Atividades de televisão, rádio, cinema e  gravação/edição de som e imagem",0.016622022078516784
colunas_sem_diagonal,G01,6100,Telecomunicações,0.007949343700552357
colunas_sem_diagonal,G01,6280,Desenvolvimento de sistemas e outros serviços de informação,0.007854517768166674
colunas_sem_diagonal,G01,6480,"Intermediação financeira, seguros e previdência complementar",0.01932358822912553
colunas_sem_diagonal,G01,6800,Atividades imobiliárias,0.0047643245788134515
colunas_sem_diagonal,G01,6980,"Atividades jurídicas, contábeis, consultoria e sedes de empresas ",0.029228988124968647
colunas_sem_diagonal,G01,7180,"Serviços de arquitetura, engenharia, testes/análises técnicas e P & D",0.026447287767600747
colunas_sem_diagonal,G01,7380,"Outras atividades profissionais, científicas e técnicas",0.017489960913312758
colunas_sem_diagonal,G01,7700,Aluguéis não imobiliários e gestão de ativos de propriedade intelectual,0.04478230455256097
colunas_sem_diagonal,G01,7880,Outras atividades administrativas e serviços complementares,0.0136530051141931
colunas_sem_diagonal,G01,8000,"Atividades de vigilância, segurança e investigação",0.018397636334320153
colunas_sem_diagonal,G01,8400,"Administração pública, defesa e seguridade social",0.0020008372008484196
colunas_sem_diagonal,G01,8591,Educação pública,7.840590904423135e-05
colunas_sem_diagonal,G01,8592,Educação privada,0.0006991397604874139
colunas_sem_diagonal,G01,8691,Saúde pública,5.571740668101004e-06
colunas_sem_diagonal,G01,8692,Saúde privada,1.7973032285261228e-05
colunas_sem_diagonal,G01,9080,"Atividades artísticas, criativas e de espetáculos",0.0024955879624643557
colunas_sem_diagonal,G01,9480,Organizações associativas e outros serviços pessoais,0.002876171103192666
colunas_sem_diagonal,G01,9700,Serviços domésticos,0.0
colunas_sem_diagonal,G02,0191,"Agricultura, inclusive o apoio à agricultura e a pós-colheita",0.025157946887844375
colunas_sem_diagonal,G02,0192,"Pecuária, inclusive o apoio à pecuária",0.005500944107622145
colunas_sem_diagonal,G02,0280,Produção florestal; pesca e aquicultura,0.014085622273907486
colunas_sem_diagonal,G02,0580,Extração de carvão mineral e de minerais não metálicos,0.005671063180128539
colunas_sem_diagonal,G02,0680,"Extração de petróleo e gás, inclusive as atividades de apoio",0.005498196841107418
colunas_sem_diagonal,G02,0791,"Extração de minério de ferro, inclusive beneficiamentos e a aglomeração",0.00013969815460832606
colunas_sem_diagonal,G02,0792,"Extração de minerais metálicos não ferrosos, inclusive beneficiamentos",0.0008860618377374453
colunas_sem_diagonal,G02,1091,"Abate e produtos de carne, inclusive os produtos do laticínio e da pesca",0.020657898262977807
colunas_sem_diagonal,G02,1092,Fabricação e refino de açúcar,0.03295273443419619
colunas_sem_diagonal,G02,1093,Outros produtos alimentares,0.13994575343558088
colunas_sem_diagonal,G02,1100,Fabricação de bebidas,0.0031770901645756435
colunas_sem_diagonal,G02,1200,Fabricação de produtos do fumo,8.194867195563946e-06
colunas_sem_diagonal,G02,1300,Fabricação de produtos têxteis,0.0015400444992597511
colunas_sem_diagonal,G02,1400,Confecção de artefatos do vestuário e acessórios,0.0009988323593575089
colunas_sem_diagonal,G02,1500,Fabricação de calçados e de artefatos de couro,0.00018207146606274012
colunas_sem_diagonal,G02,1600,Fabricação de produtos da madeira,0.002836234930480215
colunas_sem_diagonal,G02,1700,"Fabricação de celulose, papel e produtos de papel",0.004046062590930684
colunas_sem_diagonal,G02,1800,Impressão e reprodução de gravações,0.004585693215321632
colunas_sem_diagonal,G02,1991,Refino de petróleo e coquerias,0.03516809223147217
colunas_sem_diagonal,G02,1992,Fabricação de biocombustíveis,0.003136791476766032
colunas_sem_diagonal,G02,2091,"Fabricação de químicos orgânicos e inorgânicos, resinas e elastômeros",0.06064345949929745
colunas_sem_diagonal,G02,2092,"Fabricação de defensivos, desinfestantes, tintas e químicos diversos",0.019940964098307225
colunas_sem_diagonal,G02,2093,"Fabricação de produtos de limpeza, cosméticos/perfumaria e higiene pessoal",0.00275441606777356
colunas_sem_diagonal,G02,2100,Fabricação de produtos farmoquímicos e farmacêuticos,0.018324159535678963
colunas_sem_diagonal,G02,2200,Fabricação de produtos de borracha e de material plástico,0.011515075518089803
colunas_sem_diagonal,G02,2300,Fabricação de produtos de minerais não metálicos,0.011156270251230102
colunas_sem_diagonal,G02,2491,"Produção de ferro gusa/ferroligas, siderurgia e tubos de aço sem costura",0.003800237750256888
colunas_sem_diagonal,G02,2492,Metalurgia de metais não ferosos e a fundição de metais,0.0020899066025703425
colunas_sem_diagonal,G02,2500,"Fabricação de produtos de metal, exceto máquinas e equipamentos",0.006690874390849318
colunas_sem_diagonal,G02,2600,"Fabricação de equipamentos de informática, produtos eletrônicos e ópticos",0.0029346798840845885
colunas_sem_diagonal,G02,2700,Fabricação de máquinas e equipamentos elétricos,0.004590093643287219
colunas_sem_diagonal,G02,2800,Fabricação de máquinas e equipamentos mecânicos,0.0034735006005003734
colunas_sem_diagonal,G02,2991,"Fabricação de automóveis, caminhões e ônibus, exceto peças",0.0001049384146556314
colunas_sem_diagonal,G02,2992,Fabricação de peças e acessórios para veículos automotores,0.002636212098873883
colunas_sem_diagonal,G02,3000,"Fabricação de outros equipamentos de transporte, exceto veículos automotores",0.0008210543920292813
colunas_sem_diagonal,G02,3180,Fabricação de móveis e de produtos de indústrias diversas,0.0014505476867425144
colunas_sem_diagonal,G02,3300,"Manutenção, reparação e instalação de máquinas e equipamentos",0.006805110526187158
colunas_sem_diagonal,G02,3500,"Energia elétrica, gás natural e outras utilidades",0.20493199426434772
colunas_sem_diagonal,G02,3680,"Água, esgoto e gestão de resíduos",0.0281384763767199
colunas_sem_diagonal,G02,4180,Construção,0.0032311675499991114
colunas_sem_diagonal,G02,4580,Comércio por atacado e varejo,0.042136515484847835
colunas_sem_diagonal,G02,4900,Transporte terrestre,0.014795532228928394
colunas_sem_diagonal,G02,5000,Transporte aquaviário,0.006287255650048109
colunas_sem_diagonal,G02,5100,Transporte aéreo,0.0025603267367041178
colunas_sem_diagonal,G02,5280,"Armazenamento, atividades auxiliares dos transportes e correio",0.009538067392110019
colunas_sem_diagonal,G02,5500,Alojamento,0.007310134499731457
colunas_sem_diagonal,G02,5600,Alimentação,0.0007863361414071994
colunas_sem_diagonal,G02,5800,Edição e edição integrada à impressão,0.0028196376935539238
colunas_sem_diagonal,G02,5980,"Atividades de televisão, rádio, cinema e  gravação/edição de som e imagem",0.02302914099311104
colunas_sem_diagonal,G02,6100,Telecomunicações,0.005413879055524847
colunas_sem_diagonal,G02,6280,Desenvolvimento de sistemas e outros serviços de informação,0.007383128653827339
colunas_sem_diagonal,G02,6480,"Intermediação financeira, seguros e previdência complementar",0.022469962412805668
colunas_sem_diagonal,G02,6800,Atividades imobiliárias,0.0033107336876271104
colunas_sem_diagonal,G02,6980,"Atividades jurídicas, contábeis, consultoria e sedes de empresas ",0.021672845734458494
colunas_sem_diagonal,G02,7180,"Serviços de arquitetura, engenharia, testes/análises técnicas e P & D",0.014489453592328514
colunas_sem_diagonal,G02,7380,"Outras atividades profissionais, científicas e técnicas",0.02499092405091116
colunas_sem_diagonal,G02,7700,Aluguéis não imobiliários e gestão de ativos de propriedade intelectual,0.053957213794033704
colunas_sem_diagonal,G02,7880,Outras atividades administrativas e serviços complementares,0.011248645685328872
colunas_sem_diagonal,G02,8000,"Atividades de vigilância, segurança e investigação",0.014963448886585394
colunas_sem_diagonal,G02,8400,"Administração pública, defesa e seguridade social",0.001961368203815498
colunas_sem_diagonal,G02,8591,Educação pública,5.098436328095253e-05
colunas_sem_diagonal,G02,8592,Educação privada,0.0006345455348205534
colunas_sem_diagonal,G02,8691,Saúde pública,3.3599414142389585e-06
colunas_sem_diagonal,G02,8692,Saúde privada,1.2489757713006463e-05
colunas_sem_diagonal,G02,9080,"Atividades artísticas, criativas e de espetáculos",0.0032856964337112018
colunas_sem_diagonal,G02,9480,Organizações associativas e outros serviços pessoais,0.0026802070227577727
colunas_sem_diagonal,G02,9700,Serviços domésticos,0.0
colunas_sem_diagonal,G03,0191,"Agricultura, inclusive o apoio à agricultura e a pós-colheita",0.0045962183059624125
colunas_sem_diagonal,G03,0192,"Pecuária, inclusive o apoio à pecuária",0.0007561132440427205
colunas_sem_diagonal,G03,0280,Produção florestal; pesca e aquicultura,0.004689642798076317
colunas_sem_diagonal,G03,0580,Extração de carvão mineral e de minerais não metálicos,0.02717034830977277
colunas_sem_diagonal,G03,0680,"Extração de petróleo e gás, inclusive as atividades de apoio",0.008274004801494704
colunas_sem_diagonal,G03,0791,"Extração de minério de ferro, inclusive beneficiamentos e a aglomeração",0.0002712711822065997
colunas_sem_diagonal,G03,0792,"Extração de minerais metálicos não ferrosos, inclusive beneficiamentos",0.0024244540408529113
colunas_sem_diagonal,G03,1091,"Abate e produtos de carne, inclusive os produtos do laticínio e da pesca",0.0014751069440780329
colunas_sem_diagonal,G03,1092,Fabricação e refino de açúcar,0.03209618699453461
colunas_sem_diagonal,G03,1093,Outros produtos alimentares,0.013291078977564347
colunas_sem_diagonal,G03,1100,Fabricação de bebidas,0.003387316189663933
colunas_sem_diagonal,G03,1200,Fabricação de produtos do fumo,9.056311962679767e-06
colunas_sem_diagonal,G03,1300,Fabricação de produtos têxteis,0.006295429409094444
colunas_sem_diagonal,G03,1400,Confecção de artefatos do vestuário e acessórios,0.0006862609682020429
colunas_sem_diagonal,G03,1500,Fabricação de calçados e de artefatos de couro,0.000337431846110853
colunas_sem_diagonal,G03,1600,Fabricação de produtos da madeira,0.000968828154081425
colunas_sem_diagonal,G03,1700,"Fabricação de celulose, papel e produtos de papel",0.006542096562798601
colunas_sem_diagonal,G03,1800,Impressão e reprodução de gravações,0.004293649167283661
colunas_sem_diagonal,G03,1991,Refino de petróleo e coquerias,0.052237107870025556
colunas_sem_diagonal,G03,1992,Fabricação de biocombustíveis,0.004152074296509476
colunas_sem_diagonal,G03,2091,"Fabricação de químicos orgânicos e inorgânicos, resinas e elastômeros",0.03626587798535425
colunas_sem_diagonal,G03,2092,"Fabricação de defensivos, desinfestantes, tintas e químicos diversos",0.0360350977553613
colunas_sem_diagonal,G03,2093,"Fabricação de produtos de limpeza, cosméticos/perfumaria e higiene pessoal",0.0042403645523046195
colunas_sem_diagonal,G03,2100,Fabricação de produtos farmoquímicos e farmacêuticos,0.0013583281077437157
colunas_sem_diagonal,G03,2200,Fabricação de produtos de borracha e de material plástico,0.020691539480284838
colunas_sem_diagonal,G03,2300,Fabricação de produtos de minerais não metálicos,0.004250894329115385
colunas_sem_diagonal,G03,2491,"Produção de ferro gusa/ferroligas, siderurgia e tubos de aço sem costura",0.005535351413983577
colunas_sem_diagonal,G03,2492,Metalurgia de metais não ferosos e a fundição de metais,0.0043684696843791495
colunas_sem_diagonal,G03,2500,"Fabricação de produtos de metal, exceto máquinas e equipamentos",0.0064128349448177
colunas_sem_diagonal,G03,2600,"Fabricação de equipamentos de informática, produtos eletrônicos e ópticos",0.004252828853645681
colunas_sem_diagonal,G03,2700,Fabricação de máquinas e equipamentos elétricos,0.0062906101896306405
colunas_sem_diagonal,G03,2800,Fabricação de máquinas e equipamentos mecânicos,0.008749252861993866
colunas_sem_diagonal,G03,2991,"Fabricação de automóveis, caminhões e ônibus, exceto peças",0.00010977364794745991
colunas_sem_diagonal,G03,2992,Fabricação de peças e acessórios para veículos automotores,0.002784090936330174
colunas_sem_diagonal,G03,3000,"Fabricação de outros equipamentos de transporte, exceto veículos automotores",0.0014584939818072507
colunas_sem_diagonal,G03,3180,Fabricação de móveis e de produtos de indústrias diversas,0.0021770104184765824
colunas_sem_diagonal,G03,3300,"Manutenção, reparação e instalação de máquinas e equipamentos",0.019815503716422364
colunas_sem_diagonal,G03,3500,"Energia elétrica, gás natural e outras utilidades",0.21943485971024154
colunas_sem_diagonal,G03,3680,"Água, esgoto e gestão de resíduos",0.07619923669235999
colunas_sem_diagonal,G03,4180,Construção,0.0032891932884790906
colunas_sem_diagonal,G03,4580,Comércio por atacado e varejo,0.03662708216566454
colunas_sem_diagonal,G03,4900,Transporte terrestre,0.015988522486423563
colunas_sem_diagonal,G03,5000,Transporte aquaviário,0.013449567058531073
colunas_sem_diagonal,G03,5100,Transporte aéreo,0.0037542383251835017
colunas_sem_diagonal,G03,5280,"Armazenamento, atividades auxiliares dos transportes e correio",0.007255747496132417
colunas_sem_diagonal,G03,5500,Alojamento,0.009506955771066071
colunas_sem_diagonal,G03,5600,Alimentação,0.0009830531286904652
colunas_sem_diagonal,G03,5800,Edição e edição integrada à impressão,0.0038956313802908406
colunas_sem_diagonal,G03,5980,"Atividades de televisão, rádio, cinema e  gravação/edição de som e imagem",0.016455433189045184
colunas_sem_diagonal,G03,6100,Telecomunicações,0.008107031364620916
colunas_sem_diagonal,G03,6280,Desenvolvimento de sistemas e outros serviços de informação,0.00842154563021234
colunas_sem_diagonal,G03,6480,"Intermediação financeira, seguros e previdência complementar",0.022181205413702165
colunas_sem_diagonal,G03,6800,Atividades imobiliárias,0.0038003139434253756
colunas_sem_diagonal,G03,6980,"Atividades jurídicas, contábeis, consultoria e sedes de empresas ",0.04426040602699107
colunas_sem_diagonal,G03,7180,"Serviços de arquitetura, engenharia, testes/análises técnicas e P & D",0.028698254748576985
colunas_sem_diagonal,G03,7380,"Outras atividades profissionais, científicas e técnicas",0.01735194967045939
colunas_sem_diagonal,G03,7700,Aluguéis não imobiliários e gestão de ativos de propriedade intelectual,0.06660243034372519
colunas_sem_diagonal,G03,7880,Outras atividades administrativas e serviços complementares,0.02077397442455986
colunas_sem_diagonal,G03,8000,"Atividades de vigilância, segurança e investigação",0.024822546934678346
colunas_sem_diagonal,G03,8400,"Administração pública, defesa e seguridade social",0.0026204794568374726
colunas_sem_diagonal,G03,8591,Educação pública,0.00010749084316543987
colunas_sem_diagonal,G03,8592,Educação privada,0.0008988877653618579
colunas_sem_diagonal,G03,8691,Saúde pública,7.561639646131325e-06
colunas_sem_diagonal,G03,8692,Saúde privada,1.4652198037548304e-05
colunas_sem_diagonal,G03,9080,"Atividades artísticas, criativas e de espetáculos",0.0024690325457713243
colunas_sem_diagonal,G03,9480,Organizações associativas e outros serviços pessoais,0.003272717124203663
colunas_sem_diagonal,G03,9700,Serviços domésticos,0.0
colunas_sem_diagonal,G04,0191,"Agricultura, inclusive o apoio à agricultura e a pós-colheita",0.003504970608374009
colunas_sem_diagonal,G04,0192,"Pecuária, inclusive o apoio à pecuária",0.00046671349074146944
colunas_sem_diagonal,G04,0280,Produção florestal; pesca e aquicultura,0.001552375262350419
colunas_sem_diagonal,G04,0580,Extração de carvão mineral e de minerais não metálicos,0.002357317420210709
colunas_sem_diagonal,G04,0680,"Extração de petróleo e gás, inclusive as atividades de apoio",0.00570608004307011
colunas_sem_diagonal,G04,0791,"Extração de minério de ferro, inclusive beneficiamentos e a aglomeração",0.00018781101228908164
colunas_sem_diagonal,G04,0792,"Extração de minerais metálicos não ferrosos, inclusive beneficiamentos",0.0010634011999406928
colunas_sem_diagonal,G04,1091,"Abate e produtos de carne, inclusive os produtos do laticínio e da pesca",0.0018987971565732863
colunas_sem_diagonal,G04,1092,Fabricação e refino de açúcar,0.029246337744449447
colunas_sem_diagonal,G04,1093,Outros produtos alimentares,0.005192868612843084
colunas_sem_diagonal,G04,1100,Fabricação de bebidas,0.008551713448089488
colunas_sem_diagonal,G04,1200,Fabricação de produtos do fumo,5.730771013689567e-06
colunas_sem_diagonal,G04,1300,Fabricação de produtos têxteis,0.0022824615735847504
colunas_sem_diagonal,G04,1400,Confecção de artefatos do vestuário e acessórios,0.002374110427989479
colunas_sem_diagonal,G04,1500,Fabricação de calçados e de artefatos de couro,0.00013694496827093732
colunas_sem_diagonal,G04,1600,Fabricação de produtos da madeira,0.000656553331831982
colunas_sem_diagonal,G04,1700,"Fabricação de celulose, papel e produtos de papel",0.0028514500356884996
colunas_sem_diagonal,G04,1800,Impressão e reprodução de gravações,0.004414944495415755
colunas_sem_diagonal,G04,1991,Refino de petróleo e coquerias,0.051347174692911834
colunas_sem_diagonal,G04,1992,Fabricação de biocombustíveis,0.004022316561807256
colunas_sem_diagonal,G04,2091,"Fabricação de químicos orgânicos e inorgânicos, resinas e elastômeros",0.018593505836394505
colunas_sem_diagonal,G04,2092,"Fabricação de defensivos, desinfestantes, tintas e químicos diversos",0.003406217920194574
colunas_sem_diagonal,G04,2093,"Fabricação de produtos de limpeza, cosméticos/perfumaria e higiene pessoal",0.0017862441838820762
colunas_sem_diagonal,G04,2100,Fabricação de produtos farmoquímicos e farmacêuticos,0.0010492407398016235
colunas_sem_diagonal,G04,2200,Fabricação de produtos de borracha e de material plástico,0.013067075037313062
colunas_sem_diagonal,G04,2300,Fabricação de produtos de minerais não metálicos,0.0018487251229635912
colunas_sem_diagonal,G04,2491,"Produção de ferro gusa/ferroligas, siderurgia e tubos de aço sem costura",0.005233383325041776
colunas_sem_diagonal,G04,2492,Metalurgia de metais não ferosos e a fundição de metais,0.002209051531338017
colunas_sem_diagonal,G04,2500,"Fabricação de produtos de metal, exceto máquinas e equipamentos",0.006118301671060669
colunas_sem_diagonal,G04,2600,"Fabricação de equipamentos de informática, produtos eletrônicos e ópticos",0.007312126022154836
colunas_sem_diagonal,G04,2700,Fabricação de máquinas e equipamentos elétricos,0.005000422756687451
colunas_sem_diagonal,G04,2800,Fabricação de máquinas e equipamentos mecânicos,0.015398216321428357
colunas_sem_diagonal,G04,2991,"Fabricação de automóveis, caminhões e ônibus, exceto peças",7.289201716870028e-05
colunas_sem_diagonal,G04,2992,Fabricação de peças e acessórios para veículos automotores,0.0018163986681038555
colunas_sem_diagonal,G04,3000,"Fabricação de outros equipamentos de transporte, exceto veículos automotores",0.0018681328662202123
colunas_sem_diagonal,G04,3180,Fabricação de móveis e de produtos de indústrias diversas,0.002962340020967248
colunas_sem_diagonal,G04,3300,"Manutenção, reparação e instalação de máquinas e equipamentos",0.027748064109366245
colunas_sem_diagonal,G04,3500,"Energia elétrica, gás natural e outras utilidades",0.0382098737148372
colunas_sem_diagonal,G04,3680,"Água, esgoto e gestão de resíduos",0.033506051440864625
colunas_sem_diagonal,G04,4180,Construção,0.007717622072040866
colunas_sem_diagonal,G04,4580,Comércio por atacado e varejo,0.020737956337614955
colunas_sem_diagonal,G04,4900,Transporte terrestre,0.009268060481292452
colunas_sem_diagonal,G04,5000,Transporte aquaviário,0.027596943189035744
colunas_sem_diagonal,G04,5100,Transporte aéreo,0.007036389240307874
colunas_sem_diagonal,G04,5280,"Armazenamento, atividades auxiliares dos transportes e correio",0.0501165925212246
colunas_sem_diagonal,G04,5500,Alojamento,0.011487774109433071
colunas_sem_diagonal,G04,5600,Alimentação,0.004515007283398734
colunas_sem_diagonal,G04,5800,Edição e edição integrada à impressão,0.0025865433376815413
colunas_sem_diagonal,G04,5980,"Atividades de televisão, rádio, cinema e  gravação/edição de som e imagem",0.018573962508818504
colunas_sem_diagonal,G04,6100,Telecomunicações,0.007365692774691022
colunas_sem_diagonal,G04,6280,Desenvolvimento de sistemas e outros serviços de informação,0.0140895164455991
colunas_sem_diagonal,G04,6480,"Intermediação financeira, seguros e previdência complementar",0.02102892390297528
colunas_sem_diagonal,G04,6800,Atividades imobiliárias,0.00466462984318501
colunas_sem_diagonal,G04,6980,"Atividades jurídicas, contábeis, consultoria e sedes de empresas ",0.03973607061387132
colunas_sem_diagonal,G04,7180,"Serviços de arquitetura, engenharia, testes/análises técnicas e P & D",0.03119846629140975
colunas_sem_diagonal,G04,7380,"Outras atividades profissionais, científicas e técnicas",0.01985136932593521
colunas_sem_diagonal,G04,7700,Aluguéis não imobiliários e gestão de ativos de propriedade intelectual,0.325205553521057
colunas_sem_diagonal,G04,7880,Outras atividades administrativas e serviços complementares,0.01918626431683873
colunas_sem_diagonal,G04,8000,"Atividades de vigilância, segurança e investigação",0.031300064750165564
colunas_sem_diagonal,G04,8400,"Administração pública, defesa e seguridade social",0.0036224101720728243
colunas_sem_diagonal,G04,8591,Educação pública,6.049873784396932e-05
colunas_sem_diagonal,G04,8592,Educação privada,0.0017440030068211557
colunas_sem_diagonal,G04,8691,Saúde pública,3.1326748757037557e-06
colunas_sem_diagonal,G04,8692,Saúde privada,1.7535196697585504e-05
colunas_sem_diagonal,G04,9080,"Atividades artísticas, criativas e de espetáculos",0.0027681731735099877
colunas_sem_diagonal,G04,9480,Organizações associativas e outros serviços pessoais,0.0034945080083678523
colunas_sem_diagonal,G04,9700,Serviços domésticos,0.0
colunas_sem_diagonal,G05,0191,"Agricultura, inclusive o apoio à agricultura e a pós-colheita",0.0028643526631024195
colunas_sem_diagonal,G05,0192,"Pecuária, inclusive o apoio à pecuária",0.00040587058489235196
colunas_sem_diagonal,G05,0280,Produção florestal; pesca e aquicultura,0.002001217801308746
colunas_sem_diagonal,G05,0580,Extração de carvão mineral e de minerais não metálicos,0.0055263663896359325
colunas_sem_diagonal,G05,0680,"Extração de petróleo e gás, inclusive as atividades de apoio",0.00613798861441544
colunas_sem_diagonal,G05,0791,"Extração de minério de ferro, inclusive beneficiamentos e a aglomeração",0.0004737058748157375
colunas_sem_diagonal,G05,0792,"Extração de minerais metálicos não ferrosos, inclusive beneficiamentos",0.0011676421589900754
colunas_sem_diagonal,G05,1091,"Abate e produtos de carne, inclusive os produtos do laticínio e da pesca",0.0010947424335357402
colunas_sem_diagonal,G05,1092,Fabricação e refino de açúcar,0.021108438649171047
colunas_sem_diagonal,G05,1093,Outros produtos alimentares,0.004788804048913781
colunas_sem_diagonal,G05,1100,Fabricação de bebidas,0.0036936803724938252
colunas_sem_diagonal,G05,1200,Fabricação de produtos do fumo,1.1033204712765168e-05
colunas_sem_diagonal,G05,1300,Fabricação de produtos têxteis,0.0017180933942336296
colunas_sem_diagonal,G05,1400,Confecção de artefatos do vestuário e acessórios,0.0013118407289422842
colunas_sem_diagonal,G05,1500,Fabricação de calçados e de artefatos de couro,0.0001799453051585365
colunas_sem_diagonal,G05,1600,Fabricação de produtos da madeira,0.0010912236047407348
colunas_sem_diagonal,G05,1700,"Fabricação de celulose, papel e produtos de papel",0.003099131701701808
colunas_sem_diagonal,G05,1800,Impressão e reprodução de gravações,0.004367223586374021
colunas_sem_diagonal,G05,1991,Refino de petróleo e coquerias,0.03775335944241733
colunas_sem_diagonal,G05,1992,Fabricação de biocombustíveis,0.0027375185868907578
colunas_sem_diagonal,G05,2091,"Fabricação de químicos orgânicos e inorgânicos, resinas e elastômeros",0.02601289384431342
colunas_sem_diagonal,G05,2092,"Fabricação de defensivos, desinfestantes, tintas e químicos diversos",0.00827758173997003
colunas_sem_diagonal,G05,2093,"Fabricação de produtos de limpeza, cosméticos/perfumaria e higiene pessoal",0.002629445596204731
colunas_sem_diagonal,G05,2100,Fabricação de produtos farmoquímicos e farmacêuticos,0.0004896863963774009
colunas_sem_diagonal,G05,2200,Fabricação de produtos de borracha e de material plástico,0.014195260082293387
colunas_sem_diagonal,G05,2300,Fabricação de produtos de minerais não metálicos,0.009633952805050167
colunas_sem_diagonal,G05,2491,"Produção de ferro gusa/ferroligas, siderurgia e tubos de aço sem costura",0.008413249691159619
colunas_sem_diagonal,G05,2492,Metalurgia de metais não ferosos e a fundição de metais,0.0051580370031934835
colunas_sem_diagonal,G05,2500,"Fabricação de produtos de metal, exceto máquinas e equipamentos",0.014523258452659381
colunas_sem_diagonal,G05,2600,"Fabricação de equipamentos de informática, produtos eletrônicos e ópticos",0.008016058111249648
colunas_sem_diagonal,G05,2700,Fabricação de máquinas e equipamentos elétricos,0.009332156004675967
colunas_sem_diagonal,G05,2800,Fabricação de máquinas e equipamentos mecânicos,0.038897330077392385
colunas_sem_diagonal,G05,2991,"Fabricação de automóveis, caminhões e ônibus, exceto peças",0.0001283947986269336
colunas_sem_diagonal,G05,2992,Fabricação de peças e acessórios para veículos automotores,0.002788175292921304
colunas_sem_diagonal,G05,3000,"Fabricação de outros equipamentos de transporte, exceto veículos automotores",0.0019504498411693832
colunas_sem_diagonal,G05,3180,Fabricação de móveis e de produtos de indústrias diversas,0.0020419885690144968
colunas_sem_diagonal,G05,3300,"Manutenção, reparação e instalação de máquinas e equipamentos",0.022909681741434342
colunas_sem_diagonal,G05,3500,"Energia elétrica, gás natural e outras utilidades",0.18069727548148143
colunas_sem_diagonal,G05,3680,"Água, esgoto e gestão de resíduos",0.04789400576203442
colunas_sem_diagonal,G05,4180,Construção,0.038439450792690934
colunas_sem_diagonal,G05,4580,Comércio por atacado e varejo,0.030754446253832595
colunas_sem_diagonal,G05,4900,Transporte terrestre,0.013113853517184764
colunas_sem_diagonal,G05,5000,Transporte aquaviário,0.006593899275350332
colunas_sem_diagonal,G05,5100,Transporte aéreo,0.0035087173113332016
colunas_sem_diagonal,G05,5280,"Armazenamento, atividades auxiliares dos transportes e correio",0.01658669630077706
colunas_sem_diagonal,G05,5500,Alojamento,0.01110444675360755
colunas_sem_diagonal,G05,5600,Alimentação,0.0010620780103667506
colunas_sem_diagonal,G05,5800,Edição e edição integrada à impressão,0.002655604267832732
colunas_sem_diagonal,G05,5980,"Atividades de televisão, rádio, cinema e  gravação/edição de som e imagem",0.01547603459205218
colunas_sem_diagonal,G05,6100,Telecomunicações,0.007196601869241097
colunas_sem_diagonal,G05,6280,Desenvolvimento de sistemas e outros serviços de informação,0.011482735743391178
colunas_sem_diagonal,G05,6480,"Intermediação financeira, seguros e previdência complementar",0.02173032172308968
colunas_sem_diagonal,G05,6800,Atividades imobiliárias,0.00416785654990741
colunas_sem_diagonal,G05,6980,"Atividades jurídicas, contábeis, consultoria e sedes de empresas ",0.04667398002199976
colunas_sem_diagonal,G05,7180,"Serviços de arquitetura, engenharia, testes/análises técnicas e P & D",0.039210491772051166
colunas_sem_diagonal,G05,7380,"Outras atividades profissionais, científicas e técnicas",0.01628309509488797
colunas_sem_diagonal,G05,7700,Aluguéis não imobiliários e gestão de ativos de propriedade intelectual,0.1480481993002044
colunas_sem_diagonal,G05,7880,Outras atividades administrativas e serviços complementares,0.01751457140829203
colunas_sem_diagonal,G05,8000,"Atividades de vigilância, segurança e investigação",0.03206549888049074
colunas_sem_diagonal,G05,8400,"Administração pública, defesa e seguridade social",0.0027279043166834184
colunas_sem_diagonal,G05,8591,Educação pública,0.00014392509318189017
colunas_sem_diagonal,G05,8592,Educação privada,0.0015205616510163631
colunas_sem_diagonal,G05,8691,Saúde pública,1.0829821520794306e-05
colunas_sem_diagonal,G05,8692,Saúde privada,1.62586503390686e-05
colunas_sem_diagonal,G05,9080,"Atividades artísticas, criativas e de espetáculos",0.0023647395956805637
colunas_sem_diagonal,G05,9480,Organizações associativas e outros serviços pessoais,0.004026140995325574
colunas_sem_diagonal,G05,9700,Serviços domésticos,0.0
colunas_sem_diagonal,G06,0191,"Agricultura, inclusive o apoio à agricultura e a pós-colheita",0.17043138337488373
colunas_sem_diagonal,G06,0192,"Pecuária, inclusive o apoio à pecuária",0.007427050875670229
colunas_sem_diagonal,G06,0280,Produção florestal; pesca e aquicultura,0.008248926279293758
colunas_sem_diagonal,G06,0580,Extração de carvão mineral e de minerais não metálicos,0.004526416604658528
colunas_sem_diagonal,G06,0680,"Extração de petróleo e gás, inclusive as atividades de apoio",0.0043031761284564795
colunas_sem_diagonal,G06,0791,"Extração de minério de ferro, inclusive beneficiamentos e a aglomeração",8.517221382135196e-05
colunas_sem_diagonal,G06,0792,"Extração de minerais metálicos não ferrosos, inclusive beneficiamentos",0.0008316664638034102
colunas_sem_diagonal,G06,1091,"Abate e produtos de carne, inclusive os produtos do laticínio e da pesca",0.011196935802840775
colunas_sem_diagonal,G06,1092,Fabricação e refino de açúcar,0.055520474131971115
colunas_sem_diagonal,G06,1093,Outros produtos alimentares,0.022810142196822855
colunas_sem_diagonal,G06,1100,Fabricação de bebidas,0.003280258230131848
colunas_sem_diagonal,G06,1200,Fabricação de produtos do fumo,5.462202625369203e-06
colunas_sem_diagonal,G06,1300,Fabricação de produtos têxteis,0.00289970361866543
colunas_sem_diagonal,G06,1400,Confecção de artefatos do vestuário e acessórios,0.000471676856171227
colunas_sem_diagonal,G06,1500,Fabricação de calçados e de artefatos de couro,0.00018087407804561509
colunas_sem_diagonal,G06,1600,Fabricação de produtos da madeira,0.0012126159077417186
colunas_sem_diagonal,G06,1700,"Fabricação de celulose, papel e produtos de papel",0.011565076900506066
colunas_sem_diagonal,G06,1800,Impressão e reprodução de gravações,0.004832333315572905
colunas_sem_diagonal,G06,1991,Refino de petróleo e coquerias,0.02826217075599812
colunas_sem_diagonal,G06,1992,Fabricação de biocombustíveis,0.0027143596361451265
colunas_sem_diagonal,G06,2091,"Fabricação de químicos orgânicos e inorgânicos, resinas e elastômeros",0.07913742306284305
colunas_sem_diagonal,G06,2092,"Fabricação de defensivos, desinfestantes, tintas e químicos diversos",0.0283761511267176
colunas_sem_diagonal,G06,2093,"Fabricação de produtos de limpeza, cosméticos/perfumaria e higiene pessoal",0.0036697780315889526
colunas_sem_diagonal,G06,2100,Fabricação de produtos farmoquímicos e farmacêuticos,0.00244981569923456
colunas_sem_diagonal,G06,2200,Fabricação de produtos de borracha e de material plástico,0.014437289075655618
colunas_sem_diagonal,G06,2300,Fabricação de produtos de minerais não metálicos,0.005803014194519863
colunas_sem_diagonal,G06,2491,"Produção de ferro gusa/ferroligas, siderurgia e tubos de aço sem costura",0.002264867761266
colunas_sem_diagonal,G06,2492,Metalurgia de metais não ferosos e a fundição de metais,0.0021465071469504325
colunas_sem_diagonal,G06,2500,"Fabricação de produtos de metal, exceto máquinas e equipamentos",0.004945530148462874
colunas_sem_diagonal,G06,2600,"Fabricação de equipamentos de informática, produtos eletrônicos e ópticos",0.0030434505916967936
colunas_sem_diagonal,G06,2700,Fabricação de máquinas e equipamentos elétricos,0.003230811538498151
colunas_sem_diagonal,G06,2800,Fabricação de máquinas e equipamentos mecânicos,0.003074792402909786
colunas_sem_diagonal,G06,2991,"Fabricação de automóveis, caminhões e ônibus, exceto peças",0.00012616830145326092
colunas_sem_diagonal,G06,2992,Fabricação de peças e acessórios para veículos automotores,0.002579217666664908
colunas_sem_diagonal,G06,3000,"Fabricação de outros equipamentos de transporte, exceto veículos automotores",0.0008791129225907879
colunas_sem_diagonal,G06,3180,Fabricação de móveis e de produtos de indústrias diversas,0.0010576107859763437
colunas_sem_diagonal,G06,3300,"Manutenção, reparação e instalação de máquinas e equipamentos",0.007719090786531031
colunas_sem_diagonal,G06,3500,"Energia elétrica, gás natural e outras utilidades",0.10041140654732339
colunas_sem_diagonal,G06,3680,"Água, esgoto e gestão de resíduos",0.03526348720408473
colunas_sem_diagonal,G06,4180,Construção,0.0025385489363666195
colunas_sem_diagonal,G06,4580,Comércio por atacado e varejo,0.03400734184063812
colunas_sem_diagonal,G06,4900,Transporte terrestre,0.017021562179709925
colunas_sem_diagonal,G06,5000,Transporte aquaviário,0.00783363511058594
colunas_sem_diagonal,G06,5100,Transporte aéreo,0.002908336726392962
colunas_sem_diagonal,G06,5280,"Armazenamento, atividades auxiliares dos transportes e correio",0.012025543719025145
colunas_sem_diagonal,G06,5500,Alojamento,0.009540141359304043
colunas_sem_diagonal,G06,5600,Alimentação,0.000824957834831192
colunas_sem_diagonal,G06,5800,Edição e edição integrada à impressão,0.0030477853186469503
colunas_sem_diagonal,G06,5980,"Atividades de televisão, rádio, cinema e  gravação/edição de som e imagem",0.02454013788218355
colunas_sem_diagonal,G06,6100,Telecomunicações,0.0076808467649883165
colunas_sem_diagonal,G06,6280,Desenvolvimento de sistemas e outros serviços de informação,0.008478415145483555
colunas_sem_diagonal,G06,6480,"Intermediação financeira, seguros e previdência complementar",0.020959721205921277
colunas_sem_diagonal,G06,6800,Atividades imobiliárias,0.0038683802295267867
colunas_sem_diagonal,G06,6980,"Atividades jurídicas, contábeis, consultoria e sedes de empresas ",0.04376482672215678
colunas_sem_diagonal,G06,7180,"Serviços de arquitetura, engenharia, testes/análises técnicas e P & D",0.029883160744294795
colunas_sem_diagonal,G06,7380,"Outras atividades profissionais, científicas e técnicas",0.026456772033958686
colunas_sem_diagonal,G06,7700,Aluguéis não imobiliários e gestão de ativos de propriedade intelectual,0.05057116842242136
colunas_sem_diagonal,G06,7880,Outras atividades administrativas e serviços complementares,0.01543963946412652
colunas_sem_diagonal,G06,8000,"Atividades de vigilância, segurança e investigação",0.02726961645845528
colunas_sem_diagonal,G06,8400,"Administração pública, defesa e seguridade social",0.0027380829627201386
colunas_sem_diagonal,G06,8591,Educação pública,0.00010094381239706332
colunas_sem_diagonal,G06,8592,Educação privada,0.0008539638444087456
colunas_sem_diagonal,G06,8691,Saúde pública,7.3044478067154446e-06
colunas_sem_diagonal,G06,8692,Saúde privada,1.4892504079511206e-05
colunas_sem_diagonal,G06,9080,"Atividades artísticas, criativas e de espetáculos",0.0035084313303911556
colunas_sem_diagonal,G06,9480,Organizações associativas e outros serviços pessoais,0.0026944424303851524
colunas_sem_diagonal,G06,9700,Serviços domésticos,0.0
colunas_sem_diagonal,G07,0191,"Agricultura, inclusive o apoio à agricultura e a pós-colheita",0.007226933183012039
colunas_sem_diagonal,G07,0192,"Pecuária, inclusive o apoio à pecuária",0.0007349235480355698
colunas_sem_diagonal,G07,0280,Produção florestal; pesca e aquicultura,0.004092206512010563
colunas_sem_diagonal,G07,0580,Extração de carvão mineral e de minerais não metálicos,0.0020277696042247284
colunas_sem_diagonal,G07,0680,"Extração de petróleo e gás, inclusive as atividades de apoio",0.0026356094768669493
colunas_sem_diagonal,G07,0791,"Extração de minério de ferro, inclusive beneficiamentos e a aglomeração",0.00022617665369586987
colunas_sem_diagonal,G07,0792,"Extração de minerais metálicos não ferrosos, inclusive beneficiamentos",0.0013800985527612272
colunas_sem_diagonal,G07,1091,"Abate e produtos de carne, inclusive os produtos do laticínio e da pesca",0.001953532716304222
colunas_sem_diagonal,G07,1092,Fabricação e refino de açúcar,0.03886783177615964
colunas_sem_diagonal,G07,1093,Outros produtos alimentares,0.016312957654764777
colunas_sem_diagonal,G07,1100,Fabricação de bebidas,0.004485281101513423
colunas_sem_diagonal,G07,1200,Fabricação de produtos do fumo,1.3784877303318171e-05
colunas_sem_diagonal,G07,1300,Fabricação de produtos têxteis,0.002217714257805633
colunas_sem_diagonal,G07,1400,Confecção de artefatos do vestuário e acessórios,0.0006475479613177386
colunas_sem_diagonal,G07,1500,Fabricação de calçados e de artefatos de couro,0.0002211732573701499
colunas_sem_diagonal,G07,1600,Fabricação de produtos da madeira,0.001361564659405658
colunas_sem_diagonal,G07,1700,"Fabricação de celulose, papel e produtos de papel",0.011878925372998946
colunas_sem_diagonal,G07,1800,Impressão e reprodução de gravações,0.01711811976410182
colunas_sem_diagonal,G07,1991,Refino de petróleo e coquerias,0.017528716399377215
colunas_sem_diagonal,G07,1992,Fabricação de biocombustíveis,0.0033966172001168938
colunas_sem_diagonal,G07,2091,"Fabricação de químicos orgânicos e inorgânicos, resinas e elastômeros",0.028615224059552233
colunas_sem_diagonal,G07,2092,"Fabricação de defensivos, desinfestantes, tintas e químicos diversos",0.009073108760064036
colunas_sem_diagonal,G07,2093,"Fabricação de produtos de limpeza, cosméticos/perfumaria e higiene pessoal",0.0037939265558605767
colunas_sem_diagonal,G07,2100,Fabricação de produtos farmoquímicos e farmacêuticos,0.00044149684599282336
colunas_sem_diagonal,G07,2200,Fabricação de produtos de borracha e de material plástico,0.027865969243151274
colunas_sem_diagonal,G07,2300,Fabricação de produtos de minerais não metálicos,0.005938795066851603
colunas_sem_diagonal,G07,2491,"Produção de ferro gusa/ferroligas, siderurgia e tubos de aço sem costura",0.006191838499511458
colunas_sem_diagonal,G07,2492,Metalurgia de metais não ferosos e a fundição de metais,0.0037617875143834845
colunas_sem_diagonal,G07,2500,"Fabricação de produtos de metal, exceto máquinas e equipamentos",0.014281889118119036
colunas_sem_diagonal,G07,2600,"Fabricação de equipamentos de informática, produtos eletrônicos e ópticos",0.005052015877891105
colunas_sem_diagonal,G07,2700,Fabricação de máquinas e equipamentos elétricos,0.015755511559273294
colunas_sem_diagonal,G07,2800,Fabricação de máquinas e equipamentos mecânicos,0.0055575912394878885
colunas_sem_diagonal,G07,2991,"Fabricação de automóveis, caminhões e ônibus, exceto peças",0.00014996820128546768
colunas_sem_diagonal,G07,2992,Fabricação de peças e acessórios para veículos automotores,0.004048950380001319
colunas_sem_diagonal,G07,3000,"Fabricação de outros equipamentos de transporte, exceto veículos automotores",0.0012690452555116014
colunas_sem_diagonal,G07,3180,Fabricação de móveis e de produtos de indústrias diversas,0.005830212285296038
colunas_sem_diagonal,G07,3300,"Manutenção, reparação e instalação de máquinas e equipamentos",0.013697540049708804
colunas_sem_diagonal,G07,3500,"Energia elétrica, gás natural e outras utilidades",0.07154006302028335
colunas_sem_diagonal,G07,3680,"Água, esgoto e gestão de resíduos",0.060173227775601495
colunas_sem_diagonal,G07,4180,Construção,0.00563201048648316
colunas_sem_diagonal,G07,4580,Comércio por atacado e varejo,0.04662605509793361
colunas_sem_diagonal,G07,4900,Transporte terrestre,0.014490240788018038
colunas_sem_diagonal,G07,5000,Transporte aquaviário,0.004736171768415986
colunas_sem_diagonal,G07,5100,Transporte aéreo,0.005554210741561473
colunas_sem_diagonal,G07,5280,"Armazenamento, atividades auxiliares dos transportes e correio",0.01165071551873668
colunas_sem_diagonal,G07,5500,Alojamento,0.022190276144534764
colunas_sem_diagonal,G07,5600,Alimentação,0.0018481535825133099
colunas_sem_diagonal,G07,5800,Edição e edição integrada à impressão,0.0074692224565041
colunas_sem_diagonal,G07,5980,"Atividades de televisão, rádio, cinema e  gravação/edição de som e imagem",0.07835653537530846
colunas_sem_diagonal,G07,6100,Telecomunicações,0.014921752277066373
colunas_sem_diagonal,G07,6280,Desenvolvimento de sistemas e outros serviços de informação,0.019738971551086226
colunas_sem_diagonal,G07,6480,"Intermediação financeira, seguros e previdência complementar",0.02349858959629448
colunas_sem_diagonal,G07,6800,Atividades imobiliárias,0.009354193540043593
colunas_sem_diagonal,G07,6980,"Atividades jurídicas, contábeis, consultoria e sedes de empresas ",0.06351080269873621
colunas_sem_diagonal,G07,7180,"Serviços de arquitetura, engenharia, testes/análises técnicas e P & D",0.03890248689868476
colunas_sem_diagonal,G07,7380,"Outras atividades profissionais, científicas e técnicas",0.08609237146562654
colunas_sem_diagonal,G07,7700,Aluguéis não imobiliários e gestão de ativos de propriedade intelectual,0.04294307610107398
colunas_sem_diagonal,G07,7880,Outras atividades administrativas e serviços complementares,0.02898337019510589
colunas_sem_diagonal,G07,8000,"Atividades de vigilância, segurança e investigação",0.03346340682906786
colunas_sem_diagonal,G07,8400,"Administração pública, defesa e seguridade social",0.004478463310591858
colunas_sem_diagonal,G07,8591,Educação pública,0.0002853322206393089
colunas_sem_diagonal,G07,8592,Educação privada,0.0015804519429421814
colunas_sem_diagonal,G07,8691,Saúde pública,2.279143269135922e-05
colunas_sem_diagonal,G07,8692,Saúde privada,3.625461831575894e-05
colunas_sem_diagonal,G07,9080,"Atividades artísticas, criativas e de espetáculos",0.01090664144287957
colunas_sem_diagonal,G07,9480,Organizações associativas e outros serviços pessoais,0.005361806082171232
colunas_sem_diagonal,G07,9700,Serviços domésticos,0.0
colunas_sem_diagonal,G08,0191,"Agricultura, inclusive o apoio à agricultura e a pós-colheita",0.0047183240804917325
colunas_sem_diagonal,G08,0192,"Pecuária, inclusive o apoio à pecuária",0.0029171337993805077
colunas_sem_diagonal,G08,0280,Produção florestal; pesca e aquicultura,0.16357902716040892
colunas_sem_diagonal,G08,0580,Extração de carvão mineral e de minerais não metálicos,0.0026115615604493003
colunas_sem_diagonal,G08,0680,"Extração de petróleo e gás, inclusive as atividades de apoio",0.004057377558881142
colunas_sem_diagonal,G08,0791,"Extração de minério de ferro, inclusive beneficiamentos e a aglomeração",0.0001325820397661136
colunas_sem_diagonal,G08,0792,"Extração de minerais metálicos não ferrosos, inclusive beneficiamentos",0.001322936224620497
colunas_sem_diagonal,G08,1091,"Abate e produtos de carne, inclusive os produtos do laticínio e da pesca",0.001476901192009186
colunas_sem_diagonal,G08,1092,Fabricação e refino de açúcar,0.014509040945941144
colunas_sem_diagonal,G08,1093,Outros produtos alimentares,0.013578624886741417
colunas_sem_diagonal,G08,1100,Fabricação de bebidas,0.002832495176271912
colunas_sem_diagonal,G08,1200,Fabricação de produtos do fumo,1.733727931612129e-05
colunas_sem_diagonal,G08,1300,Fabricação de produtos têxteis,0.002443523757630283
colunas_sem_diagonal,G08,1400,Confecção de artefatos do vestuário e acessórios,0.00047240999442483487
colunas_sem_diagonal,G08,1500,Fabricação de calçados e de artefatos de couro,0.0005784125021614826
colunas_sem_diagonal,G08,1600,Fabricação de produtos da madeira,0.0026352828709970823
colunas_sem_diagonal,G08,1700,"Fabricação de celulose, papel e produtos de papel",0.008579479648645704
colunas_sem_diagonal,G08,1800,Impressão e reprodução de gravações,0.00693006448603228
colunas_sem_diagonal,G08,1991,Refino de petróleo e coquerias,0.020661059311589354
colunas_sem_diagonal,G08,1992,Fabricação de biocombustíveis,0.0017337548113041212
colunas_sem_diagonal,G08,2091,"Fabricação de químicos orgânicos e inorgânicos, resinas e elastômeros",0.062282350606442896
colunas_sem_diagonal,G08,2092,"Fabricação de defensivos, desinfestantes, tintas e químicos diversos",0.019182118242425383
colunas_sem_diagonal,G08,2093,"Fabricação de produtos de limpeza, cosméticos/perfumaria e higiene pessoal",0.0034865848081086044
colunas_sem_diagonal,G08,2100,Fabricação de produtos farmoquímicos e farmacêuticos,0.0008569458107434066
colunas_sem_diagonal,G08,2200,Fabricação de produtos de borracha e de material plástico,0.014628467104410278
colunas_sem_diagonal,G08,2300,Fabricação de produtos de minerais não metálicos,0.002996793527095201
colunas_sem_diagonal,G08,2491,"Produção de ferro gusa/ferroligas, siderurgia e tubos de aço sem costura",0.0035926920229004374
colunas_sem_diagonal,G08,2492,Metalurgia de metais não ferosos e a fundição de metais,0.0034460084497580134
colunas_sem_diagonal,G08,2500,"Fabricação de produtos de metal, exceto máquinas e equipamentos",0.008329505617683532
colunas_sem_diagonal,G08,2600,"Fabricação de equipamentos de informática, produtos eletrônicos e ópticos",0.003959345139131861
colunas_sem_diagonal,G08,2700,Fabricação de máquinas e equipamentos elétricos,0.005195143440914376
colunas_sem_diagonal,G08,2800,Fabricação de máquinas e equipamentos mecânicos,0.006361456717191784
colunas_sem_diagonal,G08,2991,"Fabricação de automóveis, caminhões e ônibus, exceto peças",0.00010511638778769937
colunas_sem_diagonal,G08,2992,Fabricação de peças e acessórios para veículos automotores,0.002519427217461477
colunas_sem_diagonal,G08,3000,"Fabricação de outros equipamentos de transporte, exceto veículos automotores",0.0014572127699149953
colunas_sem_diagonal,G08,3180,Fabricação de móveis e de produtos de indústrias diversas,0.0017738616114440424
colunas_sem_diagonal,G08,3300,"Manutenção, reparação e instalação de máquinas e equipamentos",0.018431928268780207
colunas_sem_diagonal,G08,3500,"Energia elétrica, gás natural e outras utilidades",0.15899105959799797
colunas_sem_diagonal,G08,3680,"Água, esgoto e gestão de resíduos",0.08118156605524601
colunas_sem_diagonal,G08,4180,Construção,0.0025707730825559284
colunas_sem_diagonal,G08,4580,Comércio por atacado e varejo,0.03900959462306698
colunas_sem_diagonal,G08,4900,Transporte terrestre,0.014082160821797194
colunas_sem_diagonal,G08,5000,Transporte aquaviário,0.028348263106967392
colunas_sem_diagonal,G08,5100,Transporte aéreo,0.0033918956063614114
colunas_sem_diagonal,G08,5280,"Armazenamento, atividades auxiliares dos transportes e correio",0.010201751536799558
colunas_sem_diagonal,G08,5500,Alojamento,0.008565371530514381
colunas_sem_diagonal,G08,5600,Alimentação,0.0007283954214861772
colunas_sem_diagonal,G08,5800,Edição e edição integrada à impressão,0.002475186839872372
colunas_sem_diagonal,G08,5980,"Atividades de televisão, rádio, cinema e  gravação/edição de som e imagem",0.01738009703626254
colunas_sem_diagonal,G08,6100,Telecomunicações,0.007843586909170744
colunas_sem_diagonal,G08,6280,Desenvolvimento de sistemas e outros serviços de informação,0.007456066822030719
colunas_sem_diagonal,G08,6480,"Intermediação financeira, seguros e previdência complementar",0.01731856296967811
colunas_sem_diagonal,G08,6800,Atividades imobiliárias,0.0035555252225462205
colunas_sem_diagonal,G08,6980,"Atividades jurídicas, contábeis, consultoria e sedes de empresas ",0.028832136769237654
colunas_sem_diagonal,G08,7180,"Serviços de arquitetura, engenharia, testes/análises técnicas e P & D",0.021866492124009596
colunas_sem_diagonal,G08,7380,"Outras atividades profissionais, científicas e técnicas",0.018302669984954698
colunas_sem_diagonal,G08,7700,Aluguéis não imobiliários e gestão de ativos de propriedade intelectual,0.06556044137958479
colunas_sem_diagonal,G08,7880,Outras atividades administrativas e serviços complementares,0.012701943080135697
colunas_sem_diagonal,G08,8000,"Atividades de vigilância, segurança e investigação",0.02649483070698154
colunas_sem_diagonal,G08,8400,"Administração pública, defesa e seguridade social",0.002094452049892109
colunas_sem_diagonal,G08,8591,Educação pública,8.719571510879912e-05
colunas_sem_diagonal,G08,8592,Educação privada,0.0007965923729426395
colunas_sem_diagonal,G08,8691,Saúde pública,6.548710742187085e-06
colunas_sem_diagonal,G08,8692,Saúde privada,1.3645430130275478e-05
colunas_sem_diagonal,G08,9080,"Atividades artísticas, criativas e de espetáculos",0.0025674890471497525
colunas_sem_diagonal,G08,9480,Organizações associativas e outros serviços pessoais,0.0031834184175192418
colunas_sem_diagonal,G08,9700,Serviços domésticos,0.0
colunas_sem_diagonal,G09,0191,"Agricultura, inclusive o apoio à agricultura e a pós-colheita",0.00321071349326379
colunas_sem_diagonal,G09,0192,"Pecuária, inclusive o apoio à pecuária",0.0007341773167054957
colunas_sem_diagonal,G09,0280,Produção florestal; pesca e aquicultura,0.019338037017746203
colunas_sem_diagonal,G09,0580,Extração de carvão mineral e de minerais não metálicos,0.0035422509864551943
colunas_sem_diagonal,G09,0680,"Extração de petróleo e gás, inclusive as atividades de apoio",0.0025652219637401627
colunas_sem_diagonal,G09,0791,"Extração de minério de ferro, inclusive beneficiamentos e a aglomeração",0.00038898726057541713
colunas_sem_diagonal,G09,0792,"Extração de minerais metálicos não ferrosos, inclusive beneficiamentos",0.006332830244551067
colunas_sem_diagonal,G09,1091,"Abate e produtos de carne, inclusive os produtos do laticínio e da pesca",0.0013865980837822112
colunas_sem_diagonal,G09,1092,Fabricação e refino de açúcar,0.012360487866283139
colunas_sem_diagonal,G09,1093,Outros produtos alimentares,0.007333898212403348
colunas_sem_diagonal,G09,1100,Fabricação de bebidas,0.0037936209812478626
colunas_sem_diagonal,G09,1200,Fabricação de produtos do fumo,1.884400017561434e-05
colunas_sem_diagonal,G09,1300,Fabricação de produtos têxteis,0.017506430126077156
colunas_sem_diagonal,G09,1400,Confecção de artefatos do vestuário e acessórios,0.0006485724983932143
colunas_sem_diagonal,G09,1500,Fabricação de calçados e de artefatos de couro,0.0006061553161956913
colunas_sem_diagonal,G09,1600,Fabricação de produtos da madeira,0.03870551279516818
colunas_sem_diagonal,G09,1700,"Fabricação de celulose, papel e produtos de papel",0.030613434145345474
colunas_sem_diagonal,G09,1800,Impressão e reprodução de gravações,0.003363845691553085
colunas_sem_diagonal,G09,1991,Refino de petróleo e coquerias,0.016030298001644898
colunas_sem_diagonal,G09,1992,Fabricação de biocombustíveis,0.001392399338814207
colunas_sem_diagonal,G09,2091,"Fabricação de químicos orgânicos e inorgânicos, resinas e elastômeros",0.05654859576164242
colunas_sem_diagonal,G09,2092,"Fabricação de defensivos, desinfestantes, tintas e químicos diversos",0.029132871926287926
colunas_sem_diagonal,G09,2093,"Fabricação de produtos de limpeza, cosméticos/perfumaria e higiene pessoal",0.003798257135323277
colunas_sem_diagonal,G09,2100,Fabricação de produtos farmoquímicos e farmacêuticos,0.0008238637542304845
colunas_sem_diagonal,G09,2200,Fabricação de produtos de borracha e de material plástico,0.055641790482828066
colunas_sem_diagonal,G09,2300,Fabricação de produtos de minerais não metálicos,0.005729667361239194
colunas_sem_diagonal,G09,2491,"Produção de ferro gusa/ferroligas, siderurgia e tubos de aço sem costura",0.010134676504312615
colunas_sem_diagonal,G09,2492,Metalurgia de metais não ferosos e a fundição de metais,0.020719132122039977
colunas_sem_diagonal,G09,2500,"Fabricação de produtos de metal, exceto máquinas e equipamentos",0.012873048504369029
colunas_sem_diagonal,G09,2600,"Fabricação de equipamentos de informática, produtos eletrônicos e ópticos",0.03529854592679609
colunas_sem_diagonal,G09,2700,Fabricação de máquinas e equipamentos elétricos,0.008815712866464188
colunas_sem_diagonal,G09,2800,Fabricação de máquinas e equipamentos mecânicos,0.009095425530442597
colunas_sem_diagonal,G09,2991,"Fabricação de automóveis, caminhões e ônibus, exceto peças",0.00013502429091552965
colunas_sem_diagonal,G09,2992,Fabricação de peças e acessórios para veículos automotores,0.003039463208681186
colunas_sem_diagonal,G09,3000,"Fabricação de outros equipamentos de transporte, exceto veículos automotores",0.0021869864853726224
colunas_sem_diagonal,G09,3180,Fabricação de móveis e de produtos de indústrias diversas,0.0012047774314832315
colunas_sem_diagonal,G09,3300,"Manutenção, reparação e instalação de máquinas e equipamentos",0.030969257066299716
colunas_sem_diagonal,G09,3500,"Energia elétrica, gás natural e outras utilidades",0.10295868854108411
colunas_sem_diagonal,G09,3680,"Água, esgoto e gestão de resíduos",0.0585241807046826
colunas_sem_diagonal,G09,4180,Construção,0.004070021213562355
colunas_sem_diagonal,G09,4580,Comércio por atacado e varejo,0.05440464253551723
colunas_sem_diagonal,G09,4900,Transporte terrestre,0.012345957172506455
colunas_sem_diagonal,G09,5000,Transporte aquaviário,0.007794454669344187
colunas_sem_diagonal,G09,5100,Transporte aéreo,0.00324154830276444
colunas_sem_diagonal,G09,5280,"Armazenamento, atividades auxiliares dos transportes e correio",0.009087950208919109
colunas_sem_diagonal,G09,5500,Alojamento,0.012969754049387995
colunas_sem_diagonal,G09,5600,Alimentação,0.0009885761503149646
colunas_sem_diagonal,G09,5800,Edição e edição integrada à impressão,0.005110789054173664
colunas_sem_diagonal,G09,5980,"Atividades de televisão, rádio, cinema e  gravação/edição de som e imagem",0.024572053477361754
colunas_sem_diagonal,G09,6100,Telecomunicações,0.019653760831388582
colunas_sem_diagonal,G09,6280,Desenvolvimento de sistemas e outros serviços de informação,0.008833312391152509
colunas_sem_diagonal,G09,6480,"Intermediação financeira, seguros e previdência complementar",0.01885597001189828
colunas_sem_diagonal,G09,6800,Atividades imobiliárias,0.005136908810019825
colunas_sem_diagonal,G09,6980,"Atividades jurídicas, contábeis, consultoria e sedes de empresas ",0.02784034579520333
colunas_sem_diagonal,G09,7180,"Serviços de arquitetura, engenharia, testes/análises técnicas e P & D",0.024181414479918097
colunas_sem_diagonal,G09,7380,"Outras atividades profissionais, científicas e técnicas",0.024601054861359703
colunas_sem_diagonal,G09,7700,Aluguéis não imobiliários e gestão de ativos de propriedade intelectual,0.07175574356653931
colunas_sem_diagonal,G09,7880,Outras atividades administrativas e serviços complementares,0.015259549186390168
colunas_sem_diagonal,G09,8000,"Atividades de vigilância, segurança e investigação",0.021074873599244027
colunas_sem_diagonal,G09,8400,"Administração pública, defesa e seguridade social",0.0019816598413806546
colunas_sem_diagonal,G09,8591,Educação pública,9.062155621561096e-05
colunas_sem_diagonal,G09,8592,Educação privada,0.000740316027330463
colunas_sem_diagonal,G09,8691,Saúde pública,6.606751236356228e-06
colunas_sem_diagonal,G09,8692,Saúde privada,1.9411844011172673e-05
colunas_sem_diagonal,G09,9080,"Atividades artísticas, criativas e de espetáculos",0.0036160588083855973
colunas_sem_diagonal,G09,9480,Organizações associativas e outros serviços pessoais,0.0042643638598579845
colunas_sem_diagonal,G09,9700,Serviços domésticos,0.0
colunas_sem_diagonal,G10,0191,"Agricultura, inclusive o apoio à agricultura e a pós-colheita",0.00849540525452309
colunas_sem_diagonal,G10,0192,"Pecuária, inclusive o apoio à pecuária",0.0035747628134281295
colunas_sem_diagonal,G10,0280,Produção florestal; pesca e aquicultura,0.0045893516273082914
colunas_sem_diagonal,G10,0580,Extração de carvão mineral e de minerais não metálicos,0.0051887431377962675
colunas_sem_diagonal,G10,0680,"Extração de petróleo e gás, inclusive as atividades de apoio",0.00368770749791814
colunas_sem_diagonal,G10,0791,"Extração de minério de ferro, inclusive beneficiamentos e a aglomeração",0.00012907091533933675
colunas_sem_diagonal,G10,0792,"Extração de minerais metálicos não ferrosos, inclusive beneficiamentos",0.001573890425738833
colunas_sem_diagonal,G10,1091,"Abate e produtos de carne, inclusive os produtos do laticínio e da pesca",0.024643186515845718
colunas_sem_diagonal,G10,1092,Fabricação e refino de açúcar,0.06684342463738689
colunas_sem_diagonal,G10,1093,Outros produtos alimentares,0.03151400180457409
colunas_sem_diagonal,G10,1100,Fabricação de bebidas,0.0038586757514229002
colunas_sem_diagonal,G10,1200,Fabricação de produtos do fumo,1.0818971149386518e-05
colunas_sem_diagonal,G10,1300,Fabricação de produtos têxteis,0.002096357591382472
colunas_sem_diagonal,G10,1400,Confecção de artefatos do vestuário e acessórios,0.0004924586960877982
colunas_sem_diagonal,G10,1500,Fabricação de calçados e de artefatos de couro,0.00035206190680115427
colunas_sem_diagonal,G10,1600,Fabricação de produtos da madeira,0.0009344823351249646
colunas_sem_diagonal,G10,1700,"Fabricação de celulose, papel e produtos de papel",0.011771177718985296
colunas_sem_diagonal,G10,1800,Impressão e reprodução de gravações,0.005293891184559824
colunas_sem_diagonal,G10,1991,Refino de petróleo e coquerias,0.024436941403386384
colunas_sem_diagonal,G10,1992,Fabricação de biocombustíveis,0.007342377392189991
colunas_sem_diagonal,G10,2091,"Fabricação de químicos orgânicos e inorgânicos, resinas e elastômeros",0.16878320082002526
colunas_sem_diagonal,G10,2092,"Fabricação de defensivos, desinfestantes, tintas e químicos diversos",0.01496351430083833
colunas_sem_diagonal,G10,2093,"Fabricação de produtos de limpeza, cosméticos/perfumaria e higiene pessoal",0.004561012916819241
colunas_sem_diagonal,G10,2100,Fabricação de produtos farmoquímicos e farmacêuticos,0.004185097170814376
colunas_sem_diagonal,G10,2200,Fabricação de produtos de borracha e de material plástico,0.026737204189256646
colunas_sem_diagonal,G10,2300,Fabricação de produtos de minerais não metálicos,0.005749917222047735
colunas_sem_diagonal,G10,2491,"Produção de ferro gusa/ferroligas, siderurgia e tubos de aço sem costura",0.0034376839260111935
colunas_sem_diagonal,G10,2492,Metalurgia de metais não ferosos e a fundição de metais,0.0037145304923518916
colunas_sem_diagonal,G10,2500,"Fabricação de produtos de metal, exceto máquinas e equipamentos",0.011746843339212205
colunas_sem_diagonal,G10,2600,"Fabricação de equipamentos de informática, produtos eletrônicos e ópticos",0.002907776366784496
colunas_sem_diagonal,G10,2700,Fabricação de máquinas e equipamentos elétricos,0.0031218462464345483
colunas_sem_diagonal,G10,2800,Fabricação de máquinas e equipamentos mecânicos,0.00304881844628897
colunas_sem_diagonal,G10,2991,"Fabricação de automóveis, caminhões e ônibus, exceto peças",0.0001122410123460683
colunas_sem_diagonal,G10,2992,Fabricação de peças e acessórios para veículos automotores,0.00233081852650881
colunas_sem_diagonal,G10,3000,"Fabricação de outros equipamentos de transporte, exceto veículos automotores",0.0007833767209785342
colunas_sem_diagonal,G10,3180,Fabricação de móveis e de produtos de indústrias diversas,0.0017504245823999082
colunas_sem_diagonal,G10,3300,"Manutenção, reparação e instalação de máquinas e equipamentos",0.006899167802412702
colunas_sem_diagonal,G10,3500,"Energia elétrica, gás natural e outras utilidades",0.08931754856210392
colunas_sem_diagonal,G10,3680,"Água, esgoto e gestão de resíduos",0.07202116445898801
colunas_sem_diagonal,G10,4180,Construção,0.002500429312969502
colunas_sem_diagonal,G10,4580,Comércio por atacado e varejo,0.03705693267650018
colunas_sem_diagonal,G10,4900,Transporte terrestre,0.01341206470806566
colunas_sem_diagonal,G10,5000,Transporte aquaviário,0.007794621248026543
colunas_sem_diagonal,G10,5100,Transporte aéreo,0.0038302574684033713
colunas_sem_diagonal,G10,5280,"Armazenamento, atividades auxiliares dos transportes e correio",0.008573834326831599
colunas_sem_diagonal,G10,5500,Alojamento,0.010501517709858932
colunas_sem_diagonal,G10,5600,Alimentação,0.001079779683421234
colunas_sem_diagonal,G10,5800,Edição e edição integrada à impressão,0.0038317639197607838
colunas_sem_diagonal,G10,5980,"Atividades de televisão, rádio, cinema e  gravação/edição de som e imagem",0.03270822518749955
colunas_sem_diagonal,G10,6100,Telecomunicações,0.00698090694901231
colunas_sem_diagonal,G10,6280,Desenvolvimento de sistemas e outros serviços de informação,0.00891796929210572
colunas_sem_diagonal,G10,6480,"Intermediação financeira, seguros e previdência complementar",0.016292206787419574
colunas_sem_diagonal,G10,6800,Atividades imobiliárias,0.003928422453798791
colunas_sem_diagonal,G10,6980,"Atividades jurídicas, contábeis, consultoria e sedes de empresas ",0.0499051674234886
colunas_sem_diagonal,G10,7180,"Serviços de arquitetura, engenharia, testes/análises técnicas e P & D",0.033145139572022926
colunas_sem_diagonal,G10,7380,"Outras atividades profissionais, científicas e técnicas",0.03587317285164046
colunas_sem_diagonal,G10,7700,Aluguéis não imobiliários e gestão de ativos de propriedade intelectual,0.043170912984838175
colunas_sem_diagonal,G10,7880,Outras atividades administrativas e serviços complementares,0.016244710735777542
colunas_sem_diagonal,G10,8000,"Atividades de vigilância, segurança e investigação",0.02010506350937044
colunas_sem_diagonal,G10,8400,"Administração pública, defesa e seguridade social",0.0029988070783318007
colunas_sem_diagonal,G10,8591,Educação pública,0.00015599766159893932
colunas_sem_diagonal,G10,8592,Educação privada,0.0009555919902257057
colunas_sem_diagonal,G10,8691,Saúde pública,1.2263372769233105e-05
colunas_sem_diagonal,G10,8692,Saúde privada,1.5520541440893396e-05
colunas_sem_diagonal,G10,9080,"Atividades artísticas, criativas e de espetáculos",0.004593073436986721
colunas_sem_diagonal,G10,9480,Organizações associativas e outros serviços pessoais,0.0024146724342629993
colunas_sem_diagonal,G10,9700,Serviços domésticos,0.0
colunas_sem_diagonal,G11,0191,"Agricultura, inclusive o apoio à agricultura e a pós-colheita",0.002628280336139836
colunas_sem_diagonal,G11,0192,"Pecuária, inclusive o apoio à pecuária",0.0010977598516753026
colunas_sem_diagonal,G11,0280,Produção florestal; pesca e aquicultura,0.0052912210219739405
colunas_sem_diagonal,G11,0580,Extração de carvão mineral e de minerais não metálicos,0.014055985092045966
colunas_sem_diagonal,G11,0680,"Extração de petróleo e gás, inclusive as atividades de apoio",0.0028902380330655605
colunas_sem_diagonal,G11,0791,"Extração de minério de ferro, inclusive beneficiamentos e a aglomeração",0.00353857551200838
colunas_sem_diagonal,G11,0792,"Extração de minerais metálicos não ferrosos, inclusive beneficiamentos",0.037483665858402716
colunas_sem_diagonal,G11,1091,"Abate e produtos de carne, inclusive os produtos do laticínio e da pesca",0.004688199578944699
colunas_sem_diagonal,G11,1092,Fabricação e refino de açúcar,0.011849045436546734
colunas_sem_diagonal,G11,1093,Outros produtos alimentares,0.006964260981204024
colunas_sem_diagonal,G11,1100,Fabricação de bebidas,0.01150254311656692
colunas_sem_diagonal,G11,1200,Fabricação de produtos do fumo,8.509979022911885e-06
colunas_sem_diagonal,G11,1300,Fabricação de produtos têxteis,0.001746806965217079
colunas_sem_diagonal,G11,1400,Confecção de artefatos do vestuário e acessórios,0.0008644562165293592
colunas_sem_diagonal,G11,1500,Fabricação de calçados e de artefatos de couro,0.00017011735232582014
colunas_sem_diagonal,G11,1600,Fabricação de produtos da madeira,0.002014308105775551
colunas_sem_diagonal,G11,1700,"Fabricação de celulose, papel e produtos de papel",0.004497393391449519
colunas_sem_diagonal,G11,1800,Impressão e reprodução de gravações,0.008372272463970785
colunas_sem_diagonal,G11,1991,Refino de petróleo e coquerias,0.016105971244118635
colunas_sem_diagonal,G11,1992,Fabricação de biocombustíveis,0.0014380550315614307
colunas_sem_diagonal,G11,2091,"Fabricação de químicos orgânicos e inorgânicos, resinas e elastômeros",0.019448707493763446
colunas_sem_diagonal,G11,2092,"Fabricação de defensivos, desinfestantes, tintas e químicos diversos",0.006708243457916959
colunas_sem_diagonal,G11,2093,"Fabricação de produtos de limpeza, cosméticos/perfumaria e higiene pessoal",0.005768711788308166
colunas_sem_diagonal,G11,2100,Fabricação de produtos farmoquímicos e farmacêuticos,0.018677361872322547
colunas_sem_diagonal,G11,2200,Fabricação de produtos de borracha e de material plástico,0.009051255718409933
colunas_sem_diagonal,G11,2300,Fabricação de produtos de minerais não metálicos,0.0034855104282112805
colunas_sem_diagonal,G11,2491,"Produção de ferro gusa/ferroligas, siderurgia e tubos de aço sem costura",0.003386044238708801
colunas_sem_diagonal,G11,2492,Metalurgia de metais não ferosos e a fundição de metais,0.0040594729188372395
colunas_sem_diagonal,G11,2500,"Fabricação de produtos de metal, exceto máquinas e equipamentos",0.008301807891967779
colunas_sem_diagonal,G11,2600,"Fabricação de equipamentos de informática, produtos eletrônicos e ópticos",0.009503031032708921
colunas_sem_diagonal,G11,2700,Fabricação de máquinas e equipamentos elétricos,0.0063677489378475925
colunas_sem_diagonal,G11,2800,Fabricação de máquinas e equipamentos mecânicos,0.009022810406530966
colunas_sem_diagonal,G11,2991,"Fabricação de automóveis, caminhões e ônibus, exceto peças",9.34118805756658e-05
colunas_sem_diagonal,G11,2992,Fabricação de peças e acessórios para veículos automotores,0.002140742496737307
colunas_sem_diagonal,G11,3000,"Fabricação de outros equipamentos de transporte, exceto veículos automotores",0.001381777361100381
colunas_sem_diagonal,G11,3180,Fabricação de móveis e de produtos de indústrias diversas,0.017013149420636593
colunas_sem_diagonal,G11,3300,"Manutenção, reparação e instalação de máquinas e equipamentos",0.017665527111236673
colunas_sem_diagonal,G11,3500,"Energia elétrica, gás natural e outras utilidades",0.1542512996180715
colunas_sem_diagonal,G11,3680,"Água, esgoto e gestão de resíduos",0.2460645542205022
colunas_sem_diagonal,G11,4180,Construção,0.012526565508035051
colunas_sem_diagonal,G11,4580,Comércio por atacado e varejo,0.03461669498373817
colunas_sem_diagonal,G11,4900,Transporte terrestre,0.00922668141464421
colunas_sem_diagonal,G11,5000,Transporte aquaviário,0.007026530958418657
colunas_sem_diagonal,G11,5100,Transporte aéreo,0.002915271648905498
colunas_sem_diagonal,G11,5280,"Armazenamento, atividades auxiliares dos transportes e correio",0.0070908184816710065
colunas_sem_diagonal,G11,5500,Alojamento,0.00983788063389787
colunas_sem_diagonal,G11,5600,Alimentação,0.004860946528323497
colunas_sem_diagonal,G11,5800,Edição e edição integrada à impressão,0.0034859220543904928
colunas_sem_diagonal,G11,5980,"Atividades de televisão, rádio, cinema e  gravação/edição de som e imagem",0.017211086858733
colunas_sem_diagonal,G11,6100,Telecomunicações,0.009099724187154623
colunas_sem_diagonal,G11,6280,Desenvolvimento de sistemas e outros serviços de informação,0.00833403096509079
colunas_sem_diagonal,G11,6480,"Intermediação financeira, seguros e previdência complementar",0.019044896554259838
colunas_sem_diagonal,G11,6800,Atividades imobiliárias,0.0062182852833583945
colunas_sem_diagonal,G11,6980,"Atividades jurídicas, contábeis, consultoria e sedes de empresas ",0.028355482184045468
colunas_sem_diagonal,G11,7180,"Serviços de arquitetura, engenharia, testes/análises técnicas e P & D",0.01618746827902049
colunas_sem_diagonal,G11,7380,"Outras atividades profissionais, científicas e técnicas",0.017720300827310135
colunas_sem_diagonal,G11,7700,Aluguéis não imobiliários e gestão de ativos de propriedade intelectual,0.05838726533517335
colunas_sem_diagonal,G11,7880,Outras atividades administrativas e serviços complementares,0.015069041726424474
colunas_sem_diagonal,G11,8000,"Atividades de vigilância, segurança e investigação",0.018874125836991773
colunas_sem_diagonal,G11,8400,"Administração pública, defesa e seguridade social",0.0021058561901394655
colunas_sem_diagonal,G11,8591,Educação pública,0.00011636131900661831
colunas_sem_diagonal,G11,8592,Educação privada,0.0021357656177342227
colunas_sem_diagonal,G11,8691,Saúde pública,0.00011751874985669624
colunas_sem_diagonal,G11,8692,Saúde privada,1.4411830015416354e-05
colunas_sem_diagonal,G11,9080,"Atividades artísticas, criativas e de espetáculos",0.002880615080629069
colunas_sem_diagonal,G11,9480,Organizações associativas e outros serviços pessoais,0.0069416171000925
colunas_sem_diagonal,G11,9700,Serviços domésticos,0.0
colunas_sem_diagonal,G12,0191,"Agricultura, inclusive o apoio à agricultura e a pós-colheita",0.002453794805193521
colunas_sem_diagonal,G12,0192,"Pecuária, inclusive o apoio à pecuária",0.00047037706644160885
colunas_sem_diagonal,G12,0280,Produção florestal; pesca e aquicultura,0.005476582420291009
colunas_sem_diagonal,G12,0580,Extração de carvão mineral e de minerais não metálicos,0.006887107694262573
colunas_sem_diagonal,G12,0680,"Extração de petróleo e gás, inclusive as atividades de apoio",0.002921229899247599
colunas_sem_diagonal,G12,0791,"Extração de minério de ferro, inclusive beneficiamentos e a aglomeração",0.0019511124215101743
colunas_sem_diagonal,G12,0792,"Extração de minerais metálicos não ferrosos, inclusive beneficiamentos",0.012538777468910616
colunas_sem_diagonal,G12,1091,"Abate e produtos de carne, inclusive os produtos do laticínio e da pesca",0.0014530667713499347
colunas_sem_diagonal,G12,1092,Fabricação e refino de açúcar,0.01258447814796236
colunas_sem_diagonal,G12,1093,Outros produtos alimentares,0.004698107653956898
colunas_sem_diagonal,G12,1100,Fabricação de bebidas,0.0046612903554556695
colunas_sem_diagonal,G12,1200,Fabricação de produtos do fumo,1.676184667073616e-05
colunas_sem_diagonal,G12,1300,Fabricação de produtos têxteis,0.0070285312536340185
colunas_sem_diagonal,G12,1400,Confecção de artefatos do vestuário e acessórios,0.0007644609193487271
colunas_sem_diagonal,G12,1500,Fabricação de calçados e de artefatos de couro,0.0003300615840329037
colunas_sem_diagonal,G12,1600,Fabricação de produtos da madeira,0.0037253006820546246
colunas_sem_diagonal,G12,1700,"Fabricação de celulose, papel e produtos de papel",0.006944475701739283
colunas_sem_diagonal,G12,1800,Impressão e reprodução de gravações,0.005829216834891375
colunas_sem_diagonal,G12,1991,Refino de petróleo e coquerias,0.01774983003367612
colunas_sem_diagonal,G12,1992,Fabricação de biocombustíveis,0.0014629434015867497
colunas_sem_diagonal,G12,2091,"Fabricação de químicos orgânicos e inorgânicos, resinas e elastômeros",0.03749239186011445
colunas_sem_diagonal,G12,2092,"Fabricação de defensivos, desinfestantes, tintas e químicos diversos",0.00763090067021178
colunas_sem_diagonal,G12,2093,"Fabricação de produtos de limpeza, cosméticos/perfumaria e higiene pessoal",0.0033343267769756066
colunas_sem_diagonal,G12,2100,Fabricação de produtos farmoquímicos e farmacêuticos,0.0004890551882104814
colunas_sem_diagonal,G12,2200,Fabricação de produtos de borracha e de material plástico,0.03355577744070734
colunas_sem_diagonal,G12,2300,Fabricação de produtos de minerais não metálicos,0.004640951100428255
colunas_sem_diagonal,G12,2491,"Produção de ferro gusa/ferroligas, siderurgia e tubos de aço sem costura",0.05427530839678289
colunas_sem_diagonal,G12,2492,Metalurgia de metais não ferosos e a fundição de metais,0.03631974084927339
colunas_sem_diagonal,G12,2500,"Fabricação de produtos de metal, exceto máquinas e equipamentos",0.030469760457985183
colunas_sem_diagonal,G12,2600,"Fabricação de equipamentos de informática, produtos eletrônicos e ópticos",0.01600764704234614
colunas_sem_diagonal,G12,2700,Fabricação de máquinas e equipamentos elétricos,0.01561789995419165
colunas_sem_diagonal,G12,2800,Fabricação de máquinas e equipamentos mecânicos,0.01143357651043248
colunas_sem_diagonal,G12,2991,"Fabricação de automóveis, caminhões e ônibus, exceto peças",0.00047499799889899055
colunas_sem_diagonal,G12,2992,Fabricação de peças e acessórios para veículos automotores,0.003947513284676374
colunas_sem_diagonal,G12,3000,"Fabricação de outros equipamentos de transporte, exceto veículos automotores",0.001514012043464063
colunas_sem_diagonal,G12,3180,Fabricação de móveis e de produtos de indústrias diversas,0.004274678209538635
colunas_sem_diagonal,G12,3300,"Manutenção, reparação e instalação de máquinas e equipamentos",0.01617078041621083
colunas_sem_diagonal,G12,3500,"Energia elétrica, gás natural e outras utilidades",0.11890295233543938
colunas_sem_diagonal,G12,3680,"Água, esgoto e gestão de resíduos",0.09624920717989525
colunas_sem_diagonal,G12,4180,Construção,0.005892512164708669
colunas_sem_diagonal,G12,4580,Comércio por atacado e varejo,0.052536459814823654
colunas_sem_diagonal,G12,4900,Transporte terrestre,0.013774647316896862
colunas_sem_diagonal,G12,5000,Transporte aquaviário,0.009054519932998127
colunas_sem_diagonal,G12,5100,Transporte aéreo,0.0036448554899792948
colunas_sem_diagonal,G12,5280,"Armazenamento, atividades auxiliares dos transportes e correio",0.010672918432351795
colunas_sem_diagonal,G12,5500,Alojamento,0.01531836709481238
colunas_sem_diagonal,G12,5600,Alimentação,0.0009601429737090391
colunas_sem_diagonal,G12,5800,Edição e edição integrada à impressão,0.0029364800842400047
colunas_sem_diagonal,G12,5980,"Atividades de televisão, rádio, cinema e  gravação/edição de som e imagem",0.023547629402660013
colunas_sem_diagonal,G12,6100,Telecomunicações,0.013057553408838166
colunas_sem_diagonal,G12,6280,Desenvolvimento de sistemas e outros serviços de informação,0.009988099893627218
colunas_sem_diagonal,G12,6480,"Intermediação financeira, seguros e previdência complementar",0.019183827305372603
colunas_sem_diagonal,G12,6800,Atividades imobiliárias,0.004700629733498952
colunas_sem_diagonal,G12,6980,"Atividades jurídicas, contábeis, consultoria e sedes de empresas ",0.03534859636981287
colunas_sem_diagonal,G12,7180,"Serviços de arquitetura, engenharia, testes/análises técnicas e P & D",0.03802720591570251
colunas_sem_diagonal,G12,7380,"Outras atividades profissionais, científicas e técnicas",0.02463205727892686
colunas_sem_diagonal,G12,7700,Aluguéis não imobiliários e gestão de ativos de propriedade intelectual,0.06624390840301457
colunas_sem_diagonal,G12,7880,Outras atividades administrativas e serviços complementares,0.019295864528497665
colunas_sem_diagonal,G12,8000,"Atividades de vigilância, segurança e investigação",0.027194774960600555
colunas_sem_diagonal,G12,8400,"Administração pública, defesa e seguridade social",0.0024679334790739553
colunas_sem_diagonal,G12,8591,Educação pública,0.00019794298859966724
colunas_sem_diagonal,G12,8592,Educação privada,0.0010444517329536132
colunas_sem_diagonal,G12,8691,Saúde pública,1.599823559453595e-05
colunas_sem_diagonal,G12,8692,Saúde privada,1.8591213332686333e-05
colunas_sem_diagonal,G12,9080,"Atividades artísticas, criativas e de espetáculos",0.0034787476318195467
colunas_sem_diagonal,G12,9480,Organizações associativas e outros serviços pessoais,0.004016299535554548
colunas_sem_diagonal,G12,9700,Serviços domésticos,0.0
colunas_sem_diagonal,G13,0191,"Agricultura, inclusive o apoio à agricultura e a pós-colheita",0.0029919187107696832
colunas_sem_diagonal,G13,0192,"Pecuária, inclusive o apoio à pecuária",0.0007311051791525785
colunas_sem_diagonal,G13,0280,Produção florestal; pesca e aquicultura,0.002419217962857841
colunas_sem_diagonal,G13,0580,Extração de carvão mineral e de minerais não metálicos,0.0011005433331073829
colunas_sem_diagonal,G13,0680,"Extração de petróleo e gás, inclusive as atividades de apoio",0.0018263648183487278
colunas_sem_diagonal,G13,0791,"Extração de minério de ferro, inclusive beneficiamentos e a aglomeração",8.527174525330093e-05
colunas_sem_diagonal,G13,0792,"Extração de minerais metálicos não ferrosos, inclusive beneficiamentos",0.0007220239509532135
colunas_sem_diagonal,G13,1091,"Abate e produtos de carne, inclusive os produtos do laticínio e da pesca",0.003037682191570856
colunas_sem_diagonal,G13,1092,Fabricação e refino de açúcar,0.008242072540927134
colunas_sem_diagonal,G13,1093,Outros produtos alimentares,0.006311599179489889
colunas_sem_diagonal,G13,1100,Fabricação de bebidas,0.010270457951648802
colunas_sem_diagonal,G13,1200,Fabricação de produtos do fumo,6.700278379271805e-06
colunas_sem_diagonal,G13,1300,Fabricação de produtos têxteis,0.0017085399763941834
colunas_sem_diagonal,G13,1400,Confecção de artefatos do vestuário e acessórios,0.00220524648733183
colunas_sem_diagonal,G13,1500,Fabricação de calçados e de artefatos de couro,0.00013373821326822572
colunas_sem_diagonal,G13,1600,Fabricação de produtos da madeira,0.0012984853699011525
colunas_sem_diagonal,G13,1700,"Fabricação de celulose, papel e produtos de papel",0.006507822116469023
colunas_sem_diagonal,G13,1800,Impressão e reprodução de gravações,0.021205130586947653
colunas_sem_diagonal,G13,1991,Refino de petróleo e coquerias,0.010900449001756105
colunas_sem_diagonal,G13,1992,Fabricação de biocombustíveis,0.0010038237368762003
colunas_sem_diagonal,G13,2091,"Fabricação de químicos orgânicos e inorgânicos, resinas e elastômeros",0.00860727857828642
colunas_sem_diagonal,G13,2092,"Fabricação de defensivos, desinfestantes, tintas e químicos diversos",0.0034272129680136625
colunas_sem_diagonal,G13,2093,"Fabricação de produtos de limpeza, cosméticos/perfumaria e higiene pessoal",0.004178485819512962
colunas_sem_diagonal,G13,2100,Fabricação de produtos farmoquímicos e farmacêuticos,0.0010889103921053963
colunas_sem_diagonal,G13,2200,Fabricação de produtos de borracha e de material plástico,0.008131918801672439
colunas_sem_diagonal,G13,2300,Fabricação de produtos de minerais não metálicos,0.002066490235379382
colunas_sem_diagonal,G13,2491,"Produção de ferro gusa/ferroligas, siderurgia e tubos de aço sem costura",0.0023192106391653434
colunas_sem_diagonal,G13,2492,Metalurgia de metais não ferosos e a fundição de metais,0.002103696357948392
colunas_sem_diagonal,G13,2500,"Fabricação de produtos de metal, exceto máquinas e equipamentos",0.00288367158192549
colunas_sem_diagonal,G13,2600,"Fabricação de equipamentos de informática, produtos eletrônicos e ópticos",0.010738155814781037
colunas_sem_diagonal,G13,2700,Fabricação de máquinas e equipamentos elétricos,0.0056395228406872265
colunas_sem_diagonal,G13,2800,Fabricação de máquinas e equipamentos mecânicos,0.0031356646649790933
colunas_sem_diagonal,G13,2991,"Fabricação de automóveis, caminhões e ônibus, exceto peças",8.416167293316389e-05
colunas_sem_diagonal,G13,2992,Fabricação de peças e acessórios para veículos automotores,0.0036047946078714465
colunas_sem_diagonal,G13,3000,"Fabricação de outros equipamentos de transporte, exceto veículos automotores",0.0007436498231892061
colunas_sem_diagonal,G13,3180,Fabricação de móveis e de produtos de indústrias diversas,0.0024598587607133596
colunas_sem_diagonal,G13,3300,"Manutenção, reparação e instalação de máquinas e equipamentos",0.007736509278773354
colunas_sem_diagonal,G13,3500,"Energia elétrica, gás natural e outras utilidades",0.10812469432815115
colunas_sem_diagonal,G13,3680,"Água, esgoto e gestão de resíduos",0.06977754840285319
colunas_sem_diagonal,G13,4180,Construção,0.007270523021343874
colunas_sem_diagonal,G13,4580,Comércio por atacado e varejo,0.011958810332851719
colunas_sem_diagonal,G13,4900,Transporte terrestre,0.0073967439364225115
colunas_sem_diagonal,G13,5000,Transporte aquaviário,0.0035505888196258792
colunas_sem_diagonal,G13,5100,Transporte aéreo,0.012869422557807032
colunas_sem_diagonal,G13,5280,"Armazenamento, atividades auxiliares dos transportes e correio",0.008133061021916225
colunas_sem_diagonal,G13,5500,Alojamento,0.02660027862199209
colunas_sem_diagonal,G13,5600,Alimentação,0.004088143689541624
colunas_sem_diagonal,G13,5800,Edição e edição integrada à impressão,0.026545321340472144
colunas_sem_diagonal,G13,5980,"Atividades de televisão, rádio, cinema e  gravação/edição de som e imagem",0.07833662199186017
colunas_sem_diagonal,G13,6100,Telecomunicações,0.023449513723485242
colunas_sem_diagonal,G13,6280,Desenvolvimento de sistemas e outros serviços de informação,0.036824327232491606
colunas_sem_diagonal,G13,6480,"Intermediação financeira, seguros e previdência complementar",0.0191700620062093
colunas_sem_diagonal,G13,6800,Atividades imobiliárias,0.025486188635335038
colunas_sem_diagonal,G13,6980,"Atividades jurídicas, contábeis, consultoria e sedes de empresas ",0.0383735099052374
colunas_sem_diagonal,G13,7180,"Serviços de arquitetura, engenharia, testes/análises técnicas e P & D",0.012230360670396992
colunas_sem_diagonal,G13,7380,"Outras atividades profissionais, científicas e técnicas",0.08079828452055733
colunas_sem_diagonal,G13,7700,Aluguéis não imobiliários e gestão de ativos de propriedade intelectual,0.1070718021618164
colunas_sem_diagonal,G13,7880,Outras atividades administrativas e serviços complementares,0.04980904739161878
colunas_sem_diagonal,G13,8000,"Atividades de vigilância, segurança e investigação",0.06711999367903598
colunas_sem_diagonal,G13,8400,"Administração pública, defesa e seguridade social",0.004365797763637239
colunas_sem_diagonal,G13,8591,Educação pública,9.555527858401698e-05
colunas_sem_diagonal,G13,8592,Educação privada,0.00476963650897769
colunas_sem_diagonal,G13,8691,Saúde pública,2.9939825204192777e-06
colunas_sem_diagonal,G13,8692,Saúde privada,9.357827683508946e-05
colunas_sem_diagonal,G13,9080,"Atividades artísticas, criativas e de espetáculos",0.008180852844421316
colunas_sem_diagonal,G13,9480,Organizações associativas e outros serviços pessoais,0.0058493511846621025
colunas_sem_diagonal,G13,9700,Serviços domésticos,0.0
colunas_sem_diagonal,G14,0191,"Agricultura, inclusive o apoio à agricultura e a pós-colheita",0.0024021725002598927
colunas_sem_diagonal,G14,0192,"Pecuária, inclusive o apoio à pecuária",0.0005555867648930756
colunas_sem_diagonal,G14,0280,Produção florestal; pesca e aquicultura,0.002026729512450389
colunas_sem_diagonal,G14,0580,Extração de carvão mineral e de minerais não metálicos,0.0010945861776609108
colunas_sem_diagonal,G14,0680,"Extração de petróleo e gás, inclusive as atividades de apoio",0.002257513111179797
colunas_sem_diagonal,G14,0791,"Extração de minério de ferro, inclusive beneficiamentos e a aglomeração",0.00010909069470409976
colunas_sem_diagonal,G14,0792,"Extração de minerais metálicos não ferrosos, inclusive beneficiamentos",0.0006506086244881254
colunas_sem_diagonal,G14,1091,"Abate e produtos de carne, inclusive os produtos do laticínio e da pesca",0.0017138364433237848
colunas_sem_diagonal,G14,1092,Fabricação e refino de açúcar,0.015689156696950604
colunas_sem_diagonal,G14,1093,Outros produtos alimentares,0.0037880597733859537
colunas_sem_diagonal,G14,1100,Fabricação de bebidas,0.0049859217598513745
colunas_sem_diagonal,G14,1200,Fabricação de produtos do fumo,1.3352608773643124e-05
colunas_sem_diagonal,G14,1300,Fabricação de produtos têxteis,0.004192131037014627
colunas_sem_diagonal,G14,1400,Confecção de artefatos do vestuário e acessórios,0.008385270244003722
colunas_sem_diagonal,G14,1500,Fabricação de calçados e de artefatos de couro,0.001476387477047571
colunas_sem_diagonal,G14,1600,Fabricação de produtos da madeira,0.0008858170620443696
colunas_sem_diagonal,G14,1700,"Fabricação de celulose, papel e produtos de papel",0.006159712536535085
colunas_sem_diagonal,G14,1800,Impressão e reprodução de gravações,0.01959624073863353
colunas_sem_diagonal,G14,1991,Refino de petróleo e coquerias,0.014589102792924179
colunas_sem_diagonal,G14,1992,Fabricação de biocombustíveis,0.002124038297286874
colunas_sem_diagonal,G14,2091,"Fabricação de químicos orgânicos e inorgânicos, resinas e elastômeros",0.007699433255696032
colunas_sem_diagonal,G14,2092,"Fabricação de defensivos, desinfestantes, tintas e químicos diversos",0.002892773684581365
colunas_sem_diagonal,G14,2093,"Fabricação de produtos de limpeza, cosméticos/perfumaria e higiene pessoal",0.0026782644397092908
colunas_sem_diagonal,G14,2100,Fabricação de produtos farmoquímicos e farmacêuticos,0.0006776043978030843
colunas_sem_diagonal,G14,2200,Fabricação de produtos de borracha e de material plástico,0.005901995029397127
colunas_sem_diagonal,G14,2300,Fabricação de produtos de minerais não metálicos,0.0022311182283368735
colunas_sem_diagonal,G14,2491,"Produção de ferro gusa/ferroligas, siderurgia e tubos de aço sem costura",0.0025916500282781164
colunas_sem_diagonal,G14,2492,Metalurgia de metais não ferosos e a fundição de metais,0.0017839447506025029
colunas_sem_diagonal,G14,2500,"Fabricação de produtos de metal, exceto máquinas e equipamentos",0.004616969041336331
colunas_sem_diagonal,G14,2600,"Fabricação de equipamentos de informática, produtos eletrônicos e ópticos",0.068336627173865
colunas_sem_diagonal,G14,2700,Fabricação de máquinas e equipamentos elétricos,0.005288819761684785
colunas_sem_diagonal,G14,2800,Fabricação de máquinas e equipamentos mecânicos,0.004308808008316391
colunas_sem_diagonal,G14,2991,"Fabricação de automóveis, caminhões e ônibus, exceto peças",0.00010984351259003056
colunas_sem_diagonal,G14,2992,Fabricação de peças e acessórios para veículos automotores,0.0018817795349915908
colunas_sem_diagonal,G14,3000,"Fabricação de outros equipamentos de transporte, exceto veículos automotores",0.0009463540060793543
colunas_sem_diagonal,G14,3180,Fabricação de móveis e de produtos de indústrias diversas,0.004501210868353623
colunas_sem_diagonal,G14,3300,"Manutenção, reparação e instalação de máquinas e equipamentos",0.011010914779868092
colunas_sem_diagonal,G14,3500,"Energia elétrica, gás natural e outras utilidades",0.0631124540328483
colunas_sem_diagonal,G14,3680,"Água, esgoto e gestão de resíduos",0.05172798125314188
colunas_sem_diagonal,G14,4180,Construção,0.01370516709885016
colunas_sem_diagonal,G14,4580,Comércio por atacado e varejo,0.023758470530459274
colunas_sem_diagonal,G14,4900,Transporte terrestre,0.007191793483236522
colunas_sem_diagonal,G14,5000,Transporte aquaviário,0.0031386095142503915
colunas_sem_diagonal,G14,5100,Transporte aéreo,0.009635319085786126
colunas_sem_diagonal,G14,5280,"Armazenamento, atividades auxiliares dos transportes e correio",0.005796342278266468
colunas_sem_diagonal,G14,5500,Alojamento,0.03787425311634789
colunas_sem_diagonal,G14,5600,Alimentação,0.001712038622383216
colunas_sem_diagonal,G14,5800,Edição e edição integrada à impressão,0.009214002282568417
colunas_sem_diagonal,G14,5980,"Atividades de televisão, rádio, cinema e  gravação/edição de som e imagem",0.043909740643151736
colunas_sem_diagonal,G14,6100,Telecomunicações,0.022898326949554
colunas_sem_diagonal,G14,6280,Desenvolvimento de sistemas e outros serviços de informação,0.013966673219448623
colunas_sem_diagonal,G14,6480,"Intermediação financeira, seguros e previdência complementar",0.033524503111327646
colunas_sem_diagonal,G14,6800,Atividades imobiliárias,0.012141026104088381
colunas_sem_diagonal,G14,6980,"Atividades jurídicas, contábeis, consultoria e sedes de empresas ",0.09913945358606717
colunas_sem_diagonal,G14,7180,"Serviços de arquitetura, engenharia, testes/análises técnicas e P & D",0.010066247401787375
colunas_sem_diagonal,G14,7380,"Outras atividades profissionais, científicas e técnicas",0.0452167692360505
colunas_sem_diagonal,G14,7700,Aluguéis não imobiliários e gestão de ativos de propriedade intelectual,0.1800869511647369
colunas_sem_diagonal,G14,7880,Outras atividades administrativas e serviços complementares,0.047376863286517655
colunas_sem_diagonal,G14,8000,"Atividades de vigilância, segurança e investigação",0.0200049575558746
colunas_sem_diagonal,G14,8400,"Administração pública, defesa e seguridade social",0.004880766120699456
colunas_sem_diagonal,G14,8591,Educação pública,0.0007522758667377542
colunas_sem_diagonal,G14,8592,Educação privada,0.004371208052348033
colunas_sem_diagonal,G14,8691,Saúde pública,6.30443368747328e-05
colunas_sem_diagonal,G14,8692,Saúde privada,4.9618828155013775e-05
colunas_sem_diagonal,G14,9080,"Atividades artísticas, criativas e de espetáculos",0.006469606069877772
colunas_sem_diagonal,G14,9480,Organizações associativas e outros serviços pessoais,0.00806211181366279
colunas_sem_diagonal,G14,9700,Serviços domésticos,0.0
colunas_sem_diagonal,G15,0191,"Agricultura, inclusive o apoio à agricultura e a pós-colheita",0.004149473580478209
colunas_sem_diagonal,G15,0192,"Pecuária, inclusive o apoio à pecuária",0.0028240851397327497
colunas_sem_diagonal,G15,0280,Produção florestal; pesca e aquicultura,0.002895750821569346
colunas_sem_diagonal,G15,0580,Extração de carvão mineral e de minerais não metálicos,0.0014831725499326613
colunas_sem_diagonal,G15,0680,"Extração de petróleo e gás, inclusive as atividades de apoio",0.0013892852872275298
colunas_sem_diagonal,G15,0791,"Extração de minério de ferro, inclusive beneficiamentos e a aglomeração",7.652793033019727e-05
colunas_sem_diagonal,G15,0792,"Extração de minerais metálicos não ferrosos, inclusive beneficiamentos",0.0005502630519566143
colunas_sem_diagonal,G15,1091,"Abate e produtos de carne, inclusive os produtos do laticínio e da pesca",0.016465091564816278
colunas_sem_diagonal,G15,1092,Fabricação e refino de açúcar,0.011337178417790063
colunas_sem_diagonal,G15,1093,Outros produtos alimentares,0.018602831398254947
colunas_sem_diagonal,G15,1100,Fabricação de bebidas,0.022103596702973776
colunas_sem_diagonal,G15,1200,Fabricação de produtos do fumo,4.885817771604591e-06
colunas_sem_diagonal,G15,1300,Fabricação de produtos têxteis,0.002228104888948221
colunas_sem_diagonal,G15,1400,Confecção de artefatos do vestuário e acessórios,0.002952122691136557
colunas_sem_diagonal,G15,1500,Fabricação de calçados e de artefatos de couro,0.00015531355124197117
colunas_sem_diagonal,G15,1600,Fabricação de produtos da madeira,0.0011422670289306133
colunas_sem_diagonal,G15,1700,"Fabricação de celulose, papel e produtos de papel",0.004004527031294932
colunas_sem_diagonal,G15,1800,Impressão e reprodução de gravações,0.009425027832677575
colunas_sem_diagonal,G15,1991,Refino de petróleo e coquerias,0.007772882294674558
colunas_sem_diagonal,G15,1992,Fabricação de biocombustíveis,0.0010689022961695032
colunas_sem_diagonal,G15,2091,"Fabricação de químicos orgânicos e inorgânicos, resinas e elastômeros",0.009679456891656156
colunas_sem_diagonal,G15,2092,"Fabricação de defensivos, desinfestantes, tintas e químicos diversos",0.004894986359631228
colunas_sem_diagonal,G15,2093,"Fabricação de produtos de limpeza, cosméticos/perfumaria e higiene pessoal",0.002481894409628018
colunas_sem_diagonal,G15,2100,Fabricação de produtos farmoquímicos e farmacêuticos,0.014669413374025551
colunas_sem_diagonal,G15,2200,Fabricação de produtos de borracha e de material plástico,0.0067070228341526835
colunas_sem_diagonal,G15,2300,Fabricação de produtos de minerais não metálicos,0.003884331306280598
colunas_sem_diagonal,G15,2491,"Produção de ferro gusa/ferroligas, siderurgia e tubos de aço sem costura",0.0020799872682697785
colunas_sem_diagonal,G15,2492,Metalurgia de metais não ferosos e a fundição de metais,0.0013992764935668188
colunas_sem_diagonal,G15,2500,"Fabricação de produtos de metal, exceto máquinas e equipamentos",0.0035297328762969957
colunas_sem_diagonal,G15,2600,"Fabricação de equipamentos de informática, produtos eletrônicos e ópticos",0.01237043463597782
colunas_sem_diagonal,G15,2700,Fabricação de máquinas e equipamentos elétricos,0.003276150292989002
colunas_sem_diagonal,G15,2800,Fabricação de máquinas e equipamentos mecânicos,0.002837823715064735
colunas_sem_diagonal,G15,2991,"Fabricação de automóveis, caminhões e ônibus, exceto peças",6.038141758959463e-05
colunas_sem_diagonal,G15,2992,Fabricação de peças e acessórios para veículos automotores,0.0021789579094923404
colunas_sem_diagonal,G15,3000,"Fabricação de outros equipamentos de transporte, exceto veículos automotores",0.0008244934667780488
colunas_sem_diagonal,G15,3180,Fabricação de móveis e de produtos de indústrias diversas,0.0075347065784669666
colunas_sem_diagonal,G15,3300,"Manutenção, reparação e instalação de máquinas e equipamentos",0.005155779377749674
colunas_sem_diagonal,G15,3500,"Energia elétrica, gás natural e outras utilidades",0.08367792969419574
colunas_sem_diagonal,G15,3680,"Água, esgoto e gestão de resíduos",0.18531645301127342
colunas_sem_diagonal,G15,4180,Construção,0.021812164552896043
colunas_sem_diagonal,G15,4580,Comércio por atacado e varejo,0.01995287942197105
colunas_sem_diagonal,G15,4900,Transporte terrestre,0.006232379801742866
colunas_sem_diagonal,G15,5000,Transporte aquaviário,0.002252219511596131
colunas_sem_diagonal,G15,5100,Transporte aéreo,0.004823842764096295
colunas_sem_diagonal,G15,5280,"Armazenamento, atividades auxiliares dos transportes e correio",0.004706779197058225
colunas_sem_diagonal,G15,5500,Alojamento,0.0210275056680819
colunas_sem_diagonal,G15,5600,Alimentação,0.011455757210849252
colunas_sem_diagonal,G15,5800,Edição e edição integrada à impressão,0.027081152443774473
colunas_sem_diagonal,G15,5980,"Atividades de televisão, rádio, cinema e  gravação/edição de som e imagem",0.02347067526683351
colunas_sem_diagonal,G15,6100,Telecomunicações,0.012737237178088797
colunas_sem_diagonal,G15,6280,Desenvolvimento de sistemas e outros serviços de informação,0.02765042184288934
colunas_sem_diagonal,G15,6480,"Intermediação financeira, seguros e previdência complementar",0.027198027107760866
colunas_sem_diagonal,G15,6800,Atividades imobiliárias,0.004774891814582973
colunas_sem_diagonal,G15,6980,"Atividades jurídicas, contábeis, consultoria e sedes de empresas ",0.01704358684213759
colunas_sem_diagonal,G15,7180,"Serviços de arquitetura, engenharia, testes/análises técnicas e P & D",0.03818542373613055
colunas_sem_diagonal,G15,7380,"Outras atividades profissionais, científicas e técnicas",0.024231559692616037
colunas_sem_diagonal,G15,7700,Aluguéis não imobiliários e gestão de ativos de propriedade intelectual,0.0734276084335374
colunas_sem_diagonal,G15,7880,Outras atividades administrativas e serviços complementares,0.06898795210295196
colunas_sem_diagonal,G15,8000,"Atividades de vigilância, segurança e investigação",0.08345229086371515
colunas_sem_diagonal,G15,8400,"Administração pública, defesa e seguridade social",0.0013885825235009093
colunas_sem_diagonal,G15,8591,Educação pública,5.971087145415927e-05
colunas_sem_diagonal,G15,8592,Educação privada,0.0023347630848504462
colunas_sem_diagonal,G15,8691,Saúde pública,2.209430706783403e-06
colunas_sem_diagonal,G15,8692,Saúde privada,5.406489459497166e-05
colunas_sem_diagonal,G15,9080,"Atividades artísticas, criativas e de espetáculos",0.006885140214458344
colunas_sem_diagonal,G15,9480,Organizações associativas e outros serviços pessoais,0.005580671736130821
colunas_sem_diagonal,G15,9700,Serviços domésticos,0.0
